product_id,product_name,barcode,brand,image,description,url
0,"
	Khoai Môn Hạt Sen 2 Trứng 210g – 2025",M,Kinh Đô,https://banhkinhdo.com.vn/wp-content/uploads/2020/07/20180812170626-picture-price1-3.png,"Thương hiệu: Kinh Đô Loại bánh: Bánh Nướng Hình thức: 01 Bánh, Hộp Kiếng Chống Ẩm Khối lượng: 230 gram Thành phần: Nhân Hỗn Hợp Khoai Môn Hạt Sen 2 Trứng Bánh Nướng Trung thu ta lại gặp nhau ~ cùng chia miếng bánh thỏa câu ân tình Trong hai món bánh Trung Thu, bánh nướng chính là thứ quà căn bản nhất mà lại cầu kỳ tinh vi diệu vợi nhất Cầu kỳ từ khâu chọn loại bột mì mềm và mịn nhất để vỏ bánh giòn thơm sần sật, cầu kỳ đến việc loại trứng tròn đều muôn vạn quả như một, thấm muối vừa vặn, sắc sảo mặn mà mà không làm phiền đến vị giác người ăn Mỗi loại bánh từ truyền thống như nhân Thập Cẩm, nhân Đậu Xanh hay hiện đại như nhân Gà Quay XO, Bào Ngư, Vi Cá…đều thể hiện một kỳ công bất tuyệt của người Nghệ nhân làm bánh Kinh Đô, bánh trung thu Đây miếng bánh thơm ngon, đây ân tình trân quý, dưới ánh trăng thu vằng vặc ta trao nhau chút tình nghĩa mặn mà của cả một mùa ân nghĩa, còn làm gì hơn vẻ hữu tình của mùa thu hơn vậy ?",https://banhkinhdo.com.vn/san-pham/khoai-mon-hat-sen-2-trung-db/
1,"
	Thập Cẩm Lạp Xưởng 0 Trứng 150 – 2025",40,Kinh Đô,https://banhkinhdo.com.vn/wp-content/uploads/2020/07/20180811122349-picture-price-5.png,"Thương hiệu: Kinh Đô Loại bánh: Bánh Nướng Hình thức: 01 Bánh, Hộp Kiếng Chống Ẩm Khối lượng: 150 gram Thành phần: Nhân Hỗn Hợp Thập Cẩm và Lạp Xưởng Bánh Nướng Trung thu ta lại gặp nhau ~ cùng chia miếng bánh thỏa câu ân tình Trong hai món bánh Trung Thu, bánh nướng chính là thứ quà căn bản nhất mà lại cầu kỳ tinh vi diệu vợi nhất Cầu kỳ từ khâu chọn loại bột mì mềm và mịn nhất để vỏ bánh giòn thơm sần sật, cầu kỳ đến việc loại trứng tròn đều muôn vạn quả như một, thấm muối vừa vặn, sắc sảo mặn mà mà không làm phiền đến vị giác người ăn Mỗi loại bánh trung thu Kinh Đô từ truyền thống như nhân Thập Cẩm, nhân Đậu Xanh hay hiện đại như nhân Gà Quay XO, Bào Ngư, Vi Cá…đều thể hiện một kỳ công bất tuyệt của người Nghệ nhân làm bánh Kinh Đô Đây miếng bánh thơm ngon, đây ân tình trân quý, dưới ánh trăng thu vằng vặc ta trao nhau chút tình nghĩa mặn mà của cả một mùa ân nghĩa, còn làm gì hơn vẻ hữu tình của mùa thu hơn vậy ?",https://banhkinhdo.com.vn/san-pham/thap-cam-lap-xuong-0-trung-150-2024/
2,"
	Khoai Môn 1 Trứng 150g – 2025",M1,Kinh Đô,https://banhkinhdo.com.vn/wp-content/uploads/2020/07/20180813075036-picture-price-1-2.png,"Thương hiệu: Kinh Đô Loại bánh: Bánh Nướng Hình thức: 01 Bánh, Hộp Kiếng Chống Ẩm Khối lượng: 150 gram Thành phần: Nhân Hỗn Hợp Khoai Môn, có 1 Trứng Bánh Nướng Trung thu ta lại gặp nhau ~ cùng chia miếng bánh thỏa câu ân tình Trong hai món bánh Trung Thu, bánh nướng chính là thứ quà căn bản nhất mà lại cầu kỳ tinh vi diệu vợi nhất Cầu kỳ từ khâu chọn loại bột mì mềm và mịn nhất để vỏ bánh giòn thơm sần sật, cầu kỳ đến việc loại trứng tròn đều muôn vạn quả như một, thấm muối vừa vặn, sắc sảo mặn mà mà không làm phiền đến vị giác người ăn Mỗi loại bánh từ truyền thống như nhân Thập Cẩm, nhân Đậu Xanh hay hiện đại như nhân Gà Quay XO, Bào Ngư, Vi Cá…đều thể hiện một kỳ công bất tuyệt của người Nghệ nhân làm bánh Kinh Đô Đây miếng bánh thơm ngon, banh trung thu Kinh Do, đây ân tình trân quý, dưới ánh trăng thu vằng vặc ta trao nhau chút tình nghĩa mặn mà của cả một mùa ân nghĩa, còn làm gì hơn vẻ hữu tình của mùa thu hơn vậy ?",https://banhkinhdo.com.vn/san-pham/khoai-mon-1-trung/
3,"
	Đậu Xanh Lá Dứa (2 Trứng)",L2,Kinh Đô,https://banhkinhdo.com.vn/wp-content/uploads/2020/07/20180811122103-picture-price1-3.png,"Thương hiệu: Kinh Đô Loại bánh: Bánh Nướng Hình thức: 01 Bánh, Hộp Kiếng Chống Ẩm Khối lượng: 210 gram Thành phần: Nhân Hỗn Hợp Đậu Xanh Lá Dứa, có 2 Trứng Bánh Nướng Trung thu ta lại gặp nhau ~ cùng chia miếng bánh thỏa câu ân tình Trong hai món bánh Trung Thu, bánh nướng chính là thứ quà căn bản nhất mà lại cầu kỳ tinh vi diệu vợi nhất Cầu kỳ từ khâu chọn loại bột mì mềm và mịn nhất để vỏ bánh giòn thơm sần sật, cầu kỳ đến việc loại trứng tròn đều muôn vạn quả như một, thấm muối vừa vặn, sắc sảo mặn mà mà không làm phiền đến vị giác người ăn Mỗi loại bánh từ truyền thống như nhân Thập Cẩm, nhân Đậu Xanh hay hiện đại như nhân Gà Quay XO, Bào Ngư, Vi Cá…đều thể hiện một kỳ công bất tuyệt của người Nghệ nhân làm bánh Kinh Đô Đây miếng bánh thơm ngon, đây ân tình trân quý, dưới ánh trăng thu vằng vặc ta trao nhau chút tình nghĩa mặn mà của cả một mùa ân nghĩa, còn làm gì hơn vẻ hữu tình của mùa thu hơn vậy ? (BANH TRUNG THU KINH DO)",https://banhkinhdo.com.vn/san-pham/dau-xanh-la-dua-2-trung/
4,"
	Khoai Môn  Hạt Sen (2 Trứng) 210g – 2025",M2,Kinh Đô,https://banhkinhdo.com.vn/wp-content/uploads/2020/07/20180812170626-picture-price-3.png,"Thương hiệu: Kinh Đô Loại bánh: Bánh Nướng Hình thức: 01 Bánh, Hộp Kiếng Chống Ẩm Khối lượng: 210 gram Thành phần: Nhân Hỗn Hợp Khoai Môn, có 2 Trứng Bánh Nướng Trung thu ta lại gặp nhau ~ cùng chia miếng bánh thỏa câu ân tình, BANH TRUNG THU Trong hai món bánh Trung Thu, bánh nướng chính là thứ quà căn bản nhất mà lại cầu kỳ tinh vi diệu vợi nhất Cầu kỳ từ khâu chọn loại bột mì mềm và mịn nhất để vỏ bánh giòn thơm sần sật, cầu kỳ đến việc loại trứng tròn đều muôn vạn quả như một, thấm muối vừa vặn, sắc sảo mặn mà mà không làm phiền đến vị giác người ăn Mỗi loại bánh từ truyền thống như nhân Thập Cẩm, nhân Đậu Xanh hay hiện đại như nhân Gà Quay XO, Bào Ngư, Vi Cá…đều thể hiện một kỳ công bất tuyệt của người Nghệ nhân làm bánh Kinh Đô Đây miếng bánh thơm ngon, đây ân tình trân quý, dưới ánh trăng thu vằng vặc ta trao nhau chút tình nghĩa mặn mà của cả một mùa ân nghĩa, còn làm gì hơn vẻ hữu tình của mùa thu hơn vậy ?",https://banhkinhdo.com.vn/san-pham/khoai-mon-hat-sen-2-trung/
5,"
	Đậu Đỏ Kiểu Nhật 2 Trứng 210g – 2025",R,Kinh Đô,https://banhkinhdo.com.vn/wp-content/uploads/2020/07/20180811123052-picture-price-3.png,"Thương hiệu: Kinh Đô Loại bánh: Bánh Nướng Hình thức: 01 Bánh, Hộp Kiếng Chống Ẩm Khối lượng: 230 gram Thành phần: Nhân Hỗn Hợp Đậu Đỏ Kiểu Nhật  2 Trứng Bánh Nướng Trung thu ta lại gặp nhau ~ cùng chia miếng bánh thỏa câu ân tình Trong hai món bánh Trung Thu, bánh nướng chính là thứ quà căn bản nhất mà lại cầu kỳ tinh vi diệu vợi nhất Cầu kỳ từ khâu chọn loại bột mì mềm và mịn nhất để vỏ bánh giòn thơm sần sật, cầu kỳ đến việc loại trứng tròn đều muôn vạn quả như một, thấm muối vừa vặn, sắc sảo mặn mà mà không làm phiền đến vị giác người ăn Mỗi loại bánh từ truyền thống như nhân Thập Cẩm, nhân Đậu Xanh hay hiện đại như nhân Gà Quay XO, Bào Ngư, Vi Cá…đều thể hiện một kỳ công bất tuyệt của người Nghệ nhân làm bánh Kinh Đô Đây miếng bánh thơm ngon, đây ân tình trân quý, dưới ánh trăng thu vằng vặc ta trao nhau chút tình nghĩa mặn mà của cả một mùa ân nghĩa, còn làm gì hơn vẻ hữu tình của mùa thu hơn vậy ?",https://banhkinhdo.com.vn/san-pham/dau-do-kieu-nhat-2-trung-db/
6,"
	Đậu Xanh 0 Trứng 150g – 2025",60,Kinh Đô,https://banhkinhdo.com.vn/wp-content/uploads/2020/07/20180811122903-picture-price1-5.png,"Thương hiệu: Kinh Đô Loại bánh: Bánh Nướng Hình thức: 01 Bánh, Hộp Kiếng Chống Ẩm Khối lượng: 150 gram Thành phần: Nhân Hỗn Hợp Đậu Xanh 0 Trứng Bánh Nướng Trung thu ta lại gặp nhau ~ cùng chia miếng bánh thỏa câu ân tình Trong hai món bánh Trung Thu, bánh nướng chính là thứ quà căn bản nhất mà lại cầu kỳ tinh vi diệu vợi nhất Cầu kỳ từ khâu chọn loại bột mì mềm và mịn nhất để vỏ bánh giòn thơm sần sật, cầu kỳ đến việc loại trứng tròn đều muôn vạn quả như một, thấm muối vừa vặn, sắc sảo mặn mà mà không làm phiền đến vị giác người ăn Mỗi loại bánh từ truyền thống như nhân Thập Cẩm, nhân Đậu Xanh hay hiện đại như nhân Gà Quay XO, Bào Ngư, Vi Cá…đều thể hiện một kỳ công bất tuyệt của người Nghệ nhân làm bánh Kinh Đô Đây miếng bánh thơm ngon, đây ân tình trân quý, dưới ánh trăng thu vằng vặc ta trao nhau chút tình nghĩa mặn mà của cả một mùa ân nghĩa, còn làm gì hơn vẻ hữu tình của mùa thu hơn vậy ?",https://banhkinhdo.com.vn/san-pham/dau-xanh-0-trung/
7,"
	Đậu  Đỏ  Kiểu Nhật (1 Trứng)",R1,Kinh Đô,https://banhkinhdo.com.vn/wp-content/uploads/2020/07/20180811123052-picture-price2-5.png,"Thương hiệu: Kinh Đô Loại bánh: Bánh Nướng Hình thức: 01 Bánh, Hộp Kiếng Chống Ẩm Khối lượng: 150 gram Thành phần: Nhân Hỗn Hợp Đậu Đỏ, có 1 Trứng Bánh Nướng Trung thu ta lại gặp nhau ~ cùng chia miếng bánh thỏa câu ân tình Trong hai món bánh Trung Thu, bánh nướng chính là thứ quà căn bản nhất mà lại cầu kỳ tinh vi diệu vợi nhất Cầu kỳ từ khâu chọn loại bột mì mềm và mịn nhất để vỏ bánh giòn thơm sần sật, cầu kỳ đến việc loại trứng tròn đều muôn vạn quả như một, thấm muối vừa vặn, sắc sảo mặn mà mà không làm phiền đến vị giác người ăn Mỗi loại bánh từ truyền thống như nhân Thập Cẩm, nhân Đậu Xanh hay hiện đại như nhân Gà Quay XO, Bào Ngư, Vi Cá…đều thể hiện một kỳ công bất tuyệt của người Nghệ nhân làm bánh Kinh Đô Đây miếng bánh thơm ngon, đây ân tình trân quý, dưới ánh trăng thu vằng vặc ta trao nhau chút tình nghĩa mặn mà của cả một mùa ân nghĩa, còn làm gì hơn vẻ hữu tình của mùa thu hơn vậy ?",https://banhkinhdo.com.vn/san-pham/dau-do-kieu-nhat-1-trung/
8,"
	Đậu  Đỏ  Kiểu Nhật (2 Trứng)",R2,Kinh Đô,https://banhkinhdo.com.vn/wp-content/uploads/2020/07/20180811123052-picture-price1-3.png,"Thương hiệu: Kinh Đô Loại bánh: Bánh Nướng Hình thức: 01 Bánh, Hộp Kiếng Chống Ẩm Khối lượng: 210 gram Thành phần: Nhân Hỗn Hợp Đậu Đỏ, có 2 Trứng Bánh Nướng Trung thu ta lại gặp nhau ~ cùng chia miếng bánh thỏa câu ân tình… BÁNH TRUNG THU KINH ĐÔ NGON NHẤT Trong hai món bánh Trung Thu, bánh nướng chính là thứ quà căn bản nhất mà lại cầu kỳ tinh vi diệu vợi nhất Cầu kỳ từ khâu chọn loại bột mì mềm và mịn nhất để vỏ bánh giòn thơm sần sật, cầu kỳ đến việc loại trứng tròn đều muôn vạn quả như một, thấm muối vừa vặn, sắc sảo mặn mà mà không làm phiền đến vị giác người ăn Mỗi loại bánh từ truyền thống như nhân Thập Cẩm, nhân Đậu Xanh hay hiện đại như nhân Gà Quay XO, Bào Ngư, Vi Cá…đều thể hiện một kỳ công bất tuyệt của người Nghệ nhân làm bánh Kinh Đô Đây miếng bánh thơm ngon, đây ân tình trân quý, dưới ánh trăng thu vằng vặc ta trao nhau chút tình nghĩa mặn mà của cả một mùa ân nghĩa, còn làm gì hơn vẻ hữu tình của mùa thu hơn vậy ?",https://banhkinhdo.com.vn/san-pham/dau-do-kieu-nhat-2-trung/
9,"
	Bào ngư (2 Trứng ĐB)_210G",B,Kinh Đô,https://banhkinhdo.com.vn/wp-content/uploads/2020/07/20180811121821-picture-price1-5.png,"Thương hiệu: Kinh Đô Loại bánh: Bánh Nướng Hình thức: 01 Bánh, Hộp Kiếng Chống Ẩm Khối lượng: 210 gram Thành phần: Bánh Nướng Trung thu ta lại gặp nhau ~ cùng chia miếng bánh thỏa câu ân tình Trong hai món bánh Trung Thu, bánh nướng chính là thứ quà căn bản nhất mà lại cầu kỳ tinh vi diệu vợi nhất Cầu kỳ từ khâu chọn loại bột mì mềm và mịn nhất để vỏ bánh giòn thơm sần sật, cầu kỳ đến việc loại trứng tròn đều muôn vạn quả như một, thấm muối vừa vặn, sắc sảo mặn mà mà không làm phiền đến vị giác người ăn Mỗi loại bánh từ truyền thống như nhân Thập Cẩm, nhân Đậu Xanh hay hiện đại như nhân Gà Quay XO, Bào Ngư, Vi Cá…đều thể hiện một kỳ công bất tuyệt của người Nghệ nhân làm bánh Kinh Đô Đây miếng banh trung thu Kinh Đô thơm ngon, đây ân tình trân quý, dưới ánh trăng thu vằng vặc ta trao nhau chút tình nghĩa mặn mà của cả một mùa ân nghĩa, còn làm gì hơn vẻ hữu tình của mùa thu hơn vậy ? Web: https://banhkinhdo.com.vn",https://banhkinhdo.com.vn/san-pham/bao-ngu-2-trung-db/
10,"
	KẸO SOCOLA KINH ĐÔ THẬP CẨM 330G – TẾT 2025",,Kinh Đô,https://banhkinhdo.com.vn/wp-content/uploads/2023/11/SOLA-KEO-BICH.jpg,KẸO SOCOLA KINH ĐÔ THẬP CẨM 330G – TẾT 2025 Túi 330gr – 10 túi/thùng,https://banhkinhdo.com.vn/san-pham/hop-qua-socola-sua-hanh-nhan-cadbury-dairy-milk-150g-tet-2024/
11,"
	KẸO SOCOLA KINH ĐÔ THẬP CẨM  138G – TẾT 2025",,Kinh Đô,https://banhkinhdo.com.vn/wp-content/uploads/2023/11/SOLA.jpg,KẸO SOCOLA KINH ĐÔ THẬP CẨM 138G Hộp giấy 138g -23 hộp/ thùng,https://banhkinhdo.com.vn/san-pham/hop-qua-socola-sua-cadbury-dairy-milk-150g-tet-2024/
12,"
	AFC BÁNH CRACKER DINH DƯỠNG 172G",,Kinh Đô,https://banhkinhdo.com.vn/wp-content/uploads/2023/11/z4919563754713_87d63b9cd5ba53aba1e3a76053f105f9-1.jpg,AFC BÁNH CRACKER DINH DƯỠNG Vị Lúa Mì/ Rau/ Tảo Biển/ Bò Bít Tết Hộp giấy 172g – 16 hộp/ thùng,https://banhkinhdo.com.vn/san-pham/afc-banh-cracker-dinh-duong-172g/
13,"
	KẸO KINH ĐÔ SOCOLA  THẬP CẨM 230G TẾT 2025",,Kinh Đô,https://banhkinhdo.com.vn/wp-content/uploads/2023/11/SOLA-HOP.jpg,Kẹo kinh đô choco (hộp hình tim thập cẩm) 230g 20 hộp/ thùng,https://banhkinhdo.com.vn/san-pham/keo-kinh-do-choco-hop-hinh-tim-thap-cam-138g-tet-2021/
14,"
	BÁNH CRACKER AFC DINH DƯỠNG VỊ CỐM NON 2024 (261G)",4254966,Kinh Đô,https://banhkinhdo.com.vn/wp-content/uploads/2020/12/afc-banh-cracker-dinh-duong-vi-com-non-hop-giay.jpg,Bánh cracker AFC dinh dưỡng Vị cốm non Hộp giấy 261g – 16 hộp/thùng,https://banhkinhdo.com.vn/san-pham/banh-cracker-afc-dinh-duong-vi-rau-lua-mi-tet-2021/
15,"
	BÁNH CRACKER AFC DINH DƯỠNG VỊ CARAMEN FLAN 261G – TẾT 2024",4303508,Kinh Đô,https://banhkinhdo.com.vn/wp-content/uploads/2020/12/afc-banh-cracker-dinh-duong-vi-caramel-flan-600x600-1.jpg,Tên sản phẩm: Bánh cracker AFC dinh dưỡng Vị caramen flan Hộp giấy 216g – 16 hộp/thùng,https://banhkinhdo.com.vn/san-pham/banh-cracker-afc-dinh-duong-vi-rau-lua-mi-tet-2021-2/
16,"
	KẸO KINH ĐÔ CHOCO HỘP BÁT GIÁC THẬP CẨM 230G TẾT 2024",,Kinh Đô,https://banhkinhdo.com.vn/wp-content/uploads/2021/01/z4919513534131_0cd170d00fed909fce5565be792fcd0e.jpg,Hộp hình bát giác 230g thập cẩm 20 hộp/thùng,https://banhkinhdo.com.vn/san-pham/keo-kinh-do-choco-hop-bat-giac-thap-cam-230g-tet-2021/
17,"
	Hộp 2 Bánh – Thu Hạnh Phúc 2 Ngọt",thuhanhphuc,Kinh Đô,https://banhkinhdo.com.vn/wp-content/uploads/2024/07/Hop-2-banh.jpg,Thương hiệu: Kinh Đô Thu Hạnh Phúc – Hộp 2 Bánh bao gồm: 1. Đậu Xanh Hạt Dưa 2 Trứng ( Đặc Biệt); 2. Khoai Môn Hạt Sen 2 Trứng ( Đặc Biệt) Hộp và túi giấy đi kèm.,https://banhkinhdo.com.vn/san-pham/thu-hanh-phuc-hop-2-banh/
18,"
	Trà Xanh Hạt Macadamia 150g – 2022",XTX,Kinh Đô,https://banhkinhdo.com.vn/wp-content/uploads/2020/07/20180811123228-picture-price-3.png,"Bánh trung thu chay Trà xanh hạt Hawaii : Với các thành phần dành cho người ăn chay. Thương hiệu: Kinh Đô Loại bánh: Bánh nướng Hình thức: 01 Bánh, hộp kiếng chống ẩm Khối lượng: 150 gram Thành phần: Nhân hỗn hợp Trà Xanh, Hạt Hawaii Bánh Xanh Đêm trăng đoàn tụ quây quần ~ Cả nhà thắp sáng một tòa yêu thương",https://banhkinhdo.com.vn/san-pham/tra-xanh-hat-macadamia/
19,"
	Đậu Xanh Hạnh Nhân 150g – Bánh dành cho người ăn kiêng, ăn chay",XDX,Kinh Đô,https://banhkinhdo.com.vn/wp-content/uploads/2020/07/20180811123243-picture-price-3.png,"Thương hiệu: Kinh Đô Loại bánh: Bánh Nướng Hình thức: 01 Bánh, Hộp Kiếng Chống Ẩm Khối lượng: 150 gram Thành phần: Nhân Hỗn Hợp Bánh Xanh. Bánh Xanh Đêm trăng đoàn tụ quây quần ~ Cả nhà thắp sáng một tòa yêu thương Cắn một miếng bánh Xanh là lúc người ăn lạc bước vào một vườn thượng uyển của hương vị với tràn ngập kỳ hoa, dị thảo, thứ nào cũng quen mà lạ dưới một vầng trăng dịu dàng thoát tục, không chỉ là những món quà của vị giác , mỗi chiếc bánh trung thu còn được những nghệ nhân Kinh Đô tính toán để đem lại nhiều chất bổ phù hợp cho sức khỏe người thưởng thức nhất, đặc biệt là những người ăn kiêng,",https://banhkinhdo.com.vn/san-pham/dau-xanh-hanh-nhan-150g-2024/
20,"
	Mè Đen Hạt Dưa 150G – Bánh dành cho người ăn kiêng, ăn chay",XMD,Kinh Đô,https://banhkinhdo.com.vn/wp-content/uploads/2020/07/20180811123311-picture-price-3.png,"Thương hiệu: Kinh Đô Loại bánh: Bánh Nướng Hình thức: 01 Bánh, Hộp Kiếng Chống Ẩm Khối lượng: 150 gram Thành phần: Nhân Hỗn Hợp bánh Xanh. Bánh Xanh Đêm trăng đoàn tụ quây quần ~ Cả nhà thắp sáng một tòa yêu thương",https://banhkinhdo.com.vn/san-pham/me-den-hat-dua/
21,"
	Hạt Sen Hạt Chia 150G – Bánh dành cho người ăn kiêng, ăn chay",XHS,Kinh Đô,https://banhkinhdo.com.vn/wp-content/uploads/2020/07/20180811123258-picture-price-3.png,"Bánh trung thu chay Hạt sen Hạt chia : Với các thành phần dành cho người ăn chay. Thương hiệu: Kinh Đô Loại bánh: Bánh nướng Hình thức: 01 Bánh, hộp kiếng chống ẩm Khối lượng: 150 gram Thành phần: Nhân hỗn hợp hạt sen, hạt chia Bánh Xanh Đêm trăng đoàn tụ quây quần ~ Cả nhà thắp sáng một tòa yêu thương",https://banhkinhdo.com.vn/san-pham/hat-sen-hat-chia-_150g-2024/
22,"
	COSY MARIE – BÁNH QUY SỮA 192G (HỘP GIẤY) TẾT 2024",,Kinh Đô,https://banhkinhdo.com.vn/wp-content/uploads/2020/12/z4919334737264_ecda1ad7d4d0a8e7b4aedf049600397f.jpg,Tên sản phẩm: Cosy marie bánh quy sữa Hộp giấy 192g X 16 hộp/thùng,https://banhkinhdo.com.vn/san-pham/cosy-banh-quy-bo-thap-cam-kep-kem-hop-giay/
23,"
	COSY BÁNH QUY BƠ THẬP CẨM SOCOLA (HỘP THIẾC) 546G TẾT 2024",4252743,Kinh Đô,https://banhkinhdo.com.vn/wp-content/uploads/2020/12/banh-cosy-quy-bo-thap-cam-socola-hop-thiec.jpg,"Tên sản phẩm Trọng lượng Giá Quy cách Cosy bánh quy bơ thập cẩm socola (hộp thiếc 546g) 546g 155,000/hộp 6 hộp/thùng",https://banhkinhdo.com.vn/san-pham/cosy-banh-quy-bo-thap-cam-kep-kem-hop-thiec/
24,"
	COSY BÁNH QUY BƠ THẬP CẨM RẮC HẠT (HỘP GIẤY) TẾT 2024",,Kinh Đô,https://banhkinhdo.com.vn/wp-content/uploads/2020/12/banh-quy-bo-cosy-thap-cam-rac-hat-hop-giay.jpg,Tên sản phẩm:  Cosy bánh quy bơ thập cẩm rắc hạt Hộp giấy 330g x 12 hộp/thùng,https://banhkinhdo.com.vn/san-pham/cosy-banh-quy-bo-thap-cam-rac-hat-hop-giay/
25,"
	COSY BÁNH XỐP 2 TRONG 1 (gói 148g) TẾT 2024",,Kinh Đô,https://banhkinhdo.com.vn/wp-content/uploads/2023/11/banh-cosy-xop-2-trong-1-ci-dau-bac-ha.jpg,"Tên sản phẩm Trọng lượng Giá Quy cách Cosy bánh xốp 2 trong 1 (Kem vị dâu the lạnh / Kem vị dừa lá dứa) 148g 16,500/gói 24 gói/thùng",https://banhkinhdo.com.vn/san-pham/cosy-banh-quy-bo-thap-cam-rac-hat-hop-thiec/
26,"
	BÁNH QUẾ COSY GÓI 117G",4278067,Kinh Đô,https://banhkinhdo.com.vn/wp-content/uploads/2020/12/vn-11134207-7r98o-llu3r1lgug9re7.jpg,Tên sản phẩm: Bánh quế Cosy Vị Socola / Vị Xoài xí muội / Vị Dâu/ Vị Dứa Trọng lượng: 117g Quy cách: 24 gói/thùng,https://banhkinhdo.com.vn/san-pham/cosy-banh-quy-bo-thap-cam-kep-kem-socola/
27,"
	COSY MARIE – BÁNH QUY SỮA ( HỘP GIẤY ) 528G TẾT 2024",COSYS65,Kinh Đô,https://banhkinhdo.com.vn/wp-content/uploads/2020/12/z4800330152117_6d16888018c90beedb27df6f2f32f1a6.jpg,Tên sản phẩm: Cosy Marie Bánh quy sữa ( Hộp giấy) Trọng lượng: 528g Quy cách: 8 hộp/thùng,https://banhkinhdo.com.vn/san-pham/cosy-wonderful-banh-quy-hat-socola-yen-mach-hop-thiec/
28,"
	COSY BÁNH QUY BƠ THẬP CẨM SOCOLA (HỘP THIẾC) 378G TẾT 2024",4252773,Kinh Đô,https://banhkinhdo.com.vn/wp-content/uploads/2021/01/banh-cosy-quy-bo-thap-cam-socola-hop-thiec.jpg,Tên sản phẩm: Cosy bánh quy bơ Socola Hộp thiếc 378g – 8 hộp/thùng,https://banhkinhdo.com.vn/san-pham/cosy-banh-quy-bo-socola-hop-thiec/
29,"
	BÁNH QUY COSY BƠ THẬP CẨM (HỘP THIẾC 600G) TẾT 2024",,Kinh Đô,https://banhkinhdo.com.vn/wp-content/uploads/2020/12/banh-quy-bo-cosy-thap-cam-hop-thiec.jpg,Tên sản phẩm: Bánh quy cosy bơ thập cẩm 600g (hộp thiếc) Hộp thiếc 600g – 6 hộp/thùng,https://banhkinhdo.com.vn/san-pham/banh-que-socola-hop-thiec/
30,"
	COSY MARIE – BÁNH QUY SỮA 336G TẾT 2024",,Kinh Đô,https://banhkinhdo.com.vn/wp-content/uploads/2020/12/2ea3268f958a184af23fc4133b38bb36.png,Tên sản phẩm: Bánh quy sữa cosy marie Hộp giấy: 336g – 10 hộp/thùng,https://banhkinhdo.com.vn/san-pham/banh-que-thap-cam-hop-giay/
31,"
	COSY BÁNH QUY BƠ THẬP CẨM SOCOLA ( HỘP GIẤY ) 330G TẾT 2024",4264345,Kinh Đô,https://banhkinhdo.com.vn/wp-content/uploads/2021/01/z4800330188319_9cb6699169792f9d6f56171608422716.jpg,Tên sản phẩm: Cosy Bánh quy bơ thập cẩm socola ( Hộp giấy) Trọng lượng: 330g Quy cách: 12 hộp/thùng,https://banhkinhdo.com.vn/san-pham/cosy-banh-quy-bo-thap-cam-rac-hat-hop-thiec-546g-tet-2021/
32,"
	COSY BÁNH QUY HẠT – SOCOLA YẾN MẠCH 196G (TẾT 2024)",4264347,Kinh Đô,https://banhkinhdo.com.vn/wp-content/uploads/2023/11/banh-quy-cosy-hat-socola-yen-mach-510x510-1.jpg,Tên sản phẩm: Cosy Bánh quy hạt socola yến mạch ( Hộp giấy) Trọng lượng: 196g Quy cách: 10 hộp/thùng,https://banhkinhdo.com.vn/san-pham/cosy-banh-quy-bo-thap-cam-kep-kem-hop-thiec-546g-tet-2021/
33,"
	COSY BÁNH QUY BƠ THẬP CẨM  BƠ SỮA (HỘP THIẾC) 378G TẾT 2025",4252774,Kinh Đô,https://banhkinhdo.com.vn/wp-content/uploads/2023/11/COSY-VANG.jpg,"Tên sản phẩm Trọng lượng Giá Quy cách Cosy bánh quy bơ thập cẩm  socola (hộp thiếc) 378g 115,000/hộp 8 hộp/thùng",https://banhkinhdo.com.vn/san-pham/cosy-banh-quy-bo-thap-cam-socola-hop-thiec/
34,"
	COSY BÁNH QUY HẠT – BƠ &amp; HẠT ĐIỀU 224G (TẾT 2024)",4303499,Kinh Đô,https://banhkinhdo.com.vn/wp-content/uploads/2020/12/banh-quy-hat-bo-va-hat-dieu-cosy.jpg,Tên sản phẩm: Cosy Bánh quy bơ và hạ điều ( Hộp giấy) Trọng lượng: 224g Quy cách: 14 hộp/thùng,https://banhkinhdo.com.vn/san-pham/banh-quy-sua-cosy-marie-hop-giay/
35,"
	Bánh Dẻo Hạt Sen ( 0 Trứng) 150G",S5,Kinh Đô,,"Bánh Dẻo Này đây miếng bánh trắng ngần ~ cùng nhau chia sẻ vẹn toàn tình thân Nếu bánh nướng là cô chị sắc sảo, mặn mà, lộng lẫy, đa đoan, thì từng chiếc bánh dẻo Kinh Đô lại là một cô em ngây thơ, trong trắng, mà tha thiết đằm thắm với điệp điệp trùng trùng nét duyên thầm của mùa thu trinh bạch Từ loại bột nếp được vò , chịu đập tỉ mỉ kỹ càng cho hương thơm tản mạn mơ màng đi xuyên qua hết khẩu vị ta, đến hương hoa bưởi nhẩn nha đánh thức trong ta cả một vẻ đẹp xinh tươi của mùa thu Đất Việt, nếu Banh Trung Thu Kinh Do làm bạn mãn vị với sự đối lập giữa lớp vỏ giòn thơm và lớp nhân bùi dẻo thì vẫn cũng miếng nhân Đậu Xanh được kỳ công tinh chế ấy, trái trứng được nâng niu tỉ mỉ ấy, khi đi với lớp vỏ mềm mịn trắng trong lại yêu chiều vị giác ta một cách khác hẳn Mỗi chiếc bánh như bản giao hưởng mà mỗi nhạc cụ đều hòa điệu, bổ trợ cho nhau đưa lòng người thưởng thức đi dần lên cung bậc cao nhất của tinh hoa ẩm thực Việt Trong cái gió thu mơn man, sao bạn chưa cắt một miếng bánh dẻo Kinh Đô ra để cả nhà quay quần đầm ấm?",https://banhkinhdo.com.vn/san-pham/banh-deo-hat-sen-0-trung-150g/
36,"
	Bánh Dẻo Hạt Sen 0 Trứng 150G – 2025",55,Kinh Đô,,"Bánh Dẻo Này đây miếng bánh trắng ngần ~ cùng nhau chia sẻ vẹn toàn tình thân Nếu bánh nướng là cô chị sắc sảo, mặn mà, lộng lẫy, đa đoan, thì từng chiếc bánh dẻo Kinh Đô lại là một cô em ngây thơ, trong trắng, mà tha thiết đằm thắm với điệp điệp trùng trùng nét duyên thầm của mùa thu trinh bạch Từ loại bột nếp được vò , chịu đập tỉ mỉ kỹ càng cho hương thơm tản mạn mơ màng đi xuyên qua hết khẩu vị ta, đến hương hoa bưởi nhẩn nha đánh thức trong ta cả một vẻ đẹp xinh tươi của mùa thu Đất Việt, nếu Banh Trung Thu Kinh Do làm bạn mãn vị với sự đối lập giữa lớp vỏ giòn thơm và lớp nhân bùi dẻo thì vẫn cũng miếng nhân Đậu Xanh được kỳ công tinh chế ấy, trái trứng được nâng niu tỉ mỉ ấy, khi đi với lớp vỏ mềm mịn trắng trong lại yêu chiều vị giác ta một cách khác hẳn Mỗi chiếc bánh như bản giao hưởng mà mỗi nhạc cụ đều hòa điệu, bổ trợ cho nhau đưa lòng người thưởng thức đi dần lên cung bậc cao nhất của tinh hoa ẩm thực Việt Trong cái gió thu mơn man, sao bạn chưa cắt một miếng bánh dẻo Kinh Đô ra để cả nhà quay quần đầm ấm?",https://banhkinhdo.com.vn/san-pham/banh-deo-dau-xanh-1-2-trung-150g-2022/
37,"
	Bánh Dẻo Sầu Riêng ( 0 Trứng) 180G – 2022",,Kinh Đô,,"Bánh Dẻo Này đây miếng bánh trắng ngần ~ cùng nhau chia sẻ vẹn toàn tình thân Nếu bánh nướng là cô chị sắc sảo, mặn mà, lộng lẫy, đa đoan, thì từng chiếc bánh dẻo Kinh Đô lại là một cô em ngây thơ, trong trắng, mà tha thiết đằm thắm với điệp điệp trùng trùng nét duyên thầm của mùa thu trinh bạch Từ loại bột nếp được vò , chịu đập tỉ mỉ kỹ càng cho hương thơm tản mạn mơ màng đi xuyên qua hết khẩu vị ta, đến hương hoa bưởi nhẩn nha đánh thức trong ta cả một vẻ đẹp xinh tươi của mùa thu Đất Việt, nếu Banh Trung Thu Kinh Do làm bạn mãn vị với sự đối lập giữa lớp vỏ giòn thơm và lớp nhân bùi dẻo thì vẫn cũng miếng nhân Đậu Xanh được kỳ công tinh chế ấy, trái trứng được nâng niu tỉ mỉ ấy, khi đi với lớp vỏ mềm mịn trắng trong lại yêu chiều vị giác ta một cách khác hẳn Mỗi chiếc bánh như bản giao hưởng mà mỗi nhạc cụ đều hòa điệu, bổ trợ cho nhau đưa lòng người thưởng thức đi dần lên cung bậc cao nhất của tinh hoa ẩm thực Việt Trong cái gió thu mơn man, sao bạn chưa cắt một miếng bánh dẻo Kinh Đô ra để cả nhà quay quần đầm ấm?",https://banhkinhdo.com.vn/san-pham/banh-deo-sau-rieng-0-trung-180g-2022/
38,"
	Bánh Dẻo Sữa Dừa ( 0 Trứng ) 180G – 2025",90,Kinh Đô,https://banhkinhdo.com.vn/wp-content/uploads/2022/07/Screen-Shot-2024-07-03-at-12.00.08.png,"Bánh Dẻo Sữa Dừa ( 0 Trứng ) 180G – 2025 Này đây miếng bánh trắng ngần ~ cùng nhau chia sẻ vẹn toàn tình thân Nếu bánh nướng là cô chị sắc sảo, mặn mà, lộng lẫy, đa đoan, thì từng chiếc bánh dẻo Kinh Đô lại là một cô em ngây thơ, trong trắng, mà tha thiết đằm thắm với điệp điệp trùng trùng nét duyên thầm của mùa thu trinh bạch Từ loại bột nếp được vò , chịu đập tỉ mỉ kỹ càng cho hương thơm tản mạn mơ màng đi xuyên qua hết khẩu vị ta, đến hương hoa bưởi nhẩn nha đánh thức trong ta cả một vẻ đẹp xinh tươi của mùa thu Đất Việt, nếu Banh Trung Thu Kinh Do làm bạn mãn vị với sự đối lập giữa lớp vỏ giòn thơm và lớp nhân bùi dẻo thì vẫn cũng miếng nhân Đậu Xanh được kỳ công tinh chế ấy, trái trứng được nâng niu tỉ mỉ ấy, khi đi với lớp vỏ mềm mịn trắng trong lại yêu chiều vị giác ta một cách khác hẳn Mỗi chiếc bánh như bản giao hưởng mà mỗi nhạc cụ đều hòa điệu, bổ trợ cho nhau đưa lòng người thưởng thức đi dần lên cung bậc cao nhất của tinh hoa ẩm thực Việt Trong cái gió thu mơn man, sao bạn chưa cắt một miếng bánh dẻo Kinh Đô ra để cả nhà quay quần đầm ấm?",https://banhkinhdo.com.vn/san-pham/banh-deo-sua-dua-0-trung-180g-2024/
39,"
	Bánh Dẻo Thập Cẩm ( 0 Trứng) – 2025",98,Kinh Đô,https://banhkinhdo.com.vn/wp-content/uploads/2022/07/z5585157572335_0504b55ecc5a4b000a07a4ea33970fcf.jpg,"Bánh Dẻo Thập Cẩm ( 0 Trứng) – 2024 Này đây miếng bánh trắng ngần ~ cùng nhau chia sẻ vẹn toàn tình thân Nếu bánh nướng là cô chị sắc sảo, mặn mà, lộng lẫy, đa đoan, thì từng chiếc bánh dẻo Kinh Đô lại là một cô em ngây thơ, trong trắng, mà tha thiết đằm thắm với điệp điệp trùng trùng nét duyên thầm của mùa thu trinh bạch Từ loại bột nếp được vò , chịu đập tỉ mỉ kỹ càng cho hương thơm tản mạn mơ màng đi xuyên qua hết khẩu vị ta, đến hương hoa bưởi nhẩn nha đánh thức trong ta cả một vẻ đẹp xinh tươi của mùa thu Đất Việt, nếu Banh Trung Thu Kinh Do làm bạn mãn vị với sự đối lập giữa lớp vỏ giòn thơm và lớp nhân bùi dẻo thì vẫn cũng miếng nhân Đậu Xanh được kỳ công tinh chế ấy, trái trứng được nâng niu tỉ mỉ ấy, khi đi với lớp vỏ mềm mịn trắng trong lại yêu chiều vị giác ta một cách khác hẳn Mỗi chiếc bánh như bản giao hưởng mà mỗi nhạc cụ đều hòa điệu, bổ trợ cho nhau đưa lòng người thưởng thức đi dần lên cung bậc cao nhất của tinh hoa ẩm thực Việt Trong cái gió thu mơn man, sao bạn chưa cắt một miếng bánh dẻo Kinh Đô ra để cả nhà quay quần đầm ấm?",https://banhkinhdo.com.vn/san-pham/banh-deo-thap-cam-0-trung-2024/
40,"
	Dẻo Đậu Xanh (1 Trứng) 180G – 2025",,Kinh Đô,https://banhkinhdo.com.vn/wp-content/uploads/2022/07/z5585157572338_e8d69054484227b1d3023ca4368ccd2a.jpg,"Dẻo Đậu Xanh ( 1 Trứng) 180G – 2025 Này đây miếng bánh trắng ngần ~ cùng nhau chia sẻ vẹn toàn tình thân Nếu bánh nướng là cô chị sắc sảo, mặn mà, lộng lẫy, đa đoan, thì từng chiếc bánh dẻo Kinh Đô lại là một cô em ngây thơ, trong trắng, mà tha thiết đằm thắm với điệp điệp trùng trùng nét duyên thầm của mùa thu trinh bạch Từ loại bột nếp được vò , chịu đập tỉ mỉ kỹ càng cho hương thơm tản mạn mơ màng đi xuyên qua hết khẩu vị ta, đến hương hoa bưởi nhẩn nha đánh thức trong ta cả một vẻ đẹp xinh tươi của mùa thu Đất Việt, nếu Banh Trung Thu Kinh Do làm bạn mãn vị với sự đối lập giữa lớp vỏ giòn thơm và lớp nhân bùi dẻo thì vẫn cũng miếng nhân Đậu Xanh được kỳ công tinh chế ấy, trái trứng được nâng niu tỉ mỉ ấy, khi đi với lớp vỏ mềm mịn trắng trong lại yêu chiều vị giác ta một cách khác hẳn Mỗi chiếc bánh như bản giao hưởng mà mỗi nhạc cụ đều hòa điệu, bổ trợ cho nhau đưa lòng người thưởng thức đi dần lên cung bậc cao nhất của tinh hoa ẩm thực Việt Trong cái gió thu mơn man, sao bạn chưa cắt một miếng bánh dẻo Kinh Đô ra để cả nhà quay quần đầm ấm?",https://banhkinhdo.com.vn/san-pham/deo-dau-xanh-1-trung-180g-2024/
41,"
	Bánh Dẻo Hạt Sen Hạt Dưa (1 Trứng)  230g -2022",,Kinh Đô,https://banhkinhdo.com.vn/wp-content/uploads/2022/07/deo-hat-sen-hat-dua-1tr.png,"Bánh Dẻo Này đây miếng bánh trắng ngần ~ cùng nhau chia sẻ vẹn toàn tình thân Nếu bánh nướng là cô chị sắc sảo, mặn mà, lộng lẫy, đa đoan, thì từng chiếc bánh dẻo Kinh Đô lại là một cô em ngây thơ, trong trắng, mà tha thiết đằm thắm với điệp điệp trùng trùng nét duyên thầm của mùa thu trinh bạch Từ loại bột nếp được vò , chịu đập tỉ mỉ kỹ càng cho hương thơm tản mạn mơ màng đi xuyên qua hết khẩu vị ta, đến hương hoa bưởi nhẩn nha đánh thức trong ta cả một vẻ đẹp xinh tươi của mùa thu Đất Việt, nếu Banh Trung Thu Kinh Do làm bạn mãn vị với sự đối lập giữa lớp vỏ giòn thơm và lớp nhân bùi dẻo thì vẫn cũng miếng nhân Đậu Xanh được kỳ công tinh chế ấy, trái trứng được nâng niu tỉ mỉ ấy, khi đi với lớp vỏ mềm mịn trắng trong lại yêu chiều vị giác ta một cách khác hẳn Mỗi chiếc bánh như bản giao hưởng mà mỗi nhạc cụ đều hòa điệu, bổ trợ cho nhau đưa lòng người thưởng thức đi dần lên cung bậc cao nhất của tinh hoa ẩm thực Việt Trong cái gió thu mơn man, sao bạn chưa cắt một miếng bánh dẻo Kinh Đô ra để cả nhà quay quần đầm ấm?",https://banhkinhdo.com.vn/san-pham/banh-deo-hat-sen-hat-dua-1-trung-230g-2022/
42,"
	Bánh Dẻo Jambon Lạp Xưởng ( 0 Trứng) 230g – 2022",,Kinh Đô,https://banhkinhdo.com.vn/wp-content/uploads/2022/07/deo-0tr-230g.png,"Bánh Dẻo Này đây miếng bánh trắng ngần ~ cùng nhau chia sẻ vẹn toàn tình thân Nếu bánh nướng là cô chị sắc sảo, mặn mà, lộng lẫy, đa đoan, thì từng chiếc bánh dẻo Kinh Đô lại là một cô em ngây thơ, trong trắng, mà tha thiết đằm thắm với điệp điệp trùng trùng nét duyên thầm của mùa thu trinh bạch Từ loại bột nếp được vò , chịu đập tỉ mỉ kỹ càng cho hương thơm tản mạn mơ màng đi xuyên qua hết khẩu vị ta, đến hương hoa bưởi nhẩn nha đánh thức trong ta cả một vẻ đẹp xinh tươi của mùa thu Đất Việt, nếu Banh Trung Thu Kinh Do làm bạn mãn vị với sự đối lập giữa lớp vỏ giòn thơm và lớp nhân bùi dẻo thì vẫn cũng miếng nhân Đậu Xanh được kỳ công tinh chế ấy, trái trứng được nâng niu tỉ mỉ ấy, khi đi với lớp vỏ mềm mịn trắng trong lại yêu chiều vị giác ta một cách khác hẳn Mỗi chiếc bánh như bản giao hưởng mà mỗi nhạc cụ đều hòa điệu, bổ trợ cho nhau đưa lòng người thưởng thức đi dần lên cung bậc cao nhất của tinh hoa ẩm thực Việt Trong cái gió thu mơn man, sao bạn chưa cắt một miếng bánh dẻo Kinh Đô ra để cả nhà quay quần đầm ấm?",https://banhkinhdo.com.vn/san-pham/banh-deo-jambon-lap-xuong-0-trung-230g-2022/
43,"
	Bánh Dẻo Cốm Dừa Hạt Dẻ(0 Trứng) _250G – Miền Bắc",88,Kinh Đô,https://banhkinhdo.com.vn/wp-content/uploads/2020/08/B%C3%A1nh-D%E1%BA%BBo-C%E1%BB%91m-D%E1%BB%ABa-H%E1%BA%A1t-D%E1%BA%BB-0-Tr%E1%BB%A9ng-Mi%E1%BB%81n-B%E1%BA%AFc.jpg,"Nếu bánh nướng là cô chị sắc sảo, mặn mà, lộng lẫy, đa đoan, thì từng chiếc bánh Dẻo Kinh Đô lại là một cô em ngây thơ, trong trắng, mà thiết tha đằm thắm với điệp điệp trùng trùng nét duyên thắm của mùa thu trinh bạch. Kết hợp khéo léo giữa những nguyên liệu từ lạ đến quen, mỗi chiếc bánh trung thu dẻo Kinh Đô thơm bùi, thanh ngọt mang lời nhắn khác nhau nhưng đều được vun vén gởi trao trong chiếc hộp trang trọng, ấm màu trăng đêm Rằm. Bánh trung thu Kinh Đô – Tròn vị bánh, sáng mãi chuyện đêm trăng.",https://banhkinhdo.com.vn/san-pham/banh-deo-com-dua-hat-de-0-trung-mien-bac/
44,"
	Bánh Dẻo Sữa Dừa Hạt Dưa(0 Trứng) _250G – Miền Bắc",80,Kinh Đô,https://banhkinhdo.com.vn/wp-content/uploads/2020/08/B%C3%A1nh-D%E1%BA%BBo-S%E1%BB%AFa-D%E1%BB%ABa-H%E1%BA%A1t-D%C6%B0a-0-Tr%E1%BB%A9ng.png,"Nếu bánh nướng là cô chị sắc sảo, mặn mà, lộng lẫy, đa đoan, thì từng chiếc bánh Dẻo Kinh Đô lại là một cô em ngây thơ, trong trắng, mà thiết tha đằm thắm với điệp điệp trùng trùng nét duyên thắm của mùa thu trinh bạch. Kết hợp khéo léo giữa những nguyên liệu từ lạ đến quen, mỗi chiếc bánh trung thu dẻo Kinh Đô thơm bùi, thanh ngọt mang lời nhắn khác nhau nhưng đều được vun vén gởi trao trong chiếc hộp trang trọng, ấm màu trăng đêm Rằm. Bánh trung thu Kinh Đô – Tròn vị bánh, sáng mãi chuyện đêm trăng.",https://banhkinhdo.com.vn/san-pham/banh-deo-sua-dua-hat-dua-0-trung/
45,"
	Bánh Dẻo Jambon Lạp Xưởng(1 Trứng)_250G",81,Kinh Đô,https://banhkinhdo.com.vn/wp-content/uploads/2020/08/B%C3%A1nh-D%E1%BA%BBo-Jambon-L%E1%BA%A1p-X%C6%B0%E1%BB%9Fng-1-Tr%E1%BB%A9ng.png,"Nếu bánh nướng là cô chị sắc sảo, mặn mà, lộng lẫy, đa đoan, thì từng chiếc bánh Dẻo Kinh Đô lại là một cô em ngây thơ, trong trắng, mà thiết tha đằm thắm với điệp điệp trùng trùng nét duyên thắm của mùa thu trinh bạch. Kết hợp khéo léo giữa những nguyên liệu từ lạ đến quen, mỗi chiếc bánh trung thu dẻo Kinh Đô thơm bùi, thanh ngọt mang lời nhắn khác nhau nhưng đều được vun vén gởi trao trong chiếc hộp trang trọng, ấm màu trăng đêm Rằm. Bánh trung thu Kinh Đô – Tròn vị bánh, sáng mãi chuyện đêm trăng.",https://banhkinhdo.com.vn/san-pham/banh-deo-jambon-lap-xuong-1-trung-2/
46,"
	Bánh Dẻo Jambon Lạp Xưởng(0 Trứng)_250G – Miền Bắc",811,Kinh Đô,https://banhkinhdo.com.vn/wp-content/uploads/2020/07/B%C3%A1nh-D%E1%BA%BBo-Jambon-L%E1%BA%A1p-X%C6%B0%E1%BB%9Fng_0-Tr%E1%BB%A9ng-Mi%E1%BB%81n-B%E1%BA%AFc.png,"Bánh Dẻo Này đây miếng bánh trắng ngần ~ cùng nhau chia sẻ vẹn toàn tình thân Nếu bánh nướng là cô chị sắc sảo, mặn mà, lộng lẫy, đa đoan, thì từng chiếc bánh dẻo Kinh Đô lại là một cô em ngây thơ, trong trắng, mà tha thiết đằm thắm với điệp điệp trùng trùng nét duyên thầm của mùa thu trinh bạch Từ loại bột nếp được vò , chịu đập tỉ mỉ kỹ càng cho hương thơm tản mạn mơ màng đi xuyên qua hết khẩu vị ta, đến hương hoa bưởi nhẩn nha đánh thức trong ta cả một vẻ đẹp xinh tươi của mùa thu Đất Việt, nếu bánh nướng Kinh Đô làm bạn mãn vị với sự đối lập giữa lớp vỏ giòn thơm và lớp nhân bùi dẻo thì vẫn cũng miếng nhân Đậu Xanh được kỳ công tinh chế ấy, trái trứng được nâng niu tỉ mỉ ấy, khi đi với lớp vỏ mềm mịn trắng trong lại yêu chiều vị giác ta một cách khác hẳn Mỗi chiếc bánh trung thu như bản giao hưởng mà mỗi nhạc cụ đều hòa điệu, bổ trợ cho nhau đưa lòng người thưởng thức đi dần lên cung bậc cao nhất của tinh hoa ẩm thực Việt Trong cái gió thu mơn man, sao bạn chưa cắt một miếng bánh dẻo Kinh Đô ra để cả nhà quay quần đầm ấm?",https://banhkinhdo.com.vn/san-pham/banh-deo-jambon-lap-xuong-1-trung/
47,"
	Bánh Dẻo Hạt Sen Hạt Dưa(1 Trứng)_250G",82,Kinh Đô,https://banhkinhdo.com.vn/wp-content/uploads/2020/07/B%C3%A1nh-D%E1%BA%BBo-H%E1%BA%A1t-Sen-H%E1%BA%A1t-D%C6%B0a-1-Tr%E1%BB%A9ng2.png,"Bánh Dẻo Này đây miếng bánh trắng ngần ~ cùng nhau chia sẻ vẹn toàn tình thân Nếu bánh nướng là cô chị sắc sảo, mặn mà, lộng lẫy, đa đoan, thì từng chiếc bánh dẻo Kinh Đô lại là một cô em ngây thơ, trong trắng, mà tha thiết đằm thắm với điệp điệp trùng trùng nét duyên thầm của mùa thu trinh bạch Từ loại bột nếp được vò , chịu đập tỉ mỉ kỹ càng cho hương thơm tản mạn mơ màng đi xuyên qua hết khẩu vị ta, đến hương hoa bưởi nhẩn nha đánh thức trong ta cả một vẻ đẹp xinh tươi của mùa thu Đất Việt, nếu bánh nướng Kinh Đô làm bạn mãn vị với sự đối lập giữa lớp vỏ giòn thơm và lớp nhân bùi dẻo thì vẫn cũng miếng nhân Đậu Xanh được kỳ công tinh chế ấy, trái trứng được nâng niu tỉ mỉ ấy, khi đi với lớp vỏ mềm mịn trắng trong lại yêu chiều vị giác ta một cách khác hẳn Mỗi chiếc bánh như bản giao hưởng mà mỗi nhạc cụ đều hòa điệu, bổ trợ cho nhau đưa lòng người thưởng thức đi dần lên cung bậc cao nhất của tinh hoa ẩm thực Việt Trong cái gió thu mơn man, sao bạn chưa cắt một miếng bánh dẻo Kinh Đô ra để cả nhà quay quần đầm ấm?",https://banhkinhdo.com.vn/san-pham/banh-deo-hat-sen-hat-dua-1-trung/
48,"
	Bánh Dẻo Đậu Xanh Hạt Dưa 1 Trứng 230g – 2024",83,Kinh Đô,https://banhkinhdo.com.vn/wp-content/uploads/2020/07/B%C3%A1nh-D%E1%BA%BBo-%C4%90%E1%BA%ADu-Xanh-H%E1%BA%A1t-D%C6%B0a-1-Tr%E1%BB%A9ng.png,"Bánh Dẻo Này đây miếng bánh trắng ngần ~ cùng nhau chia sẻ vẹn toàn tình thân Nếu bánh nướng là cô chị sắc sảo, mặn mà, lộng lẫy, đa đoan, thì từng chiếc bánh dẻo Kinh Đô lại là một cô em ngây thơ, trong trắng, mà tha thiết đằm thắm với điệp điệp trùng trùng nét duyên thầm của mùa thu trinh bạch Từ loại bột nếp được vò , chịu đập tỉ mỉ kỹ càng cho hương thơm tản mạn mơ màng đi xuyên qua hết khẩu vị ta, đến hương hoa bưởi nhẩn nha đánh thức trong ta cả một vẻ đẹp xinh tươi của mùa thu Đất Việt, nếu bánh nướng Kinh Đô làm bạn mãn vị với sự đối lập giữa lớp vỏ giòn thơm và lớp nhân bùi dẻo thì vẫn cũng miếng nhân Đậu Xanh được kỳ công tinh chế ấy, trái trứng được nâng niu tỉ mỉ ấy, khi đi với lớp vỏ mềm mịn trắng trong lại yêu chiều vị giác ta một cách khác hẳn Mỗi chiếc bánh như bản giao hưởng mà mỗi nhạc cụ đều hòa điệu, bổ trợ cho nhau đưa lòng người thưởng thức đi dần lên cung bậc cao nhất của tinh hoa ẩm thực Việt Trong cái gió thu mơn man, sao bạn chưa cắt một miếng bánh dẻo Kinh Đô ra để cả nhà quay quần đầm ấm?",https://banhkinhdo.com.vn/san-pham/banh-deo-dau-xanh-hat-dua-1-trung-230g-2024/
49,"
	Bánh Déo Hạt Sen 1 Trứng 180g – 2025",92,Kinh Đô,https://banhkinhdo.com.vn/wp-content/uploads/2020/07/20180811123147-picture-price1-4.png,"Bánh Déo Hạt Sen 1 Trứng 180g – 2025 Này đây miếng bánh trắng ngần ~ cùng nhau chia sẻ vẹn toàn tình thân Nếu bánh nướng là cô chị sắc sảo, mặn mà, lộng lẫy, đa đoan, thì từng chiếc bánh dẻo Kinh Đô lại là một cô em ngây thơ, trong trắng, mà tha thiết đằm thắm với điệp điệp trùng trùng nét duyên thầm của mùa thu trinh bạch Từ loại bột nếp được vò , chịu đập tỉ mỉ kỹ càng cho hương thơm tản mạn mơ màng đi xuyên qua hết khẩu vị ta, đến hương hoa bưởi nhẩn nha đánh thức trong ta cả một vẻ đẹp xinh tươi của mùa thu Đất Việt, nếu Bánh Trung Thu Kinh Đô làm bạn mãn vị với sự đối lập giữa lớp vỏ giòn thơm và lớp nhân bùi dẻo thì vẫn cũng miếng nhân Đậu Xanh được kỳ công tinh chế ấy, trái trứng được nâng niu tỉ mỉ ấy, khi đi với lớp vỏ mềm mịn trắng trong lại yêu chiều vị giác ta một cách khác hẳn Mỗi chiếc bánh như bản giao hưởng mà mỗi nhạc cụ đều hòa điệu, bổ trợ cho nhau đưa lòng người thưởng thức đi dần lên cung bậc cao nhất của tinh hoa ẩm thực Việt Trong cái gió thu mơn man, sao bạn chưa cắt một miếng bánh dẻo Kinh Đô ra để cả nhà quay quần đầm ấm?",https://banhkinhdo.com.vn/san-pham/banh-deo-hat-sen-1-trung-180g-2024/
50,"
	Bánh Dẻo Đậu Xanh 1 Trứng 180g – 2022",93,Kinh Đô,https://banhkinhdo.com.vn/wp-content/uploads/2020/07/20180811123134-picture-price1-4.png,"Bánh Dẻo Này đây miếng bánh trắng ngần ~ cùng nhau chia sẻ vẹn toàn tình thân Nếu bánh nướng là cô chị sắc sảo, mặn mà, lộng lẫy, đa đoan, thì từng chiếc bánh dẻo Kinh Đô lại là một cô em ngây thơ, trong trắng, mà tha thiết đằm thắm với điệp điệp trùng trùng nét duyên thầm của mùa thu trinh bạch Từ loại bột nếp được vò , chịu đập tỉ mỉ kỹ càng cho hương thơm tản mạn mơ màng đi xuyên qua hết khẩu vị ta, đến hương hoa bưởi nhẩn nha đánh thức trong ta cả một vẻ đẹp xinh tươi của mùa thu Đất Việt, nếu bánh nướng Kinh Đô làm bạn mãn vị với sự đối lập giữa lớp vỏ giòn thơm và lớp nhân bùi dẻo thì vẫn cũng miếng nhân Đậu Xanh được kỳ công tinh chế ấy, trái trứng được nâng niu tỉ mỉ ấy, khi đi với lớp vỏ mềm mịn trắng trong lại yêu chiều vị giác ta một cách khác hẳn Mỗi chiếc bánh như bản giao hưởng mà mỗi nhạc cụ đều hòa điệu, bổ trợ cho nhau đưa lòng người thưởng thức đi dần lên cung bậc cao nhất của tinh hoa ẩm thực Việt Trong cái gió thu mơn man, sao bạn chưa cắt một miếng bánh dẻo Kinh Đô ra để cả nhà quay quần đầm ấm?",https://banhkinhdo.com.vn/san-pham/banh-deo-dau-xanh-1-trung/
51,"
	Banh dẻo thập cẩm (1 trứng)",91,Kinh Đô,https://banhkinhdo.com.vn/wp-content/uploads/2020/07/20180811123200-picture-price-4.png,"Bánh Dẻo Này đây miếng bánh trắng ngần ~ cùng nhau chia sẻ vẹn toàn tình thân Nếu bánh nướng là cô chị sắc sảo, mặn mà, lộng lẫy, đa đoan, thì từng chiếc bánh dẻo Kinh Đô lại là một cô em ngây thơ, trong trắng, mà tha thiết đằm thắm với điệp điệp trùng trùng nét duyên thầm của mùa thu trinh bạch Từ loại bột nếp được vò , chịu đập tỉ mỉ kỹ càng cho hương thơm tản mạn mơ màng đi xuyên qua hết khẩu vị ta, đến hương hoa bưởi nhẩn nha đánh thức trong ta cả một vẻ đẹp xinh tươi của mùa thu Đất Việt, nếu bánh nướng Kinh Đô làm bạn mãn vị với sự đối lập giữa lớp vỏ giòn thơm và lớp nhân bùi dẻo thì vẫn cũng miếng nhân Đậu Xanh được kỳ công tinh chế ấy, trái trứng được nâng niu tỉ mỉ ấy, khi đi với lớp vỏ mềm mịn trắng trong lại yêu chiều vị giác ta một cách khác hẳn Mỗi chiếc bánh như bản giao hưởng mà mỗi nhạc cụ đều hòa điệu, bổ trợ cho nhau đưa lòng người thưởng thức đi dần lên cung bậc cao nhất của tinh hoa ẩm thực Việt Trong cái gió thu mơn man, sao bạn chưa cắt một miếng bánh trung thu Kinh Đô ra để cả nhà quay quần đầm ấm?",https://banhkinhdo.com.vn/san-pham/banh-deo-thap-cam-1-trung/
52,"
	Bánh dẻo hạt sen hạt dưa 0 trứng 230g – 2024",85,Kinh Đô,https://banhkinhdo.com.vn/wp-content/uploads/2020/07/Screen-Shot-2024-07-03-at-22.52.26.png,"Bánh dẻo hạt sen hạt dưa 0 trứng 230g – 2024 Này đây miếng bánh trắng ngần ~ cùng nhau chia sẻ vẹn toàn tình thân Nếu bánh nướng là cô chị sắc sảo, mặn mà, lộng lẫy, đa đoan, thì từng chiếc bánh dẻo Kinh Đô lại là một cô em ngây thơ, trong trắng, mà tha thiết đằm thắm với điệp điệp trùng trùng nét duyên thầm của mùa thu trinh bạch Từ loại bột nếp được vò , chịu đập tỉ mỉ kỹ càng cho hương thơm tản mạn mơ màng đi xuyên qua hết khẩu vị ta, đến hương hoa bưởi nhẩn nha đánh thức trong ta cả một vẻ đẹp xinh tươi của mùa thu Đất Việt, nếu Banh Trung Thu Kinh Do làm bạn mãn vị với sự đối lập giữa lớp vỏ giòn thơm và lớp nhân bùi dẻo thì vẫn cũng miếng nhân Đậu Xanh được kỳ công tinh chế ấy, trái trứng được nâng niu tỉ mỉ ấy, khi đi với lớp vỏ mềm mịn trắng trong lại yêu chiều vị giác ta một cách khác hẳn Mỗi chiếc bánh như bản giao hưởng mà mỗi nhạc cụ đều hòa điệu, bổ trợ cho nhau đưa lòng người thưởng thức đi dần lên cung bậc cao nhất của tinh hoa ẩm thực Việt Trong cái gió thu mơn man, sao bạn chưa cắt một miếng bánh dẻo Kinh Đô ra để cả nhà quay quần đầm ấm?",https://banhkinhdo.com.vn/san-pham/banh-deo-hat-sen-hat-dua-0-trung-230g-2024/
53,"
	Bánh Dẻo Hạt Sen (0 Trứng) 180g – 2025",95,Kinh Đô,https://banhkinhdo.com.vn/wp-content/uploads/2020/07/Screen-Shot-2024-07-03-at-12.12.18.png,"Bánh Dẻo Hạt Sen (0 Trứng) 180g – 2025 Này đây miếng bánh trắng ngần ~ cùng nhau chia sẻ vẹn toàn tình thân Nếu bánh nướng là cô chị sắc sảo, mặn mà, lộng lẫy, đa đoan, thì từng chiếc bánh dẻo Kinh Đô lại là một cô em ngây thơ, trong trắng, mà tha thiết đằm thắm với điệp điệp trùng trùng nét duyên thầm của mùa thu trinh bạch Từ loại bột nếp được vò , chịu đập tỉ mỉ kỹ càng cho hương thơm tản mạn mơ màng đi xuyên qua hết khẩu vị ta, đến hương hoa bưởi nhẩn nha đánh thức trong ta cả một vẻ đẹp xinh tươi của mùa thu Đất Việt, nếu bánh nướng Kinh Đô làm bạn mãn vị với sự đối lập giữa lớp vỏ giòn thơm và lớp nhân bùi dẻo thì vẫn cũng miếng nhân Đậu Xanh được kỳ công tinh chế ấy, trái trứng được nâng niu tỉ mỉ ấy, khi đi với lớp vỏ mềm mịn trắng trong lại yêu chiều vị giác ta một cách khác hẳn Mỗi chiếc bánh như bản giao hưởng mà mỗi nhạc cụ đều hòa điệu, bổ trợ cho nhau đưa lòng người thưởng thức đi dần lên cung bậc cao nhất của tinh hoa ẩm thực Việt Trong cái gió thu mơn man, sao bạn chưa cắt một miếng banh trung thu Kinh Đo ra để cả nhà quay quần đầm ấm?",https://banhkinhdo.com.vn/san-pham/banh-deo-hat-sen-0-trung-180g-2024/
54,"
	Bánh  dẻo đậu xanh  hạt dưa (0 Trứng) 230g – 2024",86,Kinh Đô,https://banhkinhdo.com.vn/wp-content/uploads/2020/07/Screen-Shot-2024-07-03-at-22.46.20.png,"Bánh dẻo đậu xanh hạt dưa (0 Trứng) 230g – 2024 Này đây miếng bánh trắng ngần ~ cùng nhau chia sẻ vẹn toàn tình thân Nếu bánh nướng là cô chị sắc sảo, mặn mà, lộng lẫy, đa đoan, thì từng chiếc bánh dẻo Kinh Đô lại là một cô em ngây thơ, trong trắng, mà tha thiết đằm thắm với điệp điệp trùng trùng nét duyên thầm của mùa thu trinh bạch Từ loại bột nếp được vò , chịu đập tỉ mỉ kỹ càng cho hương thơm tản mạn mơ màng đi xuyên qua hết khẩu vị ta, đến hương hoa bưởi nhẩn nha đánh thức trong ta cả một vẻ đẹp xinh tươi của mùa thu Đất Việt, nếu Bánh Trung Thu Kinh Đô làm bạn mãn vị với sự đối lập giữa lớp vỏ giòn thơm và lớp nhân bùi dẻo thì vẫn cũng miếng nhân Đậu Xanh được kỳ công tinh chế ấy, trái trứng được nâng niu tỉ mỉ ấy, khi đi với lớp vỏ mềm mịn trắng trong lại yêu chiều vị giác ta một cách khác hẳn Mỗi chiếc bánh như bản giao hưởng mà mỗi nhạc cụ đều hòa điệu, bổ trợ cho nhau đưa lòng người thưởng thức đi dần lên cung bậc cao nhất của tinh hoa ẩm thực Việt Trong cái gió thu mơn man, sao bạn chưa cắt một miếng bánh dẻo Kinh Đô ra để cả nhà quay quần đầm ấm?",https://banhkinhdo.com.vn/san-pham/banh-deo-dau-xanh-hat-dua-0-trung-230g-2024/
55,"
	Bánh Dẻo Đậu Xanh (0 Trứng) 180g – 2025",96,Kinh Đô,https://banhkinhdo.com.vn/wp-content/uploads/2020/07/Screen-Shot-2024-07-03-at-12.07.50.png,"Bánh Dẻo Đậu Xanh (0 Trứng) 180g – 2025 Này đây miếng bánh trắng ngần ~ cùng nhau chia sẻ vẹn toàn tình thân Nếu bánh nướng là cô chị sắc sảo, mặn mà, lộng lẫy, đa đoan, thì từng chiếc bánh dẻo Kinh Đô lại là một cô em ngây thơ, trong trắng, mà tha thiết đằm thắm với điệp điệp trùng trùng nét duyên thầm của mùa thu trinh bạch Từ loại bột nếp được vò , chịu đập tỉ mỉ kỹ càng cho hương thơm tản mạn mơ màng đi xuyên qua hết khẩu vị ta, đến hương hoa bưởi nhẩn nha đánh thức trong ta cả một vẻ đẹp xinh tươi của mùa thu Đất Việt, nếu bánh nướng Kinh Đô làm bạn mãn vị với sự đối lập giữa lớp vỏ giòn thơm và lớp nhân bùi dẻo thì vẫn cũng miếng nhân Đậu Xanh được kỳ công tinh chế ấy, trái trứng được nâng niu tỉ mỉ ấy, khi đi với lớp vỏ mềm mịn trắng trong lại yêu chiều vị giác ta một cách khác hẳn Mỗi chiếc bánh như bản giao hưởng mà mỗi nhạc cụ đều hòa điệu, bổ trợ cho nhau đưa lòng người thưởng thức đi dần lên cung bậc cao nhất của tinh hoa ẩm thực Việt Trong cái gió thu mơn man, sao bạn chưa cắt một miếng bánh trung thu Kinh Đô ra để cả nhà quay quần đầm ấm?",https://banhkinhdo.com.vn/san-pham/banh-deo-dau-xanh-0-trung-180g-2024/
56,"
	Bánh Dẻo Sầu Riêng Hạt Sen(0 Trứng) _250G",89,Kinh Đô,https://banhkinhdo.com.vn/wp-content/uploads/2020/07/B%C3%A1nh-D%E1%BA%BBo-S%E1%BA%A7u-Ri%C3%AAng-H%E1%BA%A1t-Sen-0-Tr%E1%BB%A9ng.jpg,"Bánh Dẻo Này đây miếng bánh trắng ngần ~ cùng nhau chia sẻ vẹn toàn tình thân Nếu bánh nướng là cô chị sắc sảo, mặn mà, lộng lẫy, đa đoan, thì từng chiếc bánh dẻo Kinh Đô lại là một cô em ngây thơ, trong trắng, mà tha thiết đằm thắm với điệp điệp trùng trùng nét duyên thầm của mùa thu trinh bạch Từ loại bột nếp được vò , chịu đập tỉ mỉ kỹ càng cho hương thơm tản mạn mơ màng đi xuyên qua hết khẩu vị ta, đến hương hoa bưởi nhẩn nha đánh thức trong ta cả một vẻ đẹp xinh tươi của mùa thu Đất Việt, nếu bánh nướng Kinh Đô làm bạn mãn vị với sự đối lập giữa lớp vỏ giòn thơm và lớp nhân bùi dẻo thì vẫn cũng miếng nhân Đậu Xanh được kỳ công tinh chế ấy, trái trứng được nâng niu tỉ mỉ ấy, khi đi với lớp vỏ mềm mịn trắng trong lại yêu chiều vị giác ta một cách khác hẳn Mỗi chiếc bánh như bản giao hưởng mà mỗi nhạc cụ đều hòa điệu, bổ trợ cho nhau đưa lòng người thưởng thức đi dần lên cung bậc cao nhất của tinh hoa ẩm thực Việt Trong cái gió thu mơn man, sao bạn chưa cắt một miếng bánh dẻo Kinh Đô ra để cả nhà quay quần đầm ấm?",https://banhkinhdo.com.vn/san-pham/deo-sau-rieng-0-trung-2/
57,"
	Dẻo sầu riêng 180g – 2025",99,Kinh Đô,https://banhkinhdo.com.vn/wp-content/uploads/2020/07/20180811123213-picture-price1-4.png,"Dẻo sầu riêng 180g – 2025 Này đây miếng bánh trắng ngần ~ cùng nhau chia sẻ vẹn toàn tình thân Nếu bánh nướng là cô chị sắc sảo, mặn mà, lộng lẫy, đa đoan, thì từng chiếc bánh dẻo Kinh Đô lại là một cô em ngây thơ, trong trắng, mà tha thiết đằm thắm với điệp điệp trùng trùng nét duyên thầm của mùa thu trinh bạch Từ loại bột nếp được vò , chịu đập tỉ mỉ kỹ càng cho hương thơm tản mạn mơ màng đi xuyên qua hết khẩu vị ta, đến hương hoa bưởi nhẩn nha đánh thức trong ta cả một vẻ đẹp xinh tươi của mùa thu Đất Việt, nếu bánh nướng Kinh Đô làm bạn mãn vị với sự đối lập giữa lớp vỏ giòn thơm và lớp nhân bùi dẻo thì vẫn cũng miếng nhân Đậu Xanh được kỳ công tinh chế ấy, trái trứng được nâng niu tỉ mỉ ấy, khi đi với lớp vỏ mềm mịn trắng trong lại yêu chiều vị giác ta một cách khác hẳn Mỗi chiếc bánh trung thu Kinh Đô như bản giao hưởng mà mỗi nhạc cụ đều hòa điệu, bổ trợ cho nhau đưa lòng người thưởng thức đi dần lên cung bậc cao nhất của tinh hoa ẩm thực Việt Trong cái gió thu mơn man, sao bạn chưa cắt một miếng bánh dẻo Kinh Đô ra để cả nhà quay quần đầm ấm?",https://banhkinhdo.com.vn/san-pham/deo-sau-rieng-180g-2024/
58,"
	Bánh Quy Bơ Pháp LU 708G TẾT 2025 ( Hộp Thiết)",LU708G,Kinh Đô,https://banhkinhdo.com.vn/wp-content/uploads/2023/12/LU-TRON-THIET.jpg,"Tên sản phẩm Trọng lượng Giá Quy cách Bánh Cookies bơ Pháp Lu 708g 224,000/hộp 6 hộp/thùng",https://banhkinhdo.com.vn/san-pham/banh-cookies-bo-phap-lu-708g-tet-2021/
59,"
	Bánh Quy Bơ Pháp LU 540G TẾT 2025",4277593,Kinh Đô,https://banhkinhdo.com.vn/wp-content/uploads/2023/12/LU-TRON-THIET-1.jpg,"Tên sản phẩm Trọng lượng Giá Quy cách Bánh Cookies bơ Pháp Lu 540g 178,000/hộp 6 hộp/thùng",https://banhkinhdo.com.vn/san-pham/banh-cookies-bo-phap-lu-540g-tet-2023/
60,"
	Bánh Quy Bơ Pháp LU 310G TẾT 2025",4277669,Kinh Đô,https://banhkinhdo.com.vn/wp-content/uploads/2023/11/banh-cookies-bo-phap-lu.png,"Tên sản phẩm Trọng lượng Giá Quy cách Bánh Cookies bơ Pháp Lu 310g 120,000/hộp 12 hộp/thùng",https://banhkinhdo.com.vn/san-pham/banh-cookies-bo-phap-lu-310g-tet-2021/
61,"
	Bánh Quy Bơ Pháp LU 180G TẾT 2025",4277670,Kinh Đô,https://banhkinhdo.com.vn/wp-content/uploads/2020/12/hopquatetbanhlu180g2.jpg,"Tên sản phẩm Trọng lượng Giá Quy cách Bánh Cookies bơ Pháp Lu 180g 63,250/hộp 18 hộp/thùng",https://banhkinhdo.com.vn/san-pham/banh-cookies-bo-phap-lu-180g-tet-2023/
62,"
	BÁNH QUY LU VERITABLE PETIT BEURRE HỘP THIẾC 600G TẾT 2024",4231826,Kinh Đô,https://banhkinhdo.com.vn/wp-content/uploads/2020/12/z4800316717764_ab7fe6ca50e65e6be9f65e522bd48ecd.jpg,Tên sản phẩm: Bánh quy Lu Veritable Petit Beurre Nhập khẩu trực tiếp từ Pháp 600g – 10 hộp/thùng,https://banhkinhdo.com.vn/san-pham/banh-quy-lu-veritable-petit-beurre-tet-2021/
63,"
	Gà Quay Jampon 1 Trứng x150g – 2025",21-1,Kinh Đô,https://banhkinhdo.com.vn/wp-content/uploads/2024/07/z5585157572551_73441b820cc4afcb6d16643c4ffe7ebf.jpg,"Thương hiệu: Kinh Đô Loại bánh: Bánh Nướng Hình thức: 01 Bánh, Hộp Kiếng Chống Ẩm Khối lượng: 150 gram Thành phần: Nhân Hỗn Hợp Gà Quay và Jambon, 1 Trứng Bánh Nướng Trung thu ta lại gặp nhau ~ cùng chia miếng bánh thỏa câu ân tình Trong hai món bánh Trung Thu, bánh nướng chính là thứ quà căn bản nhất mà lại cầu kỳ tinh vi diệu vợi nhất Cầu kỳ từ khâu chọn loại bột mì mềm và mịn nhất để vỏ bánh giòn thơm sần sật, cầu kỳ đến việc loại trứng tròn đều muôn vạn quả như một, thấm muối vừa vặn, sắc sảo mặn mà mà không làm phiền đến vị giác người ăn Mỗi loại bánh từ truyền thống như nhân Thập Cẩm, nhân Đậu Xanh hay hiện đại như nhân Gà Quay XO, Bào Ngư, Vi Cá…đều thể hiện một kỳ công bất tuyệt của người Nghệ nhân làm bánh Kinh Đô, bánh trung thu Đây miếng bánh thơm ngon, đây ân tình trân quý, dưới ánh trăng thu vằng vặc ta trao nhau chút tình nghĩa mặn mà của cả một mùa ân nghĩa, còn làm gì hơn vẻ hữu tình của mùa thu hơn vậy ?",https://banhkinhdo.com.vn/san-pham/ga-quay-jampon-1-trung-x150g-2024/
64,"
	Bánh Nướng LAVA CHOCO Tan Chảy 0 Trứng 150G – Bánh mới 2025",LV1,Kinh Đô,https://banhkinhdo.com.vn/wp-content/uploads/2022/07/LAVACHOCO.jpg,"Bánh Nướng Trung thu ta lại gặp nhau ~ cùng chia miếng bánh thỏa câu ân tình -> Bánh Trung Thu Trong hai món bánh Trung Thu, bánh nướng chính là thứ quà căn bản nhất mà lại cầu kỳ tinh vi diệu vợi nhất Cầu kỳ từ khâu chọn loại bột mì mềm và mịn nhất để vỏ bánh giòn thơm sần sật, cầu kỳ đến việc loại trứng tròn đều muôn vạn quả như một, thấm muối vừa vặn, sắc sảo mặn mà mà không làm phiền đến vị giác người ăn Mỗi loại bánh từ truyền thống như nhân Thập Cẩm, nhân Đậu Xanh hay hiện đại như nhân Gà Quay XO, Bào Ngư, Vi Cá…đều thể hiện một kỳ công bất tuyệt của người Nghệ nhân làm bánh Kinh Đô Đây miếng bánh thơm ngon, đây ân tình trân quý, dưới ánh trăng thu vằng vặc ta trao nhau chút tình nghĩa mặn mà của cả một mùa ân nghĩa, còn làm gì hơn vẻ hữu tình của mùa thu hơn vậy ?",https://banhkinhdo.com.vn/san-pham/banh-nuong-khoai-mon-0-trung-150g-2022/
65,"
	Bánh Nướng TUYẾT VỊ CAM YUZU 150G – Bánh mới 2025",N1,Kinh Đô,https://banhkinhdo.com.vn/wp-content/uploads/2022/07/Tuyet-Vi-Cam.jpg,"Bánh Nướng Trung thu ta lại gặp nhau ~ cùng chia miếng bánh thỏa câu ân tình -> Bánh Trung Thu Trong hai món bánh Trung Thu, bánh nướng chính là thứ quà căn bản nhất mà lại cầu kỳ tinh vi diệu vợi nhất Cầu kỳ từ khâu chọn loại bột mì mềm và mịn nhất để vỏ bánh giòn thơm sần sật, cầu kỳ đến việc loại trứng tròn đều muôn vạn quả như một, thấm muối vừa vặn, sắc sảo mặn mà mà không làm phiền đến vị giác người ăn Mỗi loại bánh từ truyền thống như nhân Thập Cẩm, nhân Đậu Xanh hay hiện đại như nhân Gà Quay XO, Bào Ngư, Vi Cá…đều thể hiện một kỳ công bất tuyệt của người Nghệ nhân làm bánh Kinh Đô Đây miếng bánh thơm ngon, đây ân tình trân quý, dưới ánh trăng thu vằng vặc ta trao nhau chút tình nghĩa mặn mà của cả một mùa ân nghĩa, còn làm gì hơn vẻ hữu tình của mùa thu hơn vậy ?",https://banhkinhdo.com.vn/san-pham/banh-nuong-dau-xanh-1-2-trung-130g-2022/
66,"
	Bánh nướng TUYẾT TRÀ XANH NHẬT BẢN 150G – Bánh mới 2025",X1,Kinh Đô,https://banhkinhdo.com.vn/wp-content/uploads/2022/07/Tuyet-Tra-Xanh-Nhat-Ban.jpg,"Bánh Nướng Trung thu ta lại gặp nhau ~ cùng chia miếng bánh thỏa câu ân tình -> Bánh Trung Thu Trong hai món bánh Trung Thu, bánh nướng chính là thứ quà căn bản nhất mà lại cầu kỳ tinh vi diệu vợi nhất Cầu kỳ từ khâu chọn loại bột mì mềm và mịn nhất để vỏ bánh giòn thơm sần sật, cầu kỳ đến việc loại trứng tròn đều muôn vạn quả như một, thấm muối vừa vặn, sắc sảo mặn mà mà không làm phiền đến vị giác người ăn Mỗi loại bánh từ truyền thống như nhân Thập Cẩm, nhân Đậu Xanh hay hiện đại như nhân Gà Quay XO, Bào Ngư, Vi Cá…đều thể hiện một kỳ công bất tuyệt của người Nghệ nhân làm bánh Kinh Đô Đây miếng bánh thơm ngon, đây ân tình trân quý, dưới ánh trăng thu vằng vặc ta trao nhau chút tình nghĩa mặn mà của cả một mùa ân nghĩa, còn làm gì hơn vẻ hữu tình của mùa thu hơn vậy ?",https://banhkinhdo.com.vn/san-pham/thap-cam-lap-xuong-0-trung-130g-2022/
67,"
	Cốm Dừa ( 0 Trứng) 150G – 2025",C1,Kinh Đô,https://banhkinhdo.com.vn/wp-content/uploads/2022/07/Trung_thu_Com_dua_hat_de_db_230gr.png,"Bánh Nướng Trung thu ta lại gặp nhau ~ cùng chia miếng bánh thỏa câu ân tình -> Bánh Trung Thu Trong hai món bánh Trung Thu, bánh nướng chính là thứ quà căn bản nhất mà lại cầu kỳ tinh vi diệu vợi nhất Cầu kỳ từ khâu chọn loại bột mì mềm và mịn nhất để vỏ bánh giòn thơm sần sật, cầu kỳ đến việc loại trứng tròn đều muôn vạn quả như một, thấm muối vừa vặn, sắc sảo mặn mà mà không làm phiền đến vị giác người ăn Mỗi loại bánh từ truyền thống như nhân Thập Cẩm, nhân Đậu Xanh hay hiện đại như nhân Gà Quay XO, Bào Ngư, Vi Cá…đều thể hiện một kỳ công bất tuyệt của người Nghệ nhân làm bánh Kinh Đô Đây miếng bánh thơm ngon, đây ân tình trân quý, dưới ánh trăng thu vằng vặc ta trao nhau chút tình nghĩa mặn mà của cả một mùa ân nghĩa, còn làm gì hơn vẻ hữu tình của mùa thu hơn vậy ?",https://banhkinhdo.com.vn/san-pham/com-dua-0-trung-150g-2022/
68,"
	Đậu Đỏ Kiểu Nhật ( 02 Trứng) 210G – 2025",R0,Kinh Đô,https://banhkinhdo.com.vn/wp-content/uploads/2022/07/Dau-do-trung.jpg,"Bánh Nướng Trung thu ta lại gặp nhau ~ cùng chia miếng bánh thỏa câu ân tình -> Bánh Trung Thu Trong hai món bánh Trung Thu, bánh nướng chính là thứ quà căn bản nhất mà lại cầu kỳ tinh vi diệu vợi nhất Cầu kỳ từ khâu chọn loại bột mì mềm và mịn nhất để vỏ bánh giòn thơm sần sật, cầu kỳ đến việc loại trứng tròn đều muôn vạn quả như một, thấm muối vừa vặn, sắc sảo mặn mà mà không làm phiền đến vị giác người ăn Mỗi loại bánh từ truyền thống như nhân Thập Cẩm, nhân Đậu Xanh hay hiện đại như nhân Gà Quay XO, Bào Ngư, Vi Cá…đều thể hiện một kỳ công bất tuyệt của người Nghệ nhân làm bánh Kinh Đô Đây miếng bánh thơm ngon, đây ân tình trân quý, dưới ánh trăng thu vằng vặc ta trao nhau chút tình nghĩa mặn mà của cả một mùa ân nghĩa, còn làm gì hơn vẻ hữu tình của mùa thu hơn vậy ?",https://banhkinhdo.com.vn/san-pham/dau-do-kieu-nhat-0-trung-230g-2022/
69,"
	Đậu Đỏ ( 1 trứng) 150G – 2025",,Kinh Đô,https://banhkinhdo.com.vn/wp-content/uploads/2022/07/banh_nuong_trung_thu_dau_do_kieu_nhat_1_trung.png,"Bánh Nướng Trung thu ta lại gặp nhau ~ cùng chia miếng bánh thỏa câu ân tình -> Bánh Trung Thu Trong hai món bánh Trung Thu, bánh nướng chính là thứ quà căn bản nhất mà lại cầu kỳ tinh vi diệu vợi nhất Cầu kỳ từ khâu chọn loại bột mì mềm và mịn nhất để vỏ bánh giòn thơm sần sật, cầu kỳ đến việc loại trứng tròn đều muôn vạn quả như một, thấm muối vừa vặn, sắc sảo mặn mà mà không làm phiền đến vị giác người ăn Mỗi loại bánh từ truyền thống như nhân Thập Cẩm, nhân Đậu Xanh hay hiện đại như nhân Gà Quay XO, Bào Ngư, Vi Cá…đều thể hiện một kỳ công bất tuyệt của người Nghệ nhân làm bánh Kinh Đô Đây miếng bánh thơm ngon, đây ân tình trân quý, dưới ánh trăng thu vằng vặc ta trao nhau chút tình nghĩa mặn mà của cả một mùa ân nghĩa, còn làm gì hơn vẻ hữu tình của mùa thu hơn vậy ?",https://banhkinhdo.com.vn/san-pham/dau-do-1-trung-150g-2022/
70,"
	Đậu Xanh ( 0 Trứng ) 150G – 2025",,Kinh Đô,https://banhkinhdo.com.vn/wp-content/uploads/2022/07/banh_trung_thu_dau_xanh_0_trung.jpg,"Bánh Nướng Trung thu ta lại gặp nhau ~ cùng chia miếng bánh thỏa câu ân tình -> Bánh Trung Thu Trong hai món bánh Trung Thu, bánh nướng chính là thứ quà căn bản nhất mà lại cầu kỳ tinh vi diệu vợi nhất Cầu kỳ từ khâu chọn loại bột mì mềm và mịn nhất để vỏ bánh giòn thơm sần sật, cầu kỳ đến việc loại trứng tròn đều muôn vạn quả như một, thấm muối vừa vặn, sắc sảo mặn mà mà không làm phiền đến vị giác người ăn Mỗi loại bánh từ truyền thống như nhân Thập Cẩm, nhân Đậu Xanh hay hiện đại như nhân Gà Quay XO, Bào Ngư, Vi Cá…đều thể hiện một kỳ công bất tuyệt của người Nghệ nhân làm bánh Kinh Đô Đây miếng bánh thơm ngon, đây ân tình trân quý, dưới ánh trăng thu vằng vặc ta trao nhau chút tình nghĩa mặn mà của cả một mùa ân nghĩa, còn làm gì hơn vẻ hữu tình của mùa thu hơn vậy ?",https://banhkinhdo.com.vn/san-pham/dau-xanh-0-trung-150g-2022/
71,"
	Cốm Dừa Hạt Dẻ (ĐB)_230G – Miền Bắc",C,Kinh Đô,https://banhkinhdo.com.vn/wp-content/uploads/2020/08/B%C3%A1nh-C%E1%BB%91m-D%E1%BB%ABa-H%E1%BA%A1t-D%E1%BA%BB-%C4%90B.png,"Cầu kì từ khâu chọn loại bột mì mềm và mịn nhất để vỏ bánh vàng ươm mềm mịn. Cầu kì đến việc tuyển chọn trứng muôn vạn quả như một, thấm muối vừa vặn, sắc sảo mặn mà mà không làm phiền hà vị giác người ăn Mỗi loại bánh từ truyền thống như nhân Thập Cẩm, nhân Đậu Xanh, hay hiện đại như nhân Gà Quay X.O, Bào Ngư…đều thể hiện một kì công bất tận của người nghệ nhân làm bánh Kinh Đô. Khéo léo trong hòa quyện dặt dìu hương vị của hàng chục loại nguyên liệu tươi ngon nhưng lại bùng nổ sáng tạo với vô vàn điểm nhấn hương vị bất ngờ, làm nên sự khoái thú trong giác quan của người ăn Đây miếng bánh thơm ngon. Đây ân tình trân quý. Dưới ánh trăng thu vằng vặc, ta trao nhau chút tình nghĩa mặn mà của cả một mùa ân nghĩa. Còn gì làm nên vẻ hữu tình của mùa thu hơn vậy? Bánh trung thu Kinh Đô – Tròn vị bánh, sáng mãi chuyện đêm trăng.",https://banhkinhdo.com.vn/san-pham/banh-com-dua-hat-de-db-mien-bac/
72,"
	Sầu Riêng 1 Trứng 150g – 2025",SR1,Kinh Đô,https://banhkinhdo.com.vn/wp-content/uploads/2020/07/20180811123111-picture-price-3.png,"Thương hiệu: Kinh Đô Loại bánh: Bánh Nướng Hình thức: 01 Bánh, Hộp Kiếng Chống Ẩm Khối lượng: 150 gram Thành phần: Nhân Hỗn Hợp Bánh Nướng Sầu Riêng, có 1 Trứng Bánh Nướng Trung thu ta lại gặp nhau ~ cùng chia miếng bánh thỏa câu ân tình Trong hai món Banh Trung Thu, bánh nướng chính là thứ quà căn bản nhất mà lại cầu kỳ tinh vi diệu vợi nhất Cầu kỳ từ khâu chọn loại bột mì mềm và mịn nhất để vỏ bánh giòn thơm sần sật, cầu kỳ đến việc loại trứng tròn đều muôn vạn quả như một, thấm muối vừa vặn, sắc sảo mặn mà mà không làm phiền đến vị giác người ăn Mỗi loại bánh từ truyền thống như nhân Thập Cẩm, nhân Đậu Xanh hay hiện đại như nhân Gà Quay XO, Bào Ngư, Vi Cá…đều thể hiện một kỳ công bất tuyệt của người Nghệ nhân làm bánh Kinh Đô Đây miếng bánh thơm ngon, đây ân tình trân quý, dưới ánh trăng thu vằng vặc ta trao nhau chút tình nghĩa mặn mà của cả một mùa ân nghĩa, còn làm gì hơn vẻ hữu tình của mùa thu hơn vậy ?",https://banhkinhdo.com.vn/san-pham/sau-rieng-1-trung/
73,"
	Gà Quay Jampon 0 Trứng x150g – 2025",21,Kinh Đô,https://banhkinhdo.com.vn/wp-content/uploads/2020/07/Screen-Shot-2024-07-03-at-12.28.23.png,"Thương hiệu: Kinh Đô Loại bánh: Bánh Nướng Hình thức: 01 Bánh, Hộp Kiếng Chống Ẩm Khối lượng: 150 gram Thành phần: Nhân Hỗn Hợp Gà Quay và Jambon, 0 Trứng Bánh Nướng Trung thu ta lại gặp nhau ~ cùng chia miếng bánh thỏa câu ân tình Trong hai món bánh Trung Thu, bánh nướng chính là thứ quà căn bản nhất mà lại cầu kỳ tinh vi diệu vợi nhất Cầu kỳ từ khâu chọn loại bột mì mềm và mịn nhất để vỏ bánh giòn thơm sần sật, cầu kỳ đến việc loại trứng tròn đều muôn vạn quả như một, thấm muối vừa vặn, sắc sảo mặn mà mà không làm phiền đến vị giác người ăn Mỗi loại bánh từ truyền thống như nhân Thập Cẩm, nhân Đậu Xanh hay hiện đại như nhân Gà Quay XO, Bào Ngư, Vi Cá…đều thể hiện một kỳ công bất tuyệt của người Nghệ nhân làm bánh Kinh Đô, bánh trung thu Đây miếng bánh thơm ngon, đây ân tình trân quý, dưới ánh trăng thu vằng vặc ta trao nhau chút tình nghĩa mặn mà của cả một mùa ân nghĩa, còn làm gì hơn vẻ hữu tình của mùa thu hơn vậy ?",https://banhkinhdo.com.vn/san-pham/ga-quay-jampon-0-trung-x150g-2024/
74,"
	Gà Quay Sốt XO 2 Trứng 210g – 2025",2,Kinh Đô,https://banhkinhdo.com.vn/wp-content/uploads/2020/07/20180811121853-picture-price-3.png,"Thương hiệu: Kinh Đô (bánh trung thu) Loại bánh: Bánh Nướng Hình thức: 01 Bánh, Hộp Kiếng Chống Ẩm Khối lượng: 230 gram Thành phần: Nhân Hỗn Hợp Gà Quay  Sốt X.O,  2 Trứng Bánh Nướng Trung thu ta lại gặp nhau ~ cùng chia miếng bánh thỏa câu ân tình Trong hai món bánh Trung Thu, bánh nướng chính là thứ quà căn bản nhất mà lại cầu kỳ tinh vi diệu vợi nhất Cầu kỳ từ khâu chọn loại bột mì mềm và mịn nhất để vỏ bánh giòn thơm sần sật, cầu kỳ đến việc loại trứng tròn đều muôn vạn quả như một, thấm muối vừa vặn, sắc sảo mặn mà mà không làm phiền đến vị giác người ăn Mỗi loại bánh từ truyền thống như nhân Thập Cẩm, nhân Đậu Xanh hay hiện đại như nhân Gà Quay XO, Bào Ngư, Vi Cá…đều thể hiện một kỳ công bất tuyệt của người Nghệ nhân làm bánh Kinh Đô Đây miếng bánh thơm ngon, đây ân tình trân quý, dưới ánh trăng thu vằng vặc ta trao nhau chút tình nghĩa mặn mà của cả một mùa ân nghĩa, còn làm gì hơn vẻ hữu tình của mùa thu hơn vậy ?",https://banhkinhdo.com.vn/san-pham/ga-quay-sot-xo-2-trung-db/
75,"
	Thập cẩm Jambon 1 Trứng 150g – 2025",31,Kinh Đô,https://banhkinhdo.com.vn/wp-content/uploads/2020/07/20180811122405-picture-price-3.png,"Thương hiệu: Kinh Đô Loại bánh: Bánh nướng Hình thức: 01 bánh, hộp kiếng chống ẩm Khối lượng: 150 gram Thành phần: Nhân Hỗn Hợp Jambon Bát Bửu, có 1 Trứng Bánh Nướng Trung thu ta lại gặp nhau ~ cùng chia miếng bánh thỏa câu ân tình Trong hai món bánh Trung Thu, bánh nướng Kinh Đô chính là thứ quà căn bản nhất mà lại cầu kỳ tinh vi diệu vợi nhất Cầu kỳ từ khâu chọn loại bột mì mềm và mịn nhất để vỏ bánh giòn thơm sần sật, cầu kỳ đến việc loại trứng tròn đều muôn vạn quả như một, thấm muối vừa vặn, sắc sảo mặn mà mà không làm phiền đến vị giác người ăn Mỗi loại bánh từ truyền thống như nhân Thập Cẩm, nhân Đậu Xanh hay hiện đại như nhân Gà Quay XO, Bào Ngư, Vi Cá…đều thể hiện một kỳ công bất tuyệt của người Nghệ nhân làm bánh Kinh Đô Đây miếng bánh thơm ngon, đây ân tình trân quý, dưới ánh trăng thu vằng vặc ta trao nhau chút tình nghĩa mặn mà của cả một mùa ân nghĩa, còn làm gì hơn vẻ hữu tình của mùa thu hơn vậy ?",https://banhkinhdo.com.vn/san-pham/thap-cam-jambon-1-trung/
76,"
	Jambon  Xá Xíu 2 Trứng 210g – 2025",3,Kinh Đô,https://banhkinhdo.com.vn/wp-content/uploads/2020/07/20180811121920-picture-price1-3.png,"Thương hiệu: Kinh Đô (bánh trung thu Kinh Đô) Loại bánh: Bánh Nướng Hình thức: 01 Bánh, Hộp Kiếng Chống Ẩm Khối lượng: 210 gram Thành phần: Nhân Hỗn Hợp Jambon Xá Xíu 2 Trứng Bánh Nướng Trung thu ta lại gặp nhau ~ cùng chia miếng bánh thỏa câu ân tình Trong hai món bánh Trung Thu, bánh nướng chính là thứ quà căn bản nhất mà lại cầu kỳ tinh vi diệu vợi nhất Cầu kỳ từ khâu chọn loại bột mì mềm và mịn nhất để vỏ bánh giòn thơm sần sật, cầu kỳ đến việc loại trứng tròn đều muôn vạn quả như một, thấm muối vừa vặn, sắc sảo mặn mà mà không làm phiền đến vị giác người ăn Mỗi loại bánh từ truyền thống như nhân Thập Cẩm, nhân Đậu Xanh hay hiện đại như nhân Gà Quay XO, Bào Ngư, Vi Cá…đều thể hiện một kỳ công bất tuyệt của người Nghệ nhân làm bánh Kinh Đô Đây miếng bánh thơm ngon, đây ân tình trân quý, dưới ánh trăng thu vằng vặc ta trao nhau chút tình nghĩa mặn mà của cả một mùa ân nghĩa, còn làm gì hơn vẻ hữu tình của mùa thu hơn vậy ?",https://banhkinhdo.com.vn/san-pham/jambon-xa-xiu-2-trung-db/
77,"
	Thập Cẩm Lạp Xưởng 1 Trứng 150g – 2025",41,Kinh Đô,https://banhkinhdo.com.vn/wp-content/uploads/2020/07/20180811121838-picture-price3-3.png,"Thương hiệu: Kinh Đô Loại bánh: Bánh Nướng Hình thức: 01 Bánh, Hộp Kiếng Chống Ẩm Khối lượng: 150 gram Thành phần: Nhân Hỗn Hợp Thập Cẩm Lạp Xưởng, có 1 Trứng Bánh Nướng Trung thu ta lại gặp nhau ~ cùng chia miếng bánh thỏa câu ân tình -> Bánh nướng Kinh Đô, bánh trung thu Trong hai món bánh Trung Thu, bánh nướng chính là thứ quà căn bản nhất mà lại cầu kỳ tinh vi diệu vợi nhất Cầu kỳ từ khâu chọn loại bột mì mềm và mịn nhất để vỏ bánh giòn thơm sần sật, cầu kỳ đến việc loại trứng tròn đều muôn vạn quả như một, thấm muối vừa vặn, sắc sảo mặn mà mà không làm phiền đến vị giác người ăn Mỗi loại bánh từ truyền thống như nhân Thập Cẩm, nhân Đậu Xanh hay hiện đại như nhân Gà Quay XO, Bào Ngư, Vi Cá…đều thể hiện một kỳ công bất tuyệt của người Nghệ nhân làm bánh Kinh Đô Đây miếng bánh thơm ngon, đây ân tình trân quý, dưới ánh trăng thu vằng vặc ta trao nhau chút tình nghĩa mặn mà của cả một mùa ân nghĩa, còn làm gì hơn vẻ hữu tình của mùa thu hơn vậy ?",https://banhkinhdo.com.vn/san-pham/lap-xuong-ngu-hat-1-trung/
78,"
	Lạp Xưởng  Ngũ  Hạt  2  Trứng 210g – 2025",4,Kinh Đô,https://banhkinhdo.com.vn/wp-content/uploads/2020/07/20180811121838-picture-price1-3.png,"Thương hiệu: Kinh Đô (bánh trung thu Kinh Đô) Loại bánh: Bánh Nướng Hình thức: 01 Bánh, Hộp Kiếng Chống Ẩm Khối lượng: 210 gram Thành phần: Nhân Hỗn Hợp Lạp xưởng  Ngũ  Hạt 2 Trứng Bánh Nướng Trung thu ta lại gặp nhau ~ cùng chia miếng bánh thỏa câu ân tình Trong hai món bánh Trung Thu, bánh nướng chính là thứ quà căn bản nhất mà lại cầu kỳ tinh vi diệu vợi nhất Cầu kỳ từ khâu chọn loại bột mì mềm và mịn nhất để vỏ bánh giòn thơm sần sật, cầu kỳ đến việc loại trứng tròn đều muôn vạn quả như một, thấm muối vừa vặn, sắc sảo mặn mà mà không làm phiền đến vị giác người ăn Mỗi loại bánh từ truyền thống như nhân Thập Cẩm, nhân Đậu Xanh hay hiện đại như nhân Gà Quay XO, Bào Ngư, Vi Cá…đều thể hiện một kỳ công bất tuyệt của người Nghệ nhân làm bánh Kinh Đô Đây miếng bánh thơm ngon, đây ân tình trân quý, dưới ánh trăng thu vằng vặc ta trao nhau chút tình nghĩa mặn mà của cả một mùa ân nghĩa, còn làm gì hơn vẻ hữu tình của mùa thu hơn vậy ?",https://banhkinhdo.com.vn/san-pham/lap-xuong-ngu-hat-2-trung-db/
79,"
	Hạt Sen 1 Trứng 150g – 2024",51,Kinh Đô,https://banhkinhdo.com.vn/wp-content/uploads/2020/07/20180811122847-picture-price-3.png,"Thương hiệu: Kinh Đô Loại bánh: Bánh Nướng Hình thức: 01 Bánh, Hộp Kiếng Chống Ẩm Khối lượng: 150 gram Thành phần: Nhân Hỗn Hợp Hạt Sen, có 1 Trứng. Bánh Nướng Trung thu ta lại gặp nhau ~ cùng chia miếng bánh thỏa câu ân tình -> Bánh Trung Thu Trong hai món bánh Trung Thu, bánh nướng chính là thứ quà căn bản nhất mà lại cầu kỳ tinh vi diệu vợi nhất Cầu kỳ từ khâu chọn loại bột mì mềm và mịn nhất để vỏ bánh giòn thơm sần sật, cầu kỳ đến việc loại trứng tròn đều muôn vạn quả như một, thấm muối vừa vặn, sắc sảo mặn mà mà không làm phiền đến vị giác người ăn Mỗi loại bánh từ truyền thống như nhân Thập Cẩm, nhân Đậu Xanh hay hiện đại như nhân Gà Quay XO, Bào Ngư, Vi Cá…đều thể hiện một kỳ công bất tuyệt của người Nghệ nhân làm bánh Kinh Đô Đây miếng bánh thơm ngon, đây ân tình trân quý, dưới ánh trăng thu vằng vặc ta trao nhau chút tình nghĩa mặn mà của cả một mùa ân nghĩa, còn làm gì hơn vẻ hữu tình của mùa thu hơn vậy ?",https://banhkinhdo.com.vn/san-pham/hat-sen-1-trung/
80,"
	Hạt Sen  Dừa Tươi  2 Trứng 210g – 2024",5,Kinh Đô,https://banhkinhdo.com.vn/wp-content/uploads/2020/07/20180811122009-picture-price-3.png,"Thương hiệu: Kinh Đô (bánh trung thu Kinh Đô) Loại bánh: Bánh Nướng Hình thức: 01 Bánh, Hộp Kiếng Chống Ẩm Khối lượng: 210 gram Thành phần: Nhân Hỗn Hợp Hạt Sen Dừa Tươi 2 Trứng Bánh Nướng Trung thu ta lại gặp nhau ~ cùng chia miếng bánh thỏa câu ân tình Trong hai món bánh Trung Thu, bánh nướng chính là thứ quà căn bản nhất mà lại cầu kỳ tinh vi diệu vợi nhất Cầu kỳ từ khâu chọn loại bột mì mềm và mịn nhất để vỏ bánh giòn thơm sần sật, cầu kỳ đến việc loại trứng tròn đều muôn vạn quả như một, thấm muối vừa vặn, sắc sảo mặn mà mà không làm phiền đến vị giác người ăn Mỗi loại bánh từ truyền thống như nhân Thập Cẩm, nhân Đậu Xanh hay hiện đại như nhân Gà Quay XO, Bào Ngư, Vi Cá…đều thể hiện một kỳ công bất tuyệt của người Nghệ nhân làm bánh Kinh Đô Đây miếng bánh thơm ngon, đây ân tình trân quý, dưới ánh trăng thu vằng vặc ta trao nhau chút tình nghĩa mặn mà của cả một mùa ân nghĩa, còn làm gì hơn vẻ hữu tình của mùa thu hơn vậy ?",https://banhkinhdo.com.vn/san-pham/hat-sen-dua-tuoi-2-trung-db/
81,"
	Đậu  Xanh 1 Trứng 150g – 2024",61,Kinh Đô,https://banhkinhdo.com.vn/wp-content/uploads/2020/07/20180811122903-picture-price-3.png,"Thương hiệu: Kinh Đô Loại bánh: Bánh Nướng Hình thức: 01 Bánh, Hộp Kiếng Chống Ẩm Khối lượng: 150 gram Thành phần: Nhân Hỗn Hợp Đậu Xanh, có 1 Trứng Bánh Nướng Trung thu ta lại gặp nhau ~ cùng chia miếng bánh thỏa câu ân tình, banh trung thu Kinh Do Trong hai món bánh Trung Thu, bánh nướng chính là thứ quà căn bản nhất mà lại cầu kỳ tinh vi diệu vợi nhất Cầu kỳ từ khâu chọn loại bột mì mềm và mịn nhất để vỏ bánh giòn thơm sần sật, cầu kỳ đến việc loại trứng tròn đều muôn vạn quả như một, thấm muối vừa vặn, sắc sảo mặn mà mà không làm phiền đến vị giác người ăn Mỗi loại bánh từ truyền thống như nhân Thập Cẩm, nhân Đậu Xanh hay hiện đại như nhân Gà Quay XO, Bào Ngư, Vi Cá…đều thể hiện một kỳ công bất tuyệt của người Nghệ nhân làm bánh Kinh Đô Đây miếng bánh thơm ngon, đây ân tình trân quý, dưới ánh trăng thu vằng vặc ta trao nhau chút tình nghĩa mặn mà của cả một mùa ân nghĩa, còn làm gì hơn vẻ hữu tình của mùa thu hơn vậy ?",https://banhkinhdo.com.vn/san-pham/dau-xanh-1-trung/
82,"
	Sữa Dừa 1 Trứng 150g – 2024",71,Kinh Đô,https://banhkinhdo.com.vn/wp-content/uploads/2020/07/20180811122119-picture-price2-3.png,"Thương hiệu: Kinh Đô Loại bánh: Bánh Nướng Hình thức: 01 Bánh, Hộp Kiếng Chống Ẩm Khối lượng: 150 gram Thành phần: Nhân Hỗn Hợp Sữa Dừa, có 1 Trứng Bánh Nướng Trung thu ta lại gặp nhau ~ cùng chia miếng bánh thỏa câu ân tình Trong hai món bánh Trung Thu, bánh nướng chính là thứ quà căn bản nhất mà lại cầu kỳ tinh vi diệu vợi nhất Cầu kỳ từ khâu chọn loại bột mì mềm và mịn nhất để vỏ bánh giòn thơm sần sật, cầu kỳ đến việc loại trứng tròn đều muôn vạn quả như một, thấm muối vừa vặn, sắc sảo mặn mà mà không làm phiền đến vị giác người ăn Mỗi loại bánh từ truyền thống như nhân Thập Cẩm, nhân Đậu Xanh hay hiện đại như nhân Gà Quay XO, Bào Ngư, Vi Cá…đều thể hiện một kỳ công bất tuyệt của người Nghệ nhân làm bánh Kinh Đô Đây miếng banh trung thu kinh do thơm ngon, đây ân tình trân quý, dưới ánh trăng thu vằng vặc ta trao nhau chút tình nghĩa mặn mà của cả một mùa ân nghĩa, còn làm gì hơn vẻ hữu tình của mùa thu hơn vậy ?",https://banhkinhdo.com.vn/san-pham/sua-dua-hat-dua-1-trung/
83,"
	Đậu Xanh  Hạt Dưa 2 Trứng 210g – 2025",6,Kinh Đô,https://banhkinhdo.com.vn/wp-content/uploads/2020/07/20180811122028-picture-price1-3.png,"Thương hiệu: Kinh Đô (Bánh Trung Thu Kinh Đô) Loại bánh: Bánh Nướng Hình thức: 01 Bánh, Hộp Kiếng Chống Ẩm Khối lượng: 210 gram Thành phần: Nhân Hỗn Hợp Đậu Xanh Hạt Dưa  2 Trứng Bánh Nướng Trung thu ta lại gặp nhau ~ cùng chia miếng bánh thỏa câu ân tình Trong hai món bánh Trung Thu, bánh nướng chính là thứ quà căn bản nhất mà lại cầu kỳ tinh vi diệu vợi nhất Cầu kỳ từ khâu chọn loại bột mì mềm và mịn nhất để vỏ bánh giòn thơm sần sật, cầu kỳ đến việc loại trứng tròn đều muôn vạn quả như một, thấm muối vừa vặn, sắc sảo mặn mà mà không làm phiền đến vị giác người ăn Mỗi loại bánh từ truyền thống như nhân Thập Cẩm, nhân Đậu Xanh hay hiện đại như nhân Gà Quay XO, Bào Ngư, Vi Cá…đều thể hiện một kỳ công bất tuyệt của người Nghệ nhân làm bánh Kinh Đô Đây miếng bánh thơm ngon, đây ân tình trân quý, dưới ánh trăng thu vằng vặc ta trao nhau chút tình nghĩa mặn mà của cả một mùa ân nghĩa, còn làm gì hơn vẻ hữu tình của mùa thu hơn vậy ?",https://banhkinhdo.com.vn/san-pham/dau-xanh-hat-dua-2-trung-db/
84,"
	Sữa Dừa Hạt Dưa 2 Trứng 210g – 2025",7,Kinh Đô,https://banhkinhdo.com.vn/wp-content/uploads/2020/07/20180811122119-picture-price-3.png,"Thương hiệu: Kinh Đô Loại bánh: Bánh Nướng (banh trung thu kinh do) Hình thức: 01 Bánh, Hộp Kiếng Chống Ẩm Khối lượng: 210 gram Thành phần: Nhân Hỗn Hợp Sữa Dừa Hạt Dưa 2 trứng Bánh Nướng Trung thu ta lại gặp nhau ~ cùng chia miếng bánh thỏa câu ân tình Trong hai món bánh Trung Thu, bánh nướng chính là thứ quà căn bản nhất mà lại cầu kỳ tinh vi diệu vợi nhất Cầu kỳ từ khâu chọn loại bột mì mềm và mịn nhất để vỏ bánh giòn thơm sần sật, cầu kỳ đến việc loại trứng tròn đều muôn vạn quả như một, thấm muối vừa vặn, sắc sảo mặn mà mà không làm phiền đến vị giác người ăn Mỗi loại bánh từ truyền thống như nhân Thập Cẩm, nhân Đậu Xanh hay hiện đại như nhân Gà Quay XO, Bào Ngư, Vi Cá…đều thể hiện một kỳ công bất tuyệt của người Nghệ nhân làm bánh Kinh Đô Đây miếng bánh thơm ngon, đây ân tình trân quý, dưới ánh trăng thu vằng vặc ta trao nhau chút tình nghĩa mặn mà của cả một mùa ân nghĩa, còn làm gì hơn vẻ hữu tình của mùa thu hơn vậy ?",https://banhkinhdo.com.vn/san-pham/sua-dua-hat-dua-2-trung-db/
85,"
	Nấm Đông Cô Xốt Rượu 1 Trứng – 2022",A1,Kinh Đô,https://banhkinhdo.com.vn/wp-content/uploads/2020/07/20180811122423-picture-price-3.png,"Thương hiệu: Kinh Đô Loại bánh: Bánh Nướng Hình thức: 01 Bánh, Hộp Kiếng Chống Ẩm Khối lượng: 150 gram Thành phần: Nhân Hỗn Hợp Nấm Đông Cô Sốt Rượu Rhum, có 1 Trứng Bánh Nướng Trung thu ta lại gặp nhau ~ cùng chia miếng bánh thỏa câu ân tình Trong hai món bánh Trung Thu, bánh nướng chính là thứ quà căn bản nhất mà lại cầu kỳ tinh vi diệu vợi nhất Cầu kỳ từ khâu chọn loại bột mì mềm và mịn nhất để vỏ bánh giòn thơm sần sật, cầu kỳ đến việc loại trứng tròn đều muôn vạn quả như một, thấm muối vừa vặn, sắc sảo mặn mà mà không làm phiền đến vị giác người ăn Mỗi loại bánh từ truyền thống như nhân Thập Cẩm, nhân Đậu Xanh hay hiện đại như nhân Gà Quay XO, Bào Ngư, Vi Cá… Banh Trung Thu Kinh Do đều thể hiện một kỳ công bất tuyệt của người Nghệ nhân làm bánh Kinh Đô Đây miếng bánh thơm ngon, đây ân tình trân quý, dưới ánh trăng thu vằng vặc ta trao nhau chút tình nghĩa mặn mà của cả một mùa ân nghĩa, còn làm gì hơn vẻ hữu tình của mùa thu hơn vậy ?",https://banhkinhdo.com.vn/san-pham/nam-dong-co-xot-ruou-rhum-1-trung/
86,"
	Hạt Sen Dừa Tươi (2 Trứng)",52,Kinh Đô,https://banhkinhdo.com.vn/wp-content/uploads/2020/07/20180811122009-picture-price1-3.png,"Thương hiệu: Kinh Đô Loại bánh: Bánh Nướng Hình thức: 01 Bánh, Hộp Kiếng Chống Ẩm Khối lượng: 210 gram Thành phần: Nhân Hỗn Hợp Hạt Sen, có 2 Trứng Bánh Nướng Trung thu ta lại gặp nhau ~ cùng chia miếng bánh thỏa câu ân tình Trong hai món bánh Trung Thu, bánh nướng chính là thứ quà căn bản nhất mà lại cầu kỳ tinh vi diệu vợi nhất Cầu kỳ từ khâu chọn loại bột mì mềm và mịn nhất để vỏ bánh giòn thơm sần sật, cầu kỳ đến việc loại trứng tròn đều muôn vạn quả như một, thấm muối vừa vặn, sắc sảo mặn mà mà không làm phiền đến vị giác người ăn Mỗi loại bánh từ truyền thống như nhân Thập Cẩm, nhân Đậu Xanh hay hiện đại như nhân Gà Quay XO, Bào Ngư, Vi Cá…đều thể hiện một kỳ công bất tuyệt của người Nghệ nhân làm bánh Kinh Đô Đây miếng bánh thơm ngon, đây ân tình trân quý, dưới ánh trăng thu vằng vặc ta trao nhau chút tình nghĩa mặn mà của cả một mùa ân nghĩa, còn làm gì hơn vẻ hữu tình của mùa thu hơn vậy ?",https://banhkinhdo.com.vn/san-pham/hat-sen-dua-tuoi-2-trung/
87,"
	Hạt Sen Trà Xanh 2 Trứng 210g – 2024",T,Kinh Đô,https://banhkinhdo.com.vn/wp-content/uploads/2020/07/20180811121940-picture-price-3.png,"Thương hiệu: Kinh Đô Loại bánh: Bánh Nướng Hình thức: 01 Bánh, Hộp Kiếng Chống Ẩm Khối lượng: 210 gram Thành phần: Nhân Hỗn Hợp Hạt Sen 2 Trứng Bánh Nướng Trung thu ta lại gặp nhau ~ cùng chia miếng bánh thỏa câu ân tình Trong hai món bánh Trung Thu, bánh nướng chính là thứ quà căn bản nhất mà lại cầu kỳ tinh vi diệu vợi nhất Cầu kỳ từ khâu chọn loại bột mì mềm và mịn nhất để vỏ bánh trung thu giòn thơm sần sật, cầu kỳ đến việc loại trứng tròn đều muôn vạn quả như một, thấm muối vừa vặn, sắc sảo mặn mà mà không làm phiền đến vị giác người ăn Mỗi loại bánh từ truyền thống như nhân Thập Cẩm, nhân Đậu Xanh hay hiện đại như nhân Gà Quay XO, Bào Ngư, Vi Cá…đều thể hiện một kỳ công bất tuyệt của người Nghệ nhân làm bánh Kinh Đô Đây miếng bánh thơm ngon, đây ân tình trân quý, dưới ánh trăng thu vằng vặc ta trao nhau chút tình nghĩa mặn mà của cả một mùa ân nghĩa, còn làm gì hơn vẻ hữu tình của mùa thu hơn vậy ?",https://banhkinhdo.com.vn/san-pham/hat-sen-tra-xanh-2-trung-db/
88,"
	Hạt Sen Trà Xanh 1 Trứng 150g – 2024",T1,Kinh Đô,https://banhkinhdo.com.vn/wp-content/uploads/2020/07/20180811121940-picture-price2-3.png,"Thương hiệu: Kinh Đô Loại bánh: Bánh Nướng Hình thức: 01 Bánh, Hộp Kiếng Chống Ẩm Khối lượng: 150 gram Thành phần: Nhân Hỗn Hợp Trà Xanh và Hạt Sen, có 1 Trứng Bánh Nướng Trung thu ta lại gặp nhau ~ cùng chia miếng bánh thỏa câu ân tình Trong hai món bánh Trung Thu, bánh nướng chính là thứ quà căn bản nhất mà lại cầu kỳ tinh vi diệu vợi nhất Cầu kỳ từ khâu chọn loại bột mì mềm và mịn nhất để vỏ bánh giòn thơm sần sật, cầu kỳ đến việc loại trứng tròn đều muôn vạn quả như một, thấm muối vừa vặn, sắc sảo mặn mà mà không làm phiền đến vị giác người ăn Mỗi loại bánh từ truyền thống như nhân Thập Cẩm, nhân Đậu Xanh hay hiện đại như nhân Gà Quay XO, Bào Ngư, Vi Cá…đều thể hiện một kỳ công bất tuyệt của người Nghệ nhân làm bánh Kinh Đô Đây miếng bánh thơm ngon, đây ân tình trân quý, dưới ánh trăng thu vằng vặc ta trao nhau chút tình nghĩa mặn mà của cả một mùa ân nghĩa, còn làm gì hơn vẻ hữu tình của mùa thu hơn vậy ?",https://banhkinhdo.com.vn/san-pham/hat-sen-tra-xanh-1-trung/
89,"
	Đậu  Xanh  Hạt Dưa (2 Trứng)",62,Kinh Đô,https://banhkinhdo.com.vn/wp-content/uploads/2020/07/20180811122028-picture-price2-3.png,"Thương hiệu: Kinh Đô Loại bánh: Bánh Nướng Hình thức: 01 Bánh, Hộp Kiếng Chống Ẩm Khối lượng: 210 gram Thành phần: Nhân Hỗn Hợp Đậu Xanh, có 2 Trứng Bánh Nướng – bánh trung thu Trung thu ta lại gặp nhau ~ cùng chia miếng bánh thỏa câu ân tình Trong hai món bánh Trung Thu, bánh nướng chính là thứ quà căn bản nhất mà lại cầu kỳ tinh vi diệu vợi nhất Cầu kỳ từ khâu chọn loại bột mì mềm và mịn nhất để vỏ bánh giòn thơm sần sật, cầu kỳ đến việc loại trứng tròn đều muôn vạn quả như một, thấm muối vừa vặn, sắc sảo mặn mà mà không làm phiền đến vị giác người ăn Mỗi loại bánh từ truyền thống như nhân Thập Cẩm, nhân Đậu Xanh hay hiện đại như nhân Gà Quay XO, Bào Ngư, Vi Cá…đều thể hiện một kỳ công bất tuyệt của người Nghệ nhân làm bánh Kinh Đô Đây miếng bánh thơm ngon, đây ân tình trân quý, dưới ánh trăng thu vằng vặc ta trao nhau chút tình nghĩa mặn mà của cả một mùa ân nghĩa, còn làm gì hơn vẻ hữu tình của mùa thu hơn vậy ?",https://banhkinhdo.com.vn/san-pham/dau-xanh-hat-dua-2-trung/
90,"
	Đậu Xanh Lá Dứa 2 Trứng 210g – 2024",L,Kinh Đô,https://banhkinhdo.com.vn/wp-content/uploads/2020/07/20180811122103-picture-price-3.png,"Thương hiệu: Kinh Đô Loại bánh: Bánh Nướng Hình thức: 01 Bánh, Hộp Kiếng Chống Ẩm Khối lượng: 210 gram Thành phần: Nhân Hỗn Hợp Đậu Xanh Lá Dứa 2 trứng Bánh Nướng Trung thu ta lại gặp nhau ~ cùng chia miếng bánh thỏa câu ân tình Trong hai món bánh Trung Thu, bánh nướng chính là thứ quà căn bản nhất mà lại cầu kỳ tinh vi diệu vợi nhất/bánh trung thu kinh đô Cầu kỳ từ khâu chọn loại bột mì mềm và mịn nhất để vỏ bánh giòn thơm sần sật, cầu kỳ đến việc loại trứng tròn đều muôn vạn quả như một, thấm muối vừa vặn, sắc sảo mặn mà mà không làm phiền đến vị giác người ăn Mỗi loại bánh từ truyền thống như nhân Thập Cẩm, nhân Đậu Xanh hay hiện đại như nhân Gà Quay XO, Bào Ngư, Vi Cá…đều thể hiện một kỳ công bất tuyệt của người Nghệ nhân làm bánh Kinh Đô Đây miếng bánh thơm ngon, đây ân tình trân quý, dưới ánh trăng thu vằng vặc ta trao nhau chút tình nghĩa mặn mà của cả một mùa ân nghĩa, còn làm gì hơn vẻ hữu tình của mùa thu hơn vậy ?",https://banhkinhdo.com.vn/san-pham/dau-xanh-la-dua-2-trung-db/
91,"
	Gà Quay Sốt XO 4 Trứng 800g – 2025",24,Kinh Đô,https://banhkinhdo.com.vn/wp-content/uploads/2020/07/20180811121853-picture-price1-3.png,"Thương hiệu: Kinh Đô (bánh trung thu Kinh Đô) Loại bánh: Bánh Nướng Hình thức: 01 Bánh  Hộp Kiếng Chống Ẩm Khối lượng: 800 gram Thành phần: Nhân Gà Quay Sốt XO  – 4 Trứng x 800g. Bánh Nướng Trung thu ta lại gặp nhau ~ cùng chia miếng bánh thỏa câu ân tình Trong hai món bánh Trung Thu, bánh nướng chính là thứ quà căn bản nhất mà lại cầu kỳ tinh vi diệu vợi nhất Cầu kỳ từ khâu chọn loại bột mì mềm và mịn nhất để vỏ bánh giòn thơm sần sật, cầu kỳ đến việc loại trứng tròn đều muôn vạn quả như một, thấm muối vừa vặn, sắc sảo mặn mà mà không làm phiền đến vị giác người ăn Mỗi loại bánh từ truyền thống như nhân Thập Cẩm, nhân Đậu Xanh hay hiện đại như nhân Gà Quay XO, Bào Ngư, Vi Cá…đều thể hiện một kỳ công bất tuyệt của người Nghệ nhân làm bánh Kinh Đô Đây miếng bánh thơm ngon, đây ân tình trân quý, dưới ánh trăng thu vằng vặc ta trao nhau chút tình nghĩa mặn mà của cả một mùa ân nghĩa, còn làm gì hơn vẻ hữu tình của mùa thu hơn vậy ?",https://banhkinhdo.com.vn/san-pham/ga-quay-sot-xo-4-trung/
92,"
	Đậu  Xanh Lá Dứa 1 Trứng 150g – 2024",L1,Kinh Đô,https://banhkinhdo.com.vn/wp-content/uploads/2020/07/20180811122103-picture-price2-3.png,"Thương hiệu: Kinh Đô Loại bánh: Bánh Nướng Hình thức: 01 Bánh, Hộp Kiếng Chống Ẩm Khối lượng: 150 gram Thành phần: Nhân Hỗn Hợp Đậu Xanh Lá Dứa, có 1 Trứng Bánh Nướng Trung thu ta lại gặp nhau ~ cùng chia miếng banh trung thu Kinh Do thỏa câu ân tình Trong hai món bánh Trung Thu, bánh nướng chính là thứ quà căn bản nhất mà lại cầu kỳ tinh vi diệu vợi nhất Cầu kỳ từ khâu chọn loại bột mì mềm và mịn nhất để vỏ bánh giòn thơm sần sật, cầu kỳ đến việc loại trứng tròn đều muôn vạn quả như một, thấm muối vừa vặn, sắc sảo mặn mà mà không làm phiền đến vị giác người ăn Mỗi loại bánh từ truyền thống như nhân Thập Cẩm, nhân Đậu Xanh hay hiện đại như nhân Gà Quay XO, Bào Ngư, Vi Cá…đều thể hiện một kỳ công bất tuyệt của người Nghệ nhân làm bánh Kinh Đô Đây miếng bánh thơm ngon, đây ân tình trân quý, dưới ánh trăng thu vằng vặc ta trao nhau chút tình nghĩa mặn mà của cả một mùa ân nghĩa, còn làm gì hơn vẻ hữu tình của mùa thu hơn vậy ?",https://banhkinhdo.com.vn/san-pham/dau-xanh-la-dua-1-trung/
93,"
	Sữa Dừa Hạt Dưa (2 Trứng) – 2024",72,Kinh Đô,https://banhkinhdo.com.vn/wp-content/uploads/2020/07/20180811122119-picture-price1-3.png,"Thương hiệu: Kinh Đô Loại bánh: Bánh Nướng Hình thức: 01 Bánh, Hộp Kiếng Chống Ẩm Khối lượng: 210 gram Thành phần: Nhân Hỗn Hợp Sữa Dừa, có 2 Trứng Bánh Nướng (BANH TRUNG THU) Trung thu ta lại gặp nhau ~ cùng chia miếng bánh thỏa câu ân tình Trong hai món bánh Trung Thu, bánh nướng chính là thứ quà căn bản nhất mà lại cầu kỳ tinh vi diệu vợi nhất Cầu kỳ từ khâu chọn loại bột mì mềm và mịn nhất để vỏ bánh giòn thơm sần sật, cầu kỳ đến việc loại trứng tròn đều muôn vạn quả như một, thấm muối vừa vặn, sắc sảo mặn mà mà không làm phiền đến vị giác người ăn Mỗi loại bánh từ truyền thống như nhân Thập Cẩm, nhân Đậu Xanh hay hiện đại như nhân Gà Quay XO, Bào Ngư, Vi Cá…đều thể hiện một kỳ công bất tuyệt của người Nghệ nhân làm bánh Kinh Đô Đây miếng bánh thơm ngon, đây ân tình trân quý, dưới ánh trăng thu vằng vặc ta trao nhau chút tình nghĩa mặn mà của cả một mùa ân nghĩa, còn làm gì hơn vẻ hữu tình của mùa thu hơn vậy ?",https://banhkinhdo.com.vn/san-pham/sua-dua-hat-dua-2-trung/
94,"
	Hạt Sen Trà Xanh (2 Trứng)",T2,Kinh Đô,https://banhkinhdo.com.vn/wp-content/uploads/2020/07/20180811121940-picture-price1-3.png,"Thương hiệu: Kinh Đô Loại bánh: Bánh Nướng Hình thức: 01 Bánh, Hộp Kiếng Chống Ẩm Khối lượng: 210 gram Thành phần: Nhân Hỗn Hợp Hạt Sen Trà Xanh, có 2 Trứng Bánh Nướng Trung thu ta lại gặp nhau ~ cùng chia miếng bánh thỏa câu ân tình Trong hai món bánh Trung Thu, bánh nướng chính là thứ quà căn bản nhất mà lại cầu kỳ tinh vi diệu vợi nhất Cầu kỳ từ khâu chọn loại bột mì mềm và mịn nhất để vỏ bánh giòn thơm sần sật, cầu kỳ đến việc loại trứng tròn đều muôn vạn quả như một, thấm muối vừa vặn, sắc sảo mặn mà mà không làm phiền đến vị giác người ăn Mỗi loại bánh từ truyền thống như nhân Thập Cẩm, nhân Đậu Xanh hay hiện đại như nhân Gà Quay XO, Bào Ngư, Vi Cá…đều thể hiện một kỳ công bất tuyệt của người Nghệ nhân làm bánh Kinh Đô, BANH TRUNG THU KINH DO Đây miếng bánh thơm ngon, đây ân tình trân quý, dưới ánh trăng thu vằng vặc ta trao nhau chút tình nghĩa mặn mà của cả một mùa ân nghĩa, còn làm gì hơn vẻ hữu tình của mùa thu hơn vậy ?",https://banhkinhdo.com.vn/san-pham/hat-sen-tra-xanh-2-trung/
95,"
	Hộp Quà Tết 2025 Bánh QUY OREO THẬP CẨM 414G ( HỘP THIẾT) TẾT 2025",4303509,Kinh Đô,https://banhkinhdo.com.vn/wp-content/uploads/2023/12/OREO.jpg,"Hộp quà biếu tặng Độc đáo với bánh quy Oreo thập cẩm vị vani, vị dâu và vị socola Trọng lượng: 414G (139.000/ hộp thiết) Quy cách: 10 hộp/thùng Bao gồm túi giấy",https://banhkinhdo.com.vn/san-pham/hop-qua-tet-banh-oreo-socola-pie-463-2g-qua-tet-kinh-do-2024/
96,"
	Hộp Quà Tết Bánh Quy Oreo Kinh Đô 331.2G ( Hộp thiếc)",4303497,Kinh Đô,https://banhkinhdo.com.vn/wp-content/uploads/2023/12/hop-qua-tet-banh-quy-oreo-331.2g.png,Tên sản phẩm Trọng lượng Giá Quy cách Bánh quy Oreo thập cẩm 331.2g 147.000/hộp 10 hộp/thùng,https://banhkinhdo.com.vn/san-pham/hop-qua-tet-banh-quy-oreo-kinh-do-331-2g-hop-thiec/
97,"
	BÁNH OREO SOCOLA-PIE VỊ DÂU 360G TẾT 2025",OR4,Kinh Đô,https://banhkinhdo.com.vn/wp-content/uploads/2020/07/OREO-socola-pie-dau.jpg,Bánh Oreo Socola-Pie vị dâu . Hộp giấy 336G ( 59.000) . Quy cách : 8 hộp/ thùng.,https://banhkinhdo.com.vn/san-pham/oreo-moocake-4-banh/
98,"
	BÁNH OREO-PIE VỊ DÂU 168G – TẾT 2025",4303500,Kinh Đô,https://banhkinhdo.com.vn/wp-content/uploads/2023/11/z4919818204935_33f8f95ec9f6532bb4caa303abc3dc99.jpg,BÁNH OREO SOCOLA-PIE VỊ DÂU Hộp giấy 168g -12 hộp/ thùng,https://banhkinhdo.com.vn/san-pham/bo-qua-tet-kinh-do-loc-hamper-premium-tet-2023/
99,"
	BÁNH OREO SOCOLA-PIE 168G (TẾT 2025)",,Kinh Đô,https://banhkinhdo.com.vn/wp-content/uploads/2023/11/OREO-SOLA.jpg,BÁNH OREO SOCOLA-PIE Hộp giấy 168g -12 hộp/ thùng,https://banhkinhdo.com.vn/san-pham/banh-oreo-socola-pie-180g-tet-2024/
100,"
	BÁNH OREO SOCOLA-PIE 448G TẾT 2025",OREO193,Kinh Đô,https://banhkinhdo.com.vn/wp-content/uploads/2023/11/OREO-TET.jpg,BÁNH OREO SOCOLA-PIE Hộp giấy 448g – 8 hộp/ thùng,https://banhkinhdo.com.vn/san-pham/banh-quy-oreo-doc-dao-red-velvet/
101,"
	BÁNH QUY OREO VỊ VANI 303.6G ( HỘP ĐỎ ) TẾT 2024",4303479,Kinh Đô,https://banhkinhdo.com.vn/wp-content/uploads/2020/12/z4800330174468_7f7d7744766f198926384ff06fbe298f.jpg,Hộp bánh biếu tặng Bánh Quy Oreo vị Vani 303.6g – 12 hộp/thùng,https://banhkinhdo.com.vn/san-pham/banh-quy-oreo-vi-kem-socola/
102,"
	BÁNH BÔNG LAN TRÒN SOLITE 276G (KEM VỊ BƠ SỮA) – TẾT 2025",,Kinh Đô,https://banhkinhdo.com.vn/wp-content/uploads/2023/11/SOLITE-TRON-BO-SUA.jpg,BÁNH BÔNG LAN TRÒN SOLITE Kem vị bơ sữa Hộp giấy 276g – 10 hộp/ thùng,https://banhkinhdo.com.vn/san-pham/banh-bong-lan-tron-solite-144g-kem-vi-bo-sua-tet-2024/
103,"
	BÁNH BÔNG LAN TRÒN SOLITE 288G (KEM VỊ BƠ SỮA) – TẾT 2024",,Kinh Đô,https://banhkinhdo.com.vn/wp-content/uploads/2023/11/z4920315721065_9f11cdb4095dce8899d02342c5bc11b5.jpg,BÁNH BÔNG LAN TRÒN SOLITE Kem vị bơ sữa Hộp giấy 288g – 10 hộp/ thùng,https://banhkinhdo.com.vn/san-pham/banh-bong-lan-tron-solite-288g-kem-vi-bo-sua-tet-2024/
104,"
	BÁNH BÔNG LAN CUỘN SOLITE 288G (KEM VỊ LÁ DỨA) – TẾT 2024",,Kinh Đô,https://banhkinhdo.com.vn/wp-content/uploads/2023/11/z4920310239245_88c66ec588dc673bd8eb5084a4850132.jpg,BÁNH BÔNG LAN CUỘN SOLITE Kem vị lá dứa Hộp giấy 288g – 12 hộp/ thùng,https://banhkinhdo.com.vn/san-pham/banh-bong-lan-cuon-solite-288g-kem-vi-la-dua-tet-2024/
105,"
	BÁNH BÔNG LAN CUỘN SOLITE 288G – VỊ SOCOLA (TẾT 2024)",,Kinh Đô,https://banhkinhdo.com.vn/wp-content/uploads/2023/11/z4920242233267_686fbab5f41a7aad8978c5cd801e72e4.jpg,BÁNH BÔNG LAN CUỘN SOLITE Kem vị sôcôla Hộp giấy 288g – 12 hộp/ thùng,https://banhkinhdo.com.vn/san-pham/banh-bong-lan-cuon-solite-288g-vi-socola-tet-2024/
106,"
	BÁNH BÔNG LAN CUỘN SOLITE 324G (KEM VỊ DÂU + KEM VỊ LÁ DỨA) TẾT 2025",4264765,Kinh Đô,https://banhkinhdo.com.vn/wp-content/uploads/2023/11/SOLITE-CUON.jpg,Bánh bông lan tròn Solite (kem vị dâu + kem vị lá dứa) Hộp giấy + túi Bánh bông lan cuộn solite 324g – 10 hộp/thùng,https://banhkinhdo.com.vn/san-pham/banh-bong-lan-tron-solite-kem-vi-bo-sua-kem-vi-la-dua-tet-2021/
107,"
	BÁNH BÔNG LAN TẦNG SOLITE 238G (KEM VỊ CAM) TẾT 2025",,Kinh Đô,https://banhkinhdo.com.vn/wp-content/uploads/2023/11/SOLITE-CAM.jpg,Bánh bông lan tầng Solite (kem vị cam) 238g/hộp – 12 hộp/thùng,https://banhkinhdo.com.vn/san-pham/banh-bong-lan-tron-solite-kem-vi-bo-sua-kem-vi-dau-tet-2021/
108,"
	BÁNH BÔNG LAN TRÒN SOLITE (KEM VỊ BƠ SỮA + KEM VỊ DÂU) TẾT 2025",4264766,Kinh Đô,https://banhkinhdo.com.vn/wp-content/uploads/2023/11/SOLITE-TRON.jpg,Bánh bông lan tròn Solite Hộp giấy + túi Bánh bông lan tròn solite Kem vị dâu – kem vị bơ sữa 288g – 10 hộp/thùng,https://banhkinhdo.com.vn/san-pham/banh-bong-lan-tron-solite-kem-vi-la-dua-kem-vi-dau-tet-2021/
109,"
	BÁNH BÔNG LAN SOLITE TẦNG KEM VỊ CAM 238G – TẾT 2024",,Kinh Đô,https://banhkinhdo.com.vn/wp-content/uploads/2020/12/banh-bong-lan-tang-solite-hop-giay.jpg,Bánh bông lan tầng Solite Vị cam Trọng lượng: 238g – 12 hộp/thùng,https://banhkinhdo.com.vn/san-pham/banh-bong-lan-tang-phu-socola-vi-dau-cuon-vi-socola-tet-2021/
110,"
	Bánh Trung Thu Lava Trứng Chảy – Hộp 3 Bánh 2025",LAVA3,Kinh Đô,https://banhkinhdo.com.vn/wp-content/uploads/2023/07/lava.jpg,"Dòng sản phẩm bánh trung thu Lava Trứng Chảy Vỏ bánh vàng ươm, thơm nức, “ôm trọn” lớp nhân trứng muối tan chảy một cách khéo léo, đó là bánh Trung thu Lava – trứng muối tan chảy, được các nghệ nhân Kinh Đô dày công sáng tạo. Hộp bánh với 3 vị phô mai; trứng sữa; đậu xanh chà bông cùng thiết kế bao bì trẻ trung, sang trọng sẽ là món quà tinh tế để trao nhau trong mùa Tết Trung Thu với lời chúc thu như ý vẹn tròn, để kết nối những ký ức đêm trăng luôn sáng mãi. Hộp gồm 3 vị: Lava Trứng Chảy Đậu Xanh Chà Bông, Lava Trứng Chảy Trứng Sữa, Lava Trứng Chảy Phô Mai. Có túi giấy đi kèm Hạn sử dụng: 75 ngày kể từ ngày sản xuất Trọng lượng: 80g/ Bánh x 3 Bánh.",https://banhkinhdo.com.vn/san-pham/hop-lava-trung-chay-3-banh/
111,"
	Bánh Trung Thu Lava Trứng Chảy – Hộp 6 Bánh 2025",,Kinh Đô,https://banhkinhdo.com.vn/wp-content/uploads/2023/07/lava.jpg,"Hộp gồm 6 bánh, 3 vị Bánh trung thu Lava trứng chảy phô mai Bánh trung thu Lava trứng chảy đậu xanh chà bông Bánh trung thu Lava sô cô la tan chảy Hạn sử dụng: 75 ngày tặng kèm túi giấy Dòng bánh lava – bánh trung thu có lớp nhân chính giữa tan chảy – được các nghệ nhân Kinh Đô dày công nghiên cứu giới thiệu đến người Việt Nam với mong muốn mang lại những trải nghiệm thật khác trong mùa trung thu. Với hai loại nhân là trứng muối tan chảy và sô cô la tan chảy, ba vị đậu xanh chà bông, phô mai trứng muối và sô cô la cùng thiết kế bao bì trẻ trung, sang trọng sẽ là món quà tinh tế để trao nhau trong mùa trung thu này, với lời chúc thu như ý vẹn tròn, để kết nối những ký ức đêm trăng luôn sáng mãi. Bánh trung thu Kinh Đô – tròn vị bánh sáng mãi chuyện đêm trăng",https://banhkinhdo.com.vn/san-pham/banh-trung-thu-lava-trung-chay-hop-6-banh-2024/
112,"
	Bánh Trung Thu Tuyết 3 Bánh – Đặc biệt 2024",T3,Kinh Đô,https://banhkinhdo.com.vn/wp-content/uploads/2022/07/9A.png,"Bánh Trung Thu Tuyết 3 Bánh – Đặc biệt 2024 Hòa quyện độc đáo giữa nét văn hóa Việt Nam và sự tinh tế, chăm chút trong văn hóa ẩm thực Nhật Bản tạo nên chiếc bánh Trung Thu Tuyết với vẻ ngoài bắt mắt và hương vị thơm ngon. Đặc trưng vỏ bánh hai màu, kết cấu mềm mịn , xốp và họa tiết khắc nổi xinh xắn trên bề mặt bánh, cùng những hương vị hiện đại được yêu thích, như vị : Cam Nhật ( Yuzu), Trà xanh, Đâu đỏ, hay Mè đen, đem đến vị ngon lạ miệng, hài hòa. Bánh Trung Thu Tuyết thực sự là một món quà độc đáo, mới lạ cho một mùa trung thu vẹn tròn, như ý.",https://banhkinhdo.com.vn/san-pham/banh-trung-thu-tuyet-3-banh-dac-biet-2024/
113,"
	Bánh Trung Thu Tuyết 6 Bánh – Đặc biệt 2025",T6,Kinh Đô,https://banhkinhdo.com.vn/wp-content/uploads/2024/07/TUYET6.jpg,"Bánh Trung Thu Tuyết 6 Bánh – Đặc biệt 2024 – Hòa quyện độc đáo giữa nét văn hóa Việt Nam và sự tinh tế, chăm chút trong văn hóa ẩm thực Nhật Bản tạo nên chiếc bánh Trung Thu Tuyết với vẻ ngoài bắt mắt và hương vị thơm ngon. Đặc trưng vỏ bánh hai màu, kết cấu mềm mịn , xốp và họa tiết khắc nổi xinh xắn trên bề mặt bánh, cùng những hương vị hiện đại được yêu thích, như vị : Cam Nhật ( Yuzu), Trà xanh, Đâu đỏ, hay Mè đen, đem đến vị ngon lạ miệng, hài hòa. Bánh Trung Thu Tuyết thực sự là một món quà độc đáo, mới lạ cho một mùa trung thu vẹn tròn, như ý.",https://banhkinhdo.com.vn/san-pham/banh-trung-thu-tuyet-6-banh-dac-biet-2024/
114,"
	Hộp Bánh Trung Thu KIDO MỸ VỊ AN KHANG (Xanh) 4 Bánh x 150G",CB8,Kinh Đô,https://banhkinhdo.com.vn/wp-content/uploads/2023/07/CB8.jpg,"Thưởng Thức Mỹ Vị – Trao Trọn Thân Thương Ánh trăng vàng sáng trong, tiết trời ấm áp dễ chịu, báo hiệu cho một mùa Thu lại đến, một mùa Lễ Hội ngập tràn niềm vui và cũng là cái Tết thứ hai của người Việt Nam trên khắp mọi miền đất nước. Trung Thu – 2 chữ quen thuộc nhưng hàm chứa rất nhiều ý nghĩa sâu sắc về sự gửi trao thân thương và quây quần thưởng bánh thức trăng. Cảm thấu từng giá trị cao quý ấy, Tập đoàn KIDO hân hoan ra mắt thương hiệu bánh trung thu cao cấp KIDO’s Bakery. Với bề dày kinh nghiệm hơn 50 năm làm bánh và tinh thần chăm chút trên từng chi tiết sản phẩm, KIDO’s Bakery đưa những Mỹ Vị không chỉ ở Việt Nam mà còn trên thế giới vào trong từng chiếc bánh để tạo nên tuyệt phẩm bánh Trung Thu đậm đà giá trị truyền thống nhưng vẫn sáng tạo theo xu hướng hiện đại. Bên cạnh đó, sự hoàn hảo còn được thể hiện trong bộ sưu tập Hộp quà biếu cao cấp sang trọng với 3 sắc màu thời thượng nhất: Đỏ, Cam và Xanh kết hợp cùng những hoạ tiết Hoa tinh tế và đặc biệt là những đường sọc nổi bật, mang đậm tinh thần quà biếu trân trọng. Chúng tôi tin rằng mỗi hộp bánh Trung Thu KIDO’s Bakery sẽ là món quà Thu phù hợp nhất để trao trọn thân thương đến các đối tác, khách hàng và người thân yêu của bạn. Hộp Bánh Trung Thu KIDO MỸ VỊ AN KHANG (Xanh) 4 Bánh x 150G, các vị: 01 Gà Quay Vi Cá Xốt Hồng Kong (1Tr); 01 Cua Hoàng Đế Xốt Singapo ( 1Tr); 01 Hạt Sen Hạt Dưa ( 1TR); 01 Trà Xanh Phô Mai ( 0TR); Hộp đi kèm.",https://banhkinhdo.com.vn/san-pham/hop-banh-trung-thu-kido-thu-thinh-vuong-xanh-i-hop-qua-bieu-cao-cap-2023/
115,"
	Hộp Bánh Trung Thu KIDO MỸ VỊ THỊNH VƯỢNG ( Vàng) – 4 Bánh x 210G + Trà 30G",CB4,Kinh Đô,https://banhkinhdo.com.vn/wp-content/uploads/2023/07/CB4.jpg,"Thưởng Thức Mỹ Vị – Trao Trọn Thân Thương Ánh trăng vàng sáng trong, tiết trời ấm áp dễ chịu, báo hiệu cho một mùa Thu lại đến, một mùa Lễ Hội ngập tràn niềm vui và cũng là cái Tết thứ hai của người Việt Nam trên khắp mọi miền đất nước. Trung Thu – 2 chữ quen thuộc nhưng hàm chứa rất nhiều ý nghĩa sâu sắc về sự gửi trao thân thương và quây quần thưởng bánh thức trăng. Cảm thấu từng giá trị cao quý ấy, Tập đoàn KIDO hân hoan ra mắt thương hiệu bánh trung thu cao cấp KIDO’s Bakery. Với bề dày kinh nghiệm hơn 50 năm làm bánh và tinh thần chăm chút trên từng chi tiết sản phẩm, KIDO’s Bakery đưa những Mỹ Vị không chỉ ở Việt Nam mà còn trên thế giới vào trong từng chiếc bánh để tạo nên tuyệt phẩm bánh Trung Thu đậm đà giá trị truyền thống nhưng vẫn sáng tạo theo xu hướng hiện đại. Bên cạnh đó, sự hoàn hảo còn được thể hiện trong bộ sưu tập Hộp quà biếu cao cấp sang trọng với 3 sắc màu thời thượng nhất: Đỏ, Cam và Xanh kết hợp cùng những hoạ tiết Hoa tinh tế và đặc biệt là những đường sọc nổi bật, mang đậm tinh thần quà biếu trân trọng. Chúng tôi tin rằng mỗi hộp bánh Trung Thu KIDO’s Bakery sẽ là món quà Thu phù hợp nhất để trao trọn thân thương đến các đối tác, khách hàng và người thân yêu của bạn. Sản phẩm Hộp Bánh Trung Thu KIDO MỸ VỊ THỊNH VƯỢNG ( Vàng) – 4 Bánh x 210G + Trà 30G gồm : 01 Gà Quay Vi Cá Xốt Hồng Kong 2 Trứng; 01 Tôm Alaska Xốt Tiêu Đen 2 Trứng; 01 Dâu Nam Việt Quất Phô Mai 0 Trứng; 01 Đậu Đỏ Hạt Dưa 2 Trứng. Hộp đi kèm.",https://banhkinhdo.com.vn/san-pham/hop-banh-trung-thu-kido-special-red-label-hop-qua-bieu-cao-cap-2023/
116,"
	Hộp Bánh Trung Thu KIDO MỸ VỊ THỊNH VƯỢNG (Đỏ) 4 Bánh x 210G + Trà 30G",GS3,Kinh Đô,https://banhkinhdo.com.vn/wp-content/uploads/2023/07/CB3.jpg,"Thưởng Thức Mỹ Vị – Trao Trọn Thân Thương Ánh trăng vàng sáng trong, tiết trời ấm áp dễ chịu, báo hiệu cho một mùa Thu lại đến, một mùa Lễ Hội ngập tràn niềm vui và cũng là cái Tết thứ hai của người Việt Nam trên khắp mọi miền đất nước. Trung Thu – 2 chữ quen thuộc nhưng hàm chứa rất nhiều ý nghĩa sâu sắc về sự gửi trao thân thương và quây quần thưởng bánh thức trăng. Cảm thấu từng giá trị cao quý ấy, Tập đoàn KIDO hân hoan ra mắt thương hiệu bánh trung thu cao cấp KIDO’s Bakery. Với bề dày kinh nghiệm hơn 50 năm làm bánh và tinh thần chăm chút trên từng chi tiết sản phẩm, KIDO’s Bakery đưa những Mỹ Vị không chỉ ở Việt Nam mà còn trên thế giới vào trong từng chiếc bánh để tạo nên tuyệt phẩm bánh Trung Thu đậm đà giá trị truyền thống nhưng vẫn sáng tạo theo xu hướng hiện đại. Bên cạnh đó, sự hoàn hảo còn được thể hiện trong bộ sưu tập Hộp quà biếu cao cấp sang trọng với 3 sắc màu thời thượng nhất: Đỏ, Cam và Xanh kết hợp cùng những hoạ tiết Hoa tinh tế và đặc biệt là những đường sọc nổi bật, mang đậm tinh thần quà biếu trân trọng. Chúng tôi tin rằng mỗi hộp bánh Trung Thu KIDO’s Bakery sẽ là món quà Thu phù hợp nhất để trao trọn thân thương đến các đối tác, khách hàng và người thân yêu của bạn. Hộp Bánh Trung Thu KIDO MỸ VỊ THỊNH VƯỢNG (Đỏ) 4 Bánh x 210G + Trà 30G, Gồm: 01 Thập Cẩm Lạp Xưởng Ngũ Hạt 2 Trứng; 01 Cua Hoàng Đế Xốt Singapore 2 Trứng; 01 Trà Xanh Phô Mai 0 Trứng; 01 Đậu Xanh Sầu Riêng 2 Trứng. Hộp đi kèm.",https://banhkinhdo.com.vn/san-pham/hop-banh-trung-thu-kido-special-gold-label-hop-qua-bieu-cao-cap-2023/
117,"
	Hộp Bánh Trung Thu KIDO MỸ VỊ CÁT TƯỜNG (Hồng) 4 Bánh x 150G",GS2,Kinh Đô,https://banhkinhdo.com.vn/wp-content/uploads/2023/07/CB6.jpg,"Thưởng Thức Mỹ Vị – Trao Trọn Thân Thương Ánh trăng vàng sáng trong, tiết trời ấm áp dễ chịu, báo hiệu cho một mùa Thu lại đến, một mùa Lễ Hội ngập tràn niềm vui và cũng là cái Tết thứ hai của người Việt Nam trên khắp mọi miền đất nước. Trung Thu – 2 chữ quen thuộc nhưng hàm chứa rất nhiều ý nghĩa sâu sắc về sự gửi trao thân thương và quây quần thưởng bánh thức trăng. Cảm thấu từng giá trị cao quý ấy, Tập đoàn KIDO hân hoan ra mắt thương hiệu bánh trung thu cao cấp KIDO’s Bakery. Với bề dày kinh nghiệm hơn 50 năm làm bánh và tinh thần chăm chút trên từng chi tiết sản phẩm, KIDO’s Bakery đưa những Mỹ Vị không chỉ ở Việt Nam mà còn trên thế giới vào trong từng chiếc bánh để tạo nên tuyệt phẩm bánh Trung Thu đậm đà giá trị truyền thống nhưng vẫn sáng tạo theo xu hướng hiện đại. Bên cạnh đó, sự hoàn hảo còn được thể hiện trong bộ sưu tập Hộp quà biếu cao cấp sang trọng với 3 sắc màu thời thượng nhất: Đỏ, Cam và Xanh kết hợp cùng những hoạ tiết Hoa tinh tế và đặc biệt là những đường sọc nổi bật, mang đậm tinh thần quà biếu trân trọng. Chúng tôi tin rằng mỗi hộp bánh Trung Thu KIDO’s Bakery sẽ là món quà Thu phù hợp nhất để trao trọn thân thương đến các đối tác, khách hàng và người thân yêu của bạn. Hộp Bánh Trung Thu KIDO MỸ VỊ CÁT TƯỜNG (Hồng) 4 Bánh x 150G, gồm; 01 Gà Quay Vi Cá Xốt Hồng Kong 1 Trứng 01 Tôm Alaska Xốt Tiêu Đen 1 Trứng ; 01 Dâu Nam Việt Quất Phô Mai 0 Trứng ; 01 Đậu Đỏ Hạt Dưa 1 Trứng. Hộp đi kèm.",https://banhkinhdo.com.vn/san-pham/hop-banh-trung-thu-kido-deluxe-hop-qua-bieu-cao-cap-2023/
118,"
	Hộp Bánh Trung Thu KIDO THU HẠNH PHÚC – Hộp Quà Biếu Cao Cấp 2023",CB1,Kinh Đô,https://banhkinhdo.com.vn/wp-content/uploads/2023/07/KIDOthuhanhphuc-scaled.jpg,"Thưởng Thức Mỹ Vị – Trao Trọn Thân Thương Ánh trăng vàng sáng trong, tiết trời ấm áp dễ chịu, báo hiệu cho một mùa Thu lại đến, một mùa Lễ Hội ngập tràn niềm vui và cũng là cái Tết thứ hai của người Việt Nam trên khắp mọi miền đất nước. Trung Thu – 2 chữ quen thuộc nhưng hàm chứa rất nhiều ý nghĩa sâu sắc về sự gửi trao thân thương và quây quần thưởng bánh thức trăng. Cảm thấu từng giá trị cao quý ấy, Tập đoàn KIDO hân hoan ra mắt thương hiệu bánh trung thu cao cấp KIDO’s Bakery. Với bề dày kinh nghiệm hơn 50 năm làm bánh và tinh thần chăm chút trên từng chi tiết sản phẩm, KIDO’s Bakery đưa những Mỹ Vị không chỉ ở Việt Nam mà còn trên thế giới vào trong từng chiếc bánh để tạo nên tuyệt phẩm bánh Trung Thu đậm đà giá trị truyền thống nhưng vẫn sáng tạo theo xu hướng hiện đại. Bên cạnh đó, sự hoàn hảo còn được thể hiện trong bộ sưu tập Hộp quà biếu cao cấp sang trọng với 3 sắc màu thời thượng nhất: Đỏ, Cam và Xanh kết hợp cùng những hoạ tiết Hoa tinh tế và đặc biệt là những đường sọc nổi bật, mang đậm tinh thần quà biếu trân trọng. Chúng tôi tin rằng mỗi hộp bánh Trung Thu KIDO’s Bakery sẽ là món quà Thu phù hợp nhất để trao trọn thân thương đến các đối tác, khách hàng và người thân yêu của bạn. Sản phẩm gồm 4 Bánh x 150G: 01 Thập Cẩm Lạp Xưởng Ngũ hạt ( 1TR); 01 Gà Quay Tứ Xuyên ( 1Tr); 01 Hạt Sen Hạt Dưa ( 1TR); 01 Dừa Muối Mè Đài Loan ( 1TR). Hộp đi kèm.",https://banhkinhdo.com.vn/san-pham/hop-banh-trung-thu-kido-thu-hanh-phuc-hop-qua-bieu-cao-cap-2023/
119,"
	Hộp Bánh Trung Thu KIDO MỸ VỊ AN KHANG (Đỏ) 4 Bánh x 150G",CB7,Kinh Đô,https://banhkinhdo.com.vn/wp-content/uploads/2023/07/CB7.jpg,"Thưởng Thức Mỹ Vị – Trao Trọn Thân Thương Ánh trăng vàng sáng trong, tiết trời ấm áp dễ chịu, báo hiệu cho một mùa Thu lại đến, một mùa Lễ Hội ngập tràn niềm vui và cũng là cái Tết thứ hai của người Việt Nam trên khắp mọi miền đất nước. Trung Thu – 2 chữ quen thuộc nhưng hàm chứa rất nhiều ý nghĩa sâu sắc về sự gửi trao thân thương và quây quần thưởng bánh thức trăng. Cảm thấu từng giá trị cao quý ấy, Tập đoàn KIDO hân hoan ra mắt thương hiệu bánh trung thu cao cấp KIDO’s Bakery. Với bề dày kinh nghiệm hơn 50 năm làm bánh và tinh thần chăm chút trên từng chi tiết sản phẩm, KIDO’s Bakery đưa những Mỹ Vị không chỉ ở Việt Nam mà còn trên thế giới vào trong từng chiếc bánh để tạo nên tuyệt phẩm bánh Trung Thu đậm đà giá trị truyền thống nhưng vẫn sáng tạo theo xu hướng hiện đại. Bên cạnh đó, sự hoàn hảo còn được thể hiện trong bộ sưu tập Hộp quà biếu cao cấp sang trọng với 3 sắc màu thời thượng nhất: Đỏ, Cam và Xanh kết hợp cùng những hoạ tiết Hoa tinh tế và đặc biệt là những đường sọc nổi bật, mang đậm tinh thần quà biếu trân trọng. Chúng tôi tin rằng mỗi hộp bánh Trung Thu KIDO’s Bakery sẽ là món quà Thu phù hợp nhất để trao trọn thân thương đến các đối tác, khách hàng và người thân yêu của bạn. Hộp Bánh Trung Thu KIDO MỸ VỊ AN KHANG (Đỏ) 4 Bánh x 150G , gồm: 01 Gà Quay Tứ Xuyên  ( 1TR); 01 Cua Hoàng Đế Xốt Singapo ( 1Tr); 01 Đậu Xanh Lá Dứa ( 1TR); 01 Hạt Sen Mứt Dâu Việt Quất ( 0TR). Hộp đi kèm.",https://banhkinhdo.com.vn/san-pham/hop-banh-trung-thu-kido-thu-an-khang-hop-qua-bieu-cao-cap-2023/
120,"
	Hộp Bánh Trung Thu KIDO THU NHƯ Ý – Hộp Quà Biếu Cao Cấp 2023",CB3,Kinh Đô,https://banhkinhdo.com.vn/wp-content/uploads/2022/08/KIDOthunhuy-scaled.jpg,"Thưởng Thức Mỹ Vị – Trao Trọn Thân Thương Ánh trăng vàng sáng trong, tiết trời ấm áp dễ chịu, báo hiệu cho một mùa Thu lại đến, một mùa Lễ Hội ngập tràn niềm vui và cũng là cái Tết thứ hai của người Việt Nam trên khắp mọi miền đất nước. Trung Thu – 2 chữ quen thuộc nhưng hàm chứa rất nhiều ý nghĩa sâu sắc về sự gửi trao thân thương và quây quần thưởng bánh thức trăng. Cảm thấu từng giá trị cao quý ấy, Tập đoàn KIDO hân hoan ra mắt thương hiệu bánh trung thu cao cấp KIDO’s Bakery. Với bề dày kinh nghiệm hơn 50 năm làm bánh và tinh thần chăm chút trên từng chi tiết sản phẩm, KIDO’s Bakery đưa những Mỹ Vị không chỉ ở Việt Nam mà còn trên thế giới vào trong từng chiếc bánh để tạo nên tuyệt phẩm bánh Trung Thu đậm đà giá trị truyền thống nhưng vẫn sáng tạo theo xu hướng hiện đại. Bên cạnh đó, sự hoàn hảo còn được thể hiện trong bộ sưu tập Hộp quà biếu cao cấp sang trọng với 3 sắc màu thời thượng nhất: Đỏ, Cam và Xanh kết hợp cùng những hoạ tiết Hoa tinh tế và đặc biệt là những đường sọc nổi bật, mang đậm tinh thần quà biếu trân trọng. Chúng tôi tin rằng mỗi hộp bánh Trung Thu KIDO’s Bakery sẽ là món quà Thu phù hợp nhất để trao trọn thân thương đến các đối tác, khách hàng và người thân yêu của bạn. Hộp Bánh Trung Thu KIDO THU NHƯ Ý – Hộp Quà Biếu Cao Cấp 2023 gồm 4 Bánh x 150G , với các vị : 01 Tôm Alaska Xốt Tiêu Đen (1TR); 01 Cua Hoàng Đế Xốt Singapo ( 1TR); 01 Đậu Xanh Lá Dứa ( 1TR); 01 Hạt Sen Mứt Dâu Việt Quất ( 0TR); Hộp đi kèm.",https://banhkinhdo.com.vn/san-pham/banh-trung-thu-kido-hop-banh-bieu-tang-cao-cap-cam-thoi-thuong-4bx180g/
121,"
	Hộp Bánh Trung Thu KIDO MỸ VỊ CÁT TƯỜNG (Đỏ) 4 Bánh x 150G",CB5,Kinh Đô,https://banhkinhdo.com.vn/wp-content/uploads/2022/08/CB5.jpg,"Thưởng Thức Mỹ Vị – Trao Trọn Thân Thương Ánh trăng vàng sáng trong, tiết trời ấm áp dễ chịu, báo hiệu cho một mùa Thu lại đến, một mùa Lễ Hội ngập tràn niềm vui và cũng là cái Tết thứ hai của người Việt Nam trên khắp mọi miền đất nước. Trung Thu – 2 chữ quen thuộc nhưng hàm chứa rất nhiều ý nghĩa sâu sắc về sự gửi trao thân thương và quây quần thưởng bánh thức trăng. Cảm thấu từng giá trị cao quý ấy, Tập đoàn KIDO hân hoan ra mắt thương hiệu bánh trung thu cao cấp KIDO’s Bakery. Với bề dày kinh nghiệm hơn 50 năm làm bánh và tinh thần chăm chút trên từng chi tiết sản phẩm, KIDO’s Bakery đưa những Mỹ Vị không chỉ ở Việt Nam mà còn trên thế giới vào trong từng chiếc bánh để tạo nên tuyệt phẩm bánh Trung Thu đậm đà giá trị truyền thống nhưng vẫn sáng tạo theo xu hướng hiện đại. Bên cạnh đó, sự hoàn hảo còn được thể hiện trong bộ sưu tập Hộp quà biếu cao cấp sang trọng với 3 sắc màu thời thượng nhất: Đỏ, Cam và Xanh kết hợp cùng những hoạ tiết Hoa tinh tế và đặc biệt là những đường sọc nổi bật, mang đậm tinh thần quà biếu trân trọng. Chúng tôi tin rằng mỗi hộp bánh Trung Thu KIDO’s Bakery sẽ là món quà Thu phù hợp nhất để trao trọn thân thương đến các đối tác, khách hàng và người thân yêu của bạn. Hộp Bánh Trung Thu KIDO MỸ VỊ CÁT TƯỜNG (Đỏ) 4 Bánh x 150G CB5 , gồm các vị: 01 Thập Cẩm Lạp Xưởng Ngũ Hạt ( 1TR); 01 Cua Hoàng Đế Xốt Singapo ( 1Tr); 01 Trà Xanh Phố Mai ( 0Tr); 01 Đậu Xanh Sầu Riêng (1Tr); Hộp đi kèm.",https://banhkinhdo.com.vn/san-pham/banh-trung-thu-kido-hop-qua-bieu-cao-cap-xanh-tinh-te-4bx180g/
122,"
	Hộp Bánh Trung Thu KIDO – MỸ VỊ NHƯ Ý (Xanh) 4 Bánh x 210G + Trà 50G",GB4,Kinh Đô,https://banhkinhdo.com.vn/wp-content/uploads/2022/08/CB2.jpg,"Thưởng Thức Mỹ Vị – Trao Trọn Thân Thương Ánh trăng vàng sáng trong, tiết trời ấm áp dễ chịu, báo hiệu cho một mùa Thu lại đến, một mùa Lễ Hội ngập tràn niềm vui và cũng là cái Tết thứ hai của người Việt Nam trên khắp mọi miền đất nước. Trung Thu – 2 chữ quen thuộc nhưng hàm chứa rất nhiều ý nghĩa sâu sắc về sự gửi trao thân thương và quây quần thưởng bánh thức trăng. Cảm thấu từng giá trị cao quý ấy, Tập đoàn KIDO hân hoan ra mắt thương hiệu bánh trung thu cao cấp KIDO’s Bakery. Với bề dày kinh nghiệm hơn 50 năm làm bánh và tinh thần chăm chút trên từng chi tiết sản phẩm, KIDO’s Bakery đưa những Mỹ Vị không chỉ ở Việt Nam mà còn trên thế giới vào trong từng chiếc bánh để tạo nên tuyệt phẩm bánh Trung Thu đậm đà giá trị truyền thống nhưng vẫn sáng tạo theo xu hướng hiện đại. Bên cạnh đó, sự hoàn hảo còn được thể hiện trong bộ sưu tập Hộp quà biếu cao cấp sang trọng với 3 sắc màu thời thượng nhất: Đỏ, Cam và Xanh kết hợp cùng những hoạ tiết Hoa tinh tế và đặc biệt là những đường sọc nổi bật, mang đậm tinh thần quà biếu trân trọng. Chúng tôi tin rằng mỗi hộp bánh Trung Thu KIDO’s Bakery sẽ là món quà Thu phù hợp nhất để trao trọn thân thương đến các đối tác, khách hàng và người thân yêu của bạn. Sản phẩm gồm 4 Bánh x 210G: 01 Vi Cá Xốt Hồng Kong 2 Trứng; 01 Bào Ngư Xốt Hồng Kong 2 Trứng; 01 Đậu Xanh Sầu Riêng 2 Trứng; 01 Dâu Nam Việt Quất Phô Mai 0 Trứng. Hộp đi kèm.",https://banhkinhdo.com.vn/san-pham/banh-trung-thu-kido-hop-qua-bieu-cao-cap-do-sang-trong-4bx180g/
123,"
	Hộp Bánh Trung Thu KIDO – Hộp MỸ VỊ NHƯ Ý 4 Bánh x 210G + Trà 50G",,Kinh Đô,https://banhkinhdo.com.vn/wp-content/uploads/2022/08/CB1.jpg,"Thưởng Thức Mỹ Vị – Trao Trọn Thân Thương Ánh trăng vàng sáng trong, tiết trời ấm áp dễ chịu, báo hiệu cho một mùa Thu lại đến, một mùa Lễ Hội ngập tràn niềm vui và cũng là cái Tết thứ hai của người Việt Nam trên khắp mọi miền đất nước. Trung Thu – 2 chữ quen thuộc nhưng hàm chứa rất nhiều ý nghĩa sâu sắc về sự gửi trao thân thương và quây quần thưởng bánh thức trăng. Cảm thấu từng giá trị cao quý ấy, Tập đoàn KIDO hân hoan ra mắt thương hiệu bánh trung thu cao cấp KIDO’s Bakery. Với bề dày kinh nghiệm hơn 50 năm làm bánh và tinh thần chăm chút trên từng chi tiết sản phẩm, KIDO’s Bakery đưa những Mỹ Vị không chỉ ở Việt Nam mà còn trên thế giới vào trong từng chiếc bánh để tạo nên tuyệt phẩm bánh Trung Thu đậm đà giá trị truyền thống nhưng vẫn sáng tạo theo xu hướng hiện đại. Bên cạnh đó, sự hoàn hảo còn được thể hiện trong bộ sưu tập Hộp quà biếu cao cấp sang trọng với 3 sắc màu thời thượng nhất: Đỏ, Cam và Xanh kết hợp cùng những hoạ tiết Hoa tinh tế và đặc biệt là những đường sọc nổi bật, mang đậm tinh thần quà biếu trân trọng. Chúng tôi tin rằng mỗi hộp bánh Trung Thu KIDO’s Bakery sẽ là món quà Thu phù hợp nhất để trao trọn thân thương đến các đối tác, khách hàng và người thân yêu của bạn. Hộp Bánh Trung Thu KIDO – Hộp MỸ VỊ NHƯ Ý 4 Bánh x 210G + Trà 50G, gồm các vị: 01 Vi Cá Xốt Hồng Kong ( 2 Trứng); 01 Bào Ngư Xốt Hồng Kong ( 2 Trứng); 01 Sữa Dừa Sầu Riêng ( 0 Trứng); 01 Mè Đen hạt Dưa ( 2 Trứng).",https://banhkinhdo.com.vn/san-pham/banh-trung-thu-kido-hop-go-boc-da-cao-cap-kc-6bx180g/
124,"
	Bánh Trung Thu Oreo 4 Bánh – 2022",OREO4,Kinh Đô,https://banhkinhdo.com.vn/wp-content/uploads/2021/08/banh-trung-thu-oreo-4-banhct-1.jpg,"Bánh trung thu OREO trẻ trung, hiện đại là sự hòa quyện mới lạ và tinh tế của lớp vỏ mềm mịn bên ngoài với 2 lớp nhân ngọt dịu bên trong. Thành phần: Hộp bánh trung thu OREO 4 bánh bao gồm: – Bánh trung thu OREO vị Sô-cô-la sữa – Bánh trung thu OREO vị Cappuccino – Bánh trung thu OREO vị Brownie Sô-cô-la – Bánh trung thu OREO vị Mứt Dâu Tây HSD: 75 ngày kể từ ngày sản xuất Bao gồm túi giấy Dòng bánh này hứa hẹn sẽ tạo được ấn tượng khó phai cho những ai được thưởng thức",https://banhkinhdo.com.vn/san-pham/banh-trung-thu-oreo-4-banh/
125,"
	Bánh Trung Thu Oreo 2 Bánh – 2022",OREO2,Kinh Đô,https://banhkinhdo.com.vn/wp-content/uploads/2021/08/banh-trung-thu-oreo-2-banhct-1.jpg,"Bánh Trung Thu OREO trẻ trung, hiện đại là sự hòa quyện mới lạ và tinh tế của lớp vỏ mềm mịn bên ngoài với 2 lớp nhân ngọt dịu bên trong. Dòng bánh này hứa hẹn sẽ tạo được ấn tượng khó phai cho những ai được thưởng thức. 2 vị bánh: 1. Bánh trung thu Oreo Brownie Socola: Lớp vỏ mềm vị socola thuần khiết… trọn vị yêu thương. 2. Bánh trung thu Oreo Mức Dâu Tây: Dâu thật ngọt, mức thật tươi… vui vẻ trẻ trung.",https://banhkinhdo.com.vn/san-pham/banh-trung-thu-oreo-2-banh/
126,"
	HỘP QUÀ TẾT 2025 HẠNH PHÚC II",HG039,Kinh Đô,https://banhkinhdo.com.vn/wp-content/uploads/2022/12/750.jpg,"Với người Việt Nam, Tết không chỉ là khoảng thời gian chuyển giao giữa năm cũ và năm mới , mà nó còn chứa đựng nhiều ý nghĩa tâm linh, văn hóa,… Theo quan niệm phương Đông, đây là khoảng thời gian trời đất có sự giao hòa và con người hướng về cội nguồn tổ tiên , thêm gắn bó mối quan hệ gia đình, thêm sâu sắc mối quan hệ bạn bè, đồng nghiệp,… Bên cạnh đó, đây còn được coi là ngày “làm mới”, ngày để mọi người có thể hy vọng vào một năm mới an lành, sung túc, thuận lợi trong cả năm và gác lại mọi điều không may mắn trong năm cũ. HỘP QUÀ HẠNH PHÚC II – Set Quà Tết 2024 Cao Cấp gửi gắm niềm yêu thương, ước mong hạnh phúc – bình an , sẽ là món quà vô cùng ý nghĩa để gửi tặng gia đình, người thân , và bạn bè. HỘP QUÀ HẠNH PHÚC II gồm các sản phẩm: 01 Chai rượu vang Chile Viento Norte 750ml ( Nồng độ : 13%) 01 Hộp bánh Indonesia; 01 Hộp kẹo Thổ Nhĩ Kì ; 01 Hộp trà Việt Legacy. 01 hộp có quai xách cao cấp GIÁ BÁN CHƯA BAO GỒM VAT 10%.",https://banhkinhdo.com.vn/san-pham/hop-qua-hanh-phuc-ii-set-qua-tet-y-nghia-2023/
127,"
	HỘP QUÀ TẾT 2025 PHÚ QUÝ I",HG024,Kinh Đô,https://banhkinhdo.com.vn/wp-content/uploads/2022/12/4400.jpg,"Với người Việt Nam, Tết không chỉ là khoảng thời gian chuyển giao giữa năm cũ và năm mới , mà nó còn chứa đựng nhiều ý nghĩa tâm linh, văn hóa,… Theo quan niệm phương Đông, đây là khoảng thời gian trời đất có sự giao hòa và con người hướng về cội nguồn tổ tiên , thêm gắn bó mối quan hệ gia đình, thêm sâu sắc mối quan hệ bạn bè, đồng nghiệp,… Bên cạnh đó, đây còn được coi là ngày “làm mới”, ngày để mọi người có thể hy vọng vào một năm mới an lành, sung túc, thuận lợi trong cả năm và gác lại mọi điều không may mắn trong năm cũ. HỘP QUÀ TẾT 2025 PHÚ QUÝ I – Set Quà Tết 2024 Cao Cấp gửi gắm niềm yêu thương, ước mong hạnh phúc – bình an , sẽ là món quà vô cùng ý nghĩa để gửi tặng gia đình, người thân , và bạn bè. HỘP QUÀ TẾT 2025 PHÚ QUÝ I gồm: Bao gồm: Hộp da cao cấp + 2 ly Hai chai rượu vang Eremo San Quirico Gold – Ý (Nhập khẩu nguyên chai) Vùng trồng nho: Iprinia Giống nho: 100% Aglianico Nồng độ: 14,5% Với Eremo San Quirico Gold 2014 Mario Ercolino được gọi là Super Mario, ông đã cố gắng tinh chỉnh và tinh chế ra một trong những loại rượu vang đỏ tốt nhất của nước Ý. Rượu được sản xuất 100% giống nho Agliancio từ một số cánh đồng của Mario ở Taurasi. Ở đó, cây nho hầu hết là khoảng 150 năm tuổi, thậm chí có thể lên tới 200 năm. Tất cả các loại nho được thu hoạch cẩn thận bằng tay, những loại nho tốt nhất được chọn cho loại rượu này. Sau đó, nho được vận chuyển đến nhà rượu trong các hộp nhỏ 20kg. Nho được nghiền ép và ngâm trong khoảng 20 ngày trong thùng thép không gỉ. Sau đó tiếp tục được ủ 18 tháng trong thùng gỗ sồi mới của Pháp. Rượu có nồng độ 14,5% trong phiên bản GOLD (Vàng) đặc biệt này. GIÁ BÁN CHƯA BAO GỒM VAT.",https://banhkinhdo.com.vn/san-pham/hop-qua-tet-phu-quy-i-set-qua-tet-2023-cao-cap/
128,"
	HỘP QUÀ TẾT 2025 NGŨ PHÚC LÂM MÔN",HG023,Kinh Đô,https://banhkinhdo.com.vn/wp-content/uploads/2022/12/NGU-PHUC.jpg,"Với người Việt Nam, Tết không chỉ là khoảng thời gian chuyển giao giữa năm cũ và năm mới , mà nó còn chứa đựng nhiều ý nghĩa tâm linh, văn hóa,… Theo quan niệm phương Đông, đây là khoảng thời gian trời đất có sự giao hòa và con người hướng về cội nguồn tổ tiên , thêm gắn bó mối quan hệ gia đình, thêm sâu sắc mối quan hệ bạn bè, đồng nghiệp,… Bên cạnh đó, đây còn được coi là ngày “làm mới”, ngày để mọi người có thể hy vọng vào một năm mới an lành, sung túc, thuận lợi trong cả năm và gác lại mọi điều không may mắn trong năm cũ. HỘP QUÀ TẾT NGŨ PHÚC LÂM MÔN – Set Quà Tết 2023 Cao Cấp gửi gắm niềm yêu thương, ước mong hạnh phúc – bình an , sẽ là món quà vô cùng ý nghĩa để gửi tặng gia đình, người thân , và bạn bè. HỘP QUÀ TẾT NGŨ PHÚC LÂM MÔN gồm: Bao gồm: Hạt điều 250gr Nấm linh chi 40gr Hạt Macadamia 250gr/ Trà hoa hồng 80gr Hộp da cao cấp + túi xách Rượu vang Pacificus Terre Siciliane Syrah – Ý (Nhập khẩu nguyên chai) Vùng trồng nho: Sicilia Giống nho: Syrah Nồng độ: 15% Pacificus Terre Siciliane Syrah được nhập khẩu nguyên chai. Chai rượu vang dường như được thiết kế theo cảm hứng ăn mặc bằng ren đặc trưng của vùng Sicily và gợi nhớ đến các loại vải được phụ nữ Sicily sử dụng vào đầu thế kỷ XX. Rượu vang có màu đỏ ruby với các phản chiếu ánh tím vô cùng đẹp mắt. Rượu mang hương vị thanh lịch và tinh tế với các nốt hương của hoa quả đen như quả dâu tằm đen, cam thảo, việt quất. Vị rượu được cân bằng hoàn hảo với độ axit dễ chịu, cấu trúc chặt chẽ và hậu vị kéo dài GIÁ BÁN CHƯA BAO GỒM VAT 10%.",https://banhkinhdo.com.vn/san-pham/hop-qua-tet-ngu-phuc-lam-mon-set-qua-tet-2023-cao-cap/
129,"
	HỘP QUÀ TẾT 2025 CÁT TƯỜNG NHƯ Ý",HG013,Kinh Đô,https://banhkinhdo.com.vn/wp-content/uploads/2022/12/2150.jpg,"Với người Việt Nam, Tết không chỉ là khoảng thời gian chuyển giao giữa năm cũ và năm mới , mà nó còn chứa đựng nhiều ý nghĩa tâm linh, văn hóa,… Theo quan niệm phương Đông, đây là khoảng thời gian trời đất có sự giao hòa và con người hướng về cội nguồn tổ tiên , thêm gắn bó mối quan hệ gia đình, thêm sâu sắc mối quan hệ bạn bè, đồng nghiệp,… Bên cạnh đó, đây còn được coi là ngày “làm mới”, ngày để mọi người có thể hy vọng vào một năm mới an lành, sung túc, thuận lợi trong cả năm và gác lại mọi điều không may mắn trong năm cũ. HỘP QUÀ TẾT CÁT TƯỜNG NHƯ Ý Cao Cấp gửi gắm niềm yêu thương, ước mong hạnh phúc – bình an , sẽ là món quà vô cùng ý nghĩa để gửi tặng gia đình, người thân , và bạn bè. HỘP QUÀ TẾT CÁT TƯỜNG NHƯ Ý .Bao gồm: Hạt điều 250gr Hạt hạnh nhân 250gr Hạt Macadamia 250gr/ Táo đỏ 200gr Hộp da cao cấp + túi xách Rượu vang 8 Otto Cento– Ý (Nhập khẩu nguyên chai) Vùng trồng nho: Puglia Giống nho: Primitivo Nồng độ: 14,5% Chai vang Otto Cento Primitivo Limited Edition có màu đỏ nổi bật với màu hồng ngọc đậm. Hương thơm với một bó hoa tươi gợi nhớ đến những quả mọng nhỏ, của anh đào, hoa với chút cam thảo. Đầy đặn, tròn trịa và hài hòa trên vòm miệng với một nốt hương trái cây dễ chịu. GIÁ BÁN CHƯA BAO GỒM VAT 10%",https://banhkinhdo.com.vn/san-pham/hop-qua-tet-cat-tuong-nhu-y-set-qua-tet-cao-cap-2023/
130,"
	GIỎ QUÀ TẾT 2025 NHƯ Ý 2",GNY2,Kinh Đô,https://banhkinhdo.com.vn/wp-content/uploads/2022/12/1450.jpg,"Với người Việt Nam, Tết không chỉ là khoảng thời gian chuyển giao giữa năm cũ và năm mới , mà nó còn chứa đựng nhiều ý nghĩa tâm linh, văn hóa,… Theo quan niệm phương Đông, đây là khoảng thời gian trời đất có sự giao hòa và con người hướng về cội nguồn tổ tiên , thêm gắn bó mối quan hệ gia đình, thêm sâu sắc mối quan hệ bạn bè, đồng nghiệp,… Bên cạnh đó, đây còn được coi là ngày “làm mới”, ngày để mọi người có thể hy vọng vào một năm mới an lành, sung túc, thuận lợi trong cả năm và gác lại mọi điều không may mắn trong năm cũ. Hộp Quà Tết HẠNH PHÚC ĐONG ĐẦY – Set Quà Tết 2024 Cao Cấp gửi gắm niềm yêu thương, ước mong hạnh phúc – bình an , sẽ là món quà vô cùng ý nghĩa để gửi tặng gia đình, người thân , và bạn bè. SET QUÀ NHƯ Ý 2 bao gồm Hộp bánh quy Pháp 250gr Hộp socola Ý 200gr Hộp Tiramisu 100gr Hộp trà San 50gr Café Lavant Gold 200gr Khay gỗ cao cấp Rượu vang Peculiar Venus- Chile (Nhập khẩu nguyên chai) Vùng trồng nho: Maule Valley Giống nho: Cabernet Sauvignon + Syrah Nồng độ: 13,5% Giá bán chưa bao gồm VAT.",https://banhkinhdo.com.vn/san-pham/gio-qua-nhu-y-2-set-qua-tet-cao-cap-2023/
131,"
	GIỎ QUÀ NHƯ Ý 1 – Set Quà Cao Cấp Tết 2023",GNY1,Kinh Đô,https://banhkinhdo.com.vn/wp-content/uploads/2022/12/1030a.jpg,"Với người Việt Nam, Tết không chỉ là khoảng thời gian chuyển giao giữa năm cũ và năm mới , mà nó còn chứa đựng nhiều ý nghĩa tâm linh, văn hóa,… Theo quan niệm phương Đông, đây là khoảng thời gian trời đất có sự giao hòa và con người hướng về cội nguồn tổ tiên , thêm gắn bó mối quan hệ gia đình, thêm sâu sắc mối quan hệ bạn bè, đồng nghiệp,… Bên cạnh đó, đây còn được coi là ngày “làm mới”, ngày để mọi người có thể hy vọng vào một năm mới an lành, sung túc, thuận lợi trong cả năm và gác lại mọi điều không may mắn trong năm cũ. SET QUÀ NHƯ Ý 1 – Set Quà Tết 2023 Cao Cấp gửi gắm niềm yêu thương, ước mong hạnh phúc – bình an , sẽ là món quà vô cùng ý nghĩa để gửi tặng gia đình, người thân , và bạn bè. SET QUÀ NHƯ Ý 1 Bao gồm: Hạt điều 250gr Nấm linh chi 40gr Hạt Macadamia 250gr/ Trà hoa hồng 80gr Hộp da cao cấp + túi xách Rượu vang Chateau La Grande Gelleyre – Pháp (Nhập khẩu nguyên chai) Vùng trồng nho: Bordeaux Niên vụ: 2019 Nồng độ: 14% Giá bán chưa bao gồm VAT.",https://banhkinhdo.com.vn/san-pham/gio-qua-nhu-y-1-set-qua-cao-cap-tet-2023/
132,"
	BÁNH BÔNG LAN SOLITE TẦNG KEM VỊ CAM 238G – TẾT 2024",,Kinh Đô,https://banhkinhdo.com.vn/wp-content/uploads/2020/12/banh-bong-lan-tang-solite-hop-giay.jpg,Bánh bông lan tầng Solite Vị cam Trọng lượng: 238g – 12 hộp/thùng,https://banhkinhdo.com.vn/san-pham/banh-bong-lan-tang-phu-socola-vi-dau-cuon-vi-socola-tet-2021/
133,"
	COSY BÁNH QUY HẠT – BƠ &amp; HẠT ĐIỀU 224G (TẾT 2024)",4303499,Kinh Đô,https://banhkinhdo.com.vn/wp-content/uploads/2020/12/banh-quy-hat-bo-va-hat-dieu-cosy.jpg,Tên sản phẩm: Cosy Bánh quy bơ và hạ điều ( Hộp giấy) Trọng lượng: 224g Quy cách: 14 hộp/thùng,https://banhkinhdo.com.vn/san-pham/banh-quy-sua-cosy-marie-hop-giay/
134,"
	Bánh Quy Bơ Pháp LU 708G TẾT 2025 ( Hộp Thiết)",LU708G,Kinh Đô,https://banhkinhdo.com.vn/wp-content/uploads/2023/12/LU-TRON-THIET.jpg,"Tên sản phẩm Trọng lượng Giá Quy cách Bánh Cookies bơ Pháp Lu 708g 224,000/hộp 6 hộp/thùng",https://banhkinhdo.com.vn/san-pham/banh-cookies-bo-phap-lu-708g-tet-2021/
135,"
	Bánh Quy Bơ Pháp LU 540G TẾT 2025",4277593,Kinh Đô,https://banhkinhdo.com.vn/wp-content/uploads/2023/12/LU-TRON-THIET-1.jpg,"Tên sản phẩm Trọng lượng Giá Quy cách Bánh Cookies bơ Pháp Lu 540g 178,000/hộp 6 hộp/thùng",https://banhkinhdo.com.vn/san-pham/banh-cookies-bo-phap-lu-540g-tet-2023/
136,"
	Bánh Quy Bơ Pháp LU 310G TẾT 2025",4277669,Kinh Đô,https://banhkinhdo.com.vn/wp-content/uploads/2023/11/banh-cookies-bo-phap-lu.png,"Tên sản phẩm Trọng lượng Giá Quy cách Bánh Cookies bơ Pháp Lu 310g 120,000/hộp 12 hộp/thùng",https://banhkinhdo.com.vn/san-pham/banh-cookies-bo-phap-lu-310g-tet-2021/
137,"
	Bánh Quy Bơ Pháp LU 180G TẾT 2025",4277670,Kinh Đô,https://banhkinhdo.com.vn/wp-content/uploads/2020/12/hopquatetbanhlu180g2.jpg,"Tên sản phẩm Trọng lượng Giá Quy cách Bánh Cookies bơ Pháp Lu 180g 63,250/hộp 18 hộp/thùng",https://banhkinhdo.com.vn/san-pham/banh-cookies-bo-phap-lu-180g-tet-2023/
138,"
	BÁNH LÁT KHOAI TÂY SLIDE 150G",,Kinh Đô,https://banhkinhdo.com.vn/wp-content/uploads/2023/11/z5905220244053_4c9c8b34e2f2b533a87d7a569d58ae9c.jpg,BÁNH LÁT KHOAI TÂY SLIDE Vị Bò Bít Tết/ Vị Nguyên Bản/ Phô Mai/ Thơm Cay/ Kem Chua & Hành/ Pizza Sò điệp và Bào ngư 150g – 14 lon/ 1 thùng,https://banhkinhdo.com.vn/san-pham/banh-lat-khoai-tay-slide-150g/
139,"
	BÁNH BÔNG LAN TRÒN SOLITE 276G (KEM VỊ BƠ SỮA) – TẾT 2025",,Kinh Đô,https://banhkinhdo.com.vn/wp-content/uploads/2023/11/SOLITE-TRON-BO-SUA.jpg,BÁNH BÔNG LAN TRÒN SOLITE Kem vị bơ sữa Hộp giấy 276g – 10 hộp/ thùng,https://banhkinhdo.com.vn/san-pham/banh-bong-lan-tron-solite-144g-kem-vi-bo-sua-tet-2024/
140,"
	BÁNH BÔNG LAN TRÒN SOLITE 288G (KEM VỊ BƠ SỮA) – TẾT 2024",,Kinh Đô,https://banhkinhdo.com.vn/wp-content/uploads/2023/11/z4920315721065_9f11cdb4095dce8899d02342c5bc11b5.jpg,BÁNH BÔNG LAN TRÒN SOLITE Kem vị bơ sữa Hộp giấy 288g – 10 hộp/ thùng,https://banhkinhdo.com.vn/san-pham/banh-bong-lan-tron-solite-288g-kem-vi-bo-sua-tet-2024/
141,"
	BÁNH BÔNG LAN CUỘN SOLITE 288G (KEM VỊ LÁ DỨA) – TẾT 2024",,Kinh Đô,https://banhkinhdo.com.vn/wp-content/uploads/2023/11/z4920310239245_88c66ec588dc673bd8eb5084a4850132.jpg,BÁNH BÔNG LAN CUỘN SOLITE Kem vị lá dứa Hộp giấy 288g – 12 hộp/ thùng,https://banhkinhdo.com.vn/san-pham/banh-bong-lan-cuon-solite-288g-kem-vi-la-dua-tet-2024/
142,"
	BÁNH BÔNG LAN CUỘN SOLITE 288G – VỊ SOCOLA (TẾT 2024)",,Kinh Đô,https://banhkinhdo.com.vn/wp-content/uploads/2023/11/z4920242233267_686fbab5f41a7aad8978c5cd801e72e4.jpg,BÁNH BÔNG LAN CUỘN SOLITE Kem vị sôcôla Hộp giấy 288g – 12 hộp/ thùng,https://banhkinhdo.com.vn/san-pham/banh-bong-lan-cuon-solite-288g-vi-socola-tet-2024/
143,"
	KẸO SOCOLA KINH ĐÔ THẬP CẨM 330G – TẾT 2025",,Kinh Đô,https://banhkinhdo.com.vn/wp-content/uploads/2023/11/SOLA-KEO-BICH.jpg,KẸO SOCOLA KINH ĐÔ THẬP CẨM 330G – TẾT 2025 Túi 330gr – 10 túi/thùng,https://banhkinhdo.com.vn/san-pham/hop-qua-socola-sua-hanh-nhan-cadbury-dairy-milk-150g-tet-2024/
144,"
	KẸO SOCOLA KINH ĐÔ THẬP CẨM  138G – TẾT 2025",,Kinh Đô,https://banhkinhdo.com.vn/wp-content/uploads/2023/11/SOLA.jpg,KẸO SOCOLA KINH ĐÔ THẬP CẨM 138G Hộp giấy 138g -23 hộp/ thùng,https://banhkinhdo.com.vn/san-pham/hop-qua-socola-sua-cadbury-dairy-milk-150g-tet-2024/
145,"
	AFC BÁNH CRACKER DINH DƯỠNG 172G",,Kinh Đô,https://banhkinhdo.com.vn/wp-content/uploads/2023/11/z4919563754713_87d63b9cd5ba53aba1e3a76053f105f9-1.jpg,AFC BÁNH CRACKER DINH DƯỠNG Vị Lúa Mì/ Rau/ Tảo Biển/ Bò Bít Tết Hộp giấy 172g – 16 hộp/ thùng,https://banhkinhdo.com.vn/san-pham/afc-banh-cracker-dinh-duong-172g/
146,"
	BÁNH BÔNG LAN CUỘN SOLITE 324G (KEM VỊ DÂU + KEM VỊ LÁ DỨA) TẾT 2025",4264765,Kinh Đô,https://banhkinhdo.com.vn/wp-content/uploads/2023/11/SOLITE-CUON.jpg,Bánh bông lan tròn Solite (kem vị dâu + kem vị lá dứa) Hộp giấy + túi Bánh bông lan cuộn solite 324g – 10 hộp/thùng,https://banhkinhdo.com.vn/san-pham/banh-bong-lan-tron-solite-kem-vi-bo-sua-kem-vi-la-dua-tet-2021/
147,"
	BÁNH BÔNG LAN TẦNG SOLITE 238G (KEM VỊ CAM) TẾT 2025",,Kinh Đô,https://banhkinhdo.com.vn/wp-content/uploads/2023/11/SOLITE-CAM.jpg,Bánh bông lan tầng Solite (kem vị cam) 238g/hộp – 12 hộp/thùng,https://banhkinhdo.com.vn/san-pham/banh-bong-lan-tron-solite-kem-vi-bo-sua-kem-vi-dau-tet-2021/
148,"
	KẸO KINH ĐÔ SOCOLA  THẬP CẨM 230G TẾT 2025",,Kinh Đô,https://banhkinhdo.com.vn/wp-content/uploads/2023/11/SOLA-HOP.jpg,Kẹo kinh đô choco (hộp hình tim thập cẩm) 230g 20 hộp/ thùng,https://banhkinhdo.com.vn/san-pham/keo-kinh-do-choco-hop-hinh-tim-thap-cam-138g-tet-2021/
149,"
	BÁNH CRACKER AFC DINH DƯỠNG VỊ CỐM NON 2024 (261G)",4254966,Kinh Đô,https://banhkinhdo.com.vn/wp-content/uploads/2020/12/afc-banh-cracker-dinh-duong-vi-com-non-hop-giay.jpg,Bánh cracker AFC dinh dưỡng Vị cốm non Hộp giấy 261g – 16 hộp/thùng,https://banhkinhdo.com.vn/san-pham/banh-cracker-afc-dinh-duong-vi-rau-lua-mi-tet-2021/
150,"
	BÁNH CRACKER AFC DINH DƯỠNG VỊ CARAMEN FLAN 261G – TẾT 2024",4303508,Kinh Đô,https://banhkinhdo.com.vn/wp-content/uploads/2020/12/afc-banh-cracker-dinh-duong-vi-caramel-flan-600x600-1.jpg,Tên sản phẩm: Bánh cracker AFC dinh dưỡng Vị caramen flan Hộp giấy 216g – 16 hộp/thùng,https://banhkinhdo.com.vn/san-pham/banh-cracker-afc-dinh-duong-vi-rau-lua-mi-tet-2021-2/
151,"
	KẸO KINH ĐÔ CHOCO HỘP BÁT GIÁC THẬP CẨM 230G TẾT 2024",,Kinh Đô,https://banhkinhdo.com.vn/wp-content/uploads/2021/01/z4919513534131_0cd170d00fed909fce5565be792fcd0e.jpg,Hộp hình bát giác 230g thập cẩm 20 hộp/thùng,https://banhkinhdo.com.vn/san-pham/keo-kinh-do-choco-hop-bat-giac-thap-cam-230g-tet-2021/
152,"
	BÁNH QUY LU VERITABLE PETIT BEURRE HỘP THIẾC 600G TẾT 2024",4231826,Kinh Đô,https://banhkinhdo.com.vn/wp-content/uploads/2020/12/z4800316717764_ab7fe6ca50e65e6be9f65e522bd48ecd.jpg,Tên sản phẩm: Bánh quy Lu Veritable Petit Beurre Nhập khẩu trực tiếp từ Pháp 600g – 10 hộp/thùng,https://banhkinhdo.com.vn/san-pham/banh-quy-lu-veritable-petit-beurre-tet-2021/
153,"
	COSY BÁNH QUY BƠ THẬP CẨM SOCOLA (HỘP THIẾC) 546G TẾT 2024",4252743,Kinh Đô,https://banhkinhdo.com.vn/wp-content/uploads/2020/12/banh-cosy-quy-bo-thap-cam-socola-hop-thiec.jpg,"Tên sản phẩm Trọng lượng Giá Quy cách Cosy bánh quy bơ thập cẩm socola (hộp thiếc 546g) 546g 155,000/hộp 6 hộp/thùng",https://banhkinhdo.com.vn/san-pham/cosy-banh-quy-bo-thap-cam-kep-kem-hop-thiec/
154,"
	COSY BÁNH QUY BƠ THẬP CẨM RẮC HẠT (HỘP GIẤY) TẾT 2024",,Kinh Đô,https://banhkinhdo.com.vn/wp-content/uploads/2020/12/banh-quy-bo-cosy-thap-cam-rac-hat-hop-giay.jpg,Tên sản phẩm:  Cosy bánh quy bơ thập cẩm rắc hạt Hộp giấy 330g x 12 hộp/thùng,https://banhkinhdo.com.vn/san-pham/cosy-banh-quy-bo-thap-cam-rac-hat-hop-giay/
155,"
	COSY BÁNH XỐP 2 TRONG 1 (gói 148g) TẾT 2024",,Kinh Đô,https://banhkinhdo.com.vn/wp-content/uploads/2023/11/banh-cosy-xop-2-trong-1-ci-dau-bac-ha.jpg,"Tên sản phẩm Trọng lượng Giá Quy cách Cosy bánh xốp 2 trong 1 (Kem vị dâu the lạnh / Kem vị dừa lá dứa) 148g 16,500/gói 24 gói/thùng",https://banhkinhdo.com.vn/san-pham/cosy-banh-quy-bo-thap-cam-rac-hat-hop-thiec/
156,"
	COSY MARIE – BÁNH QUY SỮA ( HỘP GIẤY ) 528G TẾT 2024",COSYS65,Kinh Đô,https://banhkinhdo.com.vn/wp-content/uploads/2020/12/z4800330152117_6d16888018c90beedb27df6f2f32f1a6.jpg,Tên sản phẩm: Cosy Marie Bánh quy sữa ( Hộp giấy) Trọng lượng: 528g Quy cách: 8 hộp/thùng,https://banhkinhdo.com.vn/san-pham/cosy-wonderful-banh-quy-hat-socola-yen-mach-hop-thiec/
157,"
	COSY BÁNH QUY BƠ THẬP CẨM SOCOLA (HỘP THIẾC) 378G TẾT 2024",4252773,Kinh Đô,https://banhkinhdo.com.vn/wp-content/uploads/2021/01/banh-cosy-quy-bo-thap-cam-socola-hop-thiec.jpg,Tên sản phẩm: Cosy bánh quy bơ Socola Hộp thiếc 378g – 8 hộp/thùng,https://banhkinhdo.com.vn/san-pham/cosy-banh-quy-bo-socola-hop-thiec/
158,"
	BÁNH QUY OREO VỊ VANI 303.6G ( HỘP ĐỎ ) TẾT 2024",4303479,Kinh Đô,https://banhkinhdo.com.vn/wp-content/uploads/2020/12/z4800330174468_7f7d7744766f198926384ff06fbe298f.jpg,Hộp bánh biếu tặng Bánh Quy Oreo vị Vani 303.6g – 12 hộp/thùng,https://banhkinhdo.com.vn/san-pham/banh-quy-oreo-vi-kem-socola/
159,"
	BÁNH QUY COSY BƠ THẬP CẨM (HỘP THIẾC 600G) TẾT 2024",,Kinh Đô,https://banhkinhdo.com.vn/wp-content/uploads/2020/12/banh-quy-bo-cosy-thap-cam-hop-thiec.jpg,Tên sản phẩm: Bánh quy cosy bơ thập cẩm 600g (hộp thiếc) Hộp thiếc 600g – 6 hộp/thùng,https://banhkinhdo.com.vn/san-pham/banh-que-socola-hop-thiec/
160,"
	COSY BÁNH QUY BƠ THẬP CẨM SOCOLA ( HỘP GIẤY ) 330G TẾT 2024",4264345,Kinh Đô,https://banhkinhdo.com.vn/wp-content/uploads/2021/01/z4800330188319_9cb6699169792f9d6f56171608422716.jpg,Tên sản phẩm: Cosy Bánh quy bơ thập cẩm socola ( Hộp giấy) Trọng lượng: 330g Quy cách: 12 hộp/thùng,https://banhkinhdo.com.vn/san-pham/cosy-banh-quy-bo-thap-cam-rac-hat-hop-thiec-546g-tet-2021/
161,"
	COSY BÁNH QUY HẠT – SOCOLA YẾN MẠCH 196G (TẾT 2024)",4264347,Kinh Đô,https://banhkinhdo.com.vn/wp-content/uploads/2023/11/banh-quy-cosy-hat-socola-yen-mach-510x510-1.jpg,Tên sản phẩm: Cosy Bánh quy hạt socola yến mạch ( Hộp giấy) Trọng lượng: 196g Quy cách: 10 hộp/thùng,https://banhkinhdo.com.vn/san-pham/cosy-banh-quy-bo-thap-cam-kep-kem-hop-thiec-546g-tet-2021/
162,"
	BÁNH BÔNG LAN TRÒN SOLITE (KEM VỊ BƠ SỮA + KEM VỊ DÂU) TẾT 2025",4264766,Kinh Đô,https://banhkinhdo.com.vn/wp-content/uploads/2023/11/SOLITE-TRON.jpg,Bánh bông lan tròn Solite Hộp giấy + túi Bánh bông lan tròn solite Kem vị dâu – kem vị bơ sữa 288g – 10 hộp/thùng,https://banhkinhdo.com.vn/san-pham/banh-bong-lan-tron-solite-kem-vi-la-dua-kem-vi-dau-tet-2021/
163,"
	COSY BÁNH QUY BƠ THẬP CẨM  BƠ SỮA (HỘP THIẾC) 378G TẾT 2025",4252774,Kinh Đô,https://banhkinhdo.com.vn/wp-content/uploads/2023/11/COSY-VANG.jpg,"Tên sản phẩm Trọng lượng Giá Quy cách Cosy bánh quy bơ thập cẩm  socola (hộp thiếc) 378g 115,000/hộp 8 hộp/thùng",https://banhkinhdo.com.vn/san-pham/cosy-banh-quy-bo-thap-cam-socola-hop-thiec/
164,"
	Giỏ QUÀ Tết 2025 AN KHANG II",HG029,Kinh Đô,https://banhkinhdo.com.vn/wp-content/uploads/2022/12/SET-1525.jpg,"Với người Việt Nam, Tết không chỉ là khoảng thời gian chuyển giao giữa năm cũ và năm mới , mà nó còn chứa đựng nhiều ý nghĩa tâm linh, văn hóa,… Theo quan niệm phương Đông, đây là khoảng thời gian trời đất có sự giao hòa và con người hướng về cội nguồn tổ tiên , thêm gắn bó mối quan hệ gia đình, thêm sâu sắc mối quan hệ bạn bè, đồng nghiệp,… Bên cạnh đó, đây còn được coi là ngày “làm mới”, ngày để mọi người có thể hy vọng vào một năm mới an lành, sung túc, thuận lợi trong cả năm và gác lại mọi điều không may mắn trong năm cũ. HỘP QUÀ AN KHANG II– Set Quà Tết 2024 Cao Cấp gửi gắm niềm yêu thương, ước mong hạnh phúc – bình an , sẽ là món quà vô cùng ý nghĩa để gửi tặng gia đình, người thân , và bạn bè. HỘP QUÀ AN KHANG II gồm: 01 Socola Ferrero Rocher 200gr 01 Hạt macca 250gr 01 Hộp bánh quy Rotaz Gold 01 Hộp bánh Madeleines Pháp 250gr 01 Hộp giấy cao cấp+ túi xách 01 Rượu vang Passole Rosso – Ý (Nhập khẩu nguyên chai) Vùng trồng nho: Sicilia Giống nho: Blend Nồng độ : 14% 01 Hộp giấy và túi xách; GIÁ BÁN CHƯA BAO GỒM VAT..",https://banhkinhdo.com.vn/san-pham/hop-qua-an-khang-ii-set-qua-tet-sang-trong-2023/
165,"
	Giỏ QUÀ tết 2025 AN KHANG I",HG027,Kinh Đô,https://banhkinhdo.com.vn/wp-content/uploads/2022/12/SET-1150.png,"Với người Việt Nam, Tết không chỉ là khoảng thời gian chuyển giao giữa năm cũ và năm mới , mà nó còn chứa đựng nhiều ý nghĩa tâm linh, văn hóa,… Theo quan niệm phương Đông, đây là khoảng thời gian trời đất có sự giao hòa và con người hướng về cội nguồn tổ tiên , thêm gắn bó mối quan hệ gia đình, thêm sâu sắc mối quan hệ bạn bè, đồng nghiệp,… Bên cạnh đó, đây còn được coi là ngày “làm mới”, ngày để mọi người có thể hy vọng vào một năm mới an lành, sung túc, thuận lợi trong cả năm và gác lại mọi điều không may mắn trong năm cũ. HỘP QUÀ AN KHANG I– Set Quà Tết 2024 Cao Cấp gửi gắm niềm yêu thương, ước mong hạnh phúc – bình an , sẽ là món quà vô cùng ý nghĩa để gửi tặng gia đình, người thân , và bạn bè. HỘP QUÀ AN KHANG I gồm 01 Chai rượu vang Chateau La Grande – Pháp (Nhập khẩu nguyên chai) 01 Bánh Majestic 01 Socola Golden 200gr 01 Bánh quy Celina 01 Nấm linh chi 40gr 01 Hạt macca 250gr 01 Hộp giấy + túi xách cao cấp Thông tin rượu: Tên rượu : Rượu vang Chateau La Grande – Pháp Vùng trồng nho:Bordeaux Giống nho: Cabernet Sauvignon Nồng độ :14% GIÁ BÁN CHƯA BAO GỒM VAT 10%.",https://banhkinhdo.com.vn/san-pham/hop-qua-an-khang-i-set-qua-tet-sang-trong-2023/
166,"
	Hộp 2 Bánh – Thu An Khang 1 Nướng 1 Dẻo",HG01,Kinh Đô,https://banhkinhdo.com.vn/wp-content/uploads/2024/07/Hop-2-banh.jpg,Thương hiệu: Kinh Đô Hộp 2 bánh trung thu kinh đô bao gồm: Dẻo Hạt Sen Hạt Dưa 1 Trứng ĐB 230G; Đậu Xanh Hạt Dưa Đb 210G; 1 Túi đi kèm.,https://banhkinhdo.com.vn/san-pham/banh-trung-thu-hop-2-banh-hg01/
167,"
	Hộp 2 Bánh – Thu Hạnh Phúc 2 Ngọt",thuhanhphuc,Kinh Đô,https://banhkinhdo.com.vn/wp-content/uploads/2024/07/Hop-2-banh.jpg,Thương hiệu: Kinh Đô Thu Hạnh Phúc – Hộp 2 Bánh bao gồm: 1. Đậu Xanh Hạt Dưa 2 Trứng ( Đặc Biệt); 2. Khoai Môn Hạt Sen 2 Trứng ( Đặc Biệt) Hộp và túi giấy đi kèm.,https://banhkinhdo.com.vn/san-pham/thu-hanh-phuc-hop-2-banh/
168,"
	Hộp 2 Bánh – Thu Bình An 1 Mặn 1 Ngọt",thusumvay,Kinh Đô,https://banhkinhdo.com.vn/wp-content/uploads/2024/07/Hop-2-banh.jpg,Thương hiệu: Kinh Đô Thu Bình An – Hộp 2 Bánh bao gồm: 1. Lạp Xưởng Ngũ Hạt  2 trứng ĐB 210g 2. Khoai Môn Hạt Sen 2 trứng ĐB 210g,https://banhkinhdo.com.vn/san-pham/thu-sum-vay-hop-2-banh/
169,"
	Hộp 2 Bánh – Thu An Nhiên 1 Mặn 1 Ngọt",bodoihoanhao,Kinh Đô,https://banhkinhdo.com.vn/wp-content/uploads/2024/07/Hop-2-banh.jpg,Thương hiệu: Kinh Đô Thu An Nhiên – Hộp 2 Bánh bao gồm: 1. Gà Quay Xốt X.O 2TR ĐB 210g 2. Dẻo Đậu Xanh Hatj Dưa  ĐB 230g,https://banhkinhdo.com.vn/san-pham/bo-doi-hoan-hao-hop-2-banh/
170,"
	Hộp 2 Bánh – An Khang ( Nhỏ) 2 Ngọt",phuan,Kinh Đô,https://banhkinhdo.com.vn/wp-content/uploads/2024/07/Hop-2-banh.jpg,Thương hiệu: Kinh Đô An Khang- Hộp 2 Bánh Nướng bao gồm: 1. Dẻo đậu xanh 1 trứng 180g; 2. Thập cẩm Jambon 1 Trứng 150G,https://banhkinhdo.com.vn/san-pham/bo-doi-phu-an-hop-2-banh-nuong/
171,"
	Hộp 2 Bánh – Thu Bình An ( Nhỏ) 1 Mặn 1 Ngọt",thunhuy,Kinh Đô,https://banhkinhdo.com.vn/wp-content/uploads/2024/07/Hop-2-banh.jpg,Thương hiệu: Kinh Đô Hộp 2 bánh trung thu Kinh Đô  bao gồm: 1. Thập Cẩm Lạp Xưởng 1 Trứng 150G; 2. Hạt sen 1 trứng 150G,https://banhkinhdo.com.vn/san-pham/thu-nhu-y-hop-4-banh/
172,"
	Hộp 4 Bánh – Thu Vạn Tài 4 Ngọt",thutruongtho,Kinh Đô,https://banhkinhdo.com.vn/wp-content/uploads/2024/07/KDMC-CATA25-hinh-anh-19.jpg,"Để đáp ứng nhu cầu tặng quà nhanh chóng và phù hợp với khẩu vị người sử dụng, team Hoàng Gia xin gửi tới quý khách Thu Vạn Tài – Hộp 4 Bánh gồm có: Sữa Dừa Hạt Dưa 2 Trứng 210G; Đậu Đỏ Kiểu Nhật 2 trứng 210G Hạt Sen Mứt Dừa 2 trứng 210G Đậu Xanh Hạt Dưa ĐB 1 trứng 230G",https://banhkinhdo.com.vn/san-pham/thu-truong-tho-hop-4-banh/
173,"
	Hộp 4 Bánh – Thu Vui Khỏe 3 Ngọt 1 Mặn",thuvanloc,Kinh Đô,https://banhkinhdo.com.vn/wp-content/uploads/2024/07/KDMC-CATA25-hinh-anh-19.jpg,"Để đáp ứng nhu cầu tặng quà nhanh chóng và phù hợp với khẩu vị người sử dụng, team Hoàng Gia xin gửi tới quý khách Hộp 4 Bánh bao gồm: Gà quay sốt X.O ( 2 TRỨNG ) ĐB 210G Đậu Xanh Hạt Dưa ( 2 TRỨNG ) ĐB 210G Dẻo Hạt Sen Hạt Dưa  ( 1 TRỨNG ) ĐB 230G Đậu Đỏ Kiểu Nhật ( 2 TRỨNG ) ĐB 210G",https://banhkinhdo.com.vn/san-pham/thu-van-loc-hop-4-banh/
174,"
	Hộp 4 Bánh – Thu Vạn Phúc 2 Mặn 2 Ngọt",thuvanan,Kinh Đô,https://banhkinhdo.com.vn/wp-content/uploads/2024/07/KDMC-CATA25-hinh-anh-19.jpg,"Thương hiệu: Kinh Đô Để đáp ứng nhu cầu tặng quà nhanh chóng và phù hợp với khẩu vị người sử dụng, team Hoàng Gia xin gửi tới quý khách Thu Vạn Phúc – Hộp 4 Bánh 2 Ngọt 2 Mặn bao gồm: Gà Quay Xốt X.O 2 Trứng 210G; Lạp Xưởng Ngũ Hạt 2 Trứng 210G; Hạt sen trà xanh 2 Trứng 210G; Đậu Xanh Hạt Dưa 2 Trứng 210G; 1 Hộp 1 Túi đi kèm.",https://banhkinhdo.com.vn/san-pham/thu-van-an-hop-4-banh/
175,"
	Hộp 4 Bánh – Thu Vạn Lộc 2 Mặn 2 Ngọt",thuvantai,Kinh Đô,https://banhkinhdo.com.vn/wp-content/uploads/2024/07/KDMC-CATA25-hinh-anh-19.jpg,"Để đáp ứng nhu cầu tặng quà nhanh chóng và phù hợp với khẩu vị người sử dụng, team Hoàng Gia xin gửi tới quý khách Thu Vạn Lộc – Hộp 4 Bánh Ngọt bao gồm: Gà Quay Xốt X.O 2 Trứng 210G; Jambon Xá Xíu 2 Trứng 210G; Hạt Sen Mứt Dừa 2 Trứng 210G Đậu xanh Hạt Dưa ĐB 210G",https://banhkinhdo.com.vn/san-pham/phu-qui-loc-quyen-lai-4-banh-nuong/
176,"
	Hộp 4 Bánh – Thu Vạn Phúc ( Nhỏ) 2 Mặn 2 Ngọt",H2B1,Kinh Đô,https://banhkinhdo.com.vn/wp-content/uploads/2024/07/KDMC-CATA25-hinh-anh-19.jpg,"Để đáp ứng nhu cầu tặng quà nhanh chóng và phù hợp với khẩu vị người sử dụng, team Hoàng Gia xin gửi tới quý khách Hộp 4 bánh phù hợp làm quà biếu tặng. Hộp bao gồm : 1. Gà Quay Jambon 1 Trứng 150G; 2. Thập Cẩm Jambon 1 Trứng 150G; 3. Dẻo đậu xanh 0 Trứng 150G; 4. Cốm dừa 0 Trứng 150G; 01 vỏ hộp 4 bánh; 01 túi giấy.",https://banhkinhdo.com.vn/san-pham/hop-2-banh-230g/
177,"
	Hộp 4 Bánh – Thu Vạn Lộc ( Nhỏ) 2 Mặn 2 Ngọt",H2B2,Kinh Đô,https://banhkinhdo.com.vn/wp-content/uploads/2024/07/KDMC-CATA25-hinh-anh-19.jpg,"Để đáp ứng nhu cầu tặng quà nhanh chóng và phù hợp với khẩu vị người sử dụng, team Hoàng Gia xin gửi tới quý khách Hộp 4 bánh phù hợp làm quà biếu tặng. Hộp bao gồm : 1. Gà Quay Jambon 1 Trứng 150G; 2. Thập Cẩm Lạp Xưởng 1 Trứng 150G; 3. Đậu Xanh 1 Trứng 150G; 4. Sữa Dừa 1 trứng 150G; 01 vỏ hộp 4 bánh; 01 túi giấy.",https://banhkinhdo.com.vn/san-pham/hop-2-banh-150g/
178,"
	Hộp 4 Bánh – Thu Vạn Tài ( Nhỏ) 2 Mặn 2 Ngọt",thuvuikhoe,Kinh Đô,https://banhkinhdo.com.vn/wp-content/uploads/2024/07/KDMC-CATA25-hinh-anh-19.jpg,"Thương hiệu: Kinh Đô Thu Vạn Tài nhỏ – Hộp 4 Bánh bao gồm: 1. Thập Cẩm Jambon 1 Trứng ; 2. Thập Cẩm Lạp Xưởng 1 Trứng 3, Khoai Môn 1 trứng 150g; 4. Đậu Xanh 1 Trứng.",https://banhkinhdo.com.vn/san-pham/thu-vui-khoe-hop-4-banh/
179,"
	Hộp 4 Bánh – Thu Trân Quý ( Bánh dành cho người ăn kiêng, ăn chay)",Thutranquy,Kinh Đô,https://banhkinhdo.com.vn/wp-content/uploads/2024/07/KDMC-CATA25-hinh-anh-19.jpg,Thương hiệu: Kinh Đô Thu Trân Quý – Hộp 4 Bánh bao gồm: 1. XDX Đậu xanh hạnh nhân 0 trứng 150G ( 2 chiếc); 2. XHS Hạt sen hạt chia 0 trứng 150G ( 2 chiếc),https://banhkinhdo.com.vn/san-pham/thu-tran-quy-hop-4-banh/
180,"
	Hộp 2 Bánh – Thu Hạnh Phúc ( Nhỏ) 1 Nướng 1 Dẻo",thudoanvien,Kinh Đô,https://banhkinhdo.com.vn/wp-content/uploads/2024/07/KDMC-CATA25-hinh-anh-19.jpg,Thương hiệu: Kinh Đô Hộp 2 bánh trung thu kinh đô Thu Hạnh Phúc bao gồm:\ Thập cẩm lạp xưởng 1 trứng 150g; Dẻo đậu xanh 1 trứng 180g;,https://banhkinhdo.com.vn/san-pham/thu-doan-vien-hop-4-banh/
181,"
	Hộp 4 Bánh – Thu Vui Khỏe ( Nhỏ) 2 Mặn 1 Ngọt 1 Dẻo",TVKn,Kinh Đô,https://banhkinhdo.com.vn/wp-content/uploads/2024/07/KDMC-CATA25-hinh-anh-19.jpg,"Để đáp ứng nhu cầu tặng quà nhanh chóng và phù hợp với khẩu vị người sử dụng, team Hoàng Gia xin gửi tới quý khách Hộp 4 bánh  Đặc Biệt. Hộp bao gồm : 1. Gà Quay Jambon 0 Trứng 150G; 2. Thập Cẩm Lạp Xưởng 1 Trứng 150G; 3. Dẻo Đậu xanh 180G; 4. Khoai Môn 1 trứng 150G; 01 vỏ hộp bánh cao cấp; 01 túi giấy.",https://banhkinhdo.com.vn/san-pham/thu-binh-an-hop-4-banh/
182,"
	BÁNH LÁT KHOAI TÂY SLIDE 90G",,Kinh Đô,https://banhkinhdo.com.vn/wp-content/uploads/2023/11/z5905220244053_4c9c8b34e2f2b533a87d7a569d58ae9c.jpg,BÁNH LÁT KHOAI TÂY SLIDE Vị Bò Bít Tết/ Vị Nguyên Bản/ Phô Mai/ Thơm Cay/ Kem Chua & Hành/ 90g – 14 lon/ 1 thùng,https://banhkinhdo.com.vn/san-pham/banh-lat-khoai-tay-slide-90g/
183,"
	BÁNH QUY LU BƠ NHÂN SOCOLA CHẢY 80GR TẾT 2025",,Kinh Đô,https://banhkinhdo.com.vn/wp-content/uploads/2024/10/lU-HOP-GIAY.jpg,Bánh Quy Bơ nhân Socola chảy Hộp giấy 80gr – 30 hộp/thùng,https://banhkinhdo.com.vn/san-pham/banh-quy-lu-bo-nhan-socola-chay-80gr/
184,"
	BÁNH QUY LU VERITABLE PETIT BEURRE 600GR ( HỘP THIẾC) TẾT 2025",,Kinh Đô,https://banhkinhdo.com.vn/wp-content/uploads/2024/10/lU-BO.jpg,BÁNH QUY LU VERITABLE PETIT BEURRE Nhập khẩu trực tiếp từ Pháp 264.000/ Hộp Thiếc 600gr – 10 hộp/thùng,https://banhkinhdo.com.vn/san-pham/banh-quy-lu-veritable-petit-beurre-600gr-hop-thiec/
185,"
	COSY BÁNH QUY BƠ THẬP CẨM  SOCOLA (HỘP THIẾC) 546G TẾT 2025",,Kinh Đô,https://banhkinhdo.com.vn/wp-content/uploads/2024/10/COSY-DO.jpg,"Tên sản phẩm Trọng lượng Giá Quy cách Cosy bánh quy bơ thập cẩm  socola (hộp thiếc) 378g 163,000/hộp 6hộp/thùng",https://banhkinhdo.com.vn/san-pham/cosy-banh-quy-bo-thap-cam-socola-hop-thiec-546g-tet-2025/
186,"
	COSY BÁNH QUY BƠ THẬP CẨM  SOCOLA (HỘP THIẾC) 378G TẾT 2025",,Kinh Đô,https://banhkinhdo.com.vn/wp-content/uploads/2024/10/COSY-DO.jpg,"Tên sản phẩm Trọng lượng Giá Quy cách Cosy bánh quy bơ thập cẩm  socola (hộp thiếc) 378g 115,000/hộp 8 hộp/thùng",https://banhkinhdo.com.vn/san-pham/cosy-banh-quy-bo-thap-cam-socola-hop-thiec-378g-tet-2025/
187,"
	BÁNH QUY THẬP CẨM – CẦU DỪA ĐỦ XÀI 300GR TẾT 2025",,Kinh Đô,https://banhkinhdo.com.vn/wp-content/uploads/2024/10/z5905220690398_1af7ce366188674108498447b216728d.jpg,Bánh quy thập cẩm Cầu Dừa Đủ Xài 330g-10 hộp/thùng 83k/hộp kèm túi giấy,https://banhkinhdo.com.vn/san-pham/banh-quy-thap-cam-cau-dua-du-xai-300gr/
188,"
	Hộp Quà Tết 2025 Bánh QUY OREO THẬP CẨM 303.6G TẾT 2025",,Kinh Đô,https://banhkinhdo.com.vn/wp-content/uploads/2024/10/oreo-giay.jpg,Hộp quà biếu tặng Độc đáo với bánh quy Oreo vị vani Trọng lượng: 303.6G (46.500/ hộp) Quy cách: 12 hộp/thùng,https://banhkinhdo.com.vn/san-pham/hop-qua-tet-2025-banh-quy-oreo-thap-cam-303-6g/
189,"
	BÁNH BÔNG LAN CUỘN SOLITE – KEM VỊ LÁ DỨA 288GR – TẾT 2025",,Kinh Đô,https://banhkinhdo.com.vn/wp-content/uploads/2024/10/SOLITE-CUON-DUA.jpg,BÁNH BÔNG LAN CUỘN SOLITE Kem vị lá dứa Hộp giấy 288g – 12 hộp/ thùng,https://banhkinhdo.com.vn/san-pham/banh-bong-lan-cuon-solite-kem-vi-la-dua-288gr-tet-2025/
190,"
	BÁNH BÔNG LAN TRÒN SOLITE 288GR – TẾT 2025",,Kinh Đô,https://banhkinhdo.com.vn/wp-content/uploads/2024/10/288gr.jpg,BÁNH BÔNG LAN TRÒN SOLITE Kem vị bơ sữa Hộp giấy 288g – 10 hộp/ thùng,https://banhkinhdo.com.vn/san-pham/banh-bong-lan-tron-solite-288gr-tet-2025/
191,"
	GIỎ QUÀ TẾT 2025 PHÚ QUÝ AN KHANG 2408",ST0016,Kinh Đô,https://banhkinhdo.com.vn/wp-content/uploads/2024/01/ST0016.jpg,Set quà bao gồm : 01 Thức uống; 01 Cà phê Vinacafe Gold Original 3in1 20g*18; 01 Kẹo trái cây Sunrise; 01 Socola Kitkat tết 238g/204g; 01 Bánh quy hỗn hợp MM 400g; 01 Khoai tây chiên Pringles Phô mai 102g; 01 Trà Tearoma tắc mật ong 14g*14; 01 bánh Go Choco Rollz 320g; 01 Bia Sài Gòn Gold Sleek 330ml; 01 lãng oval mành; 01 Màng co túi trắng; Nơ rút kim sa.,https://banhkinhdo.com.vn/san-pham/set-qua-tet-phu-quy-an-khang-2408/
192,"
	HỘP QUÀ TẾT 2025 PHÚ QUÝ AN KHANG 2407",ST0015,Kinh Đô,https://banhkinhdo.com.vn/wp-content/uploads/2024/01/ST0015.jpg,Hộp quà bao gồm : 01 Thức uông; 01 Bánh quy Danisa Nam Việt Quất 90g; 01 Trà Lipton Ice Tea Chanh 12g*16; 01 Phô mai Con bò cười 16 miếng 224g; 01 Nước cốt cà phê sữa Nescafe 75ml*5; 01 Khoai tây chiên Bitee truyền thống 110g; 01 Kẹo Calipzo lục giác Vĩnh Tiến; 01 Hộp tết đoàn viên; 01 Túi giấy tết đoàn viên.,https://banhkinhdo.com.vn/san-pham/hop-qua-tet-phu-quy-an-khang-2407/
193,"
	HỘP QUÀ TẾT 2025 PHÚ QUÝ BÌNH AN 2410",St0014,Kinh Đô,https://banhkinhdo.com.vn/wp-content/uploads/2024/01/ST0014.jpg,Hộp quà bao gồm : 01 nước trái cây lên men Sangria 750ml; 01 Cà phê Legend Cappuccino Mocha 18g*12; 01 Phô mai Con bò cười 8 miếng 112g; 01 Bánh quy hoa bơ Marika 252g; 01 Kẹo Socola Kitkat Chunky 114g; 01 Đậu Hà Lan Wassabi Tonggarden 180g; Hộp tết + túi giấy.,https://banhkinhdo.com.vn/san-pham/hop-qua-tet-phu-quy-binh-an-2410/
194,"
	HỘP QUÀ TẾT 2025 PHÚ QUÝ BÌNH AN 2409",ST0013,Kinh Đô,https://banhkinhdo.com.vn/wp-content/uploads/2024/01/ST0013.jpg,Hộp quà bao gồm: 01 Nước nho trắng có gas EVA nguyên chất 100% 750ml; 01 Trà thảo mộc Purella thanh lọc 35g; 01 Ngũ cốc thanh năng lượng BA! 120g; 01 Quả nam việt quất sấy Bakalland 90g; 01 Quả chà là sấy Bakalland 400g; Hộp quà + túi.,https://banhkinhdo.com.vn/san-pham/hop-qua-tet-phu-quy-binh-an-2409/
195,"
	HỘP QUÀ TẾT 2025 PHÚ QUÝ SUM VẦY 2402",ST0012,Kinh Đô,https://banhkinhdo.com.vn/wp-content/uploads/2024/01/ST0012.jpg,Sản phẩm bao gồm: 01 Thức uống; 01 Bánh quy bơ thập cẩm LU310g; 01 Cà phê The Coffee House sữa đá hòa tan 22g*10; 01 Phô mai con bò cười hộp 8 miếng 112g; 01 Hộp gấp xếp đế sóng.,https://banhkinhdo.com.vn/san-pham/hop-qua-tet-phu-quy-sum-vay-2402/
196,"
	GIỎ QUÀ TẾT 2025 PHÚ QUÝ SUM VẦY 2401",ST0011,Kinh Đô,https://banhkinhdo.com.vn/wp-content/uploads/2024/01/ST0010.jpg,Set bao gồm : 01 Cà phê đen hòa tan King 2g*15; 01 Bia Sài Gòn Sleek 330ml; 01 Đậu phộng tỏi ớt Tài Tài 250g; 01 Kẹo Orca mix lục giác 100g; 01 Bột đậu xanh hạt sen MM 35*10g; 06 Nước ngọt Pepsi Cola Sleek 320ml; 01 Lãng oval mành; 01 Màng co túi trắng; 01 Nơ rút kim sa.,https://banhkinhdo.com.vn/san-pham/set-qua-tet-phu-quy-sum-vay-2401/
197,"
	GIỎ QUÀ TẾT 2025 PHÚ QUÝ SUM VẦY 2404",ST0010,Kinh Đô,https://banhkinhdo.com.vn/wp-content/uploads/2024/01/ST0011-1.jpg,Set bao gồm : 01 Thức uống; 06 Nước ngọt Coca Cola 320ml; 01 Bột cacao Milo hộp 285g; 01 kẹo cứng Alpenliebe lục giác 119g; 01 bánh kem xốp MM 360g; 01 Cà phê Trung Nguyên Cappuccino Lengend Hazelnut hộp 18g*12; 01 Lẵng oval mành; 01 màng co túi trắng; 01 Nơ rút kim sa.,https://banhkinhdo.com.vn/san-pham/set-qua-tet-phu-quy-sum-vay-2404/
198,"
	GIỎ QUÀ TẾT 2025 PHÚ QUÝ SUM VẦY 2403",ST009,Kinh Đô,https://banhkinhdo.com.vn/wp-content/uploads/2024/01/ST009.jpg,Set quà bao gồm : 01 Thức uống; 01 Phô mai con bò cười 16 miếng 224g; 01 Trà Nestea 3 vị 8*100g; 01 Bánh quy coffee joy 156g; 01 Cà phê sữa G7 16g*21; Hộp giấy xếp đế sóng E,https://banhkinhdo.com.vn/san-pham/set-qua-tet-phu-quy-sum-vay-2403/
199,"
	GIỎ QUÀ TẾT 2025 PHÚ QUÝ LỘC PHÁT 2414",ST008,Kinh Đô,https://banhkinhdo.com.vn/wp-content/uploads/2024/01/ST008.jpg,Set bao gồm : 01 Thức uống; 01 Bánh quy bơ Danisa 454g; 01 Bia Sài Gòn gold sleek 330ml; 01 Bột lúa mạch cacao Ovaltine 400g; 01 Socola Ferrero 375g; 01 Mứt dâu Golden Farm 450g; Hộp phúc / túi giấy.,https://banhkinhdo.com.vn/san-pham/set-qua-tet-phu-quy-loc-phat-2414/
200,"
	GIỎ QUÀ TẾT 2025 PHÚ QUÝ LỘC PHÁT 2413",ST007,Kinh Đô,https://banhkinhdo.com.vn/wp-content/uploads/2024/01/ST007.jpg,Set bao gồm : 01 Thức uống kèm hộp; 01 Cà phê Davidoff Espresso 57 hũ 100g; 01 Socola Ferrero 200g.,https://banhkinhdo.com.vn/san-pham/set-qua-tet-phu-quy-loc-phat-2413/
201,"
	SET QUÀ TẾT 2025 PHÚ QUÝ 2412",ST006,Kinh Đô,https://banhkinhdo.com.vn/wp-content/uploads/2024/01/ST006.jpg,Set quà bao gồm : 01 Thức uống; 01 Cà phê hòa tan Tchibo Gold 100g; 01 Trà Olong Tâm Châu hộp gỗ 100g; 01 Kẹo Start Mix đèn lồng 100g; 01 Đậu phộng da cá Tonggarden 150g; 01 Quả chà là sấy Bakalland 100g; 01 Bánh quy bơ Danisa Butter 200g; Hộp tết + Túi Giấy,https://banhkinhdo.com.vn/san-pham/set-qua-tet-pq-phu-quy-2412/
202,"
	SET QUÀ TẾT 2025 PHÚ QUÝ 2411",ST005,Kinh Đô,https://banhkinhdo.com.vn/wp-content/uploads/2024/01/ST005.jpg,Set bao gồm : Thức uống + kèm hộp; Hạt mắc ca Tili 350g; Hạt dẻ cười Tili 300g.,https://banhkinhdo.com.vn/san-pham/set-qua-tet-pq-phu-quy-2411/
203,"
	GIỎ QUÀ TẾT 2025 PHÚ QUÝ AN KHANG 2406",ST004,Kinh Đô,https://banhkinhdo.com.vn/wp-content/uploads/2024/01/ST004.jpg,Set quà bao gồm : 01 Thức uống; 01 Bánh Opera Qrion Choco hộp 336g; 01 Bánh Custas kem trứng hôp 276g; 01 Bánh Choco-Pie hộp 198g; 01 Bánh Custas kem cốm hộp 138g; 01 Bánh Goute Orion hạt 158g;,https://banhkinhdo.com.vn/san-pham/set-qua-tet-phu-quy-an-khang-2406/
204,"
	GIỎ QUÀ TẾT 2025 PHÚ QUÝ AN KHANG 2405",ST003,Kinh Đô,https://banhkinhdo.com.vn/wp-content/uploads/2024/01/ST003.jpg,Set Quà bao gồm : 01 Thức uống; 01 Ngũ cốc thanh năng lượng Ba! 120g; 01 Hạt dẻ cười rang muối Bakalland 40g; 01 Quả nam việt quất sấy Bakalland 90g; 01 Quả chà là sấy Bakalland 100g; Hộp quà + túi đi kèm,https://banhkinhdo.com.vn/san-pham/set-qua-tet-phu-quy-an-khang-2405/
205,"
	GIỎ QUÀ TẾT 2025 PHÚ QUÝ LỘC PHÁT 2416",ST002,Kinh Đô,https://banhkinhdo.com.vn/wp-content/uploads/2024/01/ST002.jpg,Set quà bao gồm ” 01 Thức uống; 01 Mật ong rừng sữa chúa 730g; 01 Mứt cam Golden Farm 450g; 01 Bột lúa mạch cacao Ovaltine hũ 400g; 01 Bnhs Tresor Dore vuông 300g; 01 Cà phê Legend Cappuccino hazelnut 28g*12g; 01 Hộp Chocolate hạnh nhân Vintage Luxury 125g; 01 Trà lá Twinings Englissh Breakfasst 100g; 01 Lạp xưởng mai quế lộ Vissan hộp 0.5kg; 01 Hạnh nhân rang muối Tongarden 140g; 01 Khay hộp gỗ thuyền cao cấp.,https://banhkinhdo.com.vn/san-pham/set-qua-tet-phu-quy-loc-phat-2416/
206,"
	GIỎ QUÀ TẾT 2025 PHÚ QUÝ LỘC PHÁT 2415",ST001,Kinh Đô,https://banhkinhdo.com.vn/wp-content/uploads/2024/01/ST001.jpg,Sản phẩm bao gồm ” 01 Thức uống; 01 Hộp kẹo the hương dưa hấu Playmore 40g; 01 Bánh Cracker bắp Oxford 150G; 01 Hộp bánh quy mật ong Misura 200; 01 Hộp quà quai xách đỏ ; 01 Hộp kẹo the hỗn hợp khổng lồ Playmore 80g; Bánh quế nhân kem vani Caprice Papadopoulos 115g. GIÁ BÁN ĐÃ BAO GỒM VAT.,https://banhkinhdo.com.vn/san-pham/set-qua-tet-phu-quy-loc-phat-2415/
207,"
	Giỏ QUÀ TẾT 2025 AN KHANG III",HG759,Kinh Đô,https://banhkinhdo.com.vn/wp-content/uploads/2023/12/750.jpg,"Với người Việt Nam, Tết không chỉ là khoảng thời gian chuyển giao giữa năm cũ và năm mới , mà nó còn chứa đựng nhiều ý nghĩa tâm linh, văn hóa,… Theo quan niệm phương Đông, đây là khoảng thời gian trời đất có sự giao hòa và con người hướng về cội nguồn tổ tiên , thêm gắn bó mối quan hệ gia đình, thêm sâu sắc mối quan hệ bạn bè, đồng nghiệp,… Bên cạnh đó, đây còn được coi là ngày “làm mới”, ngày để mọi người có thể hy vọng vào một năm mới an lành, sung túc, thuận lợi trong cả năm và gác lại mọi điều không may mắn trong năm cũ. Hộp Quà Tết NHƯ Ý III – Set Quà Tết 2024 Cao Cấp gửi gắm niềm yêu thương, ước mong hạnh phúc – bình an , sẽ là món quà vô cùng ý nghĩa để gửi tặng gia đình, người thân , và bạn bè. SET QUÀ NHƯ Ý III bao gồm Hộp bánh quy Pháp 250gr Hộp socola Ý 200gr Hộp trà Legacy Tea Pỷamid Hộp có quai xách cao cấp Rượu vang Viento Norte 750ml Nồng độ: 13% Giá bán chưa bao gồm VAT.",https://banhkinhdo.com.vn/san-pham/set-qua-tet-an-khang-iii-hop-qua-tet-sang-trong-y-nghia-tet-2024/
208,"
	BỘ QUÀ TẾT KINH ĐÔ LỘC II TẾT 2025",4303503,Kinh Đô,https://banhkinhdo.com.vn/wp-content/uploads/2023/12/loc-2.jpg,Hộp quà tết Kinh Đô Lộc II Cao cấp 2025 Quà tặng cao cấp mùa Tết Sum Vầy Trọng lượng : 1077.4G. Quy cách : 4 hộp/1 thùng Giá : 249.000/hộp Bộ hộp quà tết Kinh Đô 2025 Lộc II bao gồm: Trọng lượng : 1145G. Quy cách : 4 hộp/1 thùng 1. Bánh quy Kinh Đô hương Vani: 1 hộp x 120 g 2. Bánh bông lan Solite tròn kem vị bơ sữa: 1 hộp x 144 g 3. Bánh quy sữa Cosy Marie: 1 gói x 120 g 4. Bánh Cracker AFC dinh dưỡng vị cốm non: 1 hộp x 109 g 5. LU bánh quy bơ nhân sôcôla chảy sánh mịn: 1 hộp x 80 g 6: Bánh Socola Pie Cadbury Oreo:1 hộp x 168 g 7. Kẹo Sôcôla thập cẩm: 1 hộp x 88 g 8. Bánh quy Socola Oreo vị Vani: 1 hộp x 248.4g Kèm túi giấy và hộp,https://banhkinhdo.com.vn/san-pham/bo-qua-tet-kinh-do-loc-hamper-ii-tet-2023/
209,"
	BỘ QUÀ TẾT KINH ĐÔ LỘC I Năm 2025",4303504,Kinh Đô,https://banhkinhdo.com.vn/wp-content/uploads/2023/12/Loc-1.jpg,"Hộp quà tết Kinh Đô Lộc I Cao cấp 2025 Quà tặng cao cấp mùa Tết Sum Vầy Trọng lượng :  795.4G. Quy cách : 4 hộp/1 thùng Giá : 167.000/hộp BAO GỒM 1. Bánh quy Kinh Đô hương Vani: 1 hộp x 120 g 2. Bánh bông lan Solite tròn kem vị bơ sữa: 1 hộp x 144 g 3. Bánh quy sữa Cosy Mảie: 1 gói x 120 g 4. Bánh Cracker AFC dinh dưỡng vị cốm non: 1 hộp x 109 g 5. Bánh quế Oreo vị vani: 1 hộp x 54 g 6. Bánh quy Socola Oreo vị hương vani: 1 hộp x 248.4 g Giá trên đã bao gồm VAT, túi và hộp",https://banhkinhdo.com.vn/san-pham/bo-qua-tet-kinh-do-loc-hamper-i-tet-2023/
210,"
	Hộp Quà Tết 2025 Bánh QUY OREO THẬP CẨM 414G ( HỘP THIẾT) TẾT 2025",4303509,Kinh Đô,https://banhkinhdo.com.vn/wp-content/uploads/2023/12/OREO.jpg,"Hộp quà biếu tặng Độc đáo với bánh quy Oreo thập cẩm vị vani, vị dâu và vị socola Trọng lượng: 414G (139.000/ hộp thiết) Quy cách: 10 hộp/thùng Bao gồm túi giấy",https://banhkinhdo.com.vn/san-pham/hop-qua-tet-banh-oreo-socola-pie-463-2g-qua-tet-kinh-do-2024/
211,"
	Hộp Quà Tết Bánh Quy Oreo Kinh Đô 331.2G ( Hộp thiếc)",4303497,Kinh Đô,https://banhkinhdo.com.vn/wp-content/uploads/2023/12/hop-qua-tet-banh-quy-oreo-331.2g.png,Tên sản phẩm Trọng lượng Giá Quy cách Bánh quy Oreo thập cẩm 331.2g 147.000/hộp 10 hộp/thùng,https://banhkinhdo.com.vn/san-pham/hop-qua-tet-banh-quy-oreo-kinh-do-331-2g-hop-thiec/
212,"
	BÁNH OREO SOCOLA-PIE VỊ DÂU 360G TẾT 2025",OR4,Kinh Đô,https://banhkinhdo.com.vn/wp-content/uploads/2020/07/OREO-socola-pie-dau.jpg,Bánh Oreo Socola-Pie vị dâu . Hộp giấy 336G ( 59.000) . Quy cách : 8 hộp/ thùng.,https://banhkinhdo.com.vn/san-pham/oreo-moocake-4-banh/
213,"
	BÁNH OREO-PIE VỊ DÂU 168G – TẾT 2025",4303500,Kinh Đô,https://banhkinhdo.com.vn/wp-content/uploads/2023/11/z4919818204935_33f8f95ec9f6532bb4caa303abc3dc99.jpg,BÁNH OREO SOCOLA-PIE VỊ DÂU Hộp giấy 168g -12 hộp/ thùng,https://banhkinhdo.com.vn/san-pham/bo-qua-tet-kinh-do-loc-hamper-premium-tet-2023/
214,"
	Bánh Trung Thu Lava Trứng Chảy – Hộp 3 Bánh 2025",LAVA3,Kinh Đô,https://banhkinhdo.com.vn/wp-content/uploads/2023/07/lava.jpg,"Dòng sản phẩm bánh trung thu Lava Trứng Chảy Vỏ bánh vàng ươm, thơm nức, “ôm trọn” lớp nhân trứng muối tan chảy một cách khéo léo, đó là bánh Trung thu Lava – trứng muối tan chảy, được các nghệ nhân Kinh Đô dày công sáng tạo. Hộp bánh với 3 vị phô mai; trứng sữa; đậu xanh chà bông cùng thiết kế bao bì trẻ trung, sang trọng sẽ là món quà tinh tế để trao nhau trong mùa Tết Trung Thu với lời chúc thu như ý vẹn tròn, để kết nối những ký ức đêm trăng luôn sáng mãi. Hộp gồm 3 vị: Lava Trứng Chảy Đậu Xanh Chà Bông, Lava Trứng Chảy Trứng Sữa, Lava Trứng Chảy Phô Mai. Có túi giấy đi kèm Hạn sử dụng: 75 ngày kể từ ngày sản xuất Trọng lượng: 80g/ Bánh x 3 Bánh.",https://banhkinhdo.com.vn/san-pham/hop-lava-trung-chay-3-banh/
215,"
	Bánh Trung Thu Lava Trứng Chảy – Hộp 6 Bánh 2025",,Kinh Đô,https://banhkinhdo.com.vn/wp-content/uploads/2023/07/lava.jpg,"Hộp gồm 6 bánh, 3 vị Bánh trung thu Lava trứng chảy phô mai Bánh trung thu Lava trứng chảy đậu xanh chà bông Bánh trung thu Lava sô cô la tan chảy Hạn sử dụng: 75 ngày tặng kèm túi giấy Dòng bánh lava – bánh trung thu có lớp nhân chính giữa tan chảy – được các nghệ nhân Kinh Đô dày công nghiên cứu giới thiệu đến người Việt Nam với mong muốn mang lại những trải nghiệm thật khác trong mùa trung thu. Với hai loại nhân là trứng muối tan chảy và sô cô la tan chảy, ba vị đậu xanh chà bông, phô mai trứng muối và sô cô la cùng thiết kế bao bì trẻ trung, sang trọng sẽ là món quà tinh tế để trao nhau trong mùa trung thu này, với lời chúc thu như ý vẹn tròn, để kết nối những ký ức đêm trăng luôn sáng mãi. Bánh trung thu Kinh Đô – tròn vị bánh sáng mãi chuyện đêm trăng",https://banhkinhdo.com.vn/san-pham/banh-trung-thu-lava-trung-chay-hop-6-banh-2024/
216,"
	Lava Trứng Chảy Phô Mai_80g",LVPM,Kinh Đô,https://banhkinhdo.com.vn/wp-content/uploads/2020/08/LAVA-TR%E1%BB%A8NG-CH%E1%BA%A2Y-PH%C3%94-MAI_80G.png,"Vỏ bánh vàng ươm, thơm nức, “ôm trọn” lớp nhân trứng muối tan chảy một cách khéo léo, đó là bánh Trung thu Lava – trứng muối tan chảy, được các nghệ nhân Kinh Đô dày công sáng tạo. Bánh Trung Thu Lava Trứng Chảy Phô Mai – Béo ngậy LAN TỎA NIỀM VUI. *Tặng Hộp Giấy khi mua lẻ 1 Bánh và Túi Giấy khi mua lẻ 2 Bánh Hạn sử dụng: 75 ngày kể từ ngày sản xuất.",https://banhkinhdo.com.vn/san-pham/lava-trung-chay-pho-mai_80g/
217,"
	Lava Trứng Chảy Trứng Sữa (Custard)_80g",LVTS,Kinh Đô,https://banhkinhdo.com.vn/wp-content/uploads/2020/08/Lava-Tr%E1%BB%A9ng-Ch%E1%BA%A3y-Tr%E1%BB%A9ng-S%E1%BB%AFa-Custard_80g.png,"Vỏ bánh vàng ươm, thơm nức, “ôm trọn” lớp nhân trứng muối tan chảy một cách khéo léo, đó là bánh Trung thu Lava – trứng muối tan chảy, được các nghệ nhân Kinh Đô dày công sáng tạo. Bánh Trung Thu Lava Trứng Chảy Trứng Sữa (Custrad) – Thơm béo TRỌN VỊ YÊU THƯƠNG. *Tặng Hộp Giấy khi mua lẻ 1 Bánh và Túi Giấy khi mua lẻ 2 Bánh Hạn sử dụng: 75 ngày kể từ ngày sản xuất.",https://banhkinhdo.com.vn/san-pham/lava-trung-chay-trung-sua-custard-80g/
218,"
	Lava Trứng Chảy Đậu Xanh Chà Bông_80g",LVDC,Kinh Đô,https://banhkinhdo.com.vn/wp-content/uploads/2020/08/Lava-Tr%E1%BB%A9ng-Ch%E1%BA%A3y-%C4%90%E1%BA%ADu-Xanh-Ch%C3%A0-B%C3%B4ng_80g.png,"Vỏ bánh vàng ươm, thơm nức, “ôm trọn” lớp nhân trứng muối tan chảy một cách khéo léo, đó là bánh Trung thu Lava – trứng muối tan chảy, được các nghệ nhân Kinh Đô dày công sáng tạo. Bánh Trung Thu Lava Trứng Chảy Đậu Xanh Chà Bông – Tinh tế HẠNH PHÚC VẸN TRÒN. *Tặng Hộp Giấy khi mua lẻ 1 Bánh và Túi Giấy khi mua lẻ 2 Bánh Hạn sử dụng: 75 ngày kể từ ngày sản xuất.",https://banhkinhdo.com.vn/san-pham/lava-trung-chay-dau-xanh-cha-bong-80g/
219,"
	Hộp Lava Trứng Chảy 6 Bánh x80g (2022)",LAVA6,Kinh Đô,https://banhkinhdo.com.vn/wp-content/uploads/2020/08/H%E1%BB%99p-Lava-Tr%E1%BB%A9ng-Ch%E1%BA%A3y-6-B%C3%A1nh.png,"Vỏ bánh vàng ươm, thơm nức, “ôm trọn” lớp nhân trứng muối tan chảy một cách khéo léo, đó là bánh Trung thu Lava – trứng muối tan chảy, được các nghệ nhân Kinh Đô dày công sáng tạo. Hộp bánh với 3 vị phô mai; trứng sữa; đậu xanh chà bông cùng thiết kế bao bì trẻ trung, sang trọng sẽ là món quà tinh tế để trao nhau trong mùa Tết Trung Thu với lời chúc thu như ý vẹn tròn, để kết nối những ký ức đêm trăng luôn sáng mãi. Hộp gồm 3 vị: Lava Trứng Chảy Đậu Xanh Chà Bông, Lava Trứng Chảy Trứng Sữa, Lava Trứng Chảy Phô Mai. Có túi giấy đi kèm Hạn sử dụng: 75 ngày kể từ ngày sản xuất Trọng lượng: 80g/ Bánh x 6 Bánh.",https://banhkinhdo.com.vn/san-pham/hop-lava-trung-chay-6-banh/
220,"
	THU ĐOÀN VIÊN 6Bx80G – Mẫu Mới 2025",THUDV,Kinh Đô,https://banhkinhdo.com.vn/wp-content/uploads/2024/06/Thu-doan-vien-2024.jpg,"Bánh Trung Thu Kinh Đô THU ĐOÀN VIÊN Là món quà gói trọn lòng trân quý, mỗi tuyệt phẩm trong dòng bánh biếu quà tặng cao cấp Trăng vàng đến tay người nhận đều là một công trình ẩm thực được dày công chế biến, để dư vị Trung Thu cùng tâm ý của người trao còn đọng mãi trong lòng người thưởng thức. Thương hiệu : Kinh Đô. Thành Phần :  Gà Quay Jambon, Đậu xanh, Đậu đỏ",https://banhkinhdo.com.vn/san-pham/thu-doan-vien-6bx80g-banh-dac-biet-2024/
221,"
	Trăng Vàng Nguyệt Ánh Cát Tường (6 Bánhx80g) – Mẫu Mới 2025",NACT,Kinh Đô,https://banhkinhdo.com.vn/wp-content/uploads/2023/07/NACT.jpg,"Trăng Vàng Nguyệt Ánh Cát Tường (6 Bánhx80g) – Đặc biệt 2024 Là món quà gói trọn lòng trân quý, mỗi tuyệt phẩm trong dòng bánh biếu quà tặng cao cấp Trăng vàng đến tay người nhận đều là một công trình ẩm thực được dày công chế biến, để dư vị Trung Thu cùng tâm ý của người trao còn đọng mãi trong lòng người thưởng thức. Thương hiệu : Kinh Đô. Thành Phần : Gà Quay Tứ Quý, Đậu Xanh Hạnh Nhân, Hạt Sen Hạt Dưa..",https://banhkinhdo.com.vn/san-pham/trang-vang-nguyet-anh-cat-tuong-6-banhx80g-dac-biet-2024/
222,"
	Trăng Vàng Nguyệt Ánh Trường An (8 Bánhx80g) – Mẫu Mới 2025",NATA,Kinh Đô,https://banhkinhdo.com.vn/wp-content/uploads/2024/07/KDMC-CATA25-hinh-anh-10-scaled.jpg,"Trăng Vàng Nguyệt Ánh Như Ý (8 Bánhx80g) Là món quà gói trọn lòng trân quý, mỗi tuyệt phẩm trong dòng bánh biếu quà tặng cao cấp Trăng vàng đến tay người nhận đều là một công trình ẩm thực được dày công chế biến, để dư vị Trung Thu cùng tâm ý của người trao còn đọng mãi trong lòng người thưởng thức. Thương hiệu : Kinh Đô. Thành Phần :  Gà Quay Tứ Quý, Đậu Xanh Hạnh Nhân, Hạt Sen Hạt Dưa.",https://banhkinhdo.com.vn/san-pham/trang-vang-nguyet-anh-nhu-y-8-banhx80g/
223,"
	Bánh Trung Thu Như Ý 6 Bánh ( Xanh) – 2023",THU6X,Kinh Đô,https://banhkinhdo.com.vn/wp-content/uploads/2021/08/11B.png,"Với kích thước nhỏ hơn, tinh tế hơn nhưng vẫn lưu giữ trọn vẹn hương vị của bánh trung thu truyền thống. Hộp Bánh Trung Thu Kinh Đô – mini hồng và xanh là sự hòa quyện khéo léo giữa bánh nướng đậm đà nhân thập cẩm, gà quay với đậu xanh, đậu đỏ ngọt bùi. Các vị bánh truyền thống cùng kết hợp với bao bì phá cách, trẻ trung nhiều màu sắc sẽ là món quà biếu tặng mang đậm chất sáng tạo và mới mẻ cho mùa trăng đoàn viên tháng 8",https://banhkinhdo.com.vn/san-pham/banh-trung-thu-6-banh-xanh/
224,"
	Bánh Trung Thu Như Ý 3 Bánh ( Xanh) – 2023",THU3H,Kinh Đô,https://banhkinhdo.com.vn/wp-content/uploads/2021/08/11A.png,"Với kích thước nhỏ hơn, tinh tế hơn nhưng vẫn lưu giữ trọn vẹn hương vị của bánh trung thu truyền thống. Hộp Bánh Trung Thu Kinh Đô – mini hồng và xanh là sự hòa quyện khéo léo giữa bánh nướng đậm đà nhân thập cẩm, gà quay với đậu xanh, đậu đỏ ngọt bùi. Các vị bánh truyền thống cùng kết hợp với bao bì phá cách, trẻ trung nhiều màu sắc sẽ là món quà biếu tặng mang đậm chất sáng tạo và mới mẻ cho mùa trăng đoàn viên tháng 8",https://banhkinhdo.com.vn/san-pham/banh-trung-thu-3-banh-xanh/
225,"
	Bánh Trung Thu 6 Bánh ( Hồng) – 2022",THU6H,Kinh Đô,https://banhkinhdo.com.vn/wp-content/uploads/2021/08/banh-trung-thu-6-banh-hong.jpg,"Với kích thước nhỏ hơn, tinh tế hơn nhưng vẫn lưu giữ trọn vẹn hương vị của bánh trung thu truyền thống. Hộp Bánh Trung Thu Kinh Đô – mini hồng và xanh là sự hòa quyện khéo léo giữa bánh nướng đậm đà nhân thập cẩm, gà quay với đậu xanh, đậu đỏ ngọt bùi. Các vị bánh truyền thống cùng kết hợp với bao bì phá cách, trẻ trung nhiều màu sắc sẽ là món quà biếu tặng mang đậm chất sáng tạo và mới mẻ cho mùa trăng đoàn viên tháng 8",https://banhkinhdo.com.vn/san-pham/banh-trung-thu-6-banh-hong/
226,"
	Bánh Trung Thu 3 Bánh ( Xanh) – 2022",THU3X,Kinh Đô,https://banhkinhdo.com.vn/wp-content/uploads/2021/08/banh-trung-thu-3-banh-hong.jpg,"Với kích thước nhỏ hơn, tinh tế hơn nhưng vẫn lưu giữ trọn vẹn hương vị của bánh trung thu truyền thống. Hộp Bánh Trung Thu Kinh Đô – mini hồng và xanh là sự hòa quyện khéo léo giữa bánh nướng đậm đà nhân thập cẩm, gà quay với đậu xanh, đậu đỏ ngọt bùi. Các vị bánh truyền thống cùng kết hợp với bao bì phá cách, trẻ trung nhiều màu sắc sẽ là món quà biếu tặng mang đậm chất sáng tạo và mới mẻ cho mùa trăng đoàn viên tháng 8",https://banhkinhdo.com.vn/san-pham/banh-trung-thu-3-banh-hong-moi-2021/
227,"
	Bánh Lân Vàng (Tuyết Đậu Xanh Vani)_60G (0 Trứng) – Bánh mới 2025",LV,Kinh Đô,https://banhkinhdo.com.vn/wp-content/uploads/2023/07/KDMC-CATA25-hinh-anh-33.jpg,"Thương hiệu: Kinh Đô Loại bánh: Bánh Nướng Tuyết Đậu Xanh Vani Hình thức: 01 Bánh, Hộp Kiếng Chống Ẩm Khối lượng: 60 gram Thành phần: Nhân Hỗn Hợp Bánh Nướng Trung thu ta lại gặp nhau ~ cùng chia miếng bánh thỏa câu ân tình Trong hai món bánh Trung Thu, bánh nướng chính là thứ quà căn bản nhất mà lại cầu kỳ tinh vi diệu vợi nhất Cầu kỳ từ khâu chọn loại bột mì mềm và mịn nhất để vỏ bánh giòn thơm sần sật, cầu kỳ đến việc loại trứng tròn đều muôn vạn quả như một, thấm muối vừa vặn, sắc sảo mặn mà mà không làm phiền đến vị giác người ăn Mỗi loại bánh trung thu Kinh Đô từ truyền thống như nhân Thập Cẩm, nhân Đậu Xanh hay hiện đại như nhân Gà Quay XO, Bào Ngư, Vi Cá…đều thể hiện một kỳ công bất tuyệt của người Nghệ nhân làm bánh Kinh Đô Đây miếng bánh thơm ngon, đây ân tình trân quý, dưới ánh trăng thu vằng vặc ta trao nhau chút tình nghĩa mặn mà của cả một mùa ân nghĩa, còn làm gì hơn vẻ hữu tình của mùa thu hơn vậy ? “TRỌN CHỮ TÍN – VẸN NIỀM TIN",https://banhkinhdo.com.vn/san-pham/banh-heo-vang/
228,"
	Bánh Cá Vàng (Nhân Sôcôla Sữa)_120G (0 Trứng)",CV,Kinh Đô,https://banhkinhdo.com.vn/wp-content/uploads/2020/07/20180811123329-picture-price-4.png,"Thương hiệu: Kinh Đô Loại bánh: Bánh Nướng Hình thức: 01 Bánh, Hộp Kiếng Chống Ẩm Khối lượng: 120 gram Thành phần: Nhân Hỗn Hợp Bánh Nướng Trung thu ta lại gặp nhau ~ cùng chia miếng bánh thỏa câu ân tình Trong hai món bánh Trung Thu, bánh nướng chính là thứ quà căn bản nhất mà lại cầu kỳ tinh vi diệu vợi nhất Cầu kỳ từ khâu chọn loại bột mì mềm và mịn nhất để vỏ bánh giòn thơm sần sật, cầu kỳ đến việc loại trứng tròn đều muôn vạn quả như một, thấm muối vừa vặn, sắc sảo mặn mà mà không làm phiền đến vị giác người ăn Mỗi loại bánh từ truyền thống như nhân Thập Cẩm, nhân Đậu Xanh hay hiện đại như nhân Gà Quay XO, Bào Ngư, Vi Cá…đều thể hiện một kỳ công bất tuyệt của người Nghệ nhân làm bánh trung thu Kinh Đô Đây miếng bánh thơm ngon, đây ân tình trân quý, dưới ánh trăng thu vằng vặc ta trao nhau chút tình nghĩa mặn mà của cả một mùa ân nghĩa, còn làm gì hơn vẻ hữu tình của mùa thu hơn vậy ? “TRỌN CHỮ TÍN – VẸN NIỀM TIN “",https://banhkinhdo.com.vn/san-pham/banh-ca-vang/
229,"
	Bánh Trung Thu Tuyết 3 Bánh – Đặc biệt 2024",T3,Kinh Đô,https://banhkinhdo.com.vn/wp-content/uploads/2022/07/9A.png,"Bánh Trung Thu Tuyết 3 Bánh – Đặc biệt 2024 Hòa quyện độc đáo giữa nét văn hóa Việt Nam và sự tinh tế, chăm chút trong văn hóa ẩm thực Nhật Bản tạo nên chiếc bánh Trung Thu Tuyết với vẻ ngoài bắt mắt và hương vị thơm ngon. Đặc trưng vỏ bánh hai màu, kết cấu mềm mịn , xốp và họa tiết khắc nổi xinh xắn trên bề mặt bánh, cùng những hương vị hiện đại được yêu thích, như vị : Cam Nhật ( Yuzu), Trà xanh, Đâu đỏ, hay Mè đen, đem đến vị ngon lạ miệng, hài hòa. Bánh Trung Thu Tuyết thực sự là một món quà độc đáo, mới lạ cho một mùa trung thu vẹn tròn, như ý.",https://banhkinhdo.com.vn/san-pham/banh-trung-thu-tuyet-3-banh-dac-biet-2024/
230,"
	Bánh Trung Thu Tuyết 6 Bánh – Đặc biệt 2025",T6,Kinh Đô,https://banhkinhdo.com.vn/wp-content/uploads/2024/07/TUYET6.jpg,"Bánh Trung Thu Tuyết 6 Bánh – Đặc biệt 2024 – Hòa quyện độc đáo giữa nét văn hóa Việt Nam và sự tinh tế, chăm chút trong văn hóa ẩm thực Nhật Bản tạo nên chiếc bánh Trung Thu Tuyết với vẻ ngoài bắt mắt và hương vị thơm ngon. Đặc trưng vỏ bánh hai màu, kết cấu mềm mịn , xốp và họa tiết khắc nổi xinh xắn trên bề mặt bánh, cùng những hương vị hiện đại được yêu thích, như vị : Cam Nhật ( Yuzu), Trà xanh, Đâu đỏ, hay Mè đen, đem đến vị ngon lạ miệng, hài hòa. Bánh Trung Thu Tuyết thực sự là một món quà độc đáo, mới lạ cho một mùa trung thu vẹn tròn, như ý.",https://banhkinhdo.com.vn/san-pham/banh-trung-thu-tuyet-6-banh-dac-biet-2024/
231,"
	TRĂNG VÀNG NGUYỆT ÁNH TƯỜNG VINH 5 Bánh x 80G – Sản phẩm mới 2025",NATV,Kinh Đô,https://banhkinhdo.com.vn/wp-content/uploads/2025/07/Trang-Vang-Nguyet-Anh.jpg,"Trăng Vàng Nguyệt Ánh Tường Vinh (5 Bánhx80g) Là món quà gói trọn lòng trân quý, mỗi tuyệt phẩm trong dòng bánh biếu quà tặng cao cấp Trăng vàng đến tay người nhận đều là một công trình ẩm thực được dày công chế biến, để dư vị Trung Thu cùng tâm ý của người trao còn đọng mãi trong lòng người thưởng thức. Thương hiệu : Kinh Đô. Thành Phần :  Gà Quay Tứ Quý, Đậu Xanh Hạnh Nhân, Hạt Sen Hạt Dưa.",https://banhkinhdo.com.vn/san-pham/trang-vang-nguyet-anh-tuong-vinh-5-banh-x-80g-san-pham-moi-2025/
232,"
	THU ĐOÀN VIÊN 6Bx80G – Mẫu Mới 2025",THUDV,Kinh Đô,https://banhkinhdo.com.vn/wp-content/uploads/2024/06/Thu-doan-vien-2024.jpg,"Bánh Trung Thu Kinh Đô THU ĐOÀN VIÊN Là món quà gói trọn lòng trân quý, mỗi tuyệt phẩm trong dòng bánh biếu quà tặng cao cấp Trăng vàng đến tay người nhận đều là một công trình ẩm thực được dày công chế biến, để dư vị Trung Thu cùng tâm ý của người trao còn đọng mãi trong lòng người thưởng thức. Thương hiệu : Kinh Đô. Thành Phần :  Gà Quay Jambon, Đậu xanh, Đậu đỏ",https://banhkinhdo.com.vn/san-pham/thu-doan-vien-6bx80g-banh-dac-biet-2024/
233,"
	Trăng Vàng Nguyệt Ánh Cát Tường (6 Bánhx80g) – Mẫu Mới 2025",NACT,Kinh Đô,https://banhkinhdo.com.vn/wp-content/uploads/2023/07/NACT.jpg,"Trăng Vàng Nguyệt Ánh Cát Tường (6 Bánhx80g) – Đặc biệt 2024 Là món quà gói trọn lòng trân quý, mỗi tuyệt phẩm trong dòng bánh biếu quà tặng cao cấp Trăng vàng đến tay người nhận đều là một công trình ẩm thực được dày công chế biến, để dư vị Trung Thu cùng tâm ý của người trao còn đọng mãi trong lòng người thưởng thức. Thương hiệu : Kinh Đô. Thành Phần : Gà Quay Tứ Quý, Đậu Xanh Hạnh Nhân, Hạt Sen Hạt Dưa..",https://banhkinhdo.com.vn/san-pham/trang-vang-nguyet-anh-cat-tuong-6-banhx80g-dac-biet-2024/
234,"
	Trăng Vàng Nguyệt Ánh Trường An (8 Bánhx80g) – Mẫu Mới 2025",NATA,Kinh Đô,https://banhkinhdo.com.vn/wp-content/uploads/2024/07/KDMC-CATA25-hinh-anh-10-scaled.jpg,"Trăng Vàng Nguyệt Ánh Như Ý (8 Bánhx80g) Là món quà gói trọn lòng trân quý, mỗi tuyệt phẩm trong dòng bánh biếu quà tặng cao cấp Trăng vàng đến tay người nhận đều là một công trình ẩm thực được dày công chế biến, để dư vị Trung Thu cùng tâm ý của người trao còn đọng mãi trong lòng người thưởng thức. Thương hiệu : Kinh Đô. Thành Phần :  Gà Quay Tứ Quý, Đậu Xanh Hạnh Nhân, Hạt Sen Hạt Dưa.",https://banhkinhdo.com.vn/san-pham/trang-vang-nguyet-anh-nhu-y-8-banhx80g/
235,"
	Trăng Vàng Hoàng Kim Vinh Hiển (Đỏ) Hộp Giấy (4 Bánh X160g + Trà Ô Long 50g)",HKD,Kinh Đô,https://banhkinhdo.com.vn/wp-content/uploads/2023/07/HKD.jpg,"Trăng Vàng Hoàng Kim Vinh Hiển (Đỏ) Hộp Giấy (4 Bánh X160g + Trà Ô Long 50g) Mở chiếc hộp Trăng Vàng Hoàng Kim, ẩn sau sắc màu vương giả là những kỳ quan ẩm thực được nghệ nhân Trăng Vàng dày công chăm chút: Cua Bát Bửu, Thịt Sốt Tương BBQ, Gà Quay Tứ Quý và Đậu Xanh Hạnh Nhân. Mỗi chiếc bánh không chỉ là sự thăng hoa của nghệ thuật chế tác hương vị trung thu mà còn tỏa sáng lời chúc thành công, ghi dấu một thu hoàng kim, vinh hiển rạng rỡ, vị thế sáng ngời. Hộp gồm 4 bánh nướng cao cấp: Cua Bát Bửu, Thịt Sốt Tương BBQ, Gà Quay Tứ Quý, Đậu Xanh Hạnh Nhân.",https://banhkinhdo.com.vn/san-pham/trang-vang-hoang-kim-vinh-hien-do-hop-giay-4-banh-x160g-tra-o-long-50g/
236,"
	Trăng Vàng Hoàng Kim Vinh Hoa (Vàng) Hộp Giấy (4 Bánh X160g + Trà Ô Long 50g)",HKV,Kinh Đô,https://banhkinhdo.com.vn/wp-content/uploads/2023/07/z5585158275326_dcb1c27a197058aab1c82c693e281c62.jpg,"Trăng Vàng Hoàng Kim Vinh Hoa (Vàng) Hộp Giấy (4 Bánh X160g + Trà Ô Long 50g) Một thu rực rỡ thịnh vượng đã mở ra theo ánh hoàng kim quyền quý, để bản hòa tấu hương vị trung thu ngân lên những cung bậc tinh tế của Tôm Bách Hoa, Thịt Sốt Tương BBQ, Gà Quay Tứ Quý, Hạt Sen Hạt Dưa. Và cũng chỉ sắc màu kiêu hãnh ấy mới gửi trao trọn vẹn lời chúc trân quý cho một thu huy hoàng công danh, lộng lẫy vinh hoa phú quý, để người thưởng thức cảm nhận sâu sắc mối thâm tình nồng hậu, sáng ngời như ánh kim nguyệt đêm rằm. Hộp gồm 4 bánh nướng cao cấp: Tôm Bách Hoa, Thịt sốt Tương BBQ, Gà Quay Tứ Quý, Hạt Sen Hạt Dưa.",https://banhkinhdo.com.vn/san-pham/trang-vang-hoang-kim-vinh-hoa-vang-hop-giay-4-banh-x160g-tra-o-long-50g/
237,"
	Trăng Vàng Hồng Ngọc An Phú (Vàng) (Hộp Giấy 4 Bánhx160g)",HNV,Kinh Đô,https://banhkinhdo.com.vn/wp-content/uploads/2023/07/trang-van-an-phu-an-thinh.jpg,"Trăng Vàng Hồng Ngọc An Phú (Vàng) (Hộp Giấy 4 Bánhx160g) Được chắt lọc từ tinh túy biển khơi, chiếc bánh Hải Sâm Hảo Hạng chính là một điểm nhấn tuyệt vời cho Trăng Vàng Hồng Ngọc. Hòa cùng mỹ vị đại dương là những tuyệt phẩm ẩm thực được các nghệ nhân Trăng Vàng chế tác tỉ mỉ như chế tác một viên ngọc quý: Jambon Ngũ Hạt hài hòa, Thịt Xông Khói phảng phất chút nét Tây phương, Hạt Sen Hạt Dưa truyền thống mà vẫn mới lạ. Mỗi chiếc bánh trở thành một mảnh ghép cho bức tranh thu thật hoàn hảo, trong bức tranh ấy, người người đón mừng phúc lộc thăng hoa trong mùa thu thịnh vượng, nhà nhà tề tựu trong đêm trăng thanh bình. Hộp gồm 4 bánh nướng cao cấp: Hải Sâm Hảo Hạng, Jambon Ngũ Hạt, Thịt Xông Khói, Hạt Sen Hạt Dưa.",https://banhkinhdo.com.vn/san-pham/trang-vang-hong-ngoc-an-phu-vang-hop-giay-4-banhx160g/
238,"
	Trăng Vàng Hồng Ngọc An Thịnh (Đỏ) (Hộp Giấy 4 Bánh X 160g)",HND,Kinh Đô,https://banhkinhdo.com.vn/wp-content/uploads/2023/07/trang-van-an-phu-an-thinh.jpg,"Trăng Vàng Hồng Ngọc An Thịnh (Đỏ) (Hộp Giấy 4 Bánh X 160g) Nồng ấm tình thân, tròn đầy giao hảo như ánh trăng rằm rực rỡ màu hồng ngọc, những chiếc bánh trung thu Sò Điệp Sốt X.O, Jambon Ngũ Hạt, Thịt Xông Khói hay Đậu Xanh Hạnh Nhân tạo nên một bức tranh hương vị mùa thu thật vẹn toàn, viên mãn. Gửi trao bức tranh thu ấy chính là gửi trao lời chúc cho một mùa thu sung túc phú quý như vị đậm đà từ rừng vàng biển bạc và trọn vẹn bình an như vị thanh ngọt của đất trời, để đêm trăng sum vầy thêm nồng hậu thâm tình, tràn đầy hạnh phúc. Hộp gồm 4 bánh nướng cao cấp: Sò Điệp Sốt X.O, Jambon Ngũ Hạt, Thịt Xông Khói, Đậu Xanh Hạnh Nhân",https://banhkinhdo.com.vn/san-pham/trang-vang-hong-ngoc-an-thinh-do-hop-giay-4-banh-x-160g/
239,"
	Trăng Vàng Hồng Ngọc An Nhiên – 4 Bánh X 160g ( Hộp màu vàng)",HNT,Kinh Đô,https://banhkinhdo.com.vn/wp-content/uploads/2023/07/an-nhien-an-lanh.jpg,"Trăng Vàng Hồng Ngọc An Nhiên – 4 Bánh X 160g ( Hộp màu vàng) Lắng lại những bộn bề của cuộc sống, đêm trăng thêm ý nghĩa khi được thưởng thức vị tinh túy của bánh trung thu Cua Bát Bửu, Gà Quay Tứ Quý hay thả hồn theo chút thanh ngọt thuần khiết của Hạt Sen Hạt Dưa, Đậu Xanh Hạnh Nhân. Chính khoảnh khắc ấy khiến ta cảm nhận trọn vẹn một hạnh phúc an nhiên dưới ánh ngọc đêm rằm. Hộp gồm 4 bánh nướng cao cấp: 1. Cua Bát Bửu, 2. Gà Quay Tứ Quý 3. Hạt Sen Hạt Dưa 4. Đậu Xanh Hạnh Nhân",https://banhkinhdo.com.vn/san-pham/trang-vang-hong-ngoc-an-nhien-4-banh-x-160g-hop-mau-vang/
240,"
	Trăng Vàng Hồng Ngọc An Lành ( 4 Bánh x160g)- 2025 ( Hộp màu xanh)",HNC,Kinh Đô,https://banhkinhdo.com.vn/wp-content/uploads/2023/07/an-nhien-an-lanh.jpg,"Trăng Vàng Hồng Ngọc An Lành ( 4 Bánh x160g)- 2024 ( Hộp màu xanh) Trong mùa trăng rằm, còn gì bình yên hơn khi được ngồi dưới bóng nguyệt, cảm nhận tình thân ấm áp như ánh hồng ngọc nồng nàn khi cùng thưởng thức những hương vị trung thu thơm ngon như Cua Sốt Kiểu Singapore, Thịt Xông Khói hay hay vị ngọt thơm lành của Đậu Xanh Hạnh Nhân, Đậu Đỏ Hạnh Nhân. Ánh trăng sáng trong, vị trà thanh thoát hòa cùng vị bùi của đậu, vị biển của cua, tất cả hòa quyện trong không khí gắn bó của gia đình sum vầy, của nụ cười đoàn tụ, cho một mùa trung thu an lành bên những người thân yêu. Hộp gồm 4 bánh nướng cao cấp: Cua Sốt Kiểu Singapore, Thịt Xông Khói, Đậu Xanh Hạnh Nhân, Đậu Đỏ Hạnh Nhân.",https://banhkinhdo.com.vn/san-pham/trang-vang-hong-ngoc-an-lanh-4-banh-x160g-2024-hop-mau-xanh/
241,"
	Bánh Trung Thu Lava Trứng Chảy – Hộp 3 Bánh 2025",LAVA3,Kinh Đô,https://banhkinhdo.com.vn/wp-content/uploads/2023/07/lava.jpg,"Dòng sản phẩm bánh trung thu Lava Trứng Chảy Vỏ bánh vàng ươm, thơm nức, “ôm trọn” lớp nhân trứng muối tan chảy một cách khéo léo, đó là bánh Trung thu Lava – trứng muối tan chảy, được các nghệ nhân Kinh Đô dày công sáng tạo. Hộp bánh với 3 vị phô mai; trứng sữa; đậu xanh chà bông cùng thiết kế bao bì trẻ trung, sang trọng sẽ là món quà tinh tế để trao nhau trong mùa Tết Trung Thu với lời chúc thu như ý vẹn tròn, để kết nối những ký ức đêm trăng luôn sáng mãi. Hộp gồm 3 vị: Lava Trứng Chảy Đậu Xanh Chà Bông, Lava Trứng Chảy Trứng Sữa, Lava Trứng Chảy Phô Mai. Có túi giấy đi kèm Hạn sử dụng: 75 ngày kể từ ngày sản xuất Trọng lượng: 80g/ Bánh x 3 Bánh.",https://banhkinhdo.com.vn/san-pham/hop-lava-trung-chay-3-banh/
242,"
	Bánh Trung Thu Lava Trứng Chảy – Hộp 6 Bánh 2025",,Kinh Đô,https://banhkinhdo.com.vn/wp-content/uploads/2023/07/lava.jpg,"Hộp gồm 6 bánh, 3 vị Bánh trung thu Lava trứng chảy phô mai Bánh trung thu Lava trứng chảy đậu xanh chà bông Bánh trung thu Lava sô cô la tan chảy Hạn sử dụng: 75 ngày tặng kèm túi giấy Dòng bánh lava – bánh trung thu có lớp nhân chính giữa tan chảy – được các nghệ nhân Kinh Đô dày công nghiên cứu giới thiệu đến người Việt Nam với mong muốn mang lại những trải nghiệm thật khác trong mùa trung thu. Với hai loại nhân là trứng muối tan chảy và sô cô la tan chảy, ba vị đậu xanh chà bông, phô mai trứng muối và sô cô la cùng thiết kế bao bì trẻ trung, sang trọng sẽ là món quà tinh tế để trao nhau trong mùa trung thu này, với lời chúc thu như ý vẹn tròn, để kết nối những ký ức đêm trăng luôn sáng mãi. Bánh trung thu Kinh Đô – tròn vị bánh sáng mãi chuyện đêm trăng",https://banhkinhdo.com.vn/san-pham/banh-trung-thu-lava-trung-chay-hop-6-banh-2024/
243,"
	Trăng Vàng Hồng Ngọc – An Bình Hộp Tím (4 Bánh X 160g)",HNAB,Kinh Đô,https://banhkinhdo.com.vn/wp-content/uploads/2023/07/tam-an.jpg,"Trăng Vàng Hồng Ngọc – An Bình (4 Bánh X 160g) Bánh trung thu Cua Sốt Kiểu Singapore đậm đà vị tươi ngọt từ thịt cua hòa quyện cùng nước xốt độc đáo; sánh đôi là nhân ngọt truyền thống mang hơi hướng hiện đại, Đậu Xanh Hạnh Nhân thanh ngọt, Đậu Đỏ Hạnh Nhân beo béo, Hạt Sen Hạt Dưa thơm lành. Mỗi miếng bánh như tan vào trong miệng, tinh tế không thể lẫn với bất kỳ món ăn nào khác. Chọn bánh tặng bạn bè, người thân yêu hay đối tác thể hiện lời chúc an bình gửi gắm tới người nhận trong mùa trăng sáng năm nay. Hộp gồm 4 bánh nướng cao cấp: Cua Sốt Kiểu Singapore, Đậu Xanh Hạnh Nhân, Đậu Đỏ Hạnh Nhân, Hạt Sen Hạt Dưa.",https://banhkinhdo.com.vn/san-pham/trang-vang-hong-ngoc-an-binh/
244,"
	Trăng Vàng Hồng Ngọc Tâm An (Hộp Xanh) 4BX120G – Bánh Dùng Đường Ăn Kiêng",HNX,Kinh Đô,https://banhkinhdo.com.vn/wp-content/uploads/2024/07/KDMC-CATA25-hinh-anh-8.jpg,"Trăng Vàng Hồng Ngọc Tâm An 4BX120G – Bánh Dùng Đường Ăn Kiêng Lắng lại những bộn bề cuộc sống, đêm trăng thanh bình, ý nghĩa làm sao khi được ngồi trong không gian mát dịu, thưởng thức vị bánh trung thu thanh tao sử dụng đường ăn kiêng – một cải tiến mới trong nghệ thuật làm bánh trung thu được tích góp hơn 20 năm qua của các nghệ nhân Trăng Vàng. Đây bánh Hạt Sen Trắng Cranberry hay Hạt Sen Hạnh Nhân thơm dịu, Đây Trà Xanh Matcha Hạt Maccadamia, Trà Xanh Matcha Đậu Đỏ thơm bùi. Thưởng bánh ngắm trăng, quây quần bên gia đình vào khoảnh khắc ấy… khiến ta cảm thấy an yên và biết ơn những gì cuộc sống trao tặng Hộp gồm 4 bánh nướng cao cấp: Hạt Sen Trắng Cranberry, Matcha Hạt Maccadamia, Matcha Đậu Đỏ, Hạt Sen Hạnh Nhân.",https://banhkinhdo.com.vn/san-pham/trang-vang-hong-ngoc-tam-an/
245,"
	Bánh Trung Thu Tuyết 3 Bánh – Đặc biệt 2024",T3,Kinh Đô,https://banhkinhdo.com.vn/wp-content/uploads/2022/07/9A.png,"Bánh Trung Thu Tuyết 3 Bánh – Đặc biệt 2024 Hòa quyện độc đáo giữa nét văn hóa Việt Nam và sự tinh tế, chăm chút trong văn hóa ẩm thực Nhật Bản tạo nên chiếc bánh Trung Thu Tuyết với vẻ ngoài bắt mắt và hương vị thơm ngon. Đặc trưng vỏ bánh hai màu, kết cấu mềm mịn , xốp và họa tiết khắc nổi xinh xắn trên bề mặt bánh, cùng những hương vị hiện đại được yêu thích, như vị : Cam Nhật ( Yuzu), Trà xanh, Đâu đỏ, hay Mè đen, đem đến vị ngon lạ miệng, hài hòa. Bánh Trung Thu Tuyết thực sự là một món quà độc đáo, mới lạ cho một mùa trung thu vẹn tròn, như ý.",https://banhkinhdo.com.vn/san-pham/banh-trung-thu-tuyet-3-banh-dac-biet-2024/
246,"
	Bánh Trung Thu Tuyết 6 Bánh – Đặc biệt 2025",T6,Kinh Đô,https://banhkinhdo.com.vn/wp-content/uploads/2024/07/TUYET6.jpg,"Bánh Trung Thu Tuyết 6 Bánh – Đặc biệt 2024 – Hòa quyện độc đáo giữa nét văn hóa Việt Nam và sự tinh tế, chăm chút trong văn hóa ẩm thực Nhật Bản tạo nên chiếc bánh Trung Thu Tuyết với vẻ ngoài bắt mắt và hương vị thơm ngon. Đặc trưng vỏ bánh hai màu, kết cấu mềm mịn , xốp và họa tiết khắc nổi xinh xắn trên bề mặt bánh, cùng những hương vị hiện đại được yêu thích, như vị : Cam Nhật ( Yuzu), Trà xanh, Đâu đỏ, hay Mè đen, đem đến vị ngon lạ miệng, hài hòa. Bánh Trung Thu Tuyết thực sự là một món quà độc đáo, mới lạ cho một mùa trung thu vẹn tròn, như ý.",https://banhkinhdo.com.vn/san-pham/banh-trung-thu-tuyet-6-banh-dac-biet-2024/
247,"
	Trăng Vàng Pha Lê Vạn Phúc (Xanh) (Hộp Giấy 8 Bánh X 80g)",PLX6,Kinh Đô,https://banhkinhdo.com.vn/wp-content/uploads/2023/07/trang-vang-van-phuc-2024.jpg,"Trăng Vàng Pha Lê Vạn Phúc (Xanh) (Hộp Giấy 8 Bánh X 80g) Phúc thật vẹn tròn khi cùng thưởng thức bên gia đình vị ngọt thanh của Tuyết Dâu Tây hay Tuyết Cappuccino thơm lừng quyến rũ mang phong cách Hồng Kông. Phúc thật ấm áp khi được trao gửi từ người trân quý những chiếc bánh Tuyết Trứng Sữa ngọt ngào hấp dẫn. Trăng Vàng Pha Lê chính là lời chúc vạn phúc với đủ đầy yêu thương, ấm tình giao hảo, cho phúc tỏa khắp muôn nhà vạn nẻo, cho phúc đong đầy đêm rằm sáng trong như ánh pha lê thanh khiết, cho phúc lưu mãi trong một thu an lành, bình yên. Hộp gồm 6 bánh Tuyết cao cấp: Tuyết Dâu Tây (2 Bánh), Tuyết Cappuccino (2 Bánh), Tuyết Trứng Sữa (Custard – 2 Bánh).",https://banhkinhdo.com.vn/san-pham/trang-vang-pha-le-van-phuc-xanh-hop-giay-8-banh-x-80g/
248,"
	Trăng Vàng Long Ngư Vọng Nguyệt – Hộp 6 Bánh X 160g + Trà Ô Long",KC,Kinh Đô,https://banhkinhdo.com.vn/wp-content/uploads/2023/07/blackgold-6-b.jpg,"Trăng Vàng Long Ngư Vọng Nguyệt Thương hiệu: Kinh Đô Giới thiệu: thuộc bộ sưu tập Trăng Vàng Long Ngư Vọng Nguyệt – lấy cảm hứng từ Hoàng gia, kết hợp với ý tưởng thiết kế bao bì là hình ảnh Đoàn múa Lân Sư Rồng, biểu trưng cho điều lành, sự phát đạt, thịnh vượng và hạnh phúc. Mỗi hộp được chế tác thủ công bởi nghệ nhân làng sơn mài Bình Dương Thành phần: Hộp gồm 6 bánh Long Ngư Vọng Nguyệt + 1 hộp trà Oolong: Cua Bát Bửu, SÒ Điệp Sốt X.O, Đậu Xanh Hạnh Nhân, Tôm Bách Hoa, Trà Xanh Hạnh Nhân, Hạt Sen Tứ Quý. Có túi giấy đi kèm HSD: 75 ngày kể từ ngày sản xuất Từng chiếc bánh được nâng niu, với lớp vỏ màu đen, và phủ lên một lớp bột vàng óng ánh, phần nhân được làm từ những nguyên liệu cao cấp như hải sản, bào ngư…kết hợp với bao bì sơn mài được làm hoàn toàn thủ công bởi những người thợ thủ công lành nghề thuộc làng sơn mài Bình Dương. Tin rằng, sản phẩm sẽ là món quà đẳng cấp, ý nghĩa để thắt chặt tình thâm giao trong các mối quan hệ đối tác cũng như đến những người trân quý",https://banhkinhdo.com.vn/san-pham/trang-vang-black-gold-kim-cuong-6-banh/
249,"
	Trăng Vàng Long Ngư Vọng Nguyệt – Hộp 4 Bánh X 160g + Trà Ô Long",G4,Kinh Đô,https://banhkinhdo.com.vn/wp-content/uploads/2023/07/blackgold-4-banh.jpg,"Trăng Vàng Long Ngư Vọng Nguyệt – Hộp 4 Bánh X 160g + Trà Ô Long Thương hiệu: Kinh Đô Giới thiệu: Set hộp bánh trung thu Kinh Đô Trăng Vàng Long Ngư Vọng Nguyệt 4 bánh, thuộc bộ sưu tập Trăng Vang Long Ngư Vọng Nguyệt lấy cảm hứng từ Hoàng Gia, mang 2 màu chủ đạo là đen huyền bí và vương giả… Thành phần: Hộp gồm 4 bánh Long Ngư Vọng Nguyệt + 1 hộp trà Oolong: Cua Bát Bửu, Sò Điệp Sốt X.O, Tôm Bách Hoa, Trà Xanh Hạnh Nhân Có túi giấy đi kèm HSD: 75 ngày kể từ ngày sản xuất Với hình dáng lồng đèn, khắc bằng kĩ thuật cắt laser tinh xảo, hình ảnh đoàn múa lân sư rồng biểu trưng cho điều lành, sự phát đạt, thịnh vượng và hạnh phúc như được thổi vào hơi thở đương đại, mạnh mẽ và sang trọng Từng chiếc bánh được nâng niu, với lớp vỏ màu đen, và phủ lên một lớp bột vàng óng ánh, phần nhân được làm từ những nguyên liệu cao cấp như hải sản, bào ngư… Tin rằng, sản phẩm sẽ là món quà đẳng cấp, ý nghĩa để thắt chặt tình thâm giao trong các mối quan hệ đối tác cũng như đến những người trân quý Bánh trung thu Kinh Đô – Tròn vị bánh, sáng mãi chuyện đêm trăng",https://banhkinhdo.com.vn/san-pham/trang-vang-black-gold-hop-4-banh-x-160g-tra-o-long/
250,"
	Trăng Vàng Long Ngư Vọng Nguyệt – Hộp 2 Bánh X 160g + Trà Ô Long + Thiệp 3D",G2,Kinh Đô,https://banhkinhdo.com.vn/wp-content/uploads/2023/07/blackgold-2b.jpg,"Trăng Vàng Long Ngư Vọng Nguyệt – Hộp 2 Bánh X 160g + Trà Ô Long + Thiệp 3D Thương hiệu: Kinh Đô Thành Phần: Hộp gồm 2 bánh Long Ngư Vọng Nguyệt + 1 hộp trà Oolong: Cua Bát Bửu, Trà Xanh Hạnh Nhân Có túi giấy đi kèm HSD: 75 ngày kể từ ngày sản xuất Dưới ánh trăng tháng tám sáng trong, trong tiếng trống rộn rã, người người nhà nhà hòa cùng đoàn múa lân sư rồng – một nét đẹp văn hóa trong các dịp lễ lớn, biểu trưng cho điều lành, sự phát đạt, thịnh vượng và hạnh phúc. Đây cũng chính là lời chúc được gửi gắm trong hộp bánh trung thu Kinh Đô gửi trao. Từng chiếc bánh được nâng niu, với lớp vỏ màu đen, và phủ lên một lớp bột vàng óng ánh, phần nhân được làm từ những nguyên liệu cao cấp như hải sản, bào ngư… Tin rằng, sản phẩm sẽ là món quà đẳng cấp, ý nghĩa để thắt chặt tình thâm giao trong các mối quan hệ đối tác cũng như đến những người trân quý. Bánh trung thu Kinh Đô – tròn vị bánh, sáng mãi chuyện đêm trăng.",https://banhkinhdo.com.vn/san-pham/trang-vang-black-gold-hop-2-banh-x-160g-tra-o-long-thiep-3d/
