product_id,product_name,barcode,brand,image,description,url
0,Bánh Trung Thu Kinh Đô - Bánh Nướng Nhân Ngọt 1 Trứng 150G (Hạt Sen/ Đậu Xanh/ Khoai Môn/ Sầu Riêng/ Sữa Dừa/ Đậu Đỏ),1947419210_VNAMZ,Kinh Đô,https://filebroker-cdn.lazada.vn/kf/Se35b198f6f834c4faec29f87757128789.jpg,,//www.lazada.vn/products/pdp-i1947419210.html
1,BÁNH TRUNG THU TÂN DÂN LỢI ĐỦ VỊ 200GR,2306038447_VNAMZ,No Brand,https://filebroker-cdn.lazada.vn/kf/S14ce903570dc43e6b2ed53033f935e00q.jpg,,//www.lazada.vn/products/pdp-i2306038447.html
2,BÁNH TRUNG THU TÂN DÂN LỢI GÀ QUAY/ĐẬU XANH/KHOAI MÔN/MÈ ĐEN 2 TRỨNG 200GR,2306042734_VNAMZ,No Brand,https://vn-live-01.slatic.net/p/b4acd374741b65bd54cd0d49c2e9262e.jpg,,//www.lazada.vn/products/pdp-i2306042734.html
3,"[Bánh Mới] nhân Gà quay , Xá Xíu thập cẩm,.. bánh trung thu Tân Dân Lơi 200g ít ngọt Cake food",2306020332_VNAMZ,No Brand,https://filebroker-cdn.lazada.vn/kf/Sff10bf9035b74d10913076bbf6be9eebZ.jpg,,//www.lazada.vn/products/pdp-i2306020332.html
4,Bánh Trung Thu Thập Cẩm,1834078369_VNAMZ,No Brand,https://filebroker-cdn.lazada.vn/kf/S83284f644d25436980b6fa5884a7ba13w.jpg,,//www.lazada.vn/products/pdp-i1834078369.html
5,Bánh trung thu chay Liên Hoa ngon và healthy ( thực phẩm chay) FREESHIP,1877693869_VNAMZ,No Brand,https://sg-live-01.slatic.net/p/1a197496c878cc2ed642af11f757ce3b.png,,//www.lazada.vn/products/pdp-i1877693869.html
6,Bánh trung thu Tân Xuân đậu xanh hột vịt - 170gr,2277724104_VNAMZ,No Brand,https://filebroker-cdn.lazada.vn/kf/Sc342039f49cf4cd1b0441d80a8da544fi.jpg,,//www.lazada.vn/products/pdp-i2277724104.html
7,"Bánh trung thu Tân Huê Viên Sóc Trăng, Đặc sản bánh trung thu gia truyền nhiều vị khác nhau 200g [Mua 4 bánh tặng hộp]",1961707583_VNAMZ,TÂN HUÊ VIÊN,https://vn-live-01.slatic.net/p/459e8e82e0e1740e738b4919a445fa1b.jpg,,//www.lazada.vn/products/pdp-i1961707583.html
8,Bánh Trung Thu Tân Tân Bến Tre 200gam 2 trứng đủ loại nhân,2792567317_VNAMZ,No Brand,https://filebroker-cdn.lazada.vn/kf/Seb42dabc5c0b4599b29b0336936b76dbD.jpg,,//www.lazada.vn/products/pdp-i2792567317.html
9,Bánh Trung Thu 200gr Tân Xuân Âu Cơ,3127320529_VNAMZ,No Brand,https://vn-live-01.slatic.net/p/0232d8e8cd504a228f475bac8537a368.jpg,,//www.lazada.vn/products/pdp-i3127320529.html
10,"BÁNH TRUNG THU GIVRAL NHIỀU LỰA CHỌN (HỘP 1 BÁNH, 2 BÁNH, 4 BÁNH, 6 BÁNH)",2695634573_VNAMZ,No Brand,https://vn-live-01.slatic.net/p/7d7694e74f6b487263b9af32bb0eff44.jpg,,//www.lazada.vn/products/pdp-i2695634573.html
11,"Hộp 2 Bánh Trung Thu Kinh Đô ""Team Thập Cẩm"" (2 Bánh X 150G)",1952074597_VNAMZ,Kinh Đô,https://filebroker-cdn.lazada.vn/kf/S92f492969d6342dbb31c37fb06eccdfc4.jpg,,//www.lazada.vn/products/pdp-i1952074597.html
12,[ Độc Quyền Online ] Hộp Bánh Trung Thu Kinh Đô Phiên Bản Đặc Biệt - Túi Đeo Chéo Magic Keeper (2 Bánh X 80G),3157350959_VNAMZ,Kinh Đô,https://filebroker-cdn.lazada.vn/kf/S04bc1fa079534efa8b9e414fa4616c5b4.jpg,,//www.lazada.vn/products/pdp-i3157350959.html
13,"Hộp 4 Bánh Trung Thu Kinh Đô ""Thưởng Trà Ngắm Trăng"" (4 Bánh X 210G)",2706253362_VNAMZ,Kinh Đô,https://filebroker-cdn.lazada.vn/kf/S0f2cce057c5542d8a8f18c4f248d28b4u.jpg,,//www.lazada.vn/products/pdp-i2706253362.html
14,Combo 2 bánh trung thu Tân Xuân,2717103368_VNAMZ,No Brand,https://vn-live-01.slatic.net/p/4c21ca0cf435ed57bbb880af51f34284.jpg,,//www.lazada.vn/products/pdp-i2717103368.html
15,Combo 165k - 4 bánh Trung Thu 200gr - 1 trứng kèm Hộp,2372888221_VNAMZ,No Brand,https://vn-live-01.slatic.net/p/8b225dd215d8cb4eff9d185336b60b1b.jpg,,//www.lazada.vn/products/pdp-i2372888221.html
16,BÁNH TRUNG THU VỊ GÀ QUAY SIZE LỚN 5 TRỨNG 700G TÂN DÂN LỢI,2414433966_VNAMZ,No Brand,https://filebroker-cdn.lazada.vn/kf/S96167da2bc7042e780a52b11a5aadeecq.jpg,,//www.lazada.vn/products/pdp-i2414433966.html
17,BÁNH TRUNG THU VỊ GÀ QUAY SIZE LỚN 4 TRỨNG 600G TÂN DÂN LỢI,2414716137_VNAMZ,No Brand,https://filebroker-cdn.lazada.vn/kf/Sec6e6d6d38a54332840b97c0676c88d5F.jpg,,//www.lazada.vn/products/pdp-i2414716137.html
18,Hộp Bình Dân + Combo 4 bánh Trung thu Tân Xuân,2372886416_VNAMZ,No Brand,https://vn-live-01.slatic.net/p/7229a696727bd3fb343b3bf40ea27b8f.jpg,,//www.lazada.vn/products/pdp-i2372886416.html
19,"Combo 5 Bánh Trung Thu Truyền Thống Loại Đủ Vị Nhân Bánh (Thập Cẩm, Đậu Xanh, Khoai Môn, Dừa, Trà Xanh)",2768684553_VNAMZ,TLP,https://vn-live-01.slatic.net/p/d5365c44b407db72cfaeecfa1b613f95.png,,//www.lazada.vn/products/pdp-i2768684553.html
20,Bánh Trung Thu truyền thống Bảo Phương Thụy Khuê xếp hàng. Bán quanh năm. Uy tín 60 năm.  chỉ bán các tỉnh phía bắc do ảnh hưởng d ịch,1407954770_VNAMZ,No Brand,https://filebroker-cdn.lazada.vn/kf/S59216ba1801741518ce7c0f22fefa197K.jpg,,//www.lazada.vn/products/pdp-i1407954770.html
21,Bánh trung thu thập cẩm gà quay 2 trứng 220g (Bánh trung thu homemade),1775970069_VNAMZ,No Brand,https://filebroker-cdn.lazada.vn/kf/S23bc0ffd90c0468fa64ebc5805421ed85.jpg,,//www.lazada.vn/products/pdp-i1775970069.html
22,BÁNH TRUNG THU TÂN DÂN LỢI 2 TRỨNG 200GR,1868914236_VNAMZ,No Brand,https://filebroker-cdn.lazada.vn/kf/S98ea71ec3c5b4aa2997a921ef9c98206r.jpg,,//www.lazada.vn/products/pdp-i1868914236.html
23,BÁNH TRUNG THU VỊ GÀ QUAY SIZE LỚN 8 TRỨNG 900G TÂN DÂN LỢI,2414512606_VNAMZ,No Brand,https://filebroker-cdn.lazada.vn/kf/S3bfd26468f704c539dc77fc65fdad6138.jpg,,//www.lazada.vn/products/pdp-i2414512606.html
24,Bánh Trung Thu Kinh Đô - Bánh Nướng Nhân Mặn 1 Trứng 150G (Gà Quay/ Cua/ Thập Cẩm Lạp Xưởng/ Jambon),1947361637_VNAMZ,Kinh Đô,https://vn-live-01.slatic.net/p/5ba9b8ddb94d42ca0fb94e060e6281ab.jpg,,//www.lazada.vn/products/pdp-i1947361637.html
25,Bánh trung thu nướng/dẻo nhân thập cẩm jambong cổ truyền,1475163789_VNAMZ,No Brand,https://vn-live-01.slatic.net/p/dd53baec6eed208797a706cd1e911f1d.jpg,,//www.lazada.vn/products/pdp-i1475163789.html
26,Bánh trung thu Thuần Chay,3139449361_VNAMZ,No Brand,https://vn-live-01.slatic.net/p/c57be5f744e778791d0b12a887526b88.jpg,,//www.lazada.vn/products/pdp-i3139449361.html
27,[HCM] Bánh trung thu Thập Cẩm Gà Quay 2trứng Tân Dân Lợi 200gr,1859027363_VNAMZ,Đặc sản bến tre,https://vn-live-01.slatic.net/p/67bfd256ac85c74ee8c4389e4511a328.jpg,,//www.lazada.vn/products/pdp-i1859027363.html
28,"(Sỉ) Bánh trung thu nhân trứng muối DATE mới, giá tại xưởng",3152964441_VNAMZ,Thanh Dung,https://filebroker-cdn.lazada.vn/kf/S11c5e8e7040c4f57a471fe9d30357748g.jpg,,//www.lazada.vn/products/pdp-i3152964441.html
29,Bánh Trung thu Tân Xuân 2 trứng - loại 1,2373050025_VNAMZ,No Brand,https://vn-live-01.slatic.net/p/29954eb99beb003f87419de04bb5a6a1.jpg,,//www.lazada.vn/products/pdp-i2373050025.html
30,(Mua 10 Tặng 1)COMBO 10 Chiếc Bánh Trung Thu Mini MIX Vị DATE Mới Nhất 2025,2388224419_VNAMZ,No Brand,https://vn-test-11.slatic.net/p/1d08aedc518bda79fc1bf1b45bbc91ff.jpg,,//www.lazada.vn/products/pdp-i2388224419.html
31,"BÁNH TRUNG THU NGHỆ THUẬT 3D ĐỦ CÁC LOAI  VỊ BÁNH , BÁNH HEALTHY  ÍT NGỌT, KHÔNG PHẨM MÀU,  KHÔNG CHẤT BẢO QUẢN",2410988830_VNAMZ,No Brand,https://vn-live-01.slatic.net/p/f28312e96483458b400994bcd00364ce.jpg,,//www.lazada.vn/products/pdp-i2410988830.html
32,BÁNH TRUNG THU DẺO NHÀ LÀM . BAO NGON,2010086625_VNAMZ,No Brand,https://filebroker-cdn.lazada.vn/kf/S6341556b075948a589b9a476500304d23.jpg,,//www.lazada.vn/products/pdp-i2010086625.html
33,[BÁNH TRUNG THU] Bánh Nướng Trung Thu Đồng Khánh Dừa Sầu Riêng 1 Trứng (150g) Chính Hiệu Bông Lúa Vàng Được Phân Phối Chính Thúc Bởi Vũ Gia,2387742787_VNAMZ,Vũ Gia,https://vn-live-01.slatic.net/p/98d24a48190c30b106b11ab190c5eb37.png,,//www.lazada.vn/products/pdp-i2387742787.html
34,bánh trung thu Tân Dân Lợi bến tre 200g,2322262184_VNAMZ,No Brand,https://filebroker-cdn.lazada.vn/kf/Sfb63161ad1594e4a8ff2c7506f1707b8s.jpg,,//www.lazada.vn/products/pdp-i2322262184.html
35,Bánh trung thu Vạn Long thập cẩm gà quay 4 trứng 600 gr,788544905_VNAMZ,No Brand,https://vn-live-01.slatic.net/p/3ab0f561d50d80844b65454aaa692477.jpg,,//www.lazada.vn/products/pdp-i788544905.html
36,Bánh Trung Thu Đậu Xanh,1834064601_VNAMZ,No Brand,https://filebroker-cdn.lazada.vn/kf/Sf7cbebf9f2ec4bfe8f59508eaab10378v.jpg,,//www.lazada.vn/products/pdp-i1834064601.html
37,"[Chính Hãng] Bánh Trung Thu Kinh Đô Dòng Bánh Nướng, Dẻo 1 Trứng_150gr+Hộp Đựng",1952067572_VNAMZ,Kinh Đô,https://filebroker-cdn.lazada.vn/kf/S6d22bdc88cb84562a188d2dcae0c98d84.jpg,,//www.lazada.vn/products/pdp-i1952067572.html
38,"BÁNH TRUNG THU TÂN TÂN HỘP LỚN nhân thập cẩm gà quay 6 trứng , 8 trứng , 10 trứng",2666933656_VNAMZ,No Brand,https://filebroker-cdn.lazada.vn/kf/Sf610289515b84edfb8136fc10d2e45d7s.jpg,,//www.lazada.vn/products/pdp-i2666933656.html
39,[BÁNH TRUNG THU CHAY] Bánh Nướng Trung Thu Đồng Khánh Chay Đậu Xanh (150g) Chính Hiệu Bông Lúa Vàng,2000453954_VNAMZ,Vũ Gia,https://vn-live-01.slatic.net/p/5dbc3e83d5381cf63d5da23840268be2.png,,//www.lazada.vn/products/pdp-i2000453954.html
40,Bánh Trung Thu Kinh Đô - Bánh Nướng Nhân Ngọt 1 Trứng 150G (Hạt Sen/ Đậu Xanh/ Khoai Môn/ Sầu Riêng/ Sữa Dừa/ Đậu Đỏ),1947419210_VNAMZ,Kinh Đô,https://filebroker-cdn.lazada.vn/kf/Se35b198f6f834c4faec29f87757128789.jpg,,//www.lazada.vn/products/pdp-i1947419210.html
41,BÁNH TRUNG THU TÂN DÂN LỢI ĐỦ VỊ 200GR,2306038447_VNAMZ,No Brand,https://filebroker-cdn.lazada.vn/kf/S14ce903570dc43e6b2ed53033f935e00q.jpg,,//www.lazada.vn/products/pdp-i2306038447.html
42,BÁNH TRUNG THU TÂN DÂN LỢI GÀ QUAY/ĐẬU XANH/KHOAI MÔN/MÈ ĐEN 2 TRỨNG 200GR,2306042734_VNAMZ,No Brand,https://vn-live-01.slatic.net/p/b4acd374741b65bd54cd0d49c2e9262e.jpg,,//www.lazada.vn/products/pdp-i2306042734.html
43,"[Bánh Mới] nhân Gà quay , Xá Xíu thập cẩm,.. bánh trung thu Tân Dân Lơi 200g ít ngọt Cake food",2306020332_VNAMZ,No Brand,https://filebroker-cdn.lazada.vn/kf/Sff10bf9035b74d10913076bbf6be9eebZ.jpg,,//www.lazada.vn/products/pdp-i2306020332.html
44,Bánh Trung Thu Thập Cẩm,1834078369_VNAMZ,No Brand,https://filebroker-cdn.lazada.vn/kf/S83284f644d25436980b6fa5884a7ba13w.jpg,,//www.lazada.vn/products/pdp-i1834078369.html
45,Bánh trung thu chay Liên Hoa ngon và healthy ( thực phẩm chay) FREESHIP,1877693869_VNAMZ,No Brand,https://sg-live-01.slatic.net/p/1a197496c878cc2ed642af11f757ce3b.png,,//www.lazada.vn/products/pdp-i1877693869.html
46,Bánh trung thu Tân Xuân đậu xanh hột vịt - 170gr,2277724104_VNAMZ,No Brand,https://filebroker-cdn.lazada.vn/kf/Sc342039f49cf4cd1b0441d80a8da544fi.jpg,,//www.lazada.vn/products/pdp-i2277724104.html
47,"Bánh trung thu Tân Huê Viên Sóc Trăng, Đặc sản bánh trung thu gia truyền nhiều vị khác nhau 200g [Mua 4 bánh tặng hộp]",1961707583_VNAMZ,TÂN HUÊ VIÊN,https://vn-live-01.slatic.net/p/459e8e82e0e1740e738b4919a445fa1b.jpg,,//www.lazada.vn/products/pdp-i1961707583.html
48,Bánh Trung Thu Tân Tân Bến Tre 200gam 2 trứng đủ loại nhân,2792567317_VNAMZ,No Brand,https://filebroker-cdn.lazada.vn/kf/Seb42dabc5c0b4599b29b0336936b76dbD.jpg,,//www.lazada.vn/products/pdp-i2792567317.html
49,Bánh Trung Thu 200gr Tân Xuân Âu Cơ,3127320529_VNAMZ,No Brand,https://vn-live-01.slatic.net/p/0232d8e8cd504a228f475bac8537a368.jpg,,//www.lazada.vn/products/pdp-i3127320529.html
50,"Hộp 2 Bánh Trung Thu Kinh Đô ""Team Thập Cẩm"" (2 Bánh X 150G)",1952074597_VNAMZ,Kinh Đô,https://filebroker-cdn.lazada.vn/kf/S92f492969d6342dbb31c37fb06eccdfc4.jpg,,//www.lazada.vn/products/pdp-i1952074597.html
51,[ Độc Quyền Online ] Hộp Bánh Trung Thu Kinh Đô Phiên Bản Đặc Biệt - Túi Đeo Chéo Magic Keeper (2 Bánh X 80G),3157350959_VNAMZ,Kinh Đô,https://filebroker-cdn.lazada.vn/kf/S04bc1fa079534efa8b9e414fa4616c5b4.jpg,,//www.lazada.vn/products/pdp-i3157350959.html
52,"Hộp 4 Bánh Trung Thu Kinh Đô ""Thưởng Trà Ngắm Trăng"" (4 Bánh X 210G)",2706253362_VNAMZ,Kinh Đô,https://filebroker-cdn.lazada.vn/kf/S0f2cce057c5542d8a8f18c4f248d28b4u.jpg,,//www.lazada.vn/products/pdp-i2706253362.html
53,Combo 2 bánh trung thu Tân Xuân,2717103368_VNAMZ,No Brand,https://vn-live-01.slatic.net/p/4c21ca0cf435ed57bbb880af51f34284.jpg,,//www.lazada.vn/products/pdp-i2717103368.html
54,Combo 165k - 4 bánh Trung Thu 200gr - 1 trứng kèm Hộp,2372888221_VNAMZ,No Brand,https://vn-live-01.slatic.net/p/8b225dd215d8cb4eff9d185336b60b1b.jpg,,//www.lazada.vn/products/pdp-i2372888221.html
55,BÁNH TRUNG THU VỊ GÀ QUAY SIZE LỚN 5 TRỨNG 700G TÂN DÂN LỢI,2414433966_VNAMZ,No Brand,https://filebroker-cdn.lazada.vn/kf/S96167da2bc7042e780a52b11a5aadeecq.jpg,,//www.lazada.vn/products/pdp-i2414433966.html
56,BÁNH TRUNG THU VỊ GÀ QUAY SIZE LỚN 4 TRỨNG 600G TÂN DÂN LỢI,2414716137_VNAMZ,No Brand,https://filebroker-cdn.lazada.vn/kf/Sec6e6d6d38a54332840b97c0676c88d5F.jpg,,//www.lazada.vn/products/pdp-i2414716137.html
57,Hộp Bình Dân + Combo 4 bánh Trung thu Tân Xuân,2372886416_VNAMZ,No Brand,https://vn-live-01.slatic.net/p/7229a696727bd3fb343b3bf40ea27b8f.jpg,,//www.lazada.vn/products/pdp-i2372886416.html
58,"Combo 5 Bánh Trung Thu Truyền Thống Loại Đủ Vị Nhân Bánh (Thập Cẩm, Đậu Xanh, Khoai Môn, Dừa, Trà Xanh)",2768684553_VNAMZ,TLP,https://vn-live-01.slatic.net/p/d5365c44b407db72cfaeecfa1b613f95.png,,//www.lazada.vn/products/pdp-i2768684553.html
59,Bánh Trung Thu truyền thống Bảo Phương Thụy Khuê xếp hàng. Bán quanh năm. Uy tín 60 năm.  chỉ bán các tỉnh phía bắc do ảnh hưởng d ịch,1407954770_VNAMZ,No Brand,https://filebroker-cdn.lazada.vn/kf/S59216ba1801741518ce7c0f22fefa197K.jpg,,//www.lazada.vn/products/pdp-i1407954770.html
60,Bánh trung thu thập cẩm gà quay 2 trứng 220g (Bánh trung thu homemade),1775970069_VNAMZ,No Brand,https://filebroker-cdn.lazada.vn/kf/S23bc0ffd90c0468fa64ebc5805421ed85.jpg,,//www.lazada.vn/products/pdp-i1775970069.html
61,BÁNH TRUNG THU VỊ GÀ QUAY SIZE LỚN 8 TRỨNG 900G TÂN DÂN LỢI,2414512606_VNAMZ,No Brand,https://filebroker-cdn.lazada.vn/kf/S3bfd26468f704c539dc77fc65fdad6138.jpg,,//www.lazada.vn/products/pdp-i2414512606.html
62,Bánh Trung Thu Kinh Đô - Bánh Nướng Nhân Mặn 1 Trứng 150G (Gà Quay/ Cua/ Thập Cẩm Lạp Xưởng/ Jambon),1947361637_VNAMZ,Kinh Đô,https://vn-live-01.slatic.net/p/5ba9b8ddb94d42ca0fb94e060e6281ab.jpg,,//www.lazada.vn/products/pdp-i1947361637.html
63,Bánh trung thu nướng/dẻo nhân thập cẩm jambong cổ truyền,1475163789_VNAMZ,No Brand,https://vn-live-01.slatic.net/p/dd53baec6eed208797a706cd1e911f1d.jpg,,//www.lazada.vn/products/pdp-i1475163789.html
64,Bánh trung thu Thuần Chay,3139449361_VNAMZ,No Brand,https://vn-live-01.slatic.net/p/c57be5f744e778791d0b12a887526b88.jpg,,//www.lazada.vn/products/pdp-i3139449361.html
65,[HCM] Bánh trung thu Thập Cẩm Gà Quay 2trứng Tân Dân Lợi 200gr,1859027363_VNAMZ,Đặc sản bến tre,https://vn-live-01.slatic.net/p/67bfd256ac85c74ee8c4389e4511a328.jpg,,//www.lazada.vn/products/pdp-i1859027363.html
66,"(Sỉ) Bánh trung thu nhân trứng muối DATE mới, giá tại xưởng",3152964441_VNAMZ,Thanh Dung,https://filebroker-cdn.lazada.vn/kf/S11c5e8e7040c4f57a471fe9d30357748g.jpg,,//www.lazada.vn/products/pdp-i3152964441.html
67,Bánh Trung thu Tân Xuân 2 trứng - loại 1,2373050025_VNAMZ,No Brand,https://vn-live-01.slatic.net/p/29954eb99beb003f87419de04bb5a6a1.jpg,,//www.lazada.vn/products/pdp-i2373050025.html
68,(Mua 10 Tặng 1)COMBO 10 Chiếc Bánh Trung Thu Mini MIX Vị DATE Mới Nhất 2025,2388224419_VNAMZ,No Brand,https://vn-test-11.slatic.net/p/1d08aedc518bda79fc1bf1b45bbc91ff.jpg,,//www.lazada.vn/products/pdp-i2388224419.html
69,BÁNH TRUNG THU DẺO NHÀ LÀM . BAO NGON,2010086625_VNAMZ,No Brand,https://filebroker-cdn.lazada.vn/kf/S6341556b075948a589b9a476500304d23.jpg,,//www.lazada.vn/products/pdp-i2010086625.html
70,[BÁNH TRUNG THU] Bánh Nướng Trung Thu Đồng Khánh Dừa Sầu Riêng 1 Trứng (150g) Chính Hiệu Bông Lúa Vàng Được Phân Phối Chính Thúc Bởi Vũ Gia,2387742787_VNAMZ,Vũ Gia,https://vn-live-01.slatic.net/p/98d24a48190c30b106b11ab190c5eb37.png,,//www.lazada.vn/products/pdp-i2387742787.html
71,bánh trung thu Tân Dân Lợi bến tre 200g,2322262184_VNAMZ,No Brand,https://filebroker-cdn.lazada.vn/kf/Sfb63161ad1594e4a8ff2c7506f1707b8s.jpg,,//www.lazada.vn/products/pdp-i2322262184.html
72,Bánh trung thu Vạn Long thập cẩm gà quay 4 trứng 600 gr,788544905_VNAMZ,No Brand,https://vn-live-01.slatic.net/p/3ab0f561d50d80844b65454aaa692477.jpg,,//www.lazada.vn/products/pdp-i788544905.html
73,"[Chính Hãng] Bánh Trung Thu Kinh Đô Dòng Bánh Nướng, Dẻo 1 Trứng_150gr+Hộp Đựng",1952067572_VNAMZ,Kinh Đô,https://filebroker-cdn.lazada.vn/kf/S6d22bdc88cb84562a188d2dcae0c98d84.jpg,,//www.lazada.vn/products/pdp-i1952067572.html
74,Bánh Trung Thu Đậu Xanh,1834064601_VNAMZ,No Brand,https://filebroker-cdn.lazada.vn/kf/Sf7cbebf9f2ec4bfe8f59508eaab10378v.jpg,,//www.lazada.vn/products/pdp-i1834064601.html
75,"BÁNH TRUNG THU TÂN TÂN HỘP LỚN nhân thập cẩm gà quay 6 trứng , 8 trứng , 10 trứng",2666933656_VNAMZ,No Brand,https://filebroker-cdn.lazada.vn/kf/Sf610289515b84edfb8136fc10d2e45d7s.jpg,,//www.lazada.vn/products/pdp-i2666933656.html
76,[BÁNH TRUNG THU CHAY] Bánh Nướng Trung Thu Đồng Khánh Chay Đậu Xanh (150g) Chính Hiệu Bông Lúa Vàng,2000453954_VNAMZ,Vũ Gia,https://vn-live-01.slatic.net/p/5dbc3e83d5381cf63d5da23840268be2.png,,//www.lazada.vn/products/pdp-i2000453954.html
77,Bánh trung thu 2 trứng Tân Xuân Âu Cơ,3130808339_VNAMZ,No Brand,https://vn-live-01.slatic.net/p/e31b32c52a0c31ae4248a4b3335ae429.jpg,,//www.lazada.vn/products/pdp-i3130808339.html
78,Bánh trung thu tân dân lợi 200g bánh,2421380319_VNAMZ,No Brand,https://filebroker-cdn.lazada.vn/kf/Se060c8030fcc453d96e333aef23bc546h.jpg,,//www.lazada.vn/products/pdp-i2421380319.html
79,[BÁNH TRUNG THU] Bánh Nướng Trung Thu Đồng Khánh Hạt Sen Trà Xanh Matcha 1 Trứng (150g) Chính Hiệu Bông Lúa Vàng Được Phân Phối Chính Thức Bởi Vũ Gia,2822421144_VNAMZ,VG FARM,https://vn-live-01.slatic.net/p/b73b6a5625e90c1d1e99b3962abdc3af.png,,//www.lazada.vn/products/pdp-i2822421144.html
80,Combo 4 bánh Trung Thu Tân Dân Lợi 200g 2 trứng muối Food,3096891618_VNAMZ,No Brand,https://filebroker-cdn.lazada.vn/kf/S104e8fdabc914cdf9f8b79c15888b2159.jpg,,//www.lazada.vn/products/pdp-i3096891618.html
81,Bánh Trung Thu Givral -bánh lẻ nhiều lựa chọn 150 GRAM-200GRAM-250GRAM,1495330847_VNAMZ,No Brand,https://vn-live-01.slatic.net/p/fa628f7be10b4bedd172b7032cd7e944.jpg,,//www.lazada.vn/products/pdp-i1495330847.html
82,Bánh trung thu mochi khoai môn trứng muối 300g siêu ngon,2731387248_VNAMZ,No Brand,https://vn-live-01.slatic.net/p/65ea9c31c08c5e4b40836d2d4cf77c1f.jpg,,//www.lazada.vn/products/pdp-i2731387248.html
83,Bánh Trung Thu Truyền Thống Đủ Vị Bánh 150g Không Trứng,2768667641_VNAMZ,TLP,https://vn-live-01.slatic.net/p/7366ab212cb9ca7d1bb9f7a96f60aacd.png,,//www.lazada.vn/products/pdp-i2768667641.html
84,Bánh trung thu Givral. bánh Trăng Ngũ Sắc (bánh lẻ),3149743266_VNAMZ,No Brand,https://sg-test-11.slatic.net/p/5ab0d0254a73e079d3369c6c48a242d7.jpg,,//www.lazada.vn/products/pdp-i3149743266.html
85,BÁNH TRUNG THU TÂN DÂN LỢI 200GR 2 TRỨNG NHIỀU VỊ GÀ QUAY/XÁ XÍU/ĐẬU XANH/KHOAI MÔN/DỪA,2306130091_VNAMZ,No Brand,https://vn-live-01.slatic.net/p/b4acd374741b65bd54cd0d49c2e9262e.jpg,,//www.lazada.vn/products/pdp-i2306130091.html
86,sét 4 bánh trung thu thập cẩm gà quay ít trứng tân tân trọng lượng 700g bánh mềm ít ngọt,2732552432_VNAMZ,No Brand,https://filebroker-cdn.lazada.vn/kf/S719b17db025641b291ead0fde85ddc093.jpg,,//www.lazada.vn/products/pdp-i2732552432.html
87,[Combo 11 bánh] Combo 10 bánh bánh trung thu truyền thống thanh dung+TẶNG 1 BÁNH NƯỚNG - Tự chọn vị,3164002678_VNAMZ,Thanh Dung,https://sg-test-11.slatic.net/p/3448ef16726820b95c89692cc349c057.jpg,,//www.lazada.vn/products/pdp-i3164002678.html
88,Bánh trung thu Thập Cẩm GÀ QUAY (2 trứng 200gram) Tân Dân Lợi,1451933363_VNAMZ,No Brand,https://vn-live-01.slatic.net/p/fff86118faebf38af6034f334ea34873.jpg,,//www.lazada.vn/products/pdp-i1451933363.html
89,"Combo 4 bánh Trung Thu mềm ngon, ăn chay được",3166758043_VNAMZ,No Brand,https://filebroker-cdn.lazada.vn/kf/S9f1d91bee1fd4bc496fdeab3cbe518679.jpg,,//www.lazada.vn/products/pdp-i3166758043.html
90,combo 4 bánh trung thu tho phát mã TQ1,3164696479_VNAMZ,KIDO'S,https://filebroker-cdn.lazada.vn/kf/Sabd1653c118d469aaca3d4314cdf91e7t.jpg,,//www.lazada.vn/products/pdp-i3164696479.html
91,Bánh trung thu Givral HẠNH PHÚC 1 (HỘP 4 BÁNH 150GRAM) (Mã 3B-9B-10B-11B),3161074029_VNAMZ,No Brand,https://vn-live-01.slatic.net/p/db395d610a24fc26bf3a477b289b53de.jpg,,//www.lazada.vn/products/pdp-i3161074029.html
92,bánh trung thu,2378192174_VNAMZ,No Brand,https://filebroker-cdn.lazada.vn/kf/S30c2b410641a4716a7047e4cf003ddffh.jpg,,//www.lazada.vn/products/pdp-i2378192174.html
93,Bánh Trung Thu nhân Thập Cẩm Gà Quay 10 trứng muối Tân Dân Lợi Siêu ngon,2337789060_VNAMZ,No Brand,https://filebroker-cdn.lazada.vn/kf/S7b464b83bf234d75ad653d630485120eS.jpg,,//www.lazada.vn/products/pdp-i2337789060.html
94,Bánh Trung Thu Lava HongKong Hộp 8 Chiếc Nhân Chảy Có Hộp + Túi Sách Siêu Xinh,2756203371_VNAMZ,No Brand,https://vn-live-01.slatic.net/p/a5c50f6b132e742a772da9bd577801ec.jpg,,//www.lazada.vn/products/pdp-i2756203371.html
95,Bánh trung thu Tân Dân Lợi,2401590076_VNAMZ,No Brand,https://filebroker-cdn.lazada.vn/kf/Sc48b291172f8474e9a1cf181a2c5a39bo.jpg,,//www.lazada.vn/products/pdp-i2401590076.html
96,Givral-Bánh Trung Thu Givral combo Trăng Yêu Thương 2 (hộp 6 bánh TRỌNG LƯỢNG 150GR*6),846274488_VNAMZ,No Brand,https://vn-live-01.slatic.net/p/cda13f6abf91ccd73e94267592772dae.jpg,,//www.lazada.vn/products/pdp-i846274488.html
97,Combo [10 bánh] 5gà quay + 5 xá xíu bánh trung thu Tân Dân Lợi 2trứng 200g,2305881173_VNAMZ,No Brand,https://filebroker-cdn.lazada.vn/kf/S23706d486776434486a60b7e5455b557k.jpg,,//www.lazada.vn/products/pdp-i2305881173.html
98,[Chính Hãng] Bánh Trung Thu Cao Cấp Trăng Vàng Đủ Loại,1952804565_VNAMZ,Kinh Đô,https://filebroker-cdn.lazada.vn/kf/S852415f218714c93b00c6fc73d4b3380f.jpg,,//www.lazada.vn/products/pdp-i1952804565.html
99,[BÁNH TRUNG THU CHAY] Bánh Nướng Trung Thu Đồng Khánh Chay Hạt Sen Trà Xanh Matcha (150g) Chính Hiệu Bông Lúa Vàng Food Cake,2822456268_VNAMZ,VG FARM,https://vn-live-01.slatic.net/p/da76d62c6325ec930dd8fc1f57cf12aa.png,,//www.lazada.vn/products/pdp-i2822456268.html
100,bánh trung thu tân dân lợi 200gr 2 trứng nhiều nhân gà quay/xá xíu/đậu xanh/khoaimôn/trà xanh,2655357118_VNAMZ,No Brand,https://vn-live-01.slatic.net/p/35a284903653e99afbf02ec844033655.jpg,,//www.lazada.vn/products/pdp-i2655357118.html
101,Bánh Trung Thu Thập Cẩm Gà Quay Bánh Trung Thu Tân Dân Lợi,3104568173_VNAMZ,No Brand,https://vn-live-01.slatic.net/p/7e9f88c23e6d93d3e62c5e06272e8a2c.jpg,,//www.lazada.vn/products/pdp-i3104568173.html
102,"Bánh Trung Thu , Bánh dẻo nhà làm 160gr nhà làm ít ngọt nhiều loại nhân",3110065880_VNAMZ,No Brand,https://filebroker-cdn.lazada.vn/kf/S0beb66725b5a47a4a5c351eb96657d3bb.jpg,,//www.lazada.vn/products/pdp-i3110065880.html
103,"Bánh Trung Thu nhân Gà quay 15 trứng 1,2kg Tân Dân Lợi",2337658601_VNAMZ,No Brand,https://filebroker-cdn.lazada.vn/kf/Sbed016973c2a476a9b08cca67892999a0.jpg,,//www.lazada.vn/products/pdp-i2337658601.html
104,Bánh Trung Thu Nướng Mochi Khoai Môn Trứng Muối Chà Bông Cái To 300g B166 - Ăn Vặt BeeGin,2660403307_VNAMZ,No Brand,https://vn-live-01.slatic.net/p/6b4cd06bd195d231e5a4b4c9cca1370c.png,,//www.lazada.vn/products/pdp-i2660403307.html
105,Hộp Bánh Trung Thu Hồng Phúc 4 Bánh 1 trứng 150g - Thành Long (600g) thiết kế mới hộp xách tay,2678214673_VNAMZ,Thành Long,https://vn-live-01.slatic.net/p/896a2bdbd0790b6468fce83c0bbc4048.png,,//www.lazada.vn/products/pdp-i2678214673.html
106,Bánh Trung Thu Vạn Long Thập cẩm Gà quay lạp xưởng 2 trứng 220g,788598530_VNAMZ,No Brand,https://vn-live-01.slatic.net/p/6f25e915892fb80876a84c0f09c90f65.jpg,,//www.lazada.vn/products/pdp-i788598530.html
107,Bánh Trung Thu Khoai Môn Mochi Trứng Muối Chà Bông Bánh To 300g B166 - BeeGin Food,3077244255_VNAMZ,No Brand,https://vn-live-01.slatic.net/p/d7d7fb90d3161af6629d41a79b745454.png,,//www.lazada.vn/products/pdp-i3077244255.html
108,Bánh trung thu thập cẩm chay Tân Dân Lợi 200gr,1871423502_VNAMZ,No Brand,https://filebroker-cdn.lazada.vn/kf/S6b66872e3e044783a9d78b890343aa25y.jpg,,//www.lazada.vn/products/pdp-i1871423502.html
109,Bánh Trung Thu Nướng Mochi Khoai Môn Trứng Muối Chà Bông 300g B166 - BeeGin Food Store,2783808147_VNAMZ,No Brand,https://vn-live-01.slatic.net/p/c470bbbfca1029073eb053c56edcafd4.png,,//www.lazada.vn/products/pdp-i2783808147.html
110,BÁNH TRUNG THU THẬP CẨM MINI COMBO 5 CÂY,1531021327_VNAMZ,No Brand,https://filebroker-cdn.lazada.vn/kf/S56c9faf3a1f04ab5ae066f84fbad2549B.jpg,,//www.lazada.vn/products/pdp-i1531021327.html
111,Bánh Trung Thu Nướng Mochi Khoai Môn Trứng Muối Chà Bông Cái To 300g B166 - BeeGin Mart,2783488963_VNAMZ,No Brand,https://vn-live-01.slatic.net/p/6b4cd06bd195d231e5a4b4c9cca1370c.png,,//www.lazada.vn/products/pdp-i2783488963.html
112,Bánh Trung Thu Dừa Non,1834059577_VNAMZ,No Brand,https://filebroker-cdn.lazada.vn/kf/Sa8fc2000f3fa452298bae8d4c57721c9c.jpg,,//www.lazada.vn/products/pdp-i1834059577.html
113,Bánh Trung Thu Tân Dân Lợi nhân Thập Cẩm Xá Xíu 5trứng 700g,2331217076_VNAMZ,No Brand,https://filebroker-cdn.lazada.vn/kf/S0cc9cb8daf6842978ac6c95df1b35e7cQ.jpg,,//www.lazada.vn/products/pdp-i2331217076.html
114,Bánh trung thu 180gr trứng vịt nhỏ,3127999357_VNAMZ,No Brand,https://vn-live-01.slatic.net/p/7996639c66ed19340b2e4659398f73f8.jpg,,//www.lazada.vn/products/pdp-i3127999357.html
115,bánh trung thu,2779670470_VNAMZ,No Brand,https://filebroker-cdn.lazada.vn/kf/Sfa2d6634db0249c6bb6d2ffef5f62163O.jpg,,//www.lazada.vn/products/pdp-i2779670470.html
116,Bánh Trung Thu Givral COMBO SẮC MÀU HỘP 4 BÁNH TRỌNG LƯỢNG 150GR*4,1489228574_VNAMZ,No Brand,https://vn-live-01.slatic.net/p/bf0a4eaeaa5d385e7e7cd0cecf238b6c.jpg,,//www.lazada.vn/products/pdp-i1489228574.html
117,[Chính Hãng] Bánh Trung Thu Cao Cấp Trăng Vàng Đủ Loại,3164573034_VNAMZ,Kinh Đô,https://filebroker-cdn.lazada.vn/kf/S750f4994d0d949958b5e8275b95f3df3B.jpg,,//www.lazada.vn/products/pdp-i3164573034.html
118,SET HỘP 6 BÁNH TRUNG THU HANDMADE MINI mix đủ vị (50GR/1 chiếc),3105052722_VNAMZ,No Brand,https://sg-test-11.slatic.net/p/b25699bbce642a3d50d2c4d52b488350.jpg,,//www.lazada.vn/products/pdp-i3105052722.html
119,Thập Cẩm Chay Bánh Trung Thu Tân dân lợi 200g Cake food,3095719656_VNAMZ,No Brand,https://filebroker-cdn.lazada.vn/kf/Sba84324bc81b4fe5af0f73cfb4c1958br.jpg,,//www.lazada.vn/products/pdp-i3095719656.html
120,"BÁNH TRUNG THU GIVRAL NHIỀU LỰA CHỌN (HỘP 1 BÁNH, 2 BÁNH, 4 BÁNH, 6 BÁNH)",2695634573_VNAMZ,No Brand,https://vn-live-01.slatic.net/p/7d7694e74f6b487263b9af32bb0eff44.jpg,,//www.lazada.vn/products/pdp-i2695634573.html
121,Bánh Trung Thu Thanh Dung - Nướng + dẻo có đủ 7 vị,3164004667_VNAMZ,Thanh Dung,https://sg-test-11.slatic.net/p/37c2db974c05bb1aaf267157486ded8d.jpg,,//www.lazada.vn/products/pdp-i3164004667.html
122,[BÁNH TRUNG THU CHAY] Bánh Nướng Trung Thu Đồng Khánh Chay Khoai Môn (150g) Chính Hiệu Bông Lúa Vàng,2403044013_VNAMZ,Vũ Gia,https://vn-live-01.slatic.net/p/6607e4cae12a05297daac98e15a1199c.png,,//www.lazada.vn/products/pdp-i2403044013.html
123,Bánh Trung Thu Trà Xanh,1834010935_VNAMZ,No Brand,https://filebroker-cdn.lazada.vn/kf/Sab78332d5f11421fa2916a1b66e37e5ba.jpg,,//www.lazada.vn/products/pdp-i1834010935.html
124,"(2 TRỨNG 51K - NGON RẺ, HÀNG MỚI 2025) Bánh Trung Thu TÂN DÂN LỢI - Ngọt Vừa Không Gắt, Vỏ Mỏng Giòn Tan, Nhân Mềm Dẻo",1891835247_VNAMZ,No Brand,https://filebroker-cdn.lazada.vn/kf/Sa5ce40a2c7534755b8aa8cae62d31a0co.jpg,,//www.lazada.vn/products/pdp-i1891835247.html
125,[BÁNH TRUNG THU CHAY] Bánh Nướng Trung Thu Đồng Khánh Chay Hạt Sen Trà Xanh Matcha (150g) Chính Hiệu Bông Lúa Vàng,2409214392_VNAMZ,Vũ Gia,https://vn-live-01.slatic.net/p/da76d62c6325ec930dd8fc1f57cf12aa.png,,//www.lazada.vn/products/pdp-i2409214392.html
126,[BÁNH TRUNG THU CHAY] Bánh Nướng Trung Thu Đồng Khánh Chay Khoai Môn (150g) Chính Hiệu Bông Lúa Vàng Food Cake,2822449315_VNAMZ,VG FARM,https://vn-live-01.slatic.net/p/6607e4cae12a05297daac98e15a1199c.png,,//www.lazada.vn/products/pdp-i2822449315.html
127,Set 10 hộp bánh trung thu 2024 loại 1 bánh( hộp con ) size 150-300gr,2768634007_VNAMZ,No Brand,https://filebroker-cdn.lazada.vn/kf/S046c32328830430e9ecabf7a1912c5561.jpg,,//www.lazada.vn/products/pdp-i2768634007.html
128,[BÁNH TRUNG THU] Bánh Nướng Trung Thu Đồng Khánh Hạt Sen Trà Xanh Matcha 1 Trứng (150g) Chính Hiệu Bông Lúa Vàng Được Phân Phối Chính Thúc Bởi Vũ Gia,2402267179_VNAMZ,Vũ Gia,https://vn-live-01.slatic.net/p/b73b6a5625e90c1d1e99b3962abdc3af.png,,//www.lazada.vn/products/pdp-i2402267179.html
129,[HOT]BÁNH TRUNG THU MINI MIX VỊ SIÊU NGON ( 1kg),3114414564_VNAMZ,No Brand,https://sg-test-11.slatic.net/p/789a2fe9d836f52452147b00bcf583d1.jpg,,//www.lazada.vn/products/pdp-i3114414564.html
130,1 Cây 4 bánh Trung Thu Nhân Thập Cẩm Mặn [O trứng muối] - Tân Dân Lợi 500g,3095881694_VNAMZ,No Brand,https://sg-test-11.slatic.net/other/common/65d2c365771b4418a4d85a687d07fee0.jpeg,,//www.lazada.vn/products/pdp-i3095881694.html
131,BÁNH TRUNG THU ĂN CHAY TÂN DÂN LỢI 200G (Đậu Xanh/Khoai Môn/Hạt Sen/Thập Cẩm/Trà Xanh/Dẻo Dứa/Dẻo Môn),1975438992_VNAMZ,No Brand,https://filebroker-cdn.lazada.vn/kf/S047a432972f042ed8f76ceb96dd6b8ccd.jpg,,//www.lazada.vn/products/pdp-i1975438992.html
132,Bánh trung thu Mochi nướng -500gr chảy mềm thì cho vào lò nướng qua lại cho nóng nha,2653275658_VNAMZ,No Brand,https://filebroker-cdn.lazada.vn/kf/Sc4740c37cd1e4cffb113b0073d0a6ee0y.jpg,,//www.lazada.vn/products/pdp-i2653275658.html
133,[GÒ VẤP] Bánh Trung Thu Chay Tân Dân Lợi Nhân Đậu xanh Trà xanh Khoai Môn Hạt Sen Không Trứng,3093583078_VNAMZ,No Brand,https://vn-live-01.slatic.net/p/236ae99191d7d005bacaa36672b67e68.jpg,,//www.lazada.vn/products/pdp-i3093583078.html
134,Bánh trung thu nhân trà xanh 2trứng Tân Dân Lợi 200gr,1811294360_VNAMZ,No Brand,https://filebroker-cdn.lazada.vn/kf/Sf3d3ed54a28447b19f6b0fdb91f4b723g.jpg,,//www.lazada.vn/products/pdp-i1811294360.html
135,Bánh Trung Thu mochi Khoai môn trứng muối 500gr,2756709799_VNAMZ,No Brand,https://vn-live-01.slatic.net/p/c7334c8c754a060bba694c6c7a36b200.jpg,,//www.lazada.vn/products/pdp-i2756709799.html
136,Bánh Trung Thu nhân thập cẩm Gà quay 6trứng 700g Tân Dân Lợi,2337804019_VNAMZ,No Brand,https://filebroker-cdn.lazada.vn/kf/Sbc1cb2884de540668919b1f2c1fcfd47j.jpg,,//www.lazada.vn/products/pdp-i2337804019.html
137,Set 6 bánh Trung Thu Thời Thượng + túi,2399276209_VNAMZ,No Brand,https://filebroker-cdn.lazada.vn/kf/S89cd99f414e7479fb2c9fa781d3b37aeq.jpg,,//www.lazada.vn/products/pdp-i2399276209.html
138,Quà Tặng Bánh Trung Thu ( Quà tặng không bán),2494608679_VNAMZ,No Brand,https://sg-test-11.slatic.net/p/e47b70d2003a13a274234c4c223d8a7d.jpg,,//www.lazada.vn/products/pdp-i2494608679.html
139,bánh trung thu mini 6 cái 300gr,2418170408_VNAMZ,No Brand,https://filebroker-cdn.lazada.vn/kf/S49acf441b2c049599a42076eed11eaedD.jpg,,//www.lazada.vn/products/pdp-i2418170408.html
140,[BÁNH TRUNG THU CHAY] Bánh Nướng Trung Thu Đồng Khánh Chay Hạt Sen (150g) Chính Hiệu Bông Lúa Vàng Food Cake,2822473203_VNAMZ,VG FARM,https://vn-live-01.slatic.net/p/70f4372d58a65ce8aeeedd741e8ca422.png,,//www.lazada.vn/products/pdp-i2822473203.html
141,Bánh Trung Thu Nhân Lá Dứa Hạt Dưa Tân Dân Lợi 200g 2trứng,2324100480_VNAMZ,No Brand,https://filebroker-cdn.lazada.vn/kf/S901ee61f38b74248aac08fe9f5fa6d4c5.jpg,,//www.lazada.vn/products/pdp-i2324100480.html
142,Cây Đại [Đặc biệt] 1cây 4 bánh nhân thập cẩm Xá Xíu [ít trứng muối] 800g - Tân Dân Lơi,3096875620_VNAMZ,No Brand,https://filebroker-cdn.lazada.vn/kf/Sd29a3e25398b4248a56bf8f18bd1b025p.jpg,,//www.lazada.vn/products/pdp-i3096875620.html
143,Bánh trung thu hoa cúc tím – Nến thơm Ecolife,2393767432_VNAMZ,EL,https://vn-live-01.slatic.net/p/cc57e1c5d1ff26e894a882408bb5fa1c.jpg,,//www.lazada.vn/products/pdp-i2393767432.html
144,Bánh trung thu 170g ít trứng,3128355627_VNAMZ,No Brand,https://vn-live-01.slatic.net/p/0fd823ef6aab56ff2c8fbec062f6144b.jpg,,//www.lazada.vn/products/pdp-i3128355627.html
145,[Date mới] Bánh trung thu Thập Cẩm GÀ QUAY (2 trứng 200gram) Tân Dân Lợi,1486569596_VNAMZ,No Brand,https://vn-live-01.slatic.net/p/3d039f3d06425b97eaba239804d4ddf8.jpg,,//www.lazada.vn/products/pdp-i1486569596.html
146,Số [77] 1 Cây 4 bánh nhân thập cẩm Xá Xíu 600g - Bánh Trung Thu Tân Dân Lợi,3096910442_VNAMZ,No Brand,https://filebroker-cdn.lazada.vn/kf/Sc1c7afdccac04ae9aa7f342a55d8290aR.jpg,,//www.lazada.vn/products/pdp-i3096910442.html
147,Bánh Trung Thu Nhân Hạt Sen  Tân Dân Lợi 200g 2trứng,2324166161_VNAMZ,No Brand,https://filebroker-cdn.lazada.vn/kf/Sd364593f068848e390a25d871aaca255f.jpg,,//www.lazada.vn/products/pdp-i2324166161.html
148,Bánh Trung Thu Liu Pía Trứng Muối Tan Chảy Bánh Lẻ B08C - GIA NGÂN FOOD,2481094898_VNAMZ,No Brand,https://sg-test-11.slatic.net/p/82eee0f9c52ea947e242597588430e04.jpg,,//www.lazada.vn/products/pdp-i2481094898.html
149,[BÁNH TRUNG THU] Bánh Nướng Trung Thu Đồng Khánh Hạt Sen Trà Xanh Matcha 2 Trứng (210g) Chính Hiệu Bông Lúa Vàng Được Phân Phối Chính Thức Bởi Vũ Gia Food Ăn Vặt Thức Ăn Cake,2822473001_VNAMZ,VG FARM,https://vn-live-01.slatic.net/p/5b00d22be1cf7591af4981419d2ef8b9.png,,//www.lazada.vn/products/pdp-i2822473001.html
150,Bánh trung thu chay nhân thập cẩm Tân Dân Lợi 200gr,1811335017_VNAMZ,No Brand,https://filebroker-cdn.lazada.vn/kf/S31af67ed537d47ba86bca2d90cdc09d1q.jpg,,//www.lazada.vn/products/pdp-i1811335017.html
151,Thùng 1kg Bánh Trung Thu Liu Pía Trứng Muối Tan Chảy Ngàn Lớp B08KG - Ăn Vặt BeeGin,2052756821_VNAMZ,No Brand,https://vn-live-01.slatic.net/p/0aecb8d8e32ddd288ee3540d5c722ce0.jpg,,//www.lazada.vn/products/pdp-i2052756821.html
152,COMBO 10 CÁI - Bánh Trung Thu Mini 40g Hình Gà – Heo Trứng Muối | Nhân Đậu Đỏ Trứng Muối,3110106811_VNAMZ,No Brand,https://sg-test-11.slatic.net/p/0f7855eb7cba58fb19f236c2ae1f285b.jpg,,//www.lazada.vn/products/pdp-i3110106811.html
153,Thùng 1kg Bánh Trung Thu Liu Pía Trứng Muối Tan Chảy B08 - Ăn Vặt BeeGin,2083376536_VNAMZ,No Brand,https://vn-live-01.slatic.net/p/5bf490ff0130a44486a8484fb5c5e016.jpg,,//www.lazada.vn/products/pdp-i2083376536.html
154,BÁNH TRUNG THU THẬP CẨM MINI (COMBO 3 CÂY),1469904660_VNAMZ,No Brand,https://filebroker-cdn.lazada.vn/kf/Sb269ad53ae434cb8994136fd44b5b1c69.jpg,,//www.lazada.vn/products/pdp-i1469904660.html
155,"Bánh đậu đỏ trứng muối healthy ít ngọt thơm ngon, bánh ngàn lớp nội địa Trung 40gr/gói",2692576598_VNAMZ,No Brand,https://vn-live-01.slatic.net/p/ed65e2f5265527c9bfb6b795793d3398.jpg,,//www.lazada.vn/products/pdp-i2692576598.html
156,Bánh Trung Thu Givral combo Trăng Yêu Thương 2 (hộp 6 bánh TRỌNG LƯỢNG 150GR*6) (Mã 27D-8D-3D-5D-10D-30D),2688983987_VNAMZ,No Brand,https://vn-live-01.slatic.net/p/8bbf482e70657c1f2b8963aa3fb4d4c5.jpg,,//www.lazada.vn/products/pdp-i2688983987.html
157,Bánh Trung Thu Nhân Thập cẩm 200gr,2359717710_VNAMZ,No Brand,https://vn-live-01.slatic.net/p/cbf5b81075e3eaaf17960cb25e070b7d.jpg,,//www.lazada.vn/products/pdp-i2359717710.html
158,Combo 5 Bánh Trung Thu Liu Pía Trứng Muối Tan Chảy B08 - GIA NGÂN FOOD,2481150583_VNAMZ,No Brand,https://sg-test-11.slatic.net/p/15d49a19d1b57eeed92d1d7d84eb9111.jpg,,//www.lazada.vn/products/pdp-i2481150583.html
159,BÁNH TRUNG THU TÂN DÂN LỢI 2 TRỨNG 200GR,1868914236_VNAMZ,No Brand,https://filebroker-cdn.lazada.vn/kf/S98ea71ec3c5b4aa2997a921ef9c98206r.jpg,,//www.lazada.vn/products/pdp-i1868914236.html
160,KHUÔN BÁNH TRUNG THU LÒ XO SIZE 150G - 200G,3115291686_VNAMZ,No Brand,https://filebroker-cdn.lazada.vn/kf/Sd5c799eef5e0490e8ff008251bd498030.jpg,,//www.lazada.vn/products/pdp-i3115291686.html
161,Bánh nướng Phương Diêm Thuận - 2 trứng 210g,3152549575_VNAMZ,No Brand,https://sg-test-11.slatic.net/p/7326cd4006758c6fd4c319731cf879ec.jpg,,//www.lazada.vn/products/pdp-i3152549575.html
162,Mứt Bí Hột Lựu Làm Bánh Trung Thu 500G,306378407_VNAMZ,No Brand,https://vn-live-01.slatic.net/p/2ac73646c47a1911eb127111ad3854fb.jpg,,//www.lazada.vn/products/pdp-i306378407.html
163,Bánh Pía Trứng Bảo Minh 300g,872774353_VNAMZ,Bảo Minh,https://vn-live-01.slatic.net/p/489a099bd2e1a8c37f31cb98bcdd14a9.jpg,,//www.lazada.vn/products/pdp-i872774353.html
164,[BÁNH TRUNG THU] Bánh Nướng Trung Thu Đồng Khánh Khoai Môn Hạnh Đào 1 Trứng (150g) Chính Hiệu Bông Lúa Vàng Được Phân Phối Chính Thúc Bởi Vũ Gia,2387737801_VNAMZ,Vũ Gia,https://vn-live-01.slatic.net/p/b3a9e9b1b355ffbf8727c38889c060ce.png,,//www.lazada.vn/products/pdp-i2387737801.html
165,[HCM]KHUÔN LÀM BÁNH TRUNG THU 50-100GR  ShopAnhThu,2486794747_VNAMZ,No Brand,https://vn-live-01.slatic.net/p/bbc03854b89eff26ae29f84c07d16e65.jpg,,//www.lazada.vn/products/pdp-i2486794747.html
166,"bánh trung thu dẻo mới hót mix 5 vị môn,trà xanh,phúc bồn tử,đậu đỏ",3166568319_VNAMZ,No Brand,https://filebroker-cdn.lazada.vn/kf/S3cf399c74cc34a1697c72ad851bccc96c.jpg,,//www.lazada.vn/products/pdp-i3166568319.html
167,Khuôn nhấn lò xo hoa anh đào dâm bụt có 4 mặt hoa làm bánh trung thu bánh xu xê,2670102719_VNAMZ,No Brand,https://vn-live-01.slatic.net/p/f6d7c7752ea8e8dc23e51261e85dad26.jpg,,//www.lazada.vn/products/pdp-i2670102719.html
168,"Khuôn hoa đào, hoa mai nhấn lò xo 3 mặt 30g - 50g - 65g làm bánh trung thu, bánh dứa",2494292389_VNAMZ,No Brand,https://sg-test-11.slatic.net/p/4e6ad0fdb2d3128436aacf25182ca5dd.jpg,,//www.lazada.vn/products/pdp-i2494292389.html
169,Bánh Trung Thu Kinh Đô - Bánh Nướng Nhân Ngọt 2 Trứng 210G (Khoai Môn Hạt Sen/ Sữa Dừa Hạt Dưa/ Đậu Xanh Lá Dứa/ Hạt Sen Trà Xanh),1947369262_VNAMZ,Kinh Đô,https://filebroker-cdn.lazada.vn/kf/Sac5a545614894aa1913d19cdfa46fc0d3.jpg,,//www.lazada.vn/products/pdp-i1947369262.html
170,"COMBO 2 GÓI BÁNH PÍA ĐẶC SẢN SÓC TRĂNG {300GR}TRỨNG MUỐI{DATE 45 NGÀY} -CÔNG LẬP THÀNH {Trung Thu, Bánh Kẹo, Ăn Vặt, Lạp Xưởng, Đặc Sản Sóc Trăng }",3077920783_VNAMZ,Công Lập Thành,https://vn-test-11.slatic.net/p/74bba6585ea0d41fe1526cf20fdd3f27.jpg,,//www.lazada.vn/products/pdp-i3077920783.html
171,"COMBO 100 Gói hút ẩm  Thực phẩm dùng cho Bánh Trung Thu,các loại bánh, cá khô, chống ôi thiu túi hút khí oxy",1481978760_VNAMZ,No Brand,https://vn-live-01.slatic.net/p/c016b58c67bc79902930c6b2b84b1595.jpg,,//www.lazada.vn/products/pdp-i1481978760.html
172,Bánh trung thu thập cẩm 2 trứng 220g (Bánh trung thu homemade),1736028950_VNAMZ,No Brand,https://filebroker-cdn.lazada.vn/kf/Sb70ad3e595e8476da74dcd269486490dO.jpg,,//www.lazada.vn/products/pdp-i1736028950.html
173,(KHOAI MÔN 2 TRỨNG) Bánh Trung Thu TÂN DÂN LỢI 200G - Đặc Sản Bến Tre,2653731944_VNAMZ,No Brand,https://filebroker-cdn.lazada.vn/kf/S60e0d21ae4584569835b60ac75db1c3au.jpg,,//www.lazada.vn/products/pdp-i2653731944.html
174,Bánh trung thu hoa cúc trắng – Nến thơm Ecolife,2393711559_VNAMZ,EL,https://vn-live-01.slatic.net/p/d22d91acfd6633f40fca480bfaa75b53.jpg,,//www.lazada.vn/products/pdp-i2393711559.html
175,"Bánh Pía Bùi Tan Xại- Bánh Pía Bùi Can Xại - Bánh Pía Thất Truyền {400G}{Bánh Trung Thu, Bánh Kẹo, Ăn Vặt, Lạp Xưởng, Đặc Sản Sóc Trăn}",3078159094_VNAMZ,Công Lập Thành,https://vn-test-11.slatic.net/p/4e73e83777c07b634e2d59bc04cf7a9f.jpg,,//www.lazada.vn/products/pdp-i3078159094.html
176,Bánh Trung Thu Givral COMBO HẠNH PHÚC hộp 4 bánh trọng lượng 150GR*4,1491760670_VNAMZ,No Brand,https://vn-live-01.slatic.net/p/5d555afe110faa59640ea6fe26a99778.jpg,,//www.lazada.vn/products/pdp-i1491760670.html
177,Bánh Trung Thu Nướng Mochi Khoai Môn Trứng Muối Chà Bông Cái To 300g B166 - TKNK BeeGin,2783772580_VNAMZ,No Brand,https://vn-live-01.slatic.net/p/6b4cd06bd195d231e5a4b4c9cca1370c.png,,//www.lazada.vn/products/pdp-i2783772580.html
178,HỘP QUÀ XỊN VÀ 4 BÁNH TRUNG THU 180GR,3138024088_VNAMZ,No Brand,https://vn-live-01.slatic.net/p/f08ae9e795fad8de2ffb2631796c3b89.jpg,,//www.lazada.vn/products/pdp-i3138024088.html
179,Bánh trung thu Đoàn Viên Mỹ Anh hộp 4 cái x 200g,2775929271_VNAMZ,No Brand,https://vn-live-01.slatic.net/p/7bd82d0792e6a3456f18b7edde4a176f.png,,//www.lazada.vn/products/pdp-i2775929271.html
180,Hộp trung thu 4 bánh siêu sang - Di Sản Ánh Trăng,3168273544_VNAMZ,No Brand,https://sg-test-11.slatic.net/p/f626eb74b37a6401d7f51de546c8d1ff.jpg,,//www.lazada.vn/products/pdp-i3168273544.html
181,"Combo 6 bánh trung thu mini công thức healthy cao cấp 2023, ít ngọt ,Màu bột thực phẩm từ rau củ nhập ở bên Singapore, khách cứ an tâm sử",2407347346_VNAMZ,No Brand,https://vn-live-01.slatic.net/p/4d78105f016de244b604c2fb52d1fbef.jpg,,//www.lazada.vn/products/pdp-i2407347346.html
182,[Tết trung Thu 2024]250G Bánh Trung Thu mini mix vị thơm ngon - đồ ăn vặt,3114492289_VNAMZ,No Brand,https://sg-test-11.slatic.net/p/0e4469be8da694b2c302b71cbf11bf15.jpg,,//www.lazada.vn/products/pdp-i3114492289.html
183,[HCM] Bánh trung thu thập cẩm xá xíu 2trứng Tân Dân Lợi 200gr,1859025422_VNAMZ,Đặc sản bến tre,https://filebroker-cdn.lazada.vn/kf/Se05d99dfc1624df4b2f2a256ac520318j.jpg,,//www.lazada.vn/products/pdp-i1859025422.html
184,JUBENG Vuông/Tròn Bánh Trung Thu mô phỏng Mềm PU Bánh Trung Thu giả Đạo cụ chụp ảnh Trang trí Trang trí thực phẩm cửa sổ Giữa Mùa Thu Dành cho gia đình,3016285784_VNAMZ,No Brand,https://sg-test-11.slatic.net/p/0d4c3c5a0b91cc886ad92641a362b79d.jpg,,//www.lazada.vn/products/pdp-i3016285784.html
185,Pastry mooncake traditional series 150g,3156784664_VNAMZ,Giahu,https://vn-live-01.slatic.net/p/d1138c0d0e8d2999a70d7c0defe28f54.png,,//www.lazada.vn/products/pdp-i3156784664.html
186,Hộp trung thu 4 bánh đựng bánh trung thu (6 mẫu-2023),2486100714_VNAMZ,No Brand,https://sg-test-11.slatic.net/p/23b7d1a76c8e431602b61a9f2413d8b2.jpg,,//www.lazada.vn/products/pdp-i2486100714.html
187,Nhân Mè đen bánh Trung Thu Tân Dân Lợi 200g 2trứng,2305766905_VNAMZ,No Brand,https://filebroker-cdn.lazada.vn/kf/S02868dc84ec74eebba19a58066584008Q.jpg,,//www.lazada.vn/products/pdp-i2305766905.html
188,"BÁNH TRUNG THU NGHỆ THUẬT 3D ĐỦ CÁC LOAI  VỊ BÁNH , BÁNH HEALTHY  ÍT NGỌT, KHÔNG PHẨM MÀU,  KHÔNG CHẤT BẢO QUẢN",2410988830_VNAMZ,No Brand,https://vn-live-01.slatic.net/p/f28312e96483458b400994bcd00364ce.jpg,,//www.lazada.vn/products/pdp-i2410988830.html
189,"Bánh Pía Đậu Xanh Sầu Riêng Trứng Muối - Gói 300Gr - { Bánh Trung Thu, Bánh Kẹo, Lạp Xưởng, Đặc Sản Sóc Trăng }",3078072232_VNAMZ,Công Lập Thành,https://vn-test-11.slatic.net/p/1aeb6631bed8681aa1d7f6aaae54de19.jpg,,//www.lazada.vn/products/pdp-i3078072232.html
190,Khuôn Bánh Trung Thu Vuông Hoa Văn 75G (2882),3110066314_VNAMZ,No Brand,https://sg-test-11.slatic.net/p/ec21978acbaca995191da1778b876a1f.jpg,,//www.lazada.vn/products/pdp-i3110066314.html
191,Hộp Bánh Trung Thu 2 bánh ăn kiêng 220g - dành cho người ăn kiêng - Thành Long Super Healthy 1 440g - Việt Nam,2370621842_VNAMZ,Thành Long,https://vn-live-01.slatic.net/p/f1146808181ecbd6599a706542b1e39d.png,,//www.lazada.vn/products/pdp-i2370621842.html
192,Số [99] 1 cây 4 bánh nhân thập cẩm Xá Xíu [ít trứng muối] 700g - Bánh Trung Thu Tân Dân Lợi,3096951477_VNAMZ,No Brand,https://filebroker-cdn.lazada.vn/kf/S671eec0e68584dc1b131058bcac76a7eD.jpg,,//www.lazada.vn/products/pdp-i3096951477.html
193,2024 Mới Bánh Trung Thu Tặng Hộp Đóng Gói Cầm Tay Cao Cấp Cho Trung Thu Lòng Đỏ Trứng Sắc Nét Bánh Ngọt 6 Miếng 8 Miếng Hộp Rỗng,2940185287_VNAMZ,No Brand,https://filebroker-cdn.lazada.vn/kf/Sb684764af26e46d8a0e809d1598d2c3f0.jpg,,//www.lazada.vn/products/pdp-i2940185287.html
194,GIVRAL-Bánh Trung Thu Givral  Combo Tâm Giao 1 ( hộp 4 bánh),846158748_VNAMZ,No Brand,https://vn-live-01.slatic.net/p/99e4320240ecf67aa199f7e04cce20c9.jpg,,//www.lazada.vn/products/pdp-i846158748.html
195,Khuôn trung thu lò xo 2024 3 MẪU HOA 3 mặt 1 nhấn khuôn nhấn làm bánh trung thu bánh dứa bánh in,2705205004_VNAMZ,No Brand,https://vn-live-01.slatic.net/p/47f4eff2acc5115dfe4ec5147c95aa62.png,,//www.lazada.vn/products/pdp-i2705205004.html
196,"BÁNH PÍA CAO CẤP - ĐẶC BIỆT NGON NHẤT CỦA CÔNG LẬP THÀNH - 650GRAM/GÓI-{ Bánh Trung Thu, Bánh Kẹo, Bánh Pía, Lạp Xưởng, Đặc Sản Sóc Trăng }",3078041337_VNAMZ,Công Lập Thành,https://vn-test-11.slatic.net/p/dcfc7ea788a9704c40961bf365d58dbd.png,,//www.lazada.vn/products/pdp-i3078041337.html
197,Bánh Trung Thu cao cấp Maison,1999133297_VNAMZ,MAISON MOONCAKE,https://filebroker-cdn.lazada.vn/kf/Sf903d071064342feb5b0241ab527ca84y.jpg,,//www.lazada.vn/products/pdp-i1999133297.html
198,Bánh Trung Thu 3D hiện đại.Hộp 4 bánh 150gr,1918124858_VNAMZ,No Brand,https://filebroker-cdn.lazada.vn/kf/S0b9852473b574e88909da023dcc385c2g.jpg,,//www.lazada.vn/products/pdp-i1918124858.html
199,[Chính hãng] Bánh Trung Thu CQ Signature Sò Điệp X.O  1 trứng 180g,2390707234_VNAMZ,No Brand,https://vn-live-01.slatic.net/p/6b1b8c6a1fb06454cf06e65fa5f8ee8d.png,,//www.lazada.vn/products/pdp-i2390707234.html
200,Bánh Trung Thu Kinh Đô - Bánh Lava/ Bánh Tuyết Không Trứng 150G (Lava Nhân Socola/ Tuyết Cam Nhật/ Tuyết Trà Xanh),3148138999_VNAMZ,Kinh Đô,https://filebroker-cdn.lazada.vn/kf/S61e57250bb30477bb209c3cad8d4ff06h.jpg,,//www.lazada.vn/products/pdp-i3148138999.html
201,Khay đựng bánh trung thu tròn màu vàng -50/75/150gr,3168225587_VNAMZ,No Brand,https://sg-test-11.slatic.net/p/e4b8b35b090802e6f40f985ea81e4df0.jpg,,//www.lazada.vn/products/pdp-i3168225587.html
202,Khuôn bánh trung thu nhận vuông hoa hồng 100g | 150g | 200g | 250g Vĩnh Trường,1979143510_VNAMZ,No Brand,https://vn-live-01.slatic.net/p/002ef2c5ef4d59e5e8289cfd7c7d4ce4.jpg,,//www.lazada.vn/products/pdp-i1979143510.html
203,Khay đựng bánh trung thu tròn màu vàng -50/75/150gr,3168217642_VNAMZ,No Brand,https://sg-test-11.slatic.net/p/e4b8b35b090802e6f40f985ea81e4df0.jpg,,//www.lazada.vn/products/pdp-i3168217642.html
204,Hộp 2-4 bánh trung thu 200g ( Mix theo yêu cầu),1967029928_VNAMZ,Thanh Dung,https://filebroker-cdn.lazada.vn/kf/S17c3cb5a1a0942a2a7611ab5c0939e52h.jpg,,//www.lazada.vn/products/pdp-i1967029928.html
205,Nhân Đậu Xanh bánh trung thu Tân Dân Lợi 200g 2trứng,2305887199_VNAMZ,No Brand,https://filebroker-cdn.lazada.vn/kf/Sc164fbb870414895b92dd264a077b030P.jpg,,//www.lazada.vn/products/pdp-i2305887199.html
206,Khuôn bánh trung thu lò xo hoa sen 50g/75g/150g,3109989906_VNAMZ,No Brand,https://sg-test-11.slatic.net/p/a862360e12457a5dcc2101ae59f90af7.jpg,,//www.lazada.vn/products/pdp-i3109989906.html
207,"Khuôn trung thu, làm bánh, rau câu An khang thịnh vượng Phát tài phát lộc - Loại 10 cm – Mã số 1285",2990765887_VNAMZ,No Brand,https://filebroker-cdn.lazada.vn/kf/Sdd5e761dfd60480ebf2f67bf19e26147c.png,,//www.lazada.vn/products/pdp-i2990765887.html
208,"Hộp 2 Bánh Trung Thu Kinh Đô ""Team Đậu Xanh - Khoai Môn"" (2 Bánh X 150G)",1952107829_VNAMZ,Kinh Đô,https://filebroker-cdn.lazada.vn/kf/Safb2eb4df2bf49899fb4a9b98917930aI.jpg,,//www.lazada.vn/products/pdp-i1952107829.html
209,PUREGLOW Vuông/Tròn Bánh Trung Thu mô phỏng Mềm Trang trí Chế độ bánh trung thu Đạo cụ chụp ảnh PU Bánh Trung Thu giả Dành cho gia đình,3167356725_VNAMZ,No Brand,https://sg-test-11.slatic.net/p/a2781a3cca20c008f62e711b68f76507.jpg,,//www.lazada.vn/products/pdp-i3167356725.html
210,"Bánh trung thu mã não, bánh trung thu ngọc tủy, đi thăm bạn bè và người thân, tặng bánh trung thu, bánh trung thu sáng tạo.",3113951505_VNAMZ,No Brand,https://sg-test-11.slatic.net/p/7e1f78cd7b4000168e3cc6adc820f3f4.jpg,,//www.lazada.vn/products/pdp-i3113951505.html
211,[TẾT TRUNG THU]500G Bánh trung thu mini mix nhiều vị thơm ngon - Bánh kẹo ăn vặt ngon mùa Trung Thu,3114360636_VNAMZ,No Brand,https://sg-test-11.slatic.net/p/72c7d275d3be2e7cdf1ad206785a8848.jpg,,//www.lazada.vn/products/pdp-i3114360636.html
212,BÁNH Trυng THU THẬP CẨM MINI,2553293209_VNAMZ,No Brand,https://sg-test-11.slatic.net/p/da631d360d17bed0ad51a7d550f65d77.jpg,,//www.lazada.vn/products/pdp-i2553293209.html
213,Bánh trưng thu Mei-Xin Lava Custard Mooncake 360gr (45gr*8bánh+Túi của hãng),2743860044_VNAMZ,No Brand,https://sg-test-11.slatic.net/p/dbf898e92f28402a1c749ab23049ac73.jpg,,//www.lazada.vn/products/pdp-i2743860044.html
214,SÉT HỘP 4 BÁNH TRUNG THU TÂN TÂN NHÂN THẬP CẨM GÀ QUAY ÍT TRỨNG 900G,2714343948_VNAMZ,No Brand,https://filebroker-cdn.lazada.vn/kf/S177ddb0430e4476093df329844860ec48.jpg,,//www.lazada.vn/products/pdp-i2714343948.html
215,Combo [10bánh] nhân Xá Xíu nhân Thập Cẩm 200g 2trứng bánh trung thu Tân Dân Lợi,2305702867_VNAMZ,No Brand,https://filebroker-cdn.lazada.vn/kf/S8ce79e37fd4f4691960e9557b713bf659.jpg,,//www.lazada.vn/products/pdp-i2305702867.html
216,Givral_Bánh Trung Thu Givral combo Trăng Yêu Thương 3 (hộp 6 bánh TRỌNG LƯỢNG 150GR*6),1503096505_VNAMZ,No Brand,https://vn-live-01.slatic.net/p/8bbf482e70657c1f2b8963aa3fb4d4c5.jpg,,//www.lazada.vn/products/pdp-i1503096505.html
217,Bánh trung thu đậu xanh nướng 1 trứng Kim Ngân Đồng Khánh,2676810858_VNAMZ,No Brand,https://vn-live-01.slatic.net/p/e35a64586e7365ae39897bed8e6fe54c.jpg,,//www.lazada.vn/products/pdp-i2676810858.html
218,"(DẺO 1 TRỨNG 38K - SIÊU RẺ) Bánh Trung Thu TÂN DÂN LỢI 2025 - Ngọt Vừa Không Gắt , Vỏ Mỏng Giòn Tan , Nhân Mềm Dẻo",2333891292_VNAMZ,No Brand,https://filebroker-cdn.lazada.vn/kf/Sbaf606881b80482d96a299b38631fcc1Q.jpg,,//www.lazada.vn/products/pdp-i2333891292.html
219,"Bánh Pía Chay - Đậu Xanh Sầu Riêng - 400g - { Bánh Trung Thu, Bánh Kẹo, Bánh Pía, Bánh Ăn Vặt, Lạp Xưởng, Đặc Sản Sóc Trăng }",3077980562_VNAMZ,Công Lập Thành,https://vn-test-11.slatic.net/p/e3d9b6ed02cf23d3e5e590b5c70ebf93.jpg,,//www.lazada.vn/products/pdp-i3077980562.html
220,Khuôn trung thu lò xo 2024 SEN QUAN ÂM 1 mặt 1 nhấn 150g 200g khuôn nhấn làm bánh trung thu,2770953016_VNAMZ,No Brand,https://vn-live-01.slatic.net/p/713b315c3ecc6c40adb0c2e7229af453.png,,//www.lazada.vn/products/pdp-i2770953016.html
221,Bánh trung thu trứng chảy Liu Xin Su hộp 6 bánh,227490572_VNAMZ,OEM,https://vn-live-01.slatic.net/original/3bf9d5079ba5078c0f57d70fad7251ae.jpg,,//www.lazada.vn/products/pdp-i227490572.html
222,"Khuôn Nhựa Hình Đàn Heo - Đôi Cá, Khuôn Bánh Trung Thu 1.2Kg Nhựa Vĩnh Trường Cao Cấp | MTA-MART",2811856122_VNAMZ,No Brand,https://sg-test-11.slatic.net/p/1ad1b40eab9b05b99a7648000790bd65.jpg,,//www.lazada.vn/products/pdp-i2811856122.html
223,Bánh trứng chảy Đài Loan ngon tan chảy,2414634590_VNAMZ,No Brand,https://sg-test-11.slatic.net/p/e696ed6772bc1afcae8a50b7e4475966.jpg,,//www.lazada.vn/products/pdp-i2414634590.html
224,BÁNH TRUNG THU mini mix vị [Moon cake] [ giao hàng 2h]75g/bánh,1968175813_VNAMZ,No Brand,https://vn-live-01.slatic.net/p/ccf65d120ac78a8cb4c450930f30ff38.jpg,,//www.lazada.vn/products/pdp-i1968175813.html
225,Bánh Trung Thu Givral combo Trăng Yêu Thương 1 (hộp 6 bánh TRỌNG LƯỢNG 150GR*6) (Mã 17D-6D-3D-5D-9D-11D),2689045216_VNAMZ,No Brand,https://vn-live-01.slatic.net/p/cda13f6abf91ccd73e94267592772dae.jpg,,//www.lazada.vn/products/pdp-i2689045216.html
226,Combo 5 Bánh Trung Thu Liu Pía Trứng Muối Tan Chảy B08- Ăn Vặt BeeGin,2385161384_VNAMZ,No Brand,https://vn-live-01.slatic.net/p/ad44dfbc93dffe42614cc274e17553a8.jpg,,//www.lazada.vn/products/pdp-i2385161384.html
227,Hộp bánh trung thu Kinh Đô cao cấp - Trăng Vàng Hồng Ngọc An Thịnh (4 bánh x 160g),1947240204_VNAMZ,Kinh Đô,https://filebroker-cdn.lazada.vn/kf/Sf7819dfbd62445d1a551c2cd4de9c4d5T.jpg,,//www.lazada.vn/products/pdp-i1947240204.html
228,Bộ Hộp Bánh Trung Thu Hồng Phúc 4 Bánh 1 trứng 150g - Thành Long (600g) thiết kế mới hộp xách tay - Việt Nam,2669638090_VNAMZ,BÁNH MỨT THÀNH LONG,https://vn-live-01.slatic.net/p/896a2bdbd0790b6468fce83c0bbc4048.png,,//www.lazada.vn/products/pdp-i2669638090.html
229,Bánh Trung Thu Givral 2024 Tết Đoàn Viên 1 ( 4 Bánh ) (mã 6D-27D-5D-30D),2688619680_VNAMZ,No Brand,https://vn-live-01.slatic.net/p/afbe2d36f604e25a1ccfc0eca84517b3.jpg,,//www.lazada.vn/products/pdp-i2688619680.html
230,Khuôn trung thu lò xo vuông cá chép 150g/200g,3154379339_VNAMZ,No Brand,https://filebroker-cdn.lazada.vn/kf/Sa7ba3e0506614f9aaa8d451d7a319212J.jpg,,//www.lazada.vn/products/pdp-i3154379339.html
231,[ Bánh hộp ] Combo 6 bánh Trung thu mini nhân chảy/Bánh Lava Nhân Chảy Bibizan thơm ngon nhiều vị hộp 540g mềm ngon mới,2407372448_VNAMZ,No Brand,https://vn-live-01.slatic.net/p/fe08b8f57fce7ca9342da113030f2780.jpg,,//www.lazada.vn/products/pdp-i2407372448.html
232,Khuôn Bánh Trung Thu Thỏ Ngọc 75G (2881),3110065478_VNAMZ,No Brand,https://sg-test-11.slatic.net/p/9e22c284e4def3d056b75809f4b67b12.jpg,,//www.lazada.vn/products/pdp-i3110065478.html
233,Khuôn bánh trung thu lò xo 150g 4 mặt tròn Phúc Lộc Thọ Tài,1886329301_VNAMZ,OEM,https://vn-live-01.slatic.net/p/90b52c2b13b5bbdc830c7b132a1e1d44.jpg,,//www.lazada.vn/products/pdp-i1886329301.html
234,Bánh trung thu mini mix vị hàng nội địa trung siêu ngon,2704444108_VNAMZ,No Brand,https://vn-live-01.slatic.net/p/fb713c5ed52b22922d405ede6e70906d.jpg,,//www.lazada.vn/products/pdp-i2704444108.html
235,Boardgame Mooncake Master – Game Làm Bánh Trung Thu Đầy Màu Sắc Và Tính Chiến Thuật Vui Nhộn,3154486743_VNAMZ,Board Game VN,https://vn-live-01.slatic.net/p/f9a41dd68b46f2f0eaa5a8fc852957b6.jpg,,//www.lazada.vn/products/pdp-i3154486743.html
236,Bánh Trung Thu Maison cao cấp cho doanh nghiệp,1998952772_VNAMZ,MAISON MOONCAKE,https://filebroker-cdn.lazada.vn/kf/Scb7d31e089324e629ff9d28fcba7e61ff.jpg,,//www.lazada.vn/products/pdp-i1998952772.html
237,Khuôn trung thu lò xo 2024 VUÔNG VÂN CỔ 5 mặt 1 nhấn 150g 200g khuôn nhấn làm bánh trung thu,2736907807_VNAMZ,No Brand,https://vn-live-01.slatic.net/p/bade0c7585b8a89368151dc9b8a3bd42.jpg,,//www.lazada.vn/products/pdp-i2736907807.html
238,Khuôn bánh trung thu lò xo 125g 4 mặt vuông Phúc - Lộc - Thọ - Tài,2319339841_VNAMZ,No Brand,https://vn-live-01.slatic.net/p/a9a95c9b4b97587d2af7aff714766609.jpg,,//www.lazada.vn/products/pdp-i2319339841.html
239,"Bánh Trung Thu Handmade Các Vị Thập Cẩm/ Đậu Xanh/ Khoai Môn/ Sữa Dừa, Bánh Nướng Nhà Làm Ít Ngọt Bếp Vương Bảo",2273540524_VNAMZ,No Brand,https://vn-live-01.slatic.net/p/4bcc829b0affee1074c8b48c5ab02358.png,,//www.lazada.vn/products/pdp-i2273540524.html
240,Khuôn Làm Bánh Trung Thu Nén Xôi Bánh Dẻo 200Gram 9 Mẫu (Được Chọn Mẫu),750892493_VNAMZ,No Brand,https://vn-live-01.slatic.net/p/4549ea9f1f672ebbe2a350b13c86efd2.jpg,,//www.lazada.vn/products/pdp-i750892493.html
241,Bánh Trung Thu Bảo Phương Xếp Hàng Uy Tín 60 Năm,2460848767_VNAMZ,No Brand,https://sg-test-11.slatic.net/p/a918c5a894f6d2136ee0224367a08810.jpg,,//www.lazada.vn/products/pdp-i2460848767.html
242,Hộp trung thu 4 bánh siêu sang - Di Sản Ánh Trăng,3168258937_VNAMZ,No Brand,https://sg-test-11.slatic.net/p/f626eb74b37a6401d7f51de546c8d1ff.jpg,,//www.lazada.vn/products/pdp-i3168258937.html
243,"CƠM CHÁY CHÀ BÔNG/GẠO LỨT RONG BIỂN  - CƠM SẤY MINH CHÂU - GÓI 250GR - GÓI 2,5 MIẾNG LỚN - đơn từ 3 gói được đóng gói chống sốcvới màng cột khí",2615548100_VNAMZ,Minh Châu,https://vn-live-01.slatic.net/p/81c7a204a7d448f36ce9c443f7cf3957.jpg,,//www.lazada.vn/products/pdp-i2615548100.html
244,Khuôn bánh trung thu lò xo mặt tròn 150gr - Phúc Lộc Thọ Tài,1838540174_VNAMZ,No Brand,https://sg-live-01.slatic.net/p/bbdb0a7b9eb02e40d0e7f3a1d5565c70.jpg,,//www.lazada.vn/products/pdp-i1838540174.html
245,"SET QUÀ BÁNH TRUNG THU 2023 (Bánh Trung Thu, Trà Hoa & Mật Ong) CTG341, Hộp quà mây tre đan mộc mạc",2315716337_VNAMZ,CT BEE FARM,https://vn-live-01.slatic.net/p/f9982bed03180b289bfe8d41d90fd5ec.jpg,,//www.lazada.vn/products/pdp-i2315716337.html
246,Khuôn Bánh Trung Thu Hoa Linh Lan 150-200g,3110015752_VNAMZ,No Brand,https://sg-test-11.slatic.net/p/556f7eeeca6682f137c01d2a0f9b91cc.jpg,,//www.lazada.vn/products/pdp-i3110015752.html
247,Set khuôn làm bánh Trung Thu sz 150gr mẫu năm 2024,2673015434_VNAMZ,No Brand,https://filebroker-cdn.lazada.vn/kf/Sa93a4a4773814f97a1ab514556f4a6333.jpg,,//www.lazada.vn/products/pdp-i2673015434.html
248,"Nhân Bánh Trung Thu Thành Long - Khoai Môn 1Kg, Nguyên Liệu Làm Bánh Trung Thu An Toàn Hợp Vệ Sinh - Việt Nam",2310076253_VNAMZ,BÁNH MỨT THÀNH LONG,https://vn-live-01.slatic.net/p/935150b202fbef70210edc8e31c1aefe.jpg,,//www.lazada.vn/products/pdp-i2310076253.html
249,Khuôn Bánh Trung Thu 50g - 63g nhiều mẫu,3110093374_VNAMZ,No Brand,https://sg-test-11.slatic.net/p/6d3ccb96e0afdbadf96c792d6e431034.jpg,,//www.lazada.vn/products/pdp-i3110093374.html
250,Bánh trung thu nhân đậu xanh 2trứng Tân Dân Lợi 200gr,1759420513_VNAMZ,No Brand,https://filebroker-cdn.lazada.vn/kf/S2a1c056f960b4d5599d26d3a1b4e1a418.jpg,,//www.lazada.vn/products/pdp-i1759420513.html
251,Khuôn bánh trung thu nhận 500g tròn rồng phụng KN500G02,2416558987_VNAMZ,No Brand,https://sg-test-11.slatic.net/p/f3a3392c495443d8a34dcd34a7e9ee3e.jpg,,//www.lazada.vn/products/pdp-i2416558987.html
252,Givral-Bánh Trung Thu Givral combo Trăng Yêu Thương 1 (hộp 6 bánh TRỌNG LƯỢNG 150GR*6),846472252_VNAMZ,No Brand,https://vn-live-01.slatic.net/p/d6ac260097ac9945a78ae948603c45b6.jpg,,//www.lazada.vn/products/pdp-i846472252.html
253,Khuôn bánh trung thu heo bầy 12 con heo 1.2 kg,2415299359_VNAMZ,No Brand,https://sg-test-11.slatic.net/p/96126a442a0eefc01eea4b31ed14d0cb.jpg,,//www.lazada.vn/products/pdp-i2415299359.html
254,"Máy thái lá chanh, lá sấu, chuyên làm bánh trung thu",2388461598_VNAMZ,No Brand,https://vn-live-01.slatic.net/p/d6c4a8ece2b4c40faeb2dbce53608c75.jpg,,//www.lazada.vn/products/pdp-i2388461598.html
255,"Khuôn Bánh Trung Thu Nhựa Vĩnh Trường, Khuôn Bánh Trung Thu Vuông 500G Cao Cấp | MTA-MART",2810907812_VNAMZ,No Brand,https://sg-test-11.slatic.net/p/64187a690d7ef36b73b0c7413c69dfe3.jpg,,//www.lazada.vn/products/pdp-i2810907812.html
256,CHẢO VÂN ĐÁ 4 NGĂN TIỆN LỢI CHIÊN TRỨNG ỐP LA CHỐNG DÍNH CHẢO CHIÊN BÁNH HÌNH THÚ CAO CẤP - CHẢO CHIÊN RÁN ĐỒ ĂN SIÊU TỐC DÙNG ĐƯỢC TRÊN MỌI LOẠI BẾP,1999545056_VNAMZ,No Brand,https://vn-live-01.slatic.net/p/ff4c5397db0c86037d025d24ab409e2b.jpg,,//www.lazada.vn/products/pdp-i1999545056.html
257,"Combo 6 Khuôn Đổ Rau Câu, Xôi, Bánh Trung Thu Hình Cá Chép",2017630078_VNAMZ,No Brand,https://vn-live-01.slatic.net/original/559d194bf48c6f9e1dedd1ce9368845c.jpg,,//www.lazada.vn/products/pdp-i2017630078.html
258,ZYJC SHOP 8 ô Hộp bánh trung thu Lễ hội trung thu Giấy kraft Thủ công Hộp quà Bánh Trung Thu Món tráng miệng Trung Quốc Túi xách Quà tặng Túi cầm tay Lễ hội,3167277859_VNAMZ,ZYJC,https://sg-test-11.slatic.net/p/558c36f4cf3e90daef0b182009251925.jpg,,//www.lazada.vn/products/pdp-i3167277859.html
259,Khuôn bánh trung thu lò xo 150g 4 mặt tròn vịt bơi cá lội bồng bay phượng múa,1886321390_VNAMZ,OEM,https://vn-live-01.slatic.net/p/d8032e669bdbd910d5caae6d0100ee9f.jpg,,//www.lazada.vn/products/pdp-i1886321390.html
260,"Khuôn Nhựa Hình Đàn Heo - Đôi Cá, Khuôn Bánh Trung Thu 1.2Kg Nhựa Vĩnh Trường Cao Cấp MTA-MART2",2779829975_VNAMZ,No Brand,https://sg-test-11.slatic.net/p/1ad1b40eab9b05b99a7648000790bd65.jpg,,//www.lazada.vn/products/pdp-i2779829975.html
261,Nhân Xá xíu Bánh Trung Thu Tân Dân Lợi 200g 2trứng,2305857146_VNAMZ,No Brand,https://filebroker-cdn.lazada.vn/kf/S500bcd81787646c7ad0661e87d1c6d4eV.jpg,,//www.lazada.vn/products/pdp-i2305857146.html
262,VB45D Vuông/Tròn Bánh Trung Thu mô phỏng Mềm PU Bánh Trung Thu giả Đạo cụ chụp ảnh Trang trí Chế độ bánh trung thu Dành cho gia đình,3167391395_VNAMZ,No Brand,https://sg-test-11.slatic.net/p/07b8a76ade4ff6484ba2c578d9b4b522.jpg,,//www.lazada.vn/products/pdp-i3167391395.html
263,HJKL Giấy kraft Hộp bánh trung thu Lễ hội trung thu 8 ô Thủ công Hộp đóng gói Bánh ngọt bông tuyết Túi xách Hộp quà Bánh Trung Thu Lễ hội,3167185811_VNAMZ,HJKL,https://sg-test-11.slatic.net/p/17da6dbb449b3bc1dca531ab28b71065.jpg,,//www.lazada.vn/products/pdp-i3167185811.html
264,GAOSU 3D Khuôn bánh trung thu hoa Silicone Phong cách Trung Quốc Khuôn silicon hình hoa sen Thiết thực Mềm Khuôn đậu xanh Lễ hội trung thu,3161250762_VNAMZ,Gaosu,https://sg-test-11.slatic.net/p/cacb8669d051448350223829bf11f67b.jpg,,//www.lazada.vn/products/pdp-i3161250762.html
265,"Khuôn trung thu lò xo SEN BÚP nhựa thường 1 mặt 1 nhấn size 75g, 150g, 200g - Bí đỏ shop Dụng cụ làm bánh",1959396809_VNAMZ,No Brand,https://vn-live-01.slatic.net/p/177ea5d374c29e1f64b87afeab4822fb.jpg,,//www.lazada.vn/products/pdp-i1959396809.html
266,Bộ 6 Khuôn Đổ Rau Câu hình bánh Trung Thu Cao Cấp Tiện Dụng Loại 1,2017510210_VNAMZ,No Brand,https://vn-live-01.slatic.net/original/c26251c11a92104b1a5203d675ac20b1.jpg,,//www.lazada.vn/products/pdp-i2017510210.html
267,ZYJC SHOP 3D Khuôn bánh trung thu hoa Silicone Phong cách Trung Quốc Khuôn bánh ngọt lễ hội Dụng cụ làm bánh Không dính Khuôn đậu xanh Lễ hội trung thu,3167341450_VNAMZ,ZYJC,https://sg-test-11.slatic.net/p/c1f8ee1dd5245e7cbfc31c039f194ff1.jpg,,//www.lazada.vn/products/pdp-i3167341450.html
268,BÁNH PÍA NƯỚNG TRỨNG TAN CHẢY EGG - YOLK - PUFF MINI 50G 🥮,1412026989_VNAMZ,No Brand,https://vn-live-01.slatic.net/p/02913422b80ef9846ebdb5a14bdab03b.png,,//www.lazada.vn/products/pdp-i1412026989.html
269,THÙNG 1KG BÁNH PÍA NƯỚNG TRỨNG TAN CHẢY EGG - YOLK - PUFF MINI 🥮,1419993652_VNAMZ,No Brand,https://vn-live-01.slatic.net/p/eda702f951df769b182c80875a70e583.png,,//www.lazada.vn/products/pdp-i1419993652.html
270,"FEB08_ HỘP ĐỰNG BÁNH TRUNG THU 4C-6C-9C, TÚI GIẤY (65~100GR)",2414303248_VNAMZ,No Brand,https://vn-live-01.slatic.net/p/f59e4ba3e4aceb6e45d5aed5685a070b.jpg,,//www.lazada.vn/products/pdp-i2414303248.html
271,"[An Toàn – Tiết Kiệm] Khuôn bánh dẻo , bánh nướng Trung Thu Gõ 200g",3148906290_VNAMZ,No Brand,https://sg-test-11.slatic.net/p/9b3866e9292d0d219d881215f1471bfb.jpg,,//www.lazada.vn/products/pdp-i3148906290.html
272,"[DV] Trung Thu 4 mặt VÂN HOA Sen, Hoa Đồng Tiền, Cá Chép, Non bộ phong thuỷ. Khuôn Bánh nhấn lò xo tạo hình 3D Siêu Sắc. Đồ Gia Dụng nhà bếp pha chế làm bánh nguyên liệu làm bánh Truyền thống TIỆN LỢI 250gr/ 200gr/ 150gram. Đồ Gia Dụng gia đình",1991351298_VNAMZ,No Brand,https://vn-live-01.slatic.net/p/2409ea55d4300fd7ecd29973fa1b406f.jpg,,//www.lazada.vn/products/pdp-i1991351298.html
273,YOUSHI TOP 8 ô Hộp bánh trung thu Lễ hội trung thu Thủ công Giấy kraft Hộp đóng gói Bánh ngọt bông tuyết Túi xách Quà tặng Túi cầm tay Lễ hội,3164241612_VNAMZ,YOUSHI TOP,https://sg-test-11.slatic.net/p/0d94e5cc0d1ef6e4e54a7aea77e4521f.jpg,,//www.lazada.vn/products/pdp-i3164241612.html
274,"Khuôn bánh trung thu lò xo 150g 4 mặt tròn 2 trái lê, 3 mẫu hoa nổi tổng hợp",1886346220_VNAMZ,OEM,https://vn-live-01.slatic.net/p/35ae4cf8479e85798adec234df776853.jpg,,//www.lazada.vn/products/pdp-i1886346220.html
275,Khuôn Trung Thu Lò Xo 125gr,2476049339_VNAMZ,No Brand,https://sg-test-11.slatic.net/p/bccd86a8cdad1c66d179d4c97af27ae4.jpg,,//www.lazada.vn/products/pdp-i2476049339.html
276,Bộ Khuôn Nén Lò Xo 1 Mặt Làm Bánh Trung Thu Hoa Cúc 3D 150gr Đẹp Mắt,1856736549_VNAMZ,No Brand,https://vn-live-01.slatic.net/p/0032956c2100582943a35e2a4cee350c.jpg,,//www.lazada.vn/products/pdp-i1856736549.html
277,Khuôn trung thu 4 mặt Hoa hồng vuông (150gr/ 200gr),2727780563_VNAMZ,No Brand,https://vn-live-01.slatic.net/p/0b675a0c16192ec4c5dc12e1d96e02ab.jpg,,//www.lazada.vn/products/pdp-i2727780563.html
278,Bộ Khuôn Nén Lò Xo 4 Mặt Làm Bánh Trung Thu 200gr,1856767324_VNAMZ,OEM,https://vn-live-01.slatic.net/p/3738c9d78a1f6c917c2ecfbe7640e9cf.jpg,,//www.lazada.vn/products/pdp-i1856767324.html
279,Dày Dặn Xuyên Thấu 50g80g Khay Bánh Trung Thu Hỗ Trợ Cơ Khí Nhựa Không Phủ Bao Bì Dùng Một Lần Bánh Ngọt Dụng Cụ Nấu Ăn Nhà Bếp,2830197339_VNAMZ,No Brand,https://filebroker-cdn.lazada.vn/kf/S99387c4a0a2a4e2596abd137317cea1ah.jpg,,//www.lazada.vn/products/pdp-i2830197339.html
280,Nhân Trà Xanh bánh trung thu Tân Dân Lợi 200g 2trứng,2305874155_VNAMZ,No Brand,https://filebroker-cdn.lazada.vn/kf/Sb58a9e30eb2e445fb6f69daa4c1272c51.jpg,,//www.lazada.vn/products/pdp-i2305874155.html
281,[Hộp Bánh Trung Thu 2025] Ảnh Thật Sét 5-10 Hộp 2 Bánh Lam Cúc/Bách Ngọc/Ngọc Khuyên 150gr,3168012475_VNAMZ,No Brand,https://sg-test-11.slatic.net/p/c821b47d9cd63b4d40a5ea797b9e06a8.jpg,,//www.lazada.vn/products/pdp-i3168012475.html
282,Khuôn Bánh Trung Thu Chất Lượng Cao Với Thiết Kế Bấm Tay Lò Xo Chống Dính Thực Phẩm ABS Thích Hợp Cho Trung Quốc Và Volkswagen,2447975122_VNAMZ,No Brand,https://filebroker-cdn.lazada.vn/kf/Sa4a0acd0f7ae4b74bed7ee4f61c95fb9T.png,,//www.lazada.vn/products/pdp-i2447975122.html
283,B3D1 8 ô Hộp bánh trung thu Lễ hội trung thu Thủ công Giấy kraft Hộp quà Bánh Trung Thu Món tráng miệng Trung Quốc Túi xách Hộp đóng gói Lễ hội,3167250855_VNAMZ,No Brand,https://sg-test-11.slatic.net/p/4bab4023e48ff5ce9d55cc80b05f637a.jpg,,//www.lazada.vn/products/pdp-i3167250855.html
284,Hộp Đựng Trung Thu 6 Chiếc Hộp Đựng Bánh Trung Thu Bằng Sắt Hộp Đựng Quà Tặng Lễ Hội Quà Tặng Bánh Trung Thu,3148268551_VNAMZ,No Brand,https://filebroker-cdn.lazada.vn/kf/S509d684145af4f08b929a036cb00a6c6t.jpg,,//www.lazada.vn/products/pdp-i3148268551.html
285,SET NGUYÊN LIỆU 1KG NHÂN THẬP CẨM TRUNG THU TỰ TRỘN,3133488173_VNAMZ,No Brand,https://filebroker-cdn.lazada.vn/kf/S5c13f90af73f4e7c9563c426ca447095S.jpg,,//www.lazada.vn/products/pdp-i3133488173.html
286,BÁNH TRÁNG NƯỚC DỪA NƯỚNG MẮM TÉP TAM QUAN BÌNH ĐỊNH 5 BÁNH,3014197945_VNAMZ,No Brand,https://sg-test-11.slatic.net/p/4cb77b9d11ecaa27c7296b767ced7102.jpg,,//www.lazada.vn/products/pdp-i3014197945.html
287,Hộp Đựng Bánh Trung Thu Cao Cấp Cầm Tay Mới 2025 Hộp Đựng Quà Tặng Rỗng Hộp Đựng Bánh 4 Chiếc 6 Chiếc 8 Chiếc Logo Hộp Đựng Quà Tặng,3157125077_VNAMZ,No Brand,https://filebroker-cdn.lazada.vn/kf/S9af10aefb2254278a2188814e33f77fbs.jpg,,//www.lazada.vn/products/pdp-i3157125077.html
288,Bộ Đồ Thủ Công DIY Hình Chú Chó Bao Bì Bánh Trung Thu Cho Trẻ Em Bộ Đồ Thủ Công Sáng Tạo Hoàn Chỉnh Dành Cho Trẻ Mẫu Giáo,3122083193_VNAMZ,No Brand,https://filebroker-cdn.lazada.vn/kf/Sd5c1e9ee89ac43c0bd5f9012baff55d3w.jpg,,//www.lazada.vn/products/pdp-i3122083193.html
289,PUREGLOW 50pcs 50/80//100g. Hộp bánh trung thu Trong suốt Hình vuông Hộp đựng bánh muffin Đa chức năng Nhựa Hộp bánh cupcake Trưng bày bánh ngọt,3167413274_VNAMZ,No Brand,https://sg-test-11.slatic.net/p/1e24d9b6432be705b03a6b80ada432b5.png,,//www.lazada.vn/products/pdp-i3167413274.html
290,BÁNH TRUNG THU CHAY TÂN DÂN LỢI 200GR,1974302665_VNAMZ,No Brand,https://filebroker-cdn.lazada.vn/kf/S9b7292f662044565a5bb6f3c19a61ae82.jpg,,//www.lazada.vn/products/pdp-i1974302665.html
291,Khuôn trung thu lò xo 2024 VUÔNG NƠ 3  mặt 1 nhấn 150g khuôn nhấn làm bánh trung thu,2753734768_VNAMZ,No Brand,https://vn-live-01.slatic.net/p/453197f4392b070dc89cf3ce87d2de56.jpg,,//www.lazada.vn/products/pdp-i2753734768.html
292,"[DV] Trung Thu 4 mặt VÂN HOA Hướng Dương, Hoa Đồng Tiền, Hoa Văn Phong thuỷ... Khuôn Bánh nhấn lò xo tạo hình 3D Siêu Sắc. Đồ Gia Dụng nhà bếp pha chế làm bánh nguyên liệu làm bánh Truyền thống TIỆN LỢI 250gr/ 200gr/ 150gram. Đồ Gia Dụng gia đình",1991389122_VNAMZ,No Brand,https://vn-live-01.slatic.net/p/31640d4d2e0d8961ef0c0fc3d9f7f029.jpg,,//www.lazada.vn/products/pdp-i1991389122.html
293,HỘP ĐỰNG VÁNH TRUNG THU CỨNG CAO CẤP -4 BÁNH,1883347720_VNAMZ,No Brand,https://filebroker-cdn.lazada.vn/kf/Sf7683a4c5b5e4aa8aba7562f4e1a8f131.jpg,,//www.lazada.vn/products/pdp-i1883347720.html
294,Candle.lab Tự Làm Bánh Trung Thu Hương Thơm Khuôn Silicon Handmade Nến Thơm Làm Vật Liệu Phong Cách Hàn Quốc Trang Trí Nhà Phụ Kiện,2830905509_VNAMZ,No Brand,https://filebroker-cdn.lazada.vn/kf/Sbafad50baa6347c8afa1f2004a4998ffI.jpg,,//www.lazada.vn/products/pdp-i2830905509.html
295,"[DV] Khuôn Trung Thu 3D Siêu Sắc Nét - Hình Lồng Đèn 4 mặt 150g , mẫu mới 2021. Đồ Gia Dụng nhà bếp pha chế làm bánh nguyên liệu",1991384128_VNAMZ,No Brand,https://vn-live-01.slatic.net/p/f96ea07390d96c25d400b637e0d7de5b.jpg,,//www.lazada.vn/products/pdp-i1991384128.html
296,UAZGEO 50pcs Trong suốt Hộp bánh trung thu 50/80//100g. Hình vuông Hộp đựng bánh muffin Đa chức năng Nhựa Hộp bánh cupcake Trưng bày bánh ngọt,3167418181_VNAMZ,No Brand,https://sg-test-11.slatic.net/p/566d92f2934974124cbaf72b290dd121.jpg,,//www.lazada.vn/products/pdp-i3167418181.html
297,CHẢO VÂN ĐÁ 4 NGĂN TIỆN LỢI CHIÊN TRỨNG ỐP LA CHỐNG DÍNH  CHẢO CHIÊN BÁNH HÌNH THÚ CAO CẤP - CHẢO CHIÊN RÁN ĐỒ ĂN SIÊU TỐC,1547132032_VNAMZ,No Brand,https://vn-live-01.slatic.net/p/128d0cb234b10c8aa6b1372132be84d1.jpg,,//www.lazada.vn/products/pdp-i1547132032.html
298,JOTNTP Bông xốp Đồ chơi nhồi bông hình bánh trung thu Tương tác Lễ hội trung thu Đồ chơi nhồi bông bánh trung thu Ghế Sofa Futon Bộ sưu tập Gối hình trung thu mô phỏng 3D Đồ dùng tiệc,3168304206_VNAMZ,No Brand,https://sg-test-11.slatic.net/p/31e14bbc9d6f57297b8659e8207b3f61.jpg,,//www.lazada.vn/products/pdp-i3168304206.html
299,Hộp Đựng Trung Thu Mới 2024 Cầm Tay Hộp Rỗng Đựng 4 Quả Trứng Và 6 Quả Trứng Hộp Đựng Bánh Trung Thu Bằng Giấy,3160980166_VNAMZ,No Brand,https://filebroker-cdn.lazada.vn/kf/S4f18912f84c2446f8812ef3a2294104el.jpg,,//www.lazada.vn/products/pdp-i3160980166.html
300,Bộ Khuôn Nén Lò Xo Làm Bánh Trung Thu Hoa Sen Lớn 3D 150gr,1856751392_VNAMZ,No Brand,https://vn-live-01.slatic.net/p/4a4580717db048c779a5346fd610b25d.jpg,,//www.lazada.vn/products/pdp-i1856751392.html
301,LENNY 8 ô Hộp bánh trung thu Lễ hội trung thu Giấy kraft Thủ công Hộp đóng gói Món tráng miệng Trung Quốc Di động Quà tặng Túi cầm tay Lễ hội,3167339231_VNAMZ,No Brand,https://sg-test-11.slatic.net/p/c1b277c9079c0b743eda9329b1c3444e.jpg,,//www.lazada.vn/products/pdp-i3167339231.html
302,RVIVWK Vuông/Tròn Bánh Trung Thu mô phỏng Trang trí PU Chế độ bánh trung thu Đạo cụ chụp ảnh Mềm Bánh Trung Thu giả Dành cho gia đình,3167336996_VNAMZ,No Brand,https://sg-test-11.slatic.net/p/66ddb09a16593f07ce661a7411f1ca8b.jpg,,//www.lazada.vn/products/pdp-i3167336996.html
303,JVKISX PU Bánh Trung Thu mô phỏng Trang trí Vuông/Tròn Bánh Trung Thu giả Đạo cụ chụp ảnh Mềm Chế độ bánh trung thu Dành cho gia đình,3167429154_VNAMZ,No Brand,https://sg-test-11.slatic.net/p/4c041fc24b83cae25f99649b4dcf80bd.jpg,,//www.lazada.vn/products/pdp-i3167429154.html
304,PUREGLOW Phong cách Trung Quốc Giỏ tre Tự nhiên Hai Lớp Giỏ đựng trứng Giỏ trái cây Có Nắp Giỏ đựng bánh mì Bánh Trung Thu zongzi hạt,3167406383_VNAMZ,No Brand,https://sg-test-11.slatic.net/p/e3f2064c2d5de8abedbb74df50867cb2.jpg,,//www.lazada.vn/products/pdp-i3167406383.html
305,DMEE 8 ô Hộp bánh trung thu Lễ hội trung thu Thủ công Giấy kraft Quà tặng Túi cầm tay Món tráng miệng Trung Quốc Di động Hộp quà Bánh Trung Thu Lễ hội,3168265309_VNAMZ,No Brand,https://sg-test-11.slatic.net/p/ac81a191a2ba2a4f04bd7cd373b3ea41.jpg,,//www.lazada.vn/products/pdp-i3168265309.html
306,Khuôn làm bánh trung thu 4 mặt 100-125g,1961215409_VNAMZ,No Brand,https://vn-live-01.slatic.net/p/889667d9e693de046893d58b3e164a48.jpg,,//www.lazada.vn/products/pdp-i1961215409.html
307,Khuôn Bánh Trung Thu Đôi Tay Cực Lớn Màu Vàng Khắc Tùy Chỉnh Rồng May Mắn Và Phượng Hoàng Thiết Kế Để Làm Bánh Và Nấu Ăn,2967300961_VNAMZ,No Brand,https://filebroker-cdn.lazada.vn/kf/Sb1fab900b78b4ff4852e010486fcc7949.jpg,,//www.lazada.vn/products/pdp-i2967300961.html
308,Hộp Đựng Trà Bánh Kẹo Trung Thu Hộp Đựng Trà Hoa Cúc Trắng Hộp Đựng Trà Kèm Bình Pha Trà Hộp Đựng Trà Đựng Logo Phổ Thông,2923184280_VNAMZ,No Brand,https://filebroker-cdn.lazada.vn/kf/Se568744ba00943428da966f75e019e12u.jpg,,//www.lazada.vn/products/pdp-i2923184280.html
309,"Khuôn bánh trung thu lò xo 150g 4 mặt thỏi vàng Phúc, Lộc, Thọ, Tài",2318605765_VNAMZ,No Brand,https://vn-live-01.slatic.net/p/16c2a394bd93e599e73f06eb762b1ccb.jpg,,//www.lazada.vn/products/pdp-i2318605765.html
310,"Bánh Trứng Cuộn Chà Bông, Bánh Diêm Mạch của Gulu Foods - Ăn Vặt Denfood",2772967688_VNAMZ,No Brand,https://vn-live-01.slatic.net/p/ae63de44634bee8203cc61a432cf86ef.jpg,,//www.lazada.vn/products/pdp-i2772967688.html
311,Khuôn trung thu 4 mặt Hoa ba chiều (50g)/ KTT3,1976836209_VNAMZ,No Brand,https://vn-live-01.slatic.net/p/700430231e247e0f2c8ed2a914c183aa.jpg_1500x1500q80.jpg,,//www.lazada.vn/products/pdp-i1976836209.html
312,Khuôn trung thu Đan lưới lông vũ (150gr/200gr),2397738557_VNAMZ,Nobard,https://vn-live-01.slatic.net/p/a52bc7dded2d7e6b1b040e86669ae938.jpg,,//www.lazada.vn/products/pdp-i2397738557.html
313,HJKL 50pcs Trong suốt Hộp bánh trung thu 50/80//100g. Nhựa Hộp bánh cupcake Đa chức năng Hình vuông Hộp đựng bánh muffin Trưng bày bánh ngọt,3167191670_VNAMZ,HJKL,https://sg-test-11.slatic.net/p/529457efc658380c39e4e3b73fc42bab.png,,//www.lazada.vn/products/pdp-i3167191670.html
314,SKH7UH 50pcs 50/80//100g. Hộp bánh trung thu Trong suốt Nhựa Hộp bánh cupcake Đa chức năng Hình vuông Hộp đựng bánh muffin Trưng bày bánh ngọt,3167363572_VNAMZ,No Brand,https://sg-test-11.slatic.net/p/5a5a180256a865fd8a3df598c9282f0c.jpg,,//www.lazada.vn/products/pdp-i3167363572.html
315,VB45D Bông xốp Đồ chơi nhồi bông hình bánh trung thu Lễ hội trung thu Tương tác Gối hình trung thu mô phỏng 3D Đệm ghế Thoải mái Đồ chơi nhồi bông bánh trung thu Đồ dùng tiệc,3167347838_VNAMZ,No Brand,https://sg-test-11.slatic.net/p/13569b0e107b0cd4a1561490bb5f9a64.jpg,,//www.lazada.vn/products/pdp-i3167347838.html
316,LIEYH 100pcs Nhựa Túi đóng gói bánh trung thu Chống ẩm Cấp thực phẩm Máy hàn túi Túi thực phẩm Phong cách Trung Quốc Túi đóng gói bánh quy Lễ hội mùa thu giữa năm,3167780100_VNAMZ,No Brand,https://sg-test-11.slatic.net/p/38cc99b59139a129a1f7a07d0fa47a00.jpg,,//www.lazada.vn/products/pdp-i3167780100.html
317,Nhân thập cẩm làm bánh trung thu trộn sẵn loại đặc biệt 1kg,1421255305_VNAMZ,No Brand,https://filebroker-cdn.lazada.vn/kf/Sdf5d12081e984d36b9209bbfe480fc36y.jpg,,//www.lazada.vn/products/pdp-i1421255305.html
318,YOUSHI TOP 50pcs Trong suốt Hộp bánh trung thu Nhựa 50/80//100g. Hộp lưu trữ bánh quy kín Hộp bảo quản thực phẩm Hình vuông Hộp bánh cupcake Trưng bày bánh ngọt,3161629345_VNAMZ,YOUSHI TOP,https://sg-test-11.slatic.net/p/45db285ec140779edf8ca132f67c7519.jpg,,//www.lazada.vn/products/pdp-i3161629345.html
319,Máy Thái Lá Chanh Làm Bánh Trung Thu Tại Hà Nội ( Khung Inox Lô 12cm),2233587612_VNAMZ,No Brand,https://vn-live-01.slatic.net/p/8e65d974c6456e0c2e03c0173c84c646.jpg,,//www.lazada.vn/products/pdp-i2233587612.html
320,1Kg Mứt bí lựu - làm bánh trung thu,2422636261_VNAMZ,No Brand,https://sg-test-11.slatic.net/p/377b56b57dc376acb2668fb9e1f5f0eb.jpg,,//www.lazada.vn/products/pdp-i2422636261.html
321,Nhân Socola bánh trung thu Tân Dân Lợi 200g 2trứng,2315578376_VNAMZ,No Brand,https://filebroker-cdn.lazada.vn/kf/S282b7bfda1704db49846e075053e593e2.jpg,,//www.lazada.vn/products/pdp-i2315578376.html
322,JUN26- Khuôn bánh trung thu 1 kiểu - 300GR,2005174938_VNAMZ,No Brand,https://vn-live-01.slatic.net/p/5d33992ef3ff21208883eaf4719efd61.jpg,,//www.lazada.vn/products/pdp-i2005174938.html
323,Túi Đựng Bánh Trung Thu 125g Bánh Mì Nướng Vỏ Bánh Bao Bì Bò Da Túi Đựng Bánh Mì Truyền Thống Bánh Mì Hạt Nhân,3163138244_VNAMZ,No Brand,https://filebroker-cdn.lazada.vn/kf/Sb84af0fbd09744f99cfa6f56d322c00cP.jpg,,//www.lazada.vn/products/pdp-i3163138244.html
324,Nhân thập cẩm set nguyên liệu tự trộn làm bánh trung thu 0.5kg/ 1kg,2494170908_VNAMZ,No Brand,https://sg-test-11.slatic.net/p/8f50cddf555168559e65fc42d903e94d.jpg,,//www.lazada.vn/products/pdp-i2494170908.html
325,IIU PU Bánh Trung Thu mô phỏng Trang trí Vuông/Tròn Chế độ bánh trung thu Sáng Tạo Mềm Bánh Trung Thu giả Dành cho gia đình,3167374521_VNAMZ,No Brand,https://sg-test-11.slatic.net/p/753e4dcd63ccaa7913e56ca9083a4e53.jpg,,//www.lazada.vn/products/pdp-i3167374521.html
326,Bộ Hộp Quà Tặng Bánh Trung Thu Cao Cấp Có Thể Cầm Tay Hộp Đựng Trứng Vịt Muối Thịt Bánh Trung Thu Hộp Rỗng Đựng Quà Tặng,2305397508_VNAMZ,No Brand,https://filebroker-cdn.lazada.vn/kf/S46916e15f1054ae1969fef9867e8dcd0T.jpg,,//www.lazada.vn/products/pdp-i2305397508.html
327,Bánh Cơm Đỏ Khuôn Làm Bánh Trung Thu 75G Phong Cách Trung Hoa Dụng Cụ Nướng Bánh Chất Liệu ABS Dụng Cụ Nấu Ăn Nhà Bếp Cho Mọi Người,2473312996_VNAMZ,No Brand,https://filebroker-cdn.lazada.vn/kf/S5f211a29640b43f28ee94f1036de7b5bX.jpg,,//www.lazada.vn/products/pdp-i2473312996.html
328,VB45D 100pcs Nhựa Túi đóng gói bánh trung thu Mờ Chống ẩm Túi đóng gói bánh quy Túi thực phẩm Bán trong suốt Túi dán tự dính Lễ hội mùa thu giữa năm,3167348561_VNAMZ,No Brand,https://sg-test-11.slatic.net/p/142c11297fbec9af11d5eb23517f649a.jpg,,//www.lazada.vn/products/pdp-i3167348561.html
329,Bánh Trung Thu Truyền Thống Bảo Phương Thụy Khuê Xếp Hàng. Bán Quanh Năm. Uy Tín 60 Năm. Hộp 4 Bánh,2460834802_VNAMZ,No Brand,https://sg-test-11.slatic.net/p/0d9fede5b0e3ffa04563a97ab14b5fbf.jpg,,//www.lazada.vn/products/pdp-i2460834802.html
330,"Nhân dừa Phú Thương gói 2kg làm bánh trung thu, bánh ngọt",1980871760_VNAMZ,No Brand,https://vn-live-01.slatic.net/p/aaeb690d1f96918801e4d0f98946abf3.jpg,,//www.lazada.vn/products/pdp-i1980871760.html
331,Khuôn bánh trung thu nhận 500g tròn rồng phụng KN500G02,2416624713_VNAMZ,No Brand,https://sg-test-11.slatic.net/p/f3a3392c495443d8a34dcd34a7e9ee3e.jpg,,//www.lazada.vn/products/pdp-i2416624713.html
332,Khuôn Trung Thu Rồng Phượng 1kg2,2472413132_VNAMZ,Nobard,https://vn-live-01.slatic.net/p/45a7185f373c8cc64313f66b92ad3ae0.jpg,,//www.lazada.vn/products/pdp-i2472413132.html
333,VB45D Tự nhiên Giỏ tre Phong cách Trung Quốc Dệt Giỏ đựng trứng Hộp đựng bánh mì Có Nắp Giỏ bánh trung thu Lễ hội trung thu,3167364464_VNAMZ,No Brand,https://sg-test-11.slatic.net/p/c3e86a7187e0fb4a1e5269c59f79fe0a.jpg,,//www.lazada.vn/products/pdp-i3167364464.html
334,Tặng Quà Sinh Nhật Bánh Trung Thu Trà Đạo Bánh Chay Mừng Sinh Nhật Bánh Chay Ngày Rằm Bánh Chay Ngày 100 Tuổi Bánh Chay Ngày 1 Tuổi,2923603459_VNAMZ,No Brand,https://filebroker-cdn.lazada.vn/kf/Sbedfdd8bee524890b6cdb6b2dc796fe5H.jpg,,//www.lazada.vn/products/pdp-i2923603459.html
335,"Bộ 4 Khuôn Làm Bánh Trung Thu , Bánh Dẻo , Xôi Nén , Bánh Bột Truyền Thống",310750288_VNAMZ,OEM,https://vn-live-01.slatic.net/p/601b8e3da99be5cabc65e1e4d8ae84bb.jpg,,//www.lazada.vn/products/pdp-i310750288.html
336,Khuôn trung thu 1 mặt RỒNG (75g),1601959050_VNAMZ,No Brand,https://vn-live-01.slatic.net/p/9ae33aae48325f734fe6d9562cb75fb2.jpg,,//www.lazada.vn/products/pdp-i1601959050.html
337,TWCEJE168 50pcs Trong suốt Hộp bánh trung thu Nhựa Hình vuông Hộp bánh cupcake Hộ gia đình 50/80//100g. Hộp đựng bánh muffin Trưng bày bánh ngọt,3167393476_VNAMZ,No Brand,https://sg-test-11.slatic.net/p/9c87abcae17a0a5b7730fcc59d857edb.png,,//www.lazada.vn/products/pdp-i3167393476.html
338,ZYJC SHOP 100pcs Mờ Túi đóng gói bánh trung thu Nhựa Chống ẩm Túi dán tự dính Chống ẩm Cấp thực phẩm Túi đóng gói bánh quy Lễ hội mùa thu giữa năm,3167307940_VNAMZ,ZYJC,https://sg-test-11.slatic.net/p/2672569b957e80154b26caa7ad10d540.jpg,,//www.lazada.vn/products/pdp-i3167307940.html
339,XAVINU 50pcs Trong suốt Hộp bánh trung thu 50/80//100g. Nhựa Hộp đựng bánh muffin Đa chức năng Hình vuông Hộp lưu trữ bánh quy kín Trưng bày bánh ngọt,3167405243_VNAMZ,No Brand,https://sg-test-11.slatic.net/p/0458f7f13a1e62be4b5caa47efb14116.png,,//www.lazada.vn/products/pdp-i3167405243.html
340,"Bộ 4 Khuôn Làm Bánh Trung Thu , Bánh Dẻo , Xôi Nén , Bánh Bột Truyền Thống 200Gram",1856732482_VNAMZ,OEM,https://vn-live-01.slatic.net/p/e42506c06477cd79d528645ce8b727ce.jpg,,//www.lazada.vn/products/pdp-i1856732482.html
341,DSFIF PU Bánh Trung Thu mô phỏng Trang trí Mềm Chế độ bánh trung thu Sáng Tạo Vuông/Tròn Bánh Trung Thu giả Dành cho gia đình,3167399383_VNAMZ,No Brand,https://sg-test-11.slatic.net/p/f260f16ca1d920382c4a9928650bada4.jpg,,//www.lazada.vn/products/pdp-i3167399383.html
342,JUN21-Khuôn bánh trung thu 6 kiểu 150GR-180GR,2005595142_VNAMZ,No Brand,https://vn-live-01.slatic.net/p/52ab8837660fde28f98809fc6b1780f5.jpg,,//www.lazada.vn/products/pdp-i2005595142.html
343,Khuôn Trung Thu Thỏ Lồng Đèn (có 3 size),2350012283_VNAMZ,Nobard,https://vn-live-01.slatic.net/p/71eb7936aa2b0046e374b63895fce655.jpg,,//www.lazada.vn/products/pdp-i2350012283.html
344,NPIQL PU Bánh Trung Thu mô phỏng Vuông/Tròn Mềm Chế độ bánh trung thu Đạo cụ chụp ảnh Trang trí Bánh Trung Thu giả Dành cho gia đình,3167770887_VNAMZ,No Brand,https://sg-test-11.slatic.net/p/1d9a350495cb667beaeab43027792ed3.jpg,,//www.lazada.vn/products/pdp-i3167770887.html
345,DFHSFGER 100pcs Nhựa Túi đóng gói bánh trung thu Chống ẩm Mờ Túi đóng gói bánh quy Túi thực phẩm Bán trong suốt Túi dán tự dính Lễ hội mùa thu giữa năm,3167335993_VNAMZ,No Brand,https://sg-test-11.slatic.net/p/57a15266656e6173e181e783b00d05cb.jpg,,//www.lazada.vn/products/pdp-i3167335993.html
346,T6JOB1 PU Bánh Trung Thu mô phỏng Trang trí Mềm Bánh Trung Thu giả Đạo cụ chụp ảnh Vuông/Tròn Chế độ bánh trung thu Dành cho gia đình,3167345727_VNAMZ,No Brand,https://sg-test-11.slatic.net/p/18ff5d44fa08449fee0f122fb4437b8f.jpg,,//www.lazada.vn/products/pdp-i3167345727.html
347,KISSCAT PU Bánh Trung Thu mô phỏng Mềm Vuông/Tròn Bánh Trung Thu giả Sáng Tạo Trang trí Chế độ bánh trung thu Dành cho gia đình,3167397348_VNAMZ,No Brand,https://sg-test-11.slatic.net/p/409bd2678d6278873c8e7b2ee8891a00.jpg,,//www.lazada.vn/products/pdp-i3167397348.html
348,XAVINU Bông xốp Đồ chơi nhồi bông hình bánh trung thu Tương tác Lễ hội trung thu Gối hình trung thu mô phỏng 3D Búp bê nhồi bông Bộ sưu tập Đồ chơi nhồi bông bánh trung thu Đồ dùng tiệc,3167416228_VNAMZ,No Brand,https://sg-test-11.slatic.net/p/f14e844499a9db50c1bc7f1e40ec0723.jpg,,//www.lazada.vn/products/pdp-i3167416228.html
349,[HCM]Khuôn bánh Trung thu nhận 12kg nhựa cao cấp Vĩnh Trường,1325492151_VNAMZ,No Brand,https://filebroker-cdn.lazada.vn/kf/S830c27dfd8744cfeb3b5d05113feae32N.jpg,,//www.lazada.vn/products/pdp-i1325492151.html
350,ZYJC SHOP 100pcs Nhựa Túi đóng gói bánh trung thu Cấp thực phẩm Phong cách Trung Quốc Túi đóng gói bánh quy Túi thực phẩm Chống ẩm Túi quà thủ công Lễ hội mùa thu giữa năm,3167291872_VNAMZ,ZYJC,https://sg-test-11.slatic.net/p/f1d7d92cc4ff5487deab94dbff1fbf1f.jpg,,//www.lazada.vn/products/pdp-i3167291872.html
351,JUN23-Khuôn bánh trung thu-4 kiểu-100GR-125gr-200GR-250GR,2005621082_VNAMZ,No Brand,https://vn-live-01.slatic.net/p/9750d39169ad9817634d27a0feece4b0.jpg,,//www.lazada.vn/products/pdp-i2005621082.html
352,PPRVAU 50pcs 50/80//100g. Hộp bánh trung thu Trong suốt Hình vuông Hộp đựng bánh muffin Hộp bảo quản thực phẩm Nhựa Hộp lưu trữ bánh quy kín Trưng bày bánh ngọt,3167441029_VNAMZ,No Brand,https://sg-test-11.slatic.net/p/daee1cf01af1e0c3fff53d2df24b260d.png,,//www.lazada.vn/products/pdp-i3167441029.html
353,lồng đèn trung thu bánh sinh nhật loại lớn xoay cánh,2401709896_VNAMZ,No Brand,https://vn-live-01.slatic.net/p/45a32e434f41e9184a0800470a71805e.jpg,,//www.lazada.vn/products/pdp-i2401709896.html
354,TRYJUV 50pcs 50/80//100g. Hộp bánh trung thu Hình vuông Nhựa Hộp bánh cupcake Hộ gia đình Trong suốt Hộp lưu trữ bánh quy kín Trưng bày bánh ngọt,3167398282_VNAMZ,No Brand,https://sg-test-11.slatic.net/p/9425ab2ba9d691322b5e87b6e7b968e8.jpg,,//www.lazada.vn/products/pdp-i3167398282.html
355,Khuôn bánh trung thu lò xo 150g 1 mặt đài sen,2319525283_VNAMZ,No Brand,https://vn-live-01.slatic.net/p/78ee357ef510f54224b8da943ffd0b28.jpg,,//www.lazada.vn/products/pdp-i2319525283.html
356,Khuôn trung thu 4 mặt 100g 125g 150g 250g Song Ngư,2494233487_VNAMZ,No Brand,https://sg-test-11.slatic.net/p/3324deb3306ab7ab5da3576814fd923e.jpg,,//www.lazada.vn/products/pdp-i2494233487.html
357,"[DV] Khuôn Trung Thu 3D Siêu Sắc Nét - Hình QUẢ DỨA (THƠM) 4 mặt 50g , mẫu mới 2021. Đồ Gia Dụng nhà bếp pha chế làm bánh nguyên liệu",1991339449_VNAMZ,No Brand,https://vn-live-01.slatic.net/p/ba93f9c2f9a9f7077db52f86f252c821.jpg,,//www.lazada.vn/products/pdp-i1991339449.html
358,XIELISA PU Bánh Trung Thu mô phỏng Mềm Vuông/Tròn Bánh Trung Thu giả Sáng Tạo Trang trí Trang trí thực phẩm cửa sổ Giữa Mùa Thu Dành cho gia đình,3167408229_VNAMZ,No Brand,https://sg-test-11.slatic.net/p/c1b0e49feac1004e451c80f8382dddc6.jpg,,//www.lazada.vn/products/pdp-i3167408229.html
359,XAVINU 100pcs Mờ Túi đóng gói bánh trung thu Chống ẩm Nhựa Túi đóng gói bánh quy Chống ẩm Cấp thực phẩm Túi dán tự dính Lễ hội mùa thu giữa năm,3167382388_VNAMZ,No Brand,https://sg-test-11.slatic.net/p/428b7631b759727c1265a0d30911d645.jpg,,//www.lazada.vn/products/pdp-i3167382388.html
360,Khay Túi Bánh Trung Thu Thỏ Ngọc 50g- 75g- 100g,3110114200_VNAMZ,No Brand,https://sg-test-11.slatic.net/p/edbdb131e41f0eb986f9806d03033cd9.jpg,,//www.lazada.vn/products/pdp-i3110114200.html
361,Bánh Trung thu việt quất/Thành Khánh,2660168964_VNAMZ,No Brand,https://filebroker-cdn.lazada.vn/kf/Sa844a028e15e454999eb3882a88b8223X.jpg,,//www.lazada.vn/products/pdp-i2660168964.html
362,Balloons Giấy Bạc Nhôm Mặt Trăng 18 Inch Trang Trí Tiệc Cưới Giáng Sinh Valentine Bánh Trung Thu Trang Trí Nhà Gió,2967595364_VNAMZ,No Brand,https://filebroker-cdn.lazada.vn/kf/Sb244773778954111b672f060c719dd5bp.jpg,,//www.lazada.vn/products/pdp-i2967595364.html
363,PUREGLOW 100pcs Mờ Túi đóng gói bánh trung thu Chống ẩm Nhựa Túi đóng gói bánh quy Chống ẩm Bán trong suốt Túi dán tự dính Lễ hội mùa thu giữa năm,3167372760_VNAMZ,No Brand,https://sg-test-11.slatic.net/p/1f004cb02e6e252faed8d6bc707d01c2.jpg,,//www.lazada.vn/products/pdp-i3167372760.html
364,Bộ 5 Khuôn Rau Câu Hình Bánh Trung Thu Vĩnh Tường,2017347771_VNAMZ,No Brand,https://vn-live-01.slatic.net/original/7074c986ebddd9865178a627ccc1a827.jpg,,//www.lazada.vn/products/pdp-i2017347771.html
365,Hoa Baskets Trang Trí Bằng Nhựa Ba Lớp Tượng Bánh Trung Thu Lưới Gấp Bánh Tráng Trang Trí Cho Lễ Hội,2971116417_VNAMZ,,https://filebroker-cdn.lazada.vn/kf/S2a8789fd55bf4268a4cad6a0bbb5a396R.jpg,,//www.lazada.vn/products/pdp-i2971116417.html
366,CRYSTAL Giấy kraft Hộp bánh trung thu Lễ hội trung thu Thủ công 8 ô Hộp quà Bánh Trung Thu Bánh ngọt bông tuyết Túi xách Hộp đóng gói Lễ hội,3168373072_VNAMZ,No Brand,https://sg-test-11.slatic.net/p/c67addcbc4eb6124c68b2a5c706296ec.jpg,,//www.lazada.vn/products/pdp-i3168373072.html
367,BAGUO(霸果) DIY Đồ gia dụng Bấm tay Dứa 3D Khuôn bánh trung thu Dụng cụ nướng bánh Bánh trung thu dứa Cắt cookie,3162651890_VNAMZ,BAGUO,https://sg-test-11.slatic.net/p/e53286d4bd107ed346e4844f0ab253f8.jpg,,//www.lazada.vn/products/pdp-i3162651890.html
368,MZP 100pcs Mờ Túi đóng gói bánh trung thu Nhựa Chống ẩm Túi đóng gói bánh quy Chống ẩm Bán trong suốt Túi quà thủ công Lễ hội mùa thu giữa năm,3167358515_VNAMZ,No Brand,https://sg-test-11.slatic.net/p/3158464d028109d96705ab6f1844a552.jpg,,//www.lazada.vn/products/pdp-i3167358515.html
369,Ban Đầu Sanmu 75g Rồng Bay Phượng Hoàng Khuôn Làm Bánh Trung Thu 3d Ấn Tay Dứa Shortcake Bánh Răng Hàm Khuôn Bánh Phong Cách Trung Hoa,2983761759_VNAMZ,No Brand,https://filebroker-cdn.lazada.vn/kf/Sac90ca49ae0c495bac26e2b9a88e3cb2c.jpg,,//www.lazada.vn/products/pdp-i2983761759.html
370,RFHSFGED Vuông/Tròn Bánh Trung Thu mô phỏng PU Mềm Bánh Trung Thu giả Sáng Tạo Trang trí Chế độ bánh trung thu Dành cho gia đình,3167362086_VNAMZ,No Brand,https://sg-test-11.slatic.net/p/39f1ac6adc05244dc7086fa4eaccdcef.jpg,,//www.lazada.vn/products/pdp-i3167362086.html
371,Tết Trung Thu Internet Mới Nổi Tiếng Gốm Đĩa Bộ Đồ Ăn Giá Trị Cao Gia Đình Đêm Giao Thừa Bộ Bữa Ăn Tối Đĩa Kết Hợp Bàn Tròn đĩa,2577780795_VNAMZ,No Brand,https://vn-live-01.slatic.net/p/37e5a227083805ee292ce1d782737901.jpg,,//www.lazada.vn/products/pdp-i2577780795.html
372,CRICUSD PU Bánh Trung Thu mô phỏng Mềm Trang trí Trang trí thực phẩm cửa sổ Giữa Mùa Thu Đạo cụ chụp ảnh Vuông/Tròn Bánh Trung Thu giả Dành cho gia đình,3167378469_VNAMZ,No Brand,https://sg-test-11.slatic.net/p/28476f0acb03676459fb30728e79948a.jpg,,//www.lazada.vn/products/pdp-i3167378469.html
373,"Xe đạp leo núi Laux Jack gấp gọn 26inch, tốc độ thay đổi, gấp gọn, hấp thụ sốc, phanh đĩa , Kèm video, hình ảnh thực tế .",2437815026_VNAMZ,No Brand,https://vn-live-01.slatic.net/p/d6cfe6f28bd9c4a579913b796f01ad38.jpg,,//www.lazada.vn/products/pdp-i2437815026.html
374,NCNC Phong cách Trung Quốc Hộp quà đóng gói bánh trung thu Thỏ Dễ thương Hộp chiên lòng đỏ trứng Hộp bánh trung thu 6 ô Hộp bánh trung thu Quà Tặng Lễ hội trung thu,3167767920_VNAMZ,NCNC,https://sg-test-11.slatic.net/p/524ba00c8766f7d8e00f94cd3c20bbb7.jpg,,//www.lazada.vn/products/pdp-i3167767920.html
375,DSIUY PU Bánh Trung Thu mô phỏng Trang trí Vuông/Tròn Bánh Trung Thu giả Sáng Tạo Mềm Chế độ bánh trung thu Dành cho gia đình,3167384585_VNAMZ,No Brand,https://sg-test-11.slatic.net/p/8b90ddb13eadd26f8ca3b59134a35a35.jpg,,//www.lazada.vn/products/pdp-i3167384585.html
376,GUDETAMA trúng trút giận bánh mật ong Bánh Flan - Pudding Gudetama (Tròn),1624004720_VNAMZ,No Brand,https://vn-live-01.slatic.net/p/21fed4fcd3d4909786d9757565247b56.jpg,,//www.lazada.vn/products/pdp-i1624004720.html
377,8GJGR 50pcs 50/80//100g. Hộp bánh trung thu Hình vuông Nhựa Hộp lưu trữ bánh quy kín Hộp bảo quản thực phẩm Trong suốt Hộp bánh cupcake Trưng bày bánh ngọt,3167386485_VNAMZ,No Brand,https://sg-test-11.slatic.net/p/060349482e85a4947c5cafbefcf26483.jpg,,//www.lazada.vn/products/pdp-i3167386485.html
378,MITULI Vuông/Tròn Bánh Trung Thu mô phỏng PU Mềm Chế độ bánh trung thu Sáng Tạo Trang trí Bánh Trung Thu giả Dành cho gia đình,3167373007_VNAMZ,No Brand,https://sg-test-11.slatic.net/p/4f2d475938727a941acd5b6e2a179c52.jpg,,//www.lazada.vn/products/pdp-i3167373007.html
379,"[DV] Khuôn Trung Thu 3D Siêu Sắc Nét - Hình ĐẦU LÂN 150g , mẫu mới 2021. Đồ Gia Dụng nhà bếp pha chế làm bánh nguyên liệu",1991406056_VNAMZ,No Brand,https://vn-live-01.slatic.net/p/2008fa90f56ee8649f23afe13c105e25.jpg,,//www.lazada.vn/products/pdp-i1991406056.html
380,Sanmu Ban Đầu 75g Khuôn Làm Bánh Trung Thu Tay Bấm Phong Cách 3d Đào Núi Da Khuôn Tiền Thu Hút Quạt Bếp Dụng Cụ Nướng Bánh,2983866617_VNAMZ,No Brand,https://filebroker-cdn.lazada.vn/kf/Sac930a4674a5418a8cf30d45f1f571fed.jpg,,//www.lazada.vn/products/pdp-i2983866617.html
381,"Khuôn bánh trung thu 150g 4 mặt tròn vịt bơi, cá lội, bồng bay, phượng múa",1998674726_VNAMZ,No Brand,https://vn-live-01.slatic.net/p/d8032e669bdbd910d5caae6d0100ee9f.jpg,,//www.lazada.vn/products/pdp-i1998674726.html
382,DMEE Bông xốp Đồ chơi nhồi bông hình bánh trung thu Lễ hội trung thu Tương tác Đồ chơi nhồi bông bánh trung thu Đệm ghế Mềm mại Gối hình trung thu mô phỏng 3D Đồ dùng tiệc,3168335076_VNAMZ,No Brand,https://sg-test-11.slatic.net/p/9f37ba2044dbd15772a1db47dd2cfa14.jpg,,//www.lazada.vn/products/pdp-i3168335076.html
383,Khuôn trung thu 4 mặt Hoa đối xứng 150 - 180gr,1967222038_VNAMZ,No Brand,https://vn-live-01.slatic.net/p/fc018891e10d8982abe4dafde2c982d2.jpg,,//www.lazada.vn/products/pdp-i1967222038.html
384,Sanmu Ban Đầu 75g Bạc Lá Bạch Dương Khuôn Làm Bánh Trung Thu Tay Báo Chí Phong Cách Xanh Lá Khuôn Bánh Đậu 3d Hoa Văn Bếp Nướng Tự Làm Dụng Cụ,2983826526_VNAMZ,No Brand,https://filebroker-cdn.lazada.vn/kf/Saa1a3483b9c247918069cb3146dfd41cy.jpg,,//www.lazada.vn/products/pdp-i2983826526.html
385,Ban Đầu Sanmu 75g Khuôn Làm Bánh Trung Thu Tay Bấm Phong Cách Dễ Thương Thỏ Thiết Kế Bánh Đậu Xanh Khuôn Bếp Dụng Cụ Nướng Bánh Chất Liệu Abs,2830156564_VNAMZ,No Brand,https://filebroker-cdn.lazada.vn/kf/Sb1c309e5c19e4477b1167ccf9d203fe8v.jpg,,//www.lazada.vn/products/pdp-i2830156564.html
386,SET NGUYÊN LIỆU LÀM 1KG NHÂN TRUNG THU KHÔ TỰ TRỘN,3133474184_VNAMZ,No Brand,https://filebroker-cdn.lazada.vn/kf/Sf95a00f64ce84334a0be0561561edae4g.jpg,,//www.lazada.vn/products/pdp-i3133474184.html
387,Bánh Snack Bánh Thưởng Cho Chó Mèo Nội Địa Trung 100g - [Nông Trại Thú Cưng],2562791324_VNAMZ,No Brand,https://vn-live-01.slatic.net/p/3ffaa369337da262413102ba8d511f92.jpg,,//www.lazada.vn/products/pdp-i2562791324.html
388,Decal trang trí tết Trung Thu- Hít tĩnh điện - Thỏ Lồng đen cùng vui với Chiếc Bánh Trung,2772482534_VNAMZ,No Brand,https://sg-test-11.slatic.net/p/9b2527af817b15b6159e728ded4b6314.jpg,,//www.lazada.vn/products/pdp-i2772482534.html
389,PTOUTS 100pcs Mờ Túi đóng gói bánh trung thu Nhựa Chống ẩm Túi dán tự dính Túi thực phẩm Bán trong suốt Túi đóng gói bánh quy Lễ hội mùa thu giữa năm,3167423191_VNAMZ,No Brand,https://sg-test-11.slatic.net/p/7d969c8f60becc8de5a6aaee1ca59481.jpg,,//www.lazada.vn/products/pdp-i3167423191.html
390,"Đồ chơi mô hình xe chở rác, thu gom rác",288072082_VNAMZ,No Brand,https://vn-live-01.slatic.net/p/da50928eb6e9fb520ef3d979c3444a1e.jpg,,//www.lazada.vn/products/pdp-i288072082.html
391,❤️Mẫu 2023❤️ Khuôn trung thu 2 mặt chữ Phúc & Song Hỷ (50g)/ KTT150,2408359606_VNAMZ,No Brand,https://sg-test-11.slatic.net/p/32353fec04b74bdfa7e41a9dc6d00fb1.jpg,,//www.lazada.vn/products/pdp-i2408359606.html
392,Thanh Lịch Cao Cấp Trung Quốc Khay Trà Cho Bánh Ngọt Bánh Trung Thu Thẩm Mỹ Viện Trà Hiển Thị Đĩa Nhỏ Chính Xác Ăn Nhẹ Khay,3164319490_VNAMZ,No Brand,https://filebroker-cdn.lazada.vn/kf/S96eef58df19b4da28f2152cab83e7b88i.jpg,,//www.lazada.vn/products/pdp-i3164319490.html
393,MZP 100pcs Nhựa Túi đóng gói bánh trung thu Chống ẩm Phong cách Trung Quốc Máy hàn túi Chống ẩm Cấp thực phẩm Túi đóng gói bánh quy Lễ hội mùa thu giữa năm,3167366461_VNAMZ,No Brand,https://sg-test-11.slatic.net/p/9a6d8e7dcbe8daa398974f63981ada05.jpg,,//www.lazada.vn/products/pdp-i3167366461.html
394,Đồ chơi lồng đèn trung thu cho bé gái hình BÁNH KEM SINH NHẬT 3 tầng tặng pin có đèn và nhạc quà tặng trung thu,2401953046_VNAMZ,No Brand,https://sg-test-11.slatic.net/p/c4405ac2d30ab6b4cc86642be0074a1a.jpg,,//www.lazada.vn/products/pdp-i2401953046.html
395,"Nhân đậu đỏ Phú Thương gói 2kg làm bánh trung thu, bánh ngọt",1981013170_VNAMZ,No Brand,https://vn-live-01.slatic.net/p/a80ffbc433560ee6b895c28467ace6c7.jpg,,//www.lazada.vn/products/pdp-i1981013170.html
396,ZYJC SHOP 5 Set 6/8 lưới Hộp quà trung thu Phong cách Trung Quốc Sang trọng Hộp quà giòn lòng đỏ trứng Hộp bánh trung thu Thỏ Hộp bánh trung thu Tặng quà,3167243951_VNAMZ,ZYJC,https://sg-test-11.slatic.net/p/0357873b8622cfdc6ef12a365c4e5a63.jpg,,//www.lazada.vn/products/pdp-i3167243951.html
397,DFYER56 50pcs 50/80//100g. Hộp bánh trung thu Nhựa Hình vuông Hộp lưu trữ bánh quy kín Hộ gia đình Trong suốt Hộp bánh cupcake Trưng bày bánh ngọt,3167384451_VNAMZ,No Brand,https://sg-test-11.slatic.net/p/24096b4af3a2a1d38108ab650b4e0c86.jpg,,//www.lazada.vn/products/pdp-i3167384451.html
398,SKH7UH 100pcs Nhựa Túi đóng gói bánh trung thu Cấp thực phẩm Chống ẩm Máy hàn túi Túi nướng Phong cách Trung Quốc Túi quà thủ công Lễ hội mùa thu giữa năm,3167418224_VNAMZ,No Brand,https://sg-test-11.slatic.net/p/ba8025817e334b576955c172008c0b0c.jpg,,//www.lazada.vn/products/pdp-i3167418224.html
399,DUGDS Vuông/Tròn Bánh Trung Thu mô phỏng PU Mềm Bánh Trung Thu giả Đạo cụ chụp ảnh Trang trí Trang trí thực phẩm cửa sổ Giữa Mùa Thu Dành cho gia đình,3167396390_VNAMZ,No Brand,https://sg-test-11.slatic.net/p/ddef84010f2885606a3e3acbdf1676e8.jpg,,//www.lazada.vn/products/pdp-i3167396390.html
400,Khuôn Bánh Trung Thu Hoa Hồng Mai 150-200g,3110077470_VNAMZ,No Brand,https://sg-test-11.slatic.net/p/5a5b069fe2613170824269edb9d45bad.jpg,,//www.lazada.vn/products/pdp-i3110077470.html
401,Hộp Đựng Bánh Trung Thu Phẳng Trong Suốt Cao Cấp Zber 21028743 Hộp Đựng Bánh Tráng Phở Tách Rời Dùng Một Lần,1557930525_VNAMZ,No Brand,https://filebroker-cdn.lazada.vn/kf/S2a3a138144fa4820ba564a4c8be73a9fe.jpg,,//www.lazada.vn/products/pdp-i1557930525.html
402,YOUSHI TOP Bông xốp Đồ chơi nhồi bông hình bánh trung thu Lễ hội trung thu Tương tác Gối hình trung thu mô phỏng 3D Búp bê nhồi bông Thủ công Đồ chơi nhồi bông bánh trung thu Đồ dùng tiệc,3168209634_VNAMZ,YOUSHI TOP,https://sg-test-11.slatic.net/p/5e6637e0690ea5f146bafcf98986eb4b.jpg,,//www.lazada.vn/products/pdp-i3168209634.html
403,Hộp Đựng Bánh Trung Thu Hình Vuông Bằng Sắt Hai Lớp Đựng 8 Chiếc Bánh Trung Thu Hộp Đựng Quà Tặng Trung Thu Mới 2025,3147531053_VNAMZ,No Brand,https://filebroker-cdn.lazada.vn/kf/Sdf8e0b12fb8c4e16ad9b04ca3f84d7a6a.jpg,,//www.lazada.vn/products/pdp-i3147531053.html
404,Hộp Đựng Bánh Trung Thu 6 Chiếc Cao Cấp Phong Cách Cổ Điển Hộp Đựng Đồ Ăn Nhẹ Khô 50g75g Hộp Đựng Thịt Tươi Trứng Vịt Lộn,2997405098_VNAMZ,No Brand,https://filebroker-cdn.lazada.vn/kf/Se1d44e4a87c64c7d95830eb64fd8f89ep.jpg,,//www.lazada.vn/products/pdp-i2997405098.html
405,MING1996 50pcs Trong suốt Hộp bánh trung thu 50/80//100g. Nhựa Hộp bánh cupcake Đa chức năng Hình vuông Hộp lưu trữ bánh quy kín Trưng bày bánh ngọt,3167350786_VNAMZ,No Brand,https://sg-test-11.slatic.net/p/2ee28948f1740ddc1b7afd1bf6135787.jpg,,//www.lazada.vn/products/pdp-i3167350786.html
406,Bộ Đồ Chơi Động Vật Đất Tinh Khiết PVC Sáng Tạo Để Trang Trí Bàn Làm Việc Bao Bì Hộp Mù Hình Chú Penguin Hình Chú Voi Hình Chú Hổ Hình Con Khỉ Hình Bánh Trung Thu,2965321464_VNAMZ,No Brand,https://filebroker-cdn.lazada.vn/kf/S459827aa98834402b88ec5c3549421f66.jpg,,//www.lazada.vn/products/pdp-i2965321464.html
407,Hộp Đựng Bánh Trung Thu Trong Suốt Hộp Đựng Bánh Kẹo Sương Mù Tuyết Hộp Đựng Bánh Kẹo Nướng Hộp Đựng Quà Tặng Hạt Hộp Đựng Bánh Kẹo Trung Hoa,3151114119_VNAMZ,No Brand,https://filebroker-cdn.lazada.vn/kf/S8582b018547743efb7992e16463bc21fy.jpg,,//www.lazada.vn/products/pdp-i3151114119.html
408,XIELISA Gốm sứ Hộp đựng trà Tròn Đồ cổ Hộp lưu trữ nhỏ Di động có nắp Hũ trà hình bánh trung thu cho gia đình,3167414198_VNAMZ,No Brand,https://sg-test-11.slatic.net/p/784df6558fd52a375de52f4535729878.jpg,,//www.lazada.vn/products/pdp-i3167414198.html
409,HJKL 3D Khuôn bánh trung thu hoa Silicone Phong cách Trung Quốc Khuôn silicon hình hoa sen Khuôn nến Mềm Khuôn đậu xanh Lễ hội trung thu,3167255077_VNAMZ,HJKL,https://sg-test-11.slatic.net/p/2359826c13db28bbb2f0d1e99881f7a8.jpg,,//www.lazada.vn/products/pdp-i3167255077.html
410,"Bộ 20 khuôn rau câu, nhấn xôi Vĩnh Trường RT 250g dùng làm bánh rau câu trung thu, ép xôi",2290020965_VNAMZ,No Brand,https://vn-live-01.slatic.net/p/10e82277020f276ea2372318065d584d.jpg,,//www.lazada.vn/products/pdp-i2290020965.html
411,Khay Làm Bánh Trung Thu Bằng Nhựa 50G 75G 100G Lòng Đỏ Trứng Bánh Ngọt Đế Xanh Lá Khuôn Làm Bánh Đậu Trung Thu Bánh Trung Thu Bao Bì Hộp Làm Bánh Dụng Cụ Nấu Ăn,2011626803_VNAMZ,No Brand,https://filebroker-cdn.lazada.vn/kf/S1424f5e88c924bc1ba8f66879b4e7b68S.jpg,,//www.lazada.vn/products/pdp-i2011626803.html
412,Máy trộn nhân bánh trung thu năng suất 10-15 kg/mẻ động cơ lớn 2.2KW dây đồng 100%,2423189044_VNAMZ,No Brand,https://vn-live-01.slatic.net/p/f7456a2bb90bf8d6bd289001e586ed3a.jpg,,//www.lazada.vn/products/pdp-i2423189044.html
413,Bộ Khuôn Nén Lò Xo Làm Bánh Trung Thu 7 Mặt 3D Nổi Đẹp Mắt,1856767312_VNAMZ,No Brand,https://vn-live-01.slatic.net/p/e4ba52ff3a8ce66f77f77a638f14e618.jpg,,//www.lazada.vn/products/pdp-i1856767312.html
414,TAADD 50pcs 50/80//100g. Hộp bánh trung thu Nhựa Trong suốt Hộp lưu trữ bánh quy kín Hộ gia đình Hình vuông Hộp bánh cupcake Trưng bày bánh ngọt,3167361534_VNAMZ,No Brand,https://sg-test-11.slatic.net/p/6a8f9cdc41b4318c4d38b800daa65d86.png,,//www.lazada.vn/products/pdp-i3167361534.html
415,15 tập 100 túi trung thu 150g đồng mây,1901760852_VNAMZ,No Brand,https://filebroker-cdn.lazada.vn/kf/S207895803f8f4a1f990408e49ae8ced4g.jpg,,//www.lazada.vn/products/pdp-i1901760852.html
416,PWD0442 50pcs Trong suốt Hộp bánh trung thu Hình vuông 50/80//100g. Hộp bánh cupcake Đa chức năng Nhựa Hộp lưu trữ bánh quy kín Trưng bày bánh ngọt,3167430196_VNAMZ,No Brand,https://sg-test-11.slatic.net/p/09636c1a10bcd17c45c0289a9613f909.png,,//www.lazada.vn/products/pdp-i3167430196.html
417,"Khuôn bánh Trung thu đại nhận 500g,600g,700,800,1kg ,1,2kg",1848985056_VNAMZ,No Brand,https://filebroker-cdn.lazada.vn/kf/Sa5d1eb6583c04bb3bd22e6baff467518M.jpg,,//www.lazada.vn/products/pdp-i1848985056.html
418,CHAOSON 100pcs Mờ Túi đóng gói bánh trung thu Nhựa Chống ẩm Túi đóng gói bánh quy Chống ẩm Bán trong suốt Túi dán tự dính Lễ hội mùa thu giữa năm,3167190722_VNAMZ,No Brand,https://sg-test-11.slatic.net/p/a8540fa6eb93203b07c4c0d6111370c7.jpg,,//www.lazada.vn/products/pdp-i3167190722.html
419,MING1996 100pcs Nhựa Túi đóng gói bánh trung thu Phong cách Trung Quốc Chống ẩm Túi quà thủ công Chống ẩm Cấp thực phẩm Túi đóng gói bánh quy Lễ hội mùa thu giữa năm,3167370663_VNAMZ,No Brand,https://sg-test-11.slatic.net/p/3e0dd5f2a72361e145354f10ed684d59.jpg,,//www.lazada.vn/products/pdp-i3167370663.html
420,MZP 50pcs 50/80//100g. Hộp bánh trung thu Nhựa Trong suốt Hộp lưu trữ bánh quy kín Hộp bảo quản thực phẩm Hình vuông Hộp bánh cupcake Trưng bày bánh ngọt,3167393363_VNAMZ,No Brand,https://sg-test-11.slatic.net/p/61a43ae01f9ae1a2ca9782423dfc6ce2.jpg,,//www.lazada.vn/products/pdp-i3167393363.html
421,ZYJC SHOP Phong cách Trung Quốc Giỏ tre Tự nhiên Hai Lớp Giỏ bánh trung thu Hộp đựng bánh mì Có Nắp Giỏ đựng trứng Bánh Trung Thu zongzi hạt,3167380084_VNAMZ,ZYJC,https://sg-test-11.slatic.net/p/2676fb2da1747ea26fa22a15fed13fb8.jpg,,//www.lazada.vn/products/pdp-i3167380084.html
422,"Khuôn bánh trung thu lò xo 150g 4 mặt thỏi vàng Phúc, Lộc, Thọ, Tài BHT2040",1959209839_VNAMZ,OEM,https://vn-live-01.slatic.net/p/ef1b15d86aabe12f6374ec11f0744b1f.jpg,,//www.lazada.vn/products/pdp-i1959209839.html
423,WSO4734 50pcs 50/80//100g. Hộp bánh trung thu Hình vuông Nhựa Hộp bánh cupcake Hộp bảo quản thực phẩm Trong suốt Hộp lưu trữ bánh quy kín Trưng bày bánh ngọt,3167384491_VNAMZ,No Brand,https://sg-test-11.slatic.net/p/134ebe5257bab1ceef5bf2bec514af30.jpg,,//www.lazada.vn/products/pdp-i3167384491.html
424,HJKL 100pcs Nhựa Túi đóng gói bánh trung thu Mờ Chống ẩm Túi quà thủ công Chống ẩm Bán trong suốt Túi dán tự dính Lễ hội mùa thu giữa năm,3167196373_VNAMZ,HJKL,https://sg-test-11.slatic.net/p/5b19e3d4476b3e960052a36f482f1b00.jpg,,//www.lazada.vn/products/pdp-i3167196373.html
425,XAVINU 5 Set Phong cách Trung Quốc Hộp quà trung thu 6/8 lưới Sang trọng Hộp đóng gói bánh ngọt Hộp đựng Thỏ Hộp quà giòn lòng đỏ trứng Tặng quà,3167410192_VNAMZ,No Brand,https://sg-test-11.slatic.net/p/168a665de35970a764aa28d59e6dfca5.jpg,,//www.lazada.vn/products/pdp-i3167410192.html
426,HJKL 12 hạt Hộp quà tặng lễ hội trung thu Hộp rỗng Phong cách Trung Quốc Hộp bánh trung thu Hộp đựng Sang trọng Hộp bánh trung thu di động Tặng quà,3167261046_VNAMZ,HJKL,https://sg-test-11.slatic.net/p/a2714dd20873f306873e4cbfa07035b5.jpg,,//www.lazada.vn/products/pdp-i3167261046.html
427,Bánh thưởng cho Chó thịt gà bọc khoai tây và xương canxi sữa - Love Pets Shop,1574110053_VNAMZ,No Brand,https://vn-live-01.slatic.net/p/ecadae202114c50475e26f07093e2529.png,,//www.lazada.vn/products/pdp-i1574110053.html
428,G23UW 5 Set 6/8 lưới Hộp quà trung thu Sang trọng Phong cách Trung Quốc Hộp quà giòn lòng đỏ trứng Hộp đựng Hộp rỗng Hộp bánh trung thu Tặng quà,3167333966_VNAMZ,No Brand,https://sg-test-11.slatic.net/p/b806ea802f3ff768abfde0370cc16d57.jpg,,//www.lazada.vn/products/pdp-i3167333966.html
429,[HCM]Khuôn bánh Trung thu nhận 500gr số 3 nhựa cao cấp Vĩnh Trường,1323957254_VNAMZ,No Brand,https://filebroker-cdn.lazada.vn/kf/S347836feeb6b4306a2e54fe2fbcbd196R.jpg,,//www.lazada.vn/products/pdp-i1323957254.html
430,Khuôn trung thu 2024 lò xo CÁ Ù 1 mặt 1 nhấn khuôn nhấn làm bánh trung thu,2724945460_VNAMZ,No Brand,https://vn-live-01.slatic.net/p/5cbea9d0bb154b5f5914a03d1f59a2b4.jpg,,//www.lazada.vn/products/pdp-i2724945460.html
431,TESDFD Giấy kraft Hộp bánh trung thu Lễ hội trung thu Thủ công 8 ô Hộp đóng gói Món tráng miệng Trung Quốc Di động Quà tặng Túi cầm tay Lễ hội,3167771965_VNAMZ,No Brand,https://sg-test-11.slatic.net/p/3035cb1af3fb28f1abf7182aa279a17c.jpg,,//www.lazada.vn/products/pdp-i3167771965.html
432,TWCEJE168 100pcs Nhựa Túi đóng gói bánh trung thu Mờ Chống ẩm Túi dán tự dính Chống ẩm Bán trong suốt Túi quà thủ công Lễ hội mùa thu giữa năm,3167370736_VNAMZ,No Brand,https://sg-test-11.slatic.net/p/87c34e61f5db0d69ac55afcb7b76755e.jpg,,//www.lazada.vn/products/pdp-i3167370736.html
433,PUREGLOW Phong cách Trung Quốc Giỏ tre Dệt Tự nhiên Giỏ bánh trung thu Hộp đựng bánh mì Cầm tay Giỏ Dã Ngoại Lễ hội trung thu,3167422236_VNAMZ,No Brand,https://sg-test-11.slatic.net/p/af04aafb370ff50594cbd2655168fff0.jpg,,//www.lazada.vn/products/pdp-i3167422236.html
434,DFHSFGER 50pcs 50/80//100g. Hộp bánh trung thu Nhựa Hình vuông Hộp đựng bánh muffin Đa chức năng Trong suốt Hộp bánh cupcake Trưng bày bánh ngọt,3167379390_VNAMZ,No Brand,https://sg-test-11.slatic.net/p/dbc078eb5a2cc60cf873414fcea598e3.png,,//www.lazada.vn/products/pdp-i3167379390.html
435,HJKL 5 Set Phong cách Trung Quốc Hộp quà trung thu Sang trọng 6/8 lưới Hộp bánh trung thu Hộp đựng Thỏ Hộp quà giòn lòng đỏ trứng Tặng quà,3167213262_VNAMZ,HJKL,https://sg-test-11.slatic.net/p/f0231f3a53ed1427ac19443dfa949b4d.jpg,,//www.lazada.vn/products/pdp-i3167213262.html
436,"[DV] Khuôn Trung Thu 3D Siêu Sắc Nét - Hình THỎI VÀNG 4 mặt 50g , mẫu mới 2021. Đồ Gia Dụng nhà bếp pha chế làm bánh nguyên liệu",1990054010_VNAMZ,No Brand,https://vn-live-01.slatic.net/p/78984016c1cc96627486a9e7c8a66a79.jpg,,//www.lazada.vn/products/pdp-i1990054010.html
437,VB45D 5 Set 6/8 lưới Hộp quà trung thu Phong cách Trung Quốc Sang trọng Hộp đóng gói bánh ngọt Hộp di động Hộp rỗng Hộp quà giòn lòng đỏ trứng Tặng quà,3167372586_VNAMZ,No Brand,https://sg-test-11.slatic.net/p/48aa9007f3de1d0d4085f8cf1c0cc68a.jpg,,//www.lazada.vn/products/pdp-i3167372586.html
438,"Nhân lá dứa Phú Thương gói 2kg làm bánh trung thu, bánh ngọt",1980884704_VNAMZ,No Brand,https://vn-live-01.slatic.net/p/221b65193323dc60c320c648d62cb69c.jpg,,//www.lazada.vn/products/pdp-i1980884704.html
439,Hộp Đựng Bánh Trung Thu Cao Cấp Hai Lớp 8 Chiếc Hộp Đựng Bánh Tráng Đông Lạnh Trôi Chảy Hộp Rỗng Đựng Bánh Mì Trứng Tráng,2967726131_VNAMZ,No Brand,https://filebroker-cdn.lazada.vn/kf/S9164d65165154667aee87791093b4457c.jpg,,//www.lazada.vn/products/pdp-i2967726131.html
440,Bánh trung thu mix 6 vị-,2659479667_VNAMZ,No Brand,https://filebroker-cdn.lazada.vn/kf/S4dc9e97196e14037a2c68abef4d159546.jpg,,//www.lazada.vn/products/pdp-i2659479667.html
441,ZYJC SHOP Hoạt hình Hộp đóng gói bánh trung thu 4/6 ô Phong cách Trung Quốc Hộp quà Hộp di động Thanh lịch Hộp chiên lòng đỏ trứng Quà Tặng Lễ hội trung thu,3167306918_VNAMZ,ZYJC,https://sg-test-11.slatic.net/p/24f68dd36371bca93b263abeca24a2a1.jpg,,//www.lazada.vn/products/pdp-i3167306918.html
442,LOPU 8 ô Hộp bánh trung thu Lễ hội trung thu Thủ công Giấy kraft Hộp đóng gói Lòng Đỏ Trứng giòn Túi xách Hộp quà Bánh Trung Thu Lễ hội,3167871075_VNAMZ,No Brand,https://sg-test-11.slatic.net/p/43f9c9e7671a038ce00a1443ced21aa2.jpg,,//www.lazada.vn/products/pdp-i3167871075.html
443,BIGCOUSIN 50pcs Trong suốt Hộp bánh trung thu 50/80//100g. Nhựa Hộp lưu trữ bánh quy kín Đa chức năng Hình vuông Hộp bánh cupcake Trưng bày bánh ngọt,3167351852_VNAMZ,No Brand,https://sg-test-11.slatic.net/p/fc34a4f2d125c2c891a35476b24fe83e.jpg,,//www.lazada.vn/products/pdp-i3167351852.html
444,NCNC 50pcs Trong suốt Hộp bánh trung thu Hình vuông Nhựa Hộp lưu trữ bánh quy kín Hộp bảo quản thực phẩm 50/80//100g. Hộp bánh cupcake Trưng bày bánh ngọt,3167881075_VNAMZ,NCNC,https://sg-test-11.slatic.net/p/a600532235bb3d45377d126a9e15e584.png,,//www.lazada.vn/products/pdp-i3167881075.html
445,SKH7UH 100pcs Nhựa Túi đóng gói bánh trung thu Mờ Chống ẩm Túi dán tự dính Chống ẩm Bán trong suốt Túi quà thủ công Lễ hội mùa thu giữa năm,3167382422_VNAMZ,No Brand,https://sg-test-11.slatic.net/p/075a5aa210d74b6e36915d994233f8bb.jpg,,//www.lazada.vn/products/pdp-i3167382422.html
446,OOC 5 Set 6/8 lưới Hộp quà trung thu Sang trọng Phong cách Trung Quốc Hộp bánh trung thu Hộp bánh trung thu Thỏ Hộp quà giòn lòng đỏ trứng Tặng quà,3167374518_VNAMZ,No Brand,https://sg-test-11.slatic.net/p/9d75e7844af7f13f9b6642dd2a4a2d22.jpg,,//www.lazada.vn/products/pdp-i3167374518.html
447,SKH7UH Bông xốp Đồ chơi nhồi bông hình bánh trung thu Lễ hội trung thu Tương tác Đồ chơi nhồi bông bánh trung thu Đệm ghế Phim hoạt hình Gối hình trung thu mô phỏng 3D Đồ dùng tiệc,3167420192_VNAMZ,No Brand,https://sg-test-11.slatic.net/p/76628b2c5c6687be1d1822bf860932c7.jpg,,//www.lazada.vn/products/pdp-i3167420192.html
448,"Khuôn bánh trung thu 150g 4 mặt tròn vịt bơi, cá lội, bồng bay, phượng múa",2319586049_VNAMZ,No Brand,https://vn-live-01.slatic.net/p/d8032e669bdbd910d5caae6d0100ee9f.jpg,,//www.lazada.vn/products/pdp-i2319586049.html
449,Size 150g 200g Khuôn trung thu lò xo 2024 HỦ VÀNG 3 mặt 1 nhấn khuôn nhấn XÔI làm bánh trung thu bánh dứa bánh in - Bí đỏ shop Dụng cụ làm bánh,2704906852_VNAMZ,No Brand,https://vn-live-01.slatic.net/p/9a04e996d4d356d12be2aadfa1c4c292.jpg,,//www.lazada.vn/products/pdp-i2704906852.html
450,Decal trang trí tết Trung Thu- Hít tĩnh điện - Dây Rèm Bánh Trung Thu Đáng Yêu,2778658112_VNAMZ,No Brand,https://sg-test-11.slatic.net/p/7e64e653e0bad9ef64183173223b7d94.jpg,,//www.lazada.vn/products/pdp-i2778658112.html
451,DMEE 50pcs 50/80//100g. Hộp bánh trung thu Trong suốt Nhựa Hộp bánh cupcake Hộ gia đình Hình vuông Hộp lưu trữ bánh quy kín Trưng bày bánh ngọt,3168280849_VNAMZ,No Brand,https://sg-test-11.slatic.net/p/571b93eae44f3e63156afb9b5966cf7d.jpg,,//www.lazada.vn/products/pdp-i3168280849.html
452,"Khuôn Trung Thu 3D Siêu Sắc Nét - Hình THỎI VÀNG 4 mặt 50g , mẫu mới 2021",1916763190_VNAMZ,No Brand,https://vn-live-01.slatic.net/p/63ea15335b35f5f1e85839c6b43caf70.jpg,,//www.lazada.vn/products/pdp-i1916763190.html
453,UAZGEO Phong cách Trung Quốc Hộp quà trung thu Cao cấp 6/8 lưới Hộp đóng gói giòn lòng đỏ trứng Hộp đựng Hộp rỗng Hộp bánh trung thu Tặng quà,3167329978_VNAMZ,No Brand,https://sg-test-11.slatic.net/p/a6e5eddec9b59f2bf7450a5eb5bdf6c1.jpg,,//www.lazada.vn/products/pdp-i3167329978.html
454,VB45D Hai Lớp Giỏ tre Tự nhiên Phong cách Trung Quốc Giỏ bánh trung thu Giỏ trái cây Cầm tay Giỏ đựng trứng Bánh Trung Thu zongzi hạt,3167349817_VNAMZ,No Brand,https://sg-test-11.slatic.net/p/89135d27d5f95d56b011d65514f63fad.jpg,,//www.lazada.vn/products/pdp-i3167349817.html
455,PUREGLOW 5 Set Phong cách Trung Quốc Hộp quà trung thu Sang trọng 6/8 lưới Hộp đóng gói bánh ngọt Hộp di động Thỏ Hộp quà giòn lòng đỏ trứng Tặng quà,3167358601_VNAMZ,No Brand,https://sg-test-11.slatic.net/p/e94efa76a47b074e3f8c0afa2d1442f5.jpg,,//www.lazada.vn/products/pdp-i3167358601.html
456,"[DV] Khuôn Trung Thu 3D Siêu Sắc Nét - Hình QUẢ DỨA (THƠM) 4 mặt 50g , mẫu mới 2021. Đồ Gia Dụng nhà bếp pha chế làm bánh nguyên liệu",1989938458_VNAMZ,No Brand,https://vn-live-01.slatic.net/p/ba93f9c2f9a9f7077db52f86f252c821.jpg,,//www.lazada.vn/products/pdp-i1989938458.html
457,KHUÔN PHA LÊ TRUNG THU 50 GAM. MÀU HỒNG,2145823735_VNAMZ,No Brand,https://vn-live-01.slatic.net/p/aa48dd714472a32e3daf79ee73df56d8.jpg,,//www.lazada.vn/products/pdp-i2145823735.html
458,WSO4734 100pcs Nhựa Túi đóng gói bánh trung thu Chống ẩm Mờ Túi quà thủ công Túi thực phẩm Cấp thực phẩm Túi đóng gói bánh quy Lễ hội mùa thu giữa năm,3167362555_VNAMZ,No Brand,https://sg-test-11.slatic.net/p/e7c16acb3730bd072dc99754036579de.jpg,,//www.lazada.vn/products/pdp-i3167362555.html
459,GJNGJNGG 50pcs 50/80//100g. Hộp bánh trung thu Nhựa Trong suốt Hộp bánh cupcake Đa chức năng Hình vuông Hộp lưu trữ bánh quy kín Trưng bày bánh ngọt,3167358531_VNAMZ,No Brand,https://sg-test-11.slatic.net/p/0820acd3813e74bba84c4ced42f3680f.jpg,,//www.lazada.vn/products/pdp-i3167358531.html
460,PUREGLOW Phong cách Trung Quốc Hộp quà tặng lễ hội trung thu 12 hạt Hộp rỗng Hộp bánh trung thu di động Sáng tạo Sang trọng Hộp bánh trung thu Tặng quà,3167393533_VNAMZ,No Brand,https://sg-test-11.slatic.net/p/7660ab27f16ff2c6ced7bf879311d487.jpg,,//www.lazada.vn/products/pdp-i3167393533.html
461,Khuôn trung thu lò xo 150g 1 mặt Ruyi,1945557257_VNAMZ,No Brand,https://vn-live-01.slatic.net/p/156251ebeb8e984f0896498286ac7bd5.jpg,,//www.lazada.vn/products/pdp-i1945557257.html
462,ZYJC SHOP Phong cách Trung Quốc Hộp quà tặng lễ hội trung thu 12 hạt Hộp rỗng Hộp đóng gói giòn lòng đỏ trứng Hộp đựng Sang trọng Hộp bánh trung thu Tặng quà,3167350435_VNAMZ,ZYJC,https://sg-test-11.slatic.net/p/d4674791a3aa77d5b73b851e623a2fe8.jpg,,//www.lazada.vn/products/pdp-i3167350435.html
463,❤️Mẫu 2024❤️ Khuôn trung thu 4 mặt Trăng sáng (150g)/ KTT182,2671224040_VNAMZ,No Brand,https://sg-test-11.slatic.net/p/f1eb8fa77ea9f1b05daf962592f888c8.jpg,,//www.lazada.vn/products/pdp-i2671224040.html
464,Combo 5 Bánh Liu Pía Trứng Muối Tan Chảy Ngàn Lớp B08 - TKNK BeeGin,2635759105_VNAMZ,No Brand,https://sg-test-11.slatic.net/p/0110c79b13fdbc56332f0cebc49c30ce.jpg,,//www.lazada.vn/products/pdp-i2635759105.html
465,VB45D Phong cách Trung Quốc Hộp quà tặng lễ hội trung thu Sang trọng 12 hạt Hộp bánh trung thu di động Hộp đựng Hộp rỗng Hộp đóng gói giòn lòng đỏ trứng Tặng quà,3167360701_VNAMZ,No Brand,https://sg-test-11.slatic.net/p/2f8a915da28b7d8a245955ccd9dfc42f.jpg,,//www.lazada.vn/products/pdp-i3167360701.html
466,"Khuôn Trung Thu 3D Siêu Sắc Nét - Hình HOA HỒNG  150g , mẫu mới 2021",1917026818_VNAMZ,No Brand,https://vn-live-01.slatic.net/p/a1b65d97258df65ff33da41da5d26f06.jpg,,//www.lazada.vn/products/pdp-i1917026818.html
467,MING1996 100pcs Mờ Túi đóng gói bánh trung thu Chống ẩm Nhựa Túi đóng gói bánh quy Túi thực phẩm Bán trong suốt Túi quà thủ công Lễ hội mùa thu giữa năm,3167387344_VNAMZ,No Brand,https://sg-test-11.slatic.net/p/53e31fe49313b2c73426389ebde6db61.jpg,,//www.lazada.vn/products/pdp-i3167387344.html
468,ETHTY 50pcs 50/80//100g. Hộp bánh trung thu Hình vuông Nhựa Hộp bánh cupcake Đa chức năng Trong suốt Hộp lưu trữ bánh quy kín Trưng bày bánh ngọt,3167369539_VNAMZ,No Brand,https://sg-test-11.slatic.net/p/77b55a2150667c41c0077005568d2776.jpg,,//www.lazada.vn/products/pdp-i3167369539.html
469,HXPUZM 50pcs 50/80//100g. Hộp bánh trung thu Nhựa Trong suốt Hộp đựng bánh muffin Hộp bảo quản thực phẩm Hình vuông Hộp bánh cupcake Trưng bày bánh ngọt,3167887258_VNAMZ,No Brand,https://sg-test-11.slatic.net/p/69a3c76116e3e310d9649020e13065b0.jpg,,//www.lazada.vn/products/pdp-i3167887258.html
470,JDTYJDT 100pcs Mờ Túi đóng gói bánh trung thu Nhựa Chống ẩm Túi quà thủ công Chống ẩm Bán trong suốt Túi dán tự dính Lễ hội mùa thu giữa năm,3167816808_VNAMZ,No Brand,https://sg-test-11.slatic.net/p/abb0fc2131ec066f343671d95225841d.jpg,,//www.lazada.vn/products/pdp-i3167816808.html
471,PUREGLOW Phong cách Trung Quốc Hộp quà trung thu Cao cấp 6/8 lưới Hộp bánh trung thu Hộp di động Hộp rỗng Hộp đóng gói giòn lòng đỏ trứng Tặng quà,3167437134_VNAMZ,No Brand,https://sg-test-11.slatic.net/p/4addc5d5b3589c9933363514d1b27f20.jpg,,//www.lazada.vn/products/pdp-i3167437134.html
472,"[DV] Trung Thu 4 mặt VÂN HOA Sen, Hoa Đồng Tiền, Cá Chép, Non bộ phong thuỷ. Khuôn Bánh nhấn lò xo tạo hình 3D Siêu Sắc. Đồ Gia Dụng nhà bếp pha chế làm bánh nguyên liệu làm bánh Truyền thống TIỆN LỢI 250gr/ 200gr/ 150gram. Đồ Gia Dụng gia đình",1990010118_VNAMZ,No Brand,https://vn-live-01.slatic.net/p/2409ea55d4300fd7ecd29973fa1b406f.jpg,,//www.lazada.vn/products/pdp-i1990010118.html
473,UAZGEO Phong cách Trung Quốc Giỏ tre Dệt Tự nhiên Giỏ bánh trung thu Hộp đựng bánh mì Có Nắp Giỏ Dã Ngoại Lễ hội trung thu,3167398300_VNAMZ,No Brand,https://sg-test-11.slatic.net/p/064e131477fc402ca6f3bb4fd8aac3b1.jpg,,//www.lazada.vn/products/pdp-i3167398300.html
474,SHUI70300 50pcs 50/80//100g. Hộp bánh trung thu Nhựa Hình vuông Hộp lưu trữ bánh quy kín Hộp bảo quản thực phẩm Trong suốt Hộp bánh cupcake Trưng bày bánh ngọt,3167404272_VNAMZ,No Brand,https://sg-test-11.slatic.net/p/8e0373421db9f139f9627ccfab24a4d5.png,,//www.lazada.vn/products/pdp-i3167404272.html
475,XAVINU Hai Lớp Giỏ tre Phong cách Trung Quốc Tự nhiên Giỏ đựng trứng Hộp đựng bánh mì Dệt Giỏ Dã Ngoại Bánh Trung Thu zongzi hạt,3167360691_VNAMZ,No Brand,https://sg-test-11.slatic.net/p/48f3d68c7aa414a66256efbc114c4d04.jpg,,//www.lazada.vn/products/pdp-i3167360691.html
476,RVIVWK 50pcs 50/80//100g. Hộp bánh trung thu Nhựa Hình vuông Hộp lưu trữ bánh quy kín Hộp bảo quản thực phẩm Trong suốt Hộp bánh cupcake Trưng bày bánh ngọt,3167378439_VNAMZ,No Brand,https://sg-test-11.slatic.net/p/e1d1dcdca045b1ebfe493323a24d7137.jpg,,//www.lazada.vn/products/pdp-i3167378439.html
477,RVIVWK 100pcs Nhựa Túi đóng gói bánh trung thu Phong cách Trung Quốc Cấp thực phẩm Túi quà thủ công Túi thực phẩm Chống ẩm Túi đóng gói bánh quy Lễ hội mùa thu giữa năm,3167366482_VNAMZ,No Brand,https://sg-test-11.slatic.net/p/985aebb7946dbea6eeaaf5a3f7b93bf9.jpg,,//www.lazada.vn/products/pdp-i3167366482.html
478,Bát Đựng Sushi Hình Chữ Nhật Bằng Gốm Sứ Kiểu Nhật Dùng Trong Gia Đình Và Thương Mại Bát Đựng Bánh Bao Bát Đựng Bánh Trung Thu Bát Đựng Cánh Gà,3143070754_VNAMZ,No Brand,https://filebroker-cdn.lazada.vn/kf/Sc7853b6bd76a4b6da161f8c161a6b079l.jpg,,//www.lazada.vn/products/pdp-i3143070754.html
479,RD5BA7 50pcs 50/80//100g. Hộp bánh trung thu Nhựa Trong suốt Hộp bánh cupcake Hộ gia đình Hình vuông Hộp đựng bánh muffin Trưng bày bánh ngọt,3167412218_VNAMZ,No Brand,https://sg-test-11.slatic.net/p/4db06e89ec87bc270eba343154868d7c.jpg,,//www.lazada.vn/products/pdp-i3167412218.html
480,"Khuôn Bánh Trung Thu Song Ngư 150G, Lân 75G",3109993534_VNAMZ,No Brand,https://sg-test-11.slatic.net/p/6e8bd2d348f4df8bab46ec4245aee023.jpg,,//www.lazada.vn/products/pdp-i3109993534.html
481,Hộp Quà Tặng Măng Sét Cao Cấp 2025 Hộp Đựng Trái Cây Và Bánh Trung Thu Cầm Tay Hộp Đựng Đồ Lưu Trữ Gia Đình Hộp Đựng Đồ Mua Sắm,3002711910_VNAMZ,No Brand,https://filebroker-cdn.lazada.vn/kf/S249f61b596294b229c84730dfec52d5f5.jpg,,//www.lazada.vn/products/pdp-i3002711910.html
482,Khuôn bánh trung thu heo bầy 12 con heo 1.2 kg,2415406071_VNAMZ,No Brand,https://sg-test-11.slatic.net/p/96126a442a0eefc01eea4b31ed14d0cb.jpg,,//www.lazada.vn/products/pdp-i2415406071.html
483,VB45D 50pcs Trong suốt Hộp bánh trung thu Nhựa 50/80//100g. Hộp bánh cupcake Hộp bảo quản thực phẩm Hình vuông Hộp lưu trữ bánh quy kín Trưng bày bánh ngọt,3167370664_VNAMZ,No Brand,https://sg-test-11.slatic.net/p/f96e0ed6faee1ee800e0c341ffe8c56f.jpg,,//www.lazada.vn/products/pdp-i3167370664.html
484,Hộp Đựng Trà Hoa Gió 10 Hộp Hộp Đựng Bánh Trung Thu Hộp Đựng Bánh Tráng Truyền Thống Trung Quốc Hộp Đựng Quà Tặng,3159050048_VNAMZ,No Brand,https://filebroker-cdn.lazada.vn/kf/S85500ef235624232ab0299ef3e9611d0G.jpg,,//www.lazada.vn/products/pdp-i3159050048.html
485,IIU Đồ cổ Hộp đựng trà Gốm sứ Tròn Hũ trà hình bánh trung thu Di động Mô phỏng Hộp lưu trữ nhỏ cho gia đình,3167426242_VNAMZ,No Brand,https://sg-test-11.slatic.net/p/eeee2a5aee49477fc045111b4bc2d263.png,,//www.lazada.vn/products/pdp-i3167426242.html
486,NCNC Giấy kraft Hộp bánh trung thu Lễ hội trung thu Thủ công 8 ô Quà tặng Túi cầm tay Món tráng miệng Trung Quốc Túi xách Hộp quà Bánh Trung Thu Lễ hội,3167799747_VNAMZ,NCNC,https://sg-test-11.slatic.net/p/5ee5ce913f20d09bf462b6593d66db7a.jpg,,//www.lazada.vn/products/pdp-i3167799747.html
487,SDFHSFGA 8 ô Hộp bánh trung thu Lễ hội trung thu Giấy kraft Thủ công Hộp quà Bánh Trung Thu Lòng Đỏ Trứng giòn Di động Hộp đóng gói Lễ hội,3167337300_VNAMZ,No Brand,https://sg-test-11.slatic.net/p/3880ab22370d628691b44022d3fad985.jpg,,//www.lazada.vn/products/pdp-i3167337300.html
488,Tự Làm Trung Thu Khuôn Làm Bánh Trung Thu Sáng Tạo Sử Dụng Tại Nhà Dụng Cụ Nướng Bánh Đậu Xanh Bánh Báo Chí Mài Hoa Thiết Kế Lập Thể,3155137675_VNAMZ,No Brand,https://filebroker-cdn.lazada.vn/kf/S435283d1db844767b65862b3b5323688P.jpg,,//www.lazada.vn/products/pdp-i3155137675.html
489,WSRYHDFE Bông xốp Đồ chơi nhồi bông hình bánh trung thu Tương tác Lễ hội trung thu Đồ chơi nhồi bông bánh trung thu Búp bê nhồi bông Thủ công Gối hình trung thu mô phỏng 3D Đồ dùng tiệc,3167401277_VNAMZ,No Brand,https://sg-test-11.slatic.net/p/f87addeaae7a3289d7441142fabb9e3d.jpg,,//www.lazada.vn/products/pdp-i3167401277.html
490,Khuôn Trung Thu Hoa Tròn 4 mặt Bầu-Hươu-Cá Chép,2476021342_VNAMZ,No Brand,https://filebroker-cdn.lazada.vn/kf/S85b5b395feb742e9871c1fdf23fa0dacM.jpg,,//www.lazada.vn/products/pdp-i2476021342.html
491,xe thăng bằng gấp gọn cao cấp Uonibaby tặng đồ bảo hộ + 1 lồng đèn trung thu bằng gỗ,2360580541_VNAMZ,No Brand,https://vn-live-01.slatic.net/p/092937a3b0efa2d1c1241f773ff1a59f.jpg,,//www.lazada.vn/products/pdp-i2360580541.html
492,HJKL Phong cách Trung Quốc Hộp quà trung thu Cao cấp 6/8 lưới Hộp bánh trung thu Hộp di động Hộp rỗng Hộp đóng gói giòn lòng đỏ trứng Tặng quà,3167193628_VNAMZ,HJKL,https://sg-test-11.slatic.net/p/41426d47955665f74a42e4957ccdf76f.jpg,,//www.lazada.vn/products/pdp-i3167193628.html
493,UAZGEO 100pcs Mờ Túi đóng gói bánh trung thu Chống ẩm Nhựa Túi quà thủ công Chống ẩm Bán trong suốt Túi dán tự dính Lễ hội mùa thu giữa năm,3167335963_VNAMZ,No Brand,https://sg-test-11.slatic.net/p/fc3790e2fa5733efb8c561f34243d3ca.jpg,,//www.lazada.vn/products/pdp-i3167335963.html
494,"Khuôn Nén Lò Xo 4 Mặt (Hoa Cúc, Sen Đá, Cẩm Tú Cầu, Trái Lê) Làm Bánh Trung Thu 150 Gram",1856701790_VNAMZ,No Brand,https://vn-live-01.slatic.net/p/5ca5ca5145278f88160e7e3409b66765.jpg,,//www.lazada.vn/products/pdp-i1856701790.html
495,MOUSSE 50pcs 50/80//100g. Hộp bánh trung thu Nhựa Hình vuông Hộp bánh cupcake Đa chức năng Trong suốt Hộp đựng bánh muffin Trưng bày bánh ngọt,3167479899_VNAMZ,No Brand,https://sg-test-11.slatic.net/p/e47af721c6d03fceda235340cbb9dedc.jpg,,//www.lazada.vn/products/pdp-i3167479899.html
496,MING1996 Tự nhiên Giỏ tre Dệt Phong cách Trung Quốc Giỏ bánh trung thu Hộp đựng bánh mì Có Nắp Giỏ đựng trứng Lễ hội trung thu,3167432061_VNAMZ,No Brand,https://sg-test-11.slatic.net/p/1d51f8196132384fefa9b97cd5ce7bb6.png,,//www.lazada.vn/products/pdp-i3167432061.html
497,WSO4734 Hai Lớp Giỏ tre Phong cách Trung Quốc Tự nhiên Giỏ bánh trung thu Hộp đựng bánh mì Có Nắp Giỏ Dã Ngoại Bánh Trung Thu zongzi hạt,3167436089_VNAMZ,No Brand,https://sg-test-11.slatic.net/p/92f955d3b262d62575c81eab38a9abe8.jpg,,//www.lazada.vn/products/pdp-i3167436089.html
498,Bộ Khuôn Trung Thu Lò Xo 2023 HOA LINH LAN 150g 4 mặt 1 nhấn - Bí đỏ shop dụng cụ làm bánh,2286558115_VNAMZ,No Brand,https://vn-live-01.slatic.net/p/38488a2138d5a58071bffb4e6e41e66b.jpg,,//www.lazada.vn/products/pdp-i2286558115.html
499,YOUSHI TOP 12 hạt Hộp quà tặng lễ hội trung thu Sang trọng Phong cách Trung Quốc Hộp đóng gói giòn lòng đỏ trứng Hộp đựng Hộp rỗng Hộp bánh trung thu Tặng quà,3163436844_VNAMZ,YOUSHI TOP,https://sg-test-11.slatic.net/p/0ae539cb97c32f956184b3b13a04f050.jpg,,//www.lazada.vn/products/pdp-i3163436844.html
500,FGJEB 50pcs 50/80//100g. Hộp bánh trung thu Hình vuông Trong suốt Hộp bánh cupcake Hộp bảo quản thực phẩm Nhựa Hộp lưu trữ bánh quy kín Trưng bày bánh ngọt,3167360756_VNAMZ,No Brand,https://sg-test-11.slatic.net/p/5442d151e55c0210ea953e9d3254170a.jpg,,//www.lazada.vn/products/pdp-i3167360756.html
501,"[DV] Khuôn Trung Thu 3D Siêu Sắc Nét - Hình ĐẦU LÂN 150g , mẫu mới 2021. Đồ Gia Dụng nhà bếp pha chế làm bánh nguyên liệu",1989939478_VNAMZ,No Brand,https://vn-live-01.slatic.net/p/2008fa90f56ee8649f23afe13c105e25.jpg,,//www.lazada.vn/products/pdp-i1989939478.html
502,RVIVWK 100pcs Nhựa Túi đóng gói bánh trung thu Chống ẩm Mờ Túi dán tự dính Chống ẩm Cấp thực phẩm Túi quà thủ công Lễ hội mùa thu giữa năm,3167406260_VNAMZ,No Brand,https://sg-test-11.slatic.net/p/4a0a9a11016e37e9ea24538e1007aeff.jpg,,//www.lazada.vn/products/pdp-i3167406260.html
503,"Máy đóng bánh, dập bánh trung thu bán tự động kèm bộ khuôn bánh mặt xanh 10 mặt",2490043599_VNAMZ,No Brand,https://sg-test-11.slatic.net/p/abff93ad50f650ed8e0b25f8389fa007.jpg,,//www.lazada.vn/products/pdp-i2490043599.html
504,Khuôn trung thu 4 mặt vuông bươm bướm cá chép 150gr | 200gr,1945403908_VNAMZ,No Brand,https://vn-live-01.slatic.net/p/69b13c40593c2b371bdb89abafe30281.jpg,,//www.lazada.vn/products/pdp-i1945403908.html
505,JDTYJDT 8 ô Hộp bánh trung thu Lễ hội trung thu Giấy kraft Thủ công Quà tặng Túi cầm tay Món tráng miệng Trung Quốc Túi xách Hộp quà Bánh Trung Thu Lễ hội,3167802753_VNAMZ,No Brand,https://sg-test-11.slatic.net/p/c5c2e1ac45a16bf4b963ef91cc83c8c1.jpg,,//www.lazada.vn/products/pdp-i3167802753.html
506,YOUSHI TOP Phong cách Trung Quốc Hộp quà trung thu 6/8 lưới Cao cấp Hộp đóng gói giòn lòng đỏ trứng Hộp bánh trung thu Hộp rỗng Hộp bánh trung thu Tặng quà,3163473491_VNAMZ,YOUSHI TOP,https://sg-test-11.slatic.net/p/f96da31afa4a8377ff890639e76c08bb.jpg,,//www.lazada.vn/products/pdp-i3163473491.html
507,Khuôn trung thu lò xo vuông thỏ ngọc 150g/200g,3154371345_VNAMZ,No Brand,https://filebroker-cdn.lazada.vn/kf/S5eb1624c58f8429f9063a535239bcb06G.jpg,,//www.lazada.vn/products/pdp-i3154371345.html
508,XAVINU Phong cách Trung Quốc Giỏ tre Dệt Tự nhiên Giỏ đựng trứng Hộp đựng bánh mì Thanh lịch Giỏ bánh trung thu Lễ hội trung thu,3167406231_VNAMZ,No Brand,https://sg-test-11.slatic.net/p/f168729695ebb40498e3ab46a111f43b.jpg,,//www.lazada.vn/products/pdp-i3167406231.html
509,CHẢO CHỐNG DÍNH 4 NGĂN NHIỀU HÌNH CHIÊN TRỨNG ỐP LA CHỐNG DÍNH CAO CẤP - CHẢO CHIÊN BÁNH HÌNH THÚ - CHẢO CHIÊN RÁN ĐỒ ĂN THÍCH HỢP MỌ LOẠI BẾP,2805015088_VNAMZ,No Brand,https://vn-live-01.slatic.net/p/87d4b6b2cff8f55f3059f7fc86f92941.jpg,,//www.lazada.vn/products/pdp-i2805015088.html
510,PTOUTS Hai Lớp Giỏ tre Tự nhiên Phong cách Trung Quốc Giỏ đựng trứng Giỏ trái cây Dệt Giỏ bánh trung thu Bánh Trung Thu zongzi hạt,3167364496_VNAMZ,No Brand,https://sg-test-11.slatic.net/p/c57f00eafad56209eec4f14d30f21a24.jpg,,//www.lazada.vn/products/pdp-i3167364496.html
511,ZYJC SHOP 6/8 lưới Hộp quà trung thu Phong cách Trung Quốc Cao cấp Hộp bánh trung thu Hộp di động Hộp rỗng Hộp đóng gói giòn lòng đỏ trứng Tặng quà,3167243974_VNAMZ,ZYJC,https://sg-test-11.slatic.net/p/a42af7f65282fa4d51ec9e47e2b4fad5.jpg,,//www.lazada.vn/products/pdp-i3167243974.html
512,XIELISA 50pcs Trong suốt Hộp bánh trung thu Hình vuông Nhựa Hộp đựng bánh muffin Đa chức năng 50/80//100g. Hộp bánh cupcake Trưng bày bánh ngọt,3167391415_VNAMZ,No Brand,https://sg-test-11.slatic.net/p/04dc55d4666c88e1dbdd7b84a5c571dc.jpg,,//www.lazada.vn/products/pdp-i3167391415.html
513,"[DV] Trung Thu 4 mặt VÂN HOA Hướng Dương, Hoa Đồng Tiền, Hoa Văn Phong thuỷ... Khuôn Bánh nhấn lò xo tạo hình 3D Siêu Sắc. Đồ Gia Dụng nhà bếp pha chế làm bánh nguyên liệu làm bánh Truyền thống TIỆN LỢI 250gr/ 200gr/ 150gram. Đồ Gia Dụng gia đình",1989927911_VNAMZ,No Brand,https://vn-live-01.slatic.net/p/31640d4d2e0d8961ef0c0fc3d9f7f029.jpg,,//www.lazada.vn/products/pdp-i1989927911.html
514,SKH7UH Hai Lớp Giỏ tre Phong cách Trung Quốc Tự nhiên Giỏ bánh trung thu Hộp đóng gói lễ hội Dệt Giỏ đựng trứng Bánh Trung Thu zongzi hạt,3167353619_VNAMZ,No Brand,https://sg-test-11.slatic.net/p/be94bef56d8b9fab35792f728ea8dca0.jpg,,//www.lazada.vn/products/pdp-i3167353619.html
515,DFHSFGER Bông xốp Đồ chơi nhồi bông hình bánh trung thu Tương tác Lễ hội trung thu Gối hình trung thu mô phỏng 3D Ghế Sofa Futon Mềm mại Đồ chơi nhồi bông bánh trung thu Đồ dùng tiệc,3167414199_VNAMZ,No Brand,https://sg-test-11.slatic.net/p/b4bb5bddc4ed6f2de24a31b90a4b90cb.jpg,,//www.lazada.vn/products/pdp-i3167414199.html
516,WSO4734 100pcs Nhựa Túi đóng gói bánh trung thu Chống ẩm Cấp thực phẩm Máy hàn túi Chống ẩm Phong cách Trung Quốc Túi quà thủ công Lễ hội mùa thu giữa năm,3167414208_VNAMZ,No Brand,https://sg-test-11.slatic.net/p/dfc70e307c735948a6983752c798d69f.jpg,,//www.lazada.vn/products/pdp-i3167414208.html
517,PPRVAU 100pcs Nhựa Túi đóng gói bánh trung thu Chống ẩm Mờ Túi đóng gói bánh quy Túi thực phẩm Bán trong suốt Túi quà thủ công Lễ hội mùa thu giữa năm,3167401290_VNAMZ,No Brand,https://sg-test-11.slatic.net/p/5ced1c219800efe670ddb67fc14774ad.jpg,,//www.lazada.vn/products/pdp-i3167401290.html
518,SKH7UH Phong cách Trung Quốc Giỏ tre Dệt Tự nhiên Giỏ đựng trứng Hộp đựng bánh mì Cầm tay Giỏ bánh trung thu Lễ hội trung thu,3167403401_VNAMZ,No Brand,https://sg-test-11.slatic.net/p/8e9fe3f8913187f8f52b9d787aa5dba8.jpg,,//www.lazada.vn/products/pdp-i3167403401.html
519,"Khuôn Trung Thu 3D Siêu Sắc Nét - Hình LỒNG ĐÈN 4 mặt 150g , mẫu mới 2021",1916777126_VNAMZ,No Brand,https://vn-live-01.slatic.net/p/f880efc016cdda4ebebad5e6091b93b3.jpg,,//www.lazada.vn/products/pdp-i1916777126.html
520,Khuôn bánh trung thu lò xo Vuông 150g 200g,3110004913_VNAMZ,No Brand,https://sg-test-11.slatic.net/p/5ba7087601680a1656f27e3f61248609.jpg,,//www.lazada.vn/products/pdp-i3110004913.html
521,Bánh trung thu đậu xanh 2 trứng 200g (Bánh homemade),1805837146_VNAMZ,No Brand,https://filebroker-cdn.lazada.vn/kf/S61f8e20192f449fc8179cdc803a16c1br.jpg,,//www.lazada.vn/products/pdp-i1805837146.html
522,PkYeG 5IN1 đậu dán bánh khuôn Hoa Tình Yêu handmade Pastry khuôn nhà bếp bánh trung thu nướng khuôn lễ hội tay ép Pastry Maker,3165887809_VNAMZ,PkYeG,https://sg-test-11.slatic.net/p/abc9fc5583b611646dfd42549d7db816.jpg,,//www.lazada.vn/products/pdp-i3165887809.html
523,Kẹp Tóc Hình Bánh Trung Thu Mini Kẹp Tóc Giả Thực Phẩm Nướng Tóc Kẹp Tóc Bên Hông Dễ Thương Cho Bé Gái Phụ Kiện Tóc Thời Trang,3157137331_VNAMZ,No Brand,https://filebroker-cdn.lazada.vn/kf/S96ee3bc49a7643aca8a5f256323de1a04.jpg,,//www.lazada.vn/products/pdp-i3157137331.html
524,"Leadigol Khuôn bánh trung thu gỗ hình đào, tem bánh, khuôn làm bánh trung thu cho DIY làm bánh, bánh trung thu",3050229001_VNAMZ,No Brand,https://sg-test-11.slatic.net/p/51a411407f94022223618e3adc77fd48.jpg,,//www.lazada.vn/products/pdp-i3050229001.html
525,Bộ 13 Khuôn Rau Câu Hình Bánh Trung Thu Vĩnh Trường,2017270943_VNAMZ,No Brand,https://vn-live-01.slatic.net/original/fb123a5282ce29dc8dfd8d8a99883f8a.jpg,,//www.lazada.vn/products/pdp-i2017270943.html
526,JAV5134 100pcs Nhựa Túi đóng gói bánh trung thu Chống ẩm Mờ Túi quà thủ công Túi thực phẩm Cấp thực phẩm Túi dán tự dính Lễ hội mùa thu giữa năm,3167413187_VNAMZ,No Brand,https://sg-test-11.slatic.net/p/e2c0c67caa198512cf76ca1821387d47.jpg,,//www.lazada.vn/products/pdp-i3167413187.html
527,Khuôn Làm Kem Đậu Xanh Hình Bầu Dục 1 Khuôn Ép Tay 5 Khuôn Bánh Trung Thu Lát Hoa L428,2715942657_VNAMZ,No Brand,https://sg-test-11.slatic.net/p/702d2f490a9dfe70eb84bec3f273f72c.jpg,,//www.lazada.vn/products/pdp-i2715942657.html
528,DMEE Hoạt hình Hộp đóng gói bánh trung thu Phong cách Trung Quốc 4/6 ô Hộp chiên lòng đỏ trứng Hộp Kẹo Giấy Hộp quà Quà Tặng Lễ hội trung thu,3168242374_VNAMZ,No Brand,https://sg-test-11.slatic.net/p/dc993217cc8a789d40c7899ff7e5d387.jpg,,//www.lazada.vn/products/pdp-i3168242374.html
529,Y7RAN7 50pcs Trong suốt Hộp bánh trung thu 50/80//100g. Hình vuông Hộp lưu trữ bánh quy kín Hộp bảo quản thực phẩm Nhựa Hộp bánh cupcake Trưng bày bánh ngọt,3167374505_VNAMZ,No Brand,https://sg-test-11.slatic.net/p/4841ed4b3ada8c58a5fe75c3a5db7194.png,,//www.lazada.vn/products/pdp-i3167374505.html
530,[HCM]khuôn bánh Trung thu nhận 1kg mẫu vuông nhựa cao cấp Vĩnh Trường,1325417387_VNAMZ,No Brand,https://filebroker-cdn.lazada.vn/kf/S4f962be4e293479fa6f532dd5e9289c8G.jpg,,//www.lazada.vn/products/pdp-i1325417387.html
531,"❤️Mẫu 2023❤️ Khuôn trung thu 1 mặt Mai tứ quý, Hoa lê (150g)/ KTT120",2395020462_VNAMZ,No Brand,https://sg-test-11.slatic.net/p/f00bf77b1d2db4d41df4f160ad1e665a.jpg,,//www.lazada.vn/products/pdp-i2395020462.html
532,30g Khuôn Làm Bánh Đậu Xanh Hoa Huệ Tươi   Bánh Hoa Tulip Kiểu Nhật Bánh Trung Thu Bánh Trung Thu Bánh Dứa,2838623010_VNAMZ,No Brand,https://sg-test-11.slatic.net/p/f6f7e5cc1d047f2d3d390c34528df834.jpg,,//www.lazada.vn/products/pdp-i2838623010.html
533,Hộp Bánh Trung Thu Hộp Rỗng Cảm Giác Cao Cấp 6/8/12 Hộp Quà Lưu Niệm Hộp Quà Tặng,3070459636_VNAMZ,No Brand,https://vn-live-01.slatic.net/p/7766e46cf55f1749899ea4d10ca1e10d.jpg_webp,,//www.lazada.vn/products/pdp-i3070459636.html
534,JuL50-Khuôn bánh trung thu-6 kiểu-250gr,2000164330_VNAMZ,No Brand,https://vn-live-01.slatic.net/p/ab8223e4baf85e0bf16525991f55969a.jpg,,//www.lazada.vn/products/pdp-i2000164330.html
535,8GJGR 3D Khuôn bánh trung thu hoa Phong cách Trung Quốc Silicone Khuôn bánh ngọt lễ hội Thiết thực Mềm Khuôn silicon hình hoa sen Lễ hội trung thu,3167384472_VNAMZ,No Brand,https://sg-test-11.slatic.net/p/48e275fb18b659f2a964341a521e0600.jpg,,//www.lazada.vn/products/pdp-i3167384472.html
536,❤️Mẫu 2023❤️ Khuôn trung thu 1 mặt Hoa cổ điển (75g)/ KTT145,2408197510_VNAMZ,No Brand,https://sg-test-11.slatic.net/p/ef5ddaee06deb97e7e39200642961f41.jpg,,//www.lazada.vn/products/pdp-i2408197510.html
537,ECFRDR 50pcs 50/80//100g. Hộp bánh trung thu Trong suốt Nhựa Hộp bánh cupcake Hộp bảo quản thực phẩm Hình vuông Hộp lưu trữ bánh quy kín Trưng bày bánh ngọt,3167368515_VNAMZ,No Brand,https://sg-test-11.slatic.net/p/dffe7e5523e68d9355a3595985544dc9.jpg,,//www.lazada.vn/products/pdp-i3167368515.html
538,"Glass cover wood tray with base for mooncake decorating, pastry table party",2319611191_VNAMZ,No Brand,https://vn-live-01.slatic.net/p/db971d14cd8f2811729c980e0c9ca88c.jpg,,//www.lazada.vn/products/pdp-i2319611191.html
539,CHẢO VÂN ĐÁ 4 NGĂN NHIỀU HÌNH CHIÊN TRỨNG ỐP LA CHỐNG DÍNH CHẢO CHIÊN BÁNH HÌNH THÚ CAO CẤP - CHẢO CHIÊN RÁN ĐỒ ĂN SIÊU TỐC,2804883876_VNAMZ,No Brand,https://vn-live-01.slatic.net/p/c513d4a20b475e61b20e891efc5a7c49.jpg,,//www.lazada.vn/products/pdp-i2804883876.html
540,CHẢO VÂN ĐÁ 4 NGĂN TIỆN LỢI CHIÊN TRỨNG ỐP LA CHỐNG DÍNH CHẢO CHIÊN BÁNH HÌNH THÚ CAO CẤP - CHẢO CHIÊN RÁN ĐỒ ĂN SIÊU TỐC - MAMORU,2522202900_VNAMZ,MAMORU,https://vn-test-11.slatic.net/p/b0fdd57d988def1345e7ec66d5be9737.png,,//www.lazada.vn/products/pdp-i2522202900.html
541,[HCM]Khuôn trung thu 4 mặt lồng đèn 150 - 180gr,1358045970_VNAMZ,No Brand,https://sg-live-01.slatic.net/p/9cd210b120dea4396dbd529314afadc7.png,,//www.lazada.vn/products/pdp-i1358045970.html
542,Khuôn trung thu vuông họa tiết truyền thống 500gr,2746316051_VNAMZ,No Brand,https://vn-live-01.slatic.net/p/bdb9a700cc117445bed54f42878d30cb.jpg,,//www.lazada.vn/products/pdp-i2746316051.html
543,YOUSHI TOP Phong cách Trung Quốc Giỏ tre Cổ điển Tự nhiên Hộp bánh trung thu Hộp đựng bánh mì Cầm tay Giỏ Dã Ngoại Lễ hội trung thu,3163449188_VNAMZ,YOUSHI TOP,https://sg-test-11.slatic.net/p/a0b44941c8fb4fb22ae23ca1e8ef405f.jpg,,//www.lazada.vn/products/pdp-i3163449188.html
544,PPRVAU 5 Set Phong cách Trung Quốc Hộp quà trung thu 6/8 lưới Sang trọng Hộp bánh trung thu Hộp di động Thỏ Hộp quà giòn lòng đỏ trứng Tặng quà,3167389429_VNAMZ,No Brand,https://sg-test-11.slatic.net/p/7d297e9b6b7cfd8b13b15412f522bbc6.jpg,,//www.lazada.vn/products/pdp-i3167389429.html
545,Khuôn trung thu lò xo 250-300g 4 mặt hình Phúc Lộc Thọ và Chim hạc,3148793885_VNAMZ,No Brand,https://sg-test-11.slatic.net/p/2911f79991a6854b5e806016ce295655.jpg,,//www.lazada.vn/products/pdp-i3148793885.html
546,MING1996 Phong cách Trung Quốc Hộp quà tặng lễ hội trung thu Sang trọng Hộp rỗng Hộp bánh trung thu Hộp đựng 12 hạt Hộp đóng gói giòn lòng đỏ trứng Tặng quà,3167419176_VNAMZ,No Brand,https://sg-test-11.slatic.net/p/fa117dce903146353d56cdf21a9e166b.jpg,,//www.lazada.vn/products/pdp-i3167419176.html
547,TWCEJE168 Phong cách Trung Quốc Giỏ tre Tự nhiên Dệt Giỏ bánh trung thu Hộp đựng bánh mì Có Nắp Giỏ đựng trứng Lễ hội trung thu,3167368546_VNAMZ,No Brand,https://sg-test-11.slatic.net/p/be7480b00393dcd354dc0a3081b8fbd5.jpg,,//www.lazada.vn/products/pdp-i3167368546.html
548,MING1996 5 Set Phong cách Trung Quốc Hộp quà trung thu Sang trọng 6/8 lưới Hộp bánh trung thu Hộp đựng Hộp rỗng Hộp đóng gói bánh ngọt Tặng quà,3167399289_VNAMZ,No Brand,https://sg-test-11.slatic.net/p/a3165f31e12e7982fc687d942f86a6de.jpg,,//www.lazada.vn/products/pdp-i3167399289.html
549,❤️Mẫu 2022❤️ Khuôn trung thu 4 mặt Cẩm tú cầu (150g)/ KTT58,1926250937_VNAMZ,No Brand,https://vn-live-01.slatic.net/p/10746980d341c84ef9e08ee2d7483e34.jpg_1500x1500q80.jpg,,//www.lazada.vn/products/pdp-i1926250937.html
550,Khuôn trung thu lò xo 4 mặt đèn lồng 150gr,2486263590_VNAMZ,No Brand,https://sg-test-11.slatic.net/p/7adb55967c8c5f8b00beeeec4e99679a.jpg,,//www.lazada.vn/products/pdp-i2486263590.html
551,8GJGR Phong cách Trung Quốc Giỏ tre Hai Lớp Tự nhiên Giỏ bánh trung thu Hộp thực phẩm Có Nắp Giỏ đựng trứng Bánh Trung Thu zongzi hạt,3167370696_VNAMZ,No Brand,https://sg-test-11.slatic.net/p/eb2283724528f7fd6263e32b29316b41.jpg,,//www.lazada.vn/products/pdp-i3167370696.html
552,Khuôn trung thu lò xo 125g 4 mặt vuông Phúc - Lộc - Thọ - Tài,2318349541_VNAMZ,OEM,https://vn-live-01.slatic.net/p/a9a95c9b4b97587d2af7aff714766609.jpg,,//www.lazada.vn/products/pdp-i2318349541.html
553,Bánh Trung Thu Theo Chủ Đề Diy Bộ Cho Bé Gái Silicone Đồ Chơi Giải Tỏa Căng Thẳng Handmade Sáng Tạo Đồ Chơi Thích Hợp Cho Trẻ Em Trên 5 Tuổi,2968479130_VNAMZ,No Brand,https://filebroker-cdn.lazada.vn/kf/S0e34dfdb38e84c27b8cd7711ec843077z.jpg,,//www.lazada.vn/products/pdp-i2968479130.html
554,KISSCAT 50pcs 50/80//100g. Hộp bánh trung thu Trong suốt Hình vuông Hộp đựng bánh muffin Đa chức năng Nhựa Hộp bánh cupcake Trưng bày bánh ngọt,3167416186_VNAMZ,No Brand,https://sg-test-11.slatic.net/p/b5e678e555be57586ecc8a1a32bd5a17.jpg,,//www.lazada.vn/products/pdp-i3167416186.html
555,RVIVWK Bông xốp Đồ chơi nhồi bông hình bánh trung thu Lễ hội trung thu Tương tác Đồ chơi nhồi bông bánh trung thu Búp bê ngủ cho bé Bộ sưu tập Gối hình trung thu mô phỏng 3D Đồ dùng tiệc,3167369529_VNAMZ,No Brand,https://sg-test-11.slatic.net/p/7273019ee0aaf5cb4d766c319ffb4e4c.jpg,,//www.lazada.vn/products/pdp-i3167369529.html
556,YOUSHI TOP Handmade 100Pcs Bánh Biscuit Kẹo Cookie TỰ LÀM Sô cô la Cookie Kẹo Túi Bánh Trung Thu Container Nguồn Cung Cấp bên Bánh Túi,3163004516_VNAMZ,YOUSHI TOP,https://sg-test-11.slatic.net/p/f20eb36b04124a3cec03eafe3048588e.jpg,,//www.lazada.vn/products/pdp-i3163004516.html
557,GJURD 50pcs Trong suốt Hộp bánh trung thu Hình vuông 50/80//100g. Hộp đựng bánh muffin Đa chức năng Nhựa Hộp bánh cupcake Trưng bày bánh ngọt,3167337897_VNAMZ,No Brand,https://sg-test-11.slatic.net/p/4a5c826713ff46081e6ee39c1fdb14dd.jpg,,//www.lazada.vn/products/pdp-i3167337897.html
558,SKH7UH 5 Set Phong cách Trung Quốc Hộp quà trung thu Sang trọng 6/8 lưới Hộp quà giòn lòng đỏ trứng Hộp bánh trung thu Thỏ Hộp đóng gói bánh ngọt Tặng quà,3167364514_VNAMZ,No Brand,https://sg-test-11.slatic.net/p/3a026663852311446bd9af474f817790.jpg,,//www.lazada.vn/products/pdp-i3167364514.html
559,NPIQL Giấy kraft Hộp bánh trung thu Lễ hội trung thu 8 ô Thủ công Hộp quà Bánh Trung Thu Món tráng miệng Trung Quốc Di động Quà tặng Túi cầm tay Lễ hội,3167781655_VNAMZ,No Brand,https://sg-test-11.slatic.net/p/67b08e629205325560ac1a22b5b484a4.jpg,,//www.lazada.vn/products/pdp-i3167781655.html
560,"Nguyên liệu ngâm 1 lít rượu mai quế lộ làm lạp xưởng, bánh trung thu - Set 9 vị thảo mộc ngâm mai quế lộ",906616047_VNAMZ,No Brand,https://vn-live-01.slatic.net/p/20a93634d75349eae2b86657dbf5899d.jpg,,//www.lazada.vn/products/pdp-i906616047.html
561,"Khuôn Bánh Trung Thu Nhựa Vĩnh Trường, Khuôn Bánh Trung Thu Vuông 500G Cao Cấp MTA-MART2",2763062142_VNAMZ,No Brand,https://sg-test-11.slatic.net/p/a3a71e538bf442e56006ca21bd1e4b38.jpg,,//www.lazada.vn/products/pdp-i2763062142.html
562,Trang Trí Lễ Hội Bánh Trung Thu Sinh Nhật Đầu Tiên Scene布置 Tổ Ong Dạ Hội Lễ Đèn Lồng Cảm Giác Nền Lễ Kỷ Niệm Lễ Hội Dạ Hội Oons,2969879704_VNAMZ,No Brand,https://filebroker-cdn.lazada.vn/kf/Sb282d6c9540c4f879eae6ecff6221df9j.jpg,,//www.lazada.vn/products/pdp-i2969879704.html
563,BOTHHY 50pcs Trong suốt Hộp bánh trung thu 50/80//100g. Nhựa Hộp bánh cupcake Hộp bảo quản thực phẩm Hình vuông Hộp lưu trữ bánh quy kín Trưng bày bánh ngọt,3167438054_VNAMZ,No Brand,https://sg-test-11.slatic.net/p/a47e12571d62c52e164e4c09bfcb7b4e.jpg,,//www.lazada.vn/products/pdp-i3167438054.html
564,NCNC 100pcs Nhựa Túi đóng gói bánh trung thu Chống ẩm Phong cách Trung Quốc Túi quà thủ công Túi thực phẩm Cấp thực phẩm Máy hàn túi Lễ hội mùa thu giữa năm,3167764981_VNAMZ,NCNC,https://sg-test-11.slatic.net/p/07ad7208bfa2648293f49c8315984285.jpg,,//www.lazada.vn/products/pdp-i3167764981.html
565,Y7RAN7 Bông xốp Đồ chơi nhồi bông hình bánh trung thu Tương tác Lễ hội trung thu Gối hình trung thu mô phỏng 3D Búp bê ngủ cho bé Phim hoạt hình Đồ chơi nhồi bông bánh trung thu Đồ dùng tiệc,3167348625_VNAMZ,No Brand,https://sg-test-11.slatic.net/p/fa754ff6caa8fa32961f1d98f8d6fc82.jpg,,//www.lazada.vn/products/pdp-i3167348625.html
566,CHENJIE 3D Khuôn bánh trung thu hoa Silicone Phong cách Trung Quốc Khuôn silicon hình hoa sen Thiết thực Không dính Khuôn bánh ngọt lễ hội Lễ hội trung thu,3165056815_VNAMZ,CHENJIE,https://sg-test-11.slatic.net/p/f3880e486f81153878792e93867261f3.jpg,,//www.lazada.vn/products/pdp-i3165056815.html
567,HUA JIE Giấy kraft Hộp bánh trung thu Lễ hội trung thu 8 ô Thủ công Quà tặng Túi cầm tay Lòng Đỏ Trứng giòn Túi xách Hộp đóng gói Lễ hội,3167268739_VNAMZ,No Brand,https://sg-test-11.slatic.net/p/a094b3f2d04731b34e727d016b1655c9.jpg,,//www.lazada.vn/products/pdp-i3167268739.html
568,JVKISX Bông xốp Đồ chơi nhồi bông hình bánh trung thu Lễ hội trung thu Tương tác Đồ chơi nhồi bông bánh trung thu Đệm ghế Thủ công Gối hình trung thu mô phỏng 3D Đồ dùng tiệc,3167391405_VNAMZ,No Brand,https://sg-test-11.slatic.net/p/a6071afea8356e3bff028f5152f509a3.jpg,,//www.lazada.vn/products/pdp-i3167391405.html
569,Buy 2 get 2% Khuôn bánh trung thu hình trái cây 50g Tem tay ép sô cô la khuôn bánh ngọt khuôn kem trung thu nướng,3167693372_VNAMZ,No Brand,https://sg-test-11.slatic.net/p/ca594b181cae6121ce454494a7a0c8ba.jpg,,//www.lazada.vn/products/pdp-i3167693372.html
570,Bánh quy thưởng Funny U cho chó mèo / Snack ăn vặt bánh qui sữa cho cún - Tạp Hóa Thú Cưng Happy,2616745395_VNAMZ,No Brand,https://filebroker-cdn.lazada.vn/kf/S89acf3377a2f458697026a9fbc66ef70S.jpg,,//www.lazada.vn/products/pdp-i2616745395.html
571,[DV] Khuôn Trung Thu -  Hình Quả Dứa Siêu Sắc Nét 50g - Dụng Cụ Làm Bánh. Đồ Gia Dụng nhà bếp pha chế làm bánh nguyên liệu,1991364228_VNAMZ,No Brand,https://vn-live-01.slatic.net/p/f55a9041b92af10af501ebbbb5dd0e70.jpg,,//www.lazada.vn/products/pdp-i1991364228.html
572,"Khuôn bánh trung thu 150g 4 mặt tròn 2 trái lê, 3 mẫu hoa nổi tổng hợp",1998695379_VNAMZ,No Brand,https://vn-live-01.slatic.net/p/35ae4cf8479e85798adec234df776853.jpg,,//www.lazada.vn/products/pdp-i1998695379.html
573,Bộ Khuôn Nén Lò Xo 4 Mặt 200Gr Làm Bánh Trung Thu,763444937_VNAMZ,No Brand,https://vn-live-01.slatic.net/p/f2a96e9570ecc1998e547c4ce4b90176.jpg,,//www.lazada.vn/products/pdp-i763444937.html
574,DMEE Phong cách Trung Quốc Giỏ tre Dệt Tự nhiên Giỏ đựng trứng Hộp đựng bánh mì Cầm tay Giỏ đựng bánh mì Lễ hội trung thu,3168252491_VNAMZ,No Brand,https://sg-test-11.slatic.net/p/982c13d0a3d9596c40d51da5b0d74fa8.jpg,,//www.lazada.vn/products/pdp-i3168252491.html
575,Khuôn trung thu 125g 6 mặt tròn hoa văn họa tiết Nhật Bản,1886287658_VNAMZ,No Brand,https://vn-live-01.slatic.net/p/389b91d52ed842ee87966ed987e0b479.jpg,,//www.lazada.vn/products/pdp-i1886287658.html
576,OOC 50pcs 50/80//100g. Hộp bánh trung thu Trong suốt Hình vuông Hộp đựng bánh muffin Hộ gia đình Nhựa Hộp bánh cupcake Trưng bày bánh ngọt,3167384580_VNAMZ,No Brand,https://sg-test-11.slatic.net/p/9587bca5dfbb5638cf565361839480a3.jpg,,//www.lazada.vn/products/pdp-i3167384580.html
577,CEMOMEF 8 ô Hộp bánh trung thu Lễ hội trung thu Thủ công Giấy kraft Quà tặng Túi cầm tay Lòng Đỏ Trứng giòn Di động Hộp đóng gói Lễ hội,3167300683_VNAMZ,No Brand,https://sg-test-11.slatic.net/p/e207ad92e952e8145179401c6986c914.jpg,,//www.lazada.vn/products/pdp-i3167300683.html
578,UCEPRO 50pcs 50/80//100g. Hộp bánh trung thu Nhựa Trong suốt Hộp đựng bánh muffin Đa chức năng Hình vuông Hộp bánh cupcake Trưng bày bánh ngọt,3167424157_VNAMZ,No Brand,https://sg-test-11.slatic.net/p/9be5395d89066a0aa0e5d279f89dc4d6.jpg,,//www.lazada.vn/products/pdp-i3167424157.html
579,Xả kho Khuôn trung thu lò xo 3D - 2021 thỏi vàng Phúc Lộc Thọ Tài 150g mẫu 216,2359430397_VNAMZ,No Brand,https://vn-live-01.slatic.net/p/aaf82029de83d6d93f5a844e233cc01d.jpg,,//www.lazada.vn/products/pdp-i2359430397.html
580,SKH7UH 6/8 lưới Hộp quà trung thu Phong cách Trung Quốc Cao cấp Hộp bánh trung thu Hộp đựng Hộp rỗng Hộp đóng gói giòn lòng đỏ trứng Tặng quà,3167376674_VNAMZ,No Brand,https://sg-test-11.slatic.net/p/5ecbc7b14710866c35c202b6ef3c8e71.jpg,,//www.lazada.vn/products/pdp-i3167376674.html
581,WSRYHDFE 12 hạt Hộp quà tặng lễ hội trung thu Sang trọng Phong cách Trung Quốc Hộp bánh trung thu di động Hộp đựng Hộp rỗng Hộp bánh trung thu Tặng quà,3167355591_VNAMZ,No Brand,https://sg-test-11.slatic.net/p/9e958d8eef5be7a2e0767ef10f9858ec.jpg,,//www.lazada.vn/products/pdp-i3167355591.html
582,"Khuôn Nén Lò Xo 4 Mặt (Hoa Cúc, Sen Đá, Cẩm Tú Cầu, Trái Lê) Làm Bánh Trung Thu 150 Gram",644010409_VNAMZ,No Brand,https://vn-live-01.slatic.net/p/fe0b5cd93e1707799a01222b7611193a.jpg,,//www.lazada.vn/products/pdp-i644010409.html
583,UAZGEO 12 hạt Hộp quà tặng lễ hội trung thu Hộp rỗng Phong cách Trung Quốc Hộp bánh trung thu di động Hộp đựng Sang trọng Hộp đóng gói giòn lòng đỏ trứng Tặng quà,3167378425_VNAMZ,No Brand,https://sg-test-11.slatic.net/p/eea0ef31a30e3886e96da6974ae542eb.jpg,,//www.lazada.vn/products/pdp-i3167378425.html
584,Size 150g - Khuôn trung thu lò xo 2023 HOA ĐÀO 4 mặt 1 nhấn - Bí đỏ shop dụng cụ làm bánh,2393308914_VNAMZ,No Brand,https://vn-live-01.slatic.net/p/14ff9ba3307abd7b66a58adf0a535d7f.jpg,,//www.lazada.vn/products/pdp-i2393308914.html
585,MOUSSE 8 ô Hộp bánh trung thu Lễ hội trung thu Giấy kraft Thủ công Quà tặng Túi cầm tay Lòng Đỏ Trứng giòn Túi xách Hộp quà Bánh Trung Thu Lễ hội,3167472916_VNAMZ,No Brand,https://sg-test-11.slatic.net/p/0b975f23fb1e8d447fe887511e6e4111.jpg,,//www.lazada.vn/products/pdp-i3167472916.html
586,SANGYI 5 Set Phong cách Trung Quốc Hộp quà trung thu Sang trọng 6/8 lưới Hộp đóng gói bánh ngọt Hộp đựng Hộp rỗng Hộp bánh trung thu Tặng quà,3166370704_VNAMZ,No Brand,https://sg-test-11.slatic.net/p/2325e513fea185bd5db23844c85ef8ba.jpg,,//www.lazada.vn/products/pdp-i3166370704.html
587,PPRVAU 12 hạt Hộp quà tặng lễ hội trung thu Hộp rỗng Phong cách Trung Quốc Hộp bánh trung thu di động Sáng tạo Sang trọng Hộp bánh trung thu Tặng quà,3167372646_VNAMZ,No Brand,https://sg-test-11.slatic.net/p/a1d47da55da8ec116e59afe1e024dd08.jpg,,//www.lazada.vn/products/pdp-i3167372646.html
588,JDTYJDT Bông xốp Đồ chơi nhồi bông hình bánh trung thu Lễ hội trung thu Tương tác Gối hình trung thu mô phỏng 3D Búp bê ngủ cho bé Bộ sưu tập Đồ chơi nhồi bông bánh trung thu Đồ dùng tiệc,3167841725_VNAMZ,No Brand,https://sg-test-11.slatic.net/p/95cf7b8baf026ebce65775f69846f28b.jpg,,//www.lazada.vn/products/pdp-i3167841725.html
589,BOTHHY 100pcs Nhựa Túi đóng gói bánh trung thu Chống ẩm Cấp thực phẩm Máy hàn túi Túi thực phẩm Phong cách Trung Quốc Túi đóng gói bánh quy Lễ hội mùa thu giữa năm,3167385523_VNAMZ,No Brand,https://sg-test-11.slatic.net/p/05cbb2700fbf970f71f7354b38701147.jpg,,//www.lazada.vn/products/pdp-i3167385523.html
590,"Đông trùng hạ thảo nguyên con Nocovy loại đẹp dài Víp, bao gói cẩn thận cam kết không vỡ nhộng",2417252156_VNAMZ,nocovy,https://vn-live-01.slatic.net/p/705b980006e23cae40c6a39eb21899c0.png,,//www.lazada.vn/products/pdp-i2417252156.html
591,YOUSHI TOP 5 Set 6/8 lưới Hộp quà trung thu Phong cách Trung Quốc Sang trọng Hộp đóng gói bánh ngọt Hộp di động Hộp rỗng Hộp quà giòn lòng đỏ trứng Tặng quà,3163675251_VNAMZ,YOUSHI TOP,https://sg-test-11.slatic.net/p/329baaef93209e7730c30383b70bc3d4.jpg,,//www.lazada.vn/products/pdp-i3163675251.html
592,JVKISX 100pcs Mờ Túi đóng gói bánh trung thu Chống ẩm Nhựa Túi quà thủ công Chống ẩm Cấp thực phẩm Túi dán tự dính Lễ hội mùa thu giữa năm,3167352601_VNAMZ,No Brand,https://sg-test-11.slatic.net/p/e377b68d5db390feda78da3b8e13b5c6.jpg,,//www.lazada.vn/products/pdp-i3167352601.html
593,Khuôn trung thu lò xo Phúc Lộc Thọ Tài 150-190gram,1930718829_VNAMZ,No Brand,https://filebroker-cdn.lazada.vn/kf/S2743e91ca02e40ff9e7acf8065e31864C.jpg,,//www.lazada.vn/products/pdp-i1930718829.html
594,WSO4734 Bông xốp Đồ chơi nhồi bông hình bánh trung thu Lễ hội trung thu Tương tác Gối hình trung thu mô phỏng 3D Búp bê ngủ cho bé Thủ công Đồ chơi nhồi bông bánh trung thu Đồ dùng tiệc,3167413228_VNAMZ,No Brand,https://sg-test-11.slatic.net/p/f5b6478039625880dd7f614015a3931a.jpg,,//www.lazada.vn/products/pdp-i3167413228.html
595,TRYJUV Phong cách Trung Quốc Hộp quà tặng lễ hội trung thu Hộp rỗng 12 hạt Hộp bánh trung thu di động Hộp đựng Sang trọng Hộp bánh trung thu Tặng quà,3167422131_VNAMZ,No Brand,https://sg-test-11.slatic.net/p/a6b68c828a642a4d027805bc12d91323.jpg,,//www.lazada.vn/products/pdp-i3167422131.html
596,PTOUTS 5 Set Phong cách Trung Quốc Hộp quà trung thu 6/8 lưới Sang trọng Hộp đóng gói bánh ngọt Hộp đựng Hộp rỗng Hộp bánh trung thu Tặng quà,3167365544_VNAMZ,No Brand,https://sg-test-11.slatic.net/p/24b8258cb3739add69fbf1730c23c6dc.jpg,,//www.lazada.vn/products/pdp-i3167365544.html
597,DSFIF 50pcs Trong suốt Hộp bánh trung thu 50/80//100g. Nhựa Hộp lưu trữ bánh quy kín Đa chức năng Hình vuông Hộp đựng bánh muffin Trưng bày bánh ngọt,3167392514_VNAMZ,No Brand,https://sg-test-11.slatic.net/p/49e5b8e506c3b65988c3d6a98b2fb390.jpg,,//www.lazada.vn/products/pdp-i3167392514.html
598,"Bánh thưởng Masti cho thú cưng dạng dải thịt bò 500g (Thức ăn thưởng, đồ ăn nhẹ vị thịt bò cho chó mèo)",1556920264_VNAMZ,No Brand,https://vn-live-01.slatic.net/p/b0cad6ae87976b91b1855b321d0d9177.png,,//www.lazada.vn/products/pdp-i1556920264.html
599,"Khuôn Trung Thu 3D Siêu Sắc Nét - Hình ĐẦU LÂN 150g , mẫu mới 2021",1916679841_VNAMZ,No Brand,https://vn-live-01.slatic.net/p/e040042572a3a000b6af9effe1ace348.jpg,,//www.lazada.vn/products/pdp-i1916679841.html
600,Bánh pía thập cẩm gà quay 8 trứng muối - Hộp 550g,2775696157_VNAMZ,No Brand,https://filebroker-cdn.lazada.vn/kf/S897e12b6e97340618911567033b98239A.jpg,,//www.lazada.vn/products/pdp-i2775696157.html
601,Bánh Trung Thu Handmade Nhân Sữa Dừa 01 Trứng (02 Loại 150g và 250g) Tất Cả Shop Tự Làm Nhá Chị Em - Quý Khách Đặt 02 Ngày Sau Mới Có Nha,1980735137_VNAMZ,No Brand,https://filebroker-cdn.lazada.vn/kf/Se846b93302414b689ce355d87e6f914ad.jpg,,//www.lazada.vn/products/pdp-i1980735137.html
602,Mứt Gừng Đỏ Làm Bánh Trung Thu 800G,306388122_VNAMZ,No Brand,https://vn-live-01.slatic.net/p/b7b3908389ada31b37fd7cb0c9d4f0e0.jpg,,//www.lazada.vn/products/pdp-i306388122.html
603,Giá Sỉ Nhân bánh trung thu Farina đủ vị 1kg,2723464069_VNAMZ,No Brand,https://vn-live-01.slatic.net/p/a47de59a479a365994d819681d66474a.jpg,,//www.lazada.vn/products/pdp-i2723464069.html
604,Bánh Trung thu Lava trà xanh (socola) trứng chảy/Bánh Trung thu Thành Khánh,2416577131_VNAMZ,No Brand,https://filebroker-cdn.lazada.vn/kf/Se8467f5122d0418582b9b8f21c3d6cfaB.jpg,,//www.lazada.vn/products/pdp-i2416577131.html
605,"MÈ LÁO SÓC TRĂNG ( KLT 200G ).{ Bánh Trung Thu, Bánh Kẹo, Bánh Pía, Lạp Xưởng, Đặc Sản Sóc Trăng }",3077917743_VNAMZ,Công Lập Thành,https://vn-test-11.slatic.net/p/ebf741e051fa7bc46f2cfc2e69630ea2.png,,//www.lazada.vn/products/pdp-i3077917743.html
606,Bánh trung thu nhân khoai môn 2trứng Tân Dân Lợi 200gr,1811251755_VNAMZ,No Brand,https://filebroker-cdn.lazada.vn/kf/S758019744387405786c193c195e8210bu.jpg,,//www.lazada.vn/products/pdp-i1811251755.html
607,"Hộp quà tặng bánh trung thu healthy cao cấp ít ngọt mix nhiều vị 150gram 6 vị, bánh trung thu mochi nướng 500gram",2742149894_VNAMZ,No Brand,https://filebroker-cdn.lazada.vn/kf/S035e7105b1a848cc906b95cf379ecb0dl.jpg,,//www.lazada.vn/products/pdp-i2742149894.html
608,(Mua 10 Tặng 1)COMBO 10 Chiếc Bánh Trung Thu Mini MIX Vị DATE Mới Nhất 2025,2388060521_VNAMZ,No Brand,https://vn-live-01.slatic.net/p/35fe6e804f85303727b84e23f3c551ca.jpg,,//www.lazada.vn/products/pdp-i2388060521.html
609,Hộp Đựng Trung Thu Hộp Đựng Quà Tặng Hộp Đựng Bánh Trung Thu Hộp Đựng Bánh Kem Hộp Đựng Bánh Kem Chảy Hộp Đựng Quà Tặng Bằng Thủy Tinh,3147502257_VNAMZ,No Brand,https://filebroker-cdn.lazada.vn/kf/S335194dece6b4fd5833e070b27ebdc2a6.jpg,,//www.lazada.vn/products/pdp-i3147502257.html
610,HỘP TRUNG THU CỨNG 4 BÁNH -KHOÁ NAM CHÂM- SIÊU ĐẸP,2682574200_VNAMZ,No Brand,https://sg-test-11.slatic.net/p/df60ee85496ebd84718e275e423228d3.jpg,,//www.lazada.vn/products/pdp-i2682574200.html
611,"Bánh Liu Trứng Chảy Kim Sa, Khoai Môn Trứng Chảy, bánh mochi,bánh trung thu, chọn theo ý muốn, Bán lẻ rẻ như bán buôn",2586404042_VNAMZ,No Brand,https://vn-live-01.slatic.net/p/3e25c7b06e37a4f08369a809ef4edebe.jpg,,//www.lazada.vn/products/pdp-i2586404042.html
612,"Bánh Pía Đậu Xanh Sầu Riêng Trứng Muối Đặc Biệt {Gói 500gam/ 5 Cái} - Công Lập Thành{ Bánh Trung Thu, Bánh Kẹo, Lạp Xưởng, Đặc Sản Sóc Trăng }",3077979593_VNAMZ,Công Lập Thành,https://vn-test-11.slatic.net/p/1331b6466e8d4c0d3405e710dddbb58d.jpg,,//www.lazada.vn/products/pdp-i3077979593.html
613,Đường Thấp Hạt Sen Thịt Lông Tơ Lòng Đỏ Sữa Bánh Trung Thu Làm Đầy Chất Liệu Nướng Bánh Dành Cho Gia Đình Và Thương Mại Phong Cách Quảng Đông Băng Da Bánh Trung Thu Thành Phần,2511574218_VNAMZ,No Brand,https://filebroker-cdn.lazada.vn/kf/S617384286a61420c88bb2f3009b69ce6c.jpg,,//www.lazada.vn/products/pdp-i2511574218.html
614,HỘP TRUNG THU NGỌC LIÊN-MỀM 4 BÁNH KÈM TÚI XÁCH,2705103271_VNAMZ,No Brand,https://sg-test-11.slatic.net/p/17f75923960ed236fa797d9f7b9f4a72.jpg,,//www.lazada.vn/products/pdp-i2705103271.html
615,Pure new packing of 6-piece-hot olive capped egg cookies,2659245578_VNAMZ,No Brand,https://vn-live-01.slatic.net/p/24d18d1ea613df826b7df9c4a96dc04f.jpg,,//www.lazada.vn/products/pdp-i2659245578.html
616,THÙNG 2.5KG - Bánh Trứng Muối Tan Chảy Ngàn Lớp Đài Loan - BÁNH TRỨNG CHẢY EGG YOLK,2548491074_VNAMZ,No Brand,https://vn-live-01.slatic.net/p/ef69ff6412ba0fcc1936ecd631d6a14b.jpg,,//www.lazada.vn/products/pdp-i2548491074.html
617,Bánh trung thu nhân dừa 2 trứng 220g (Bánh handmade hương vị xưa),1872053459_VNAMZ,No Brand,https://filebroker-cdn.lazada.vn/kf/S8ac9c8c7640740cbbda45d6e8a7c0b171.jpg,,//www.lazada.vn/products/pdp-i1872053459.html
618,1 Cái Bánh LIU trứng chảy Egg Yok siêu hot - bánh trứng chảy - ăn vặt,3114482914_VNAMZ,No Brand,https://sg-test-11.slatic.net/p/e65d8792463fccde0eb7e5abbebb683a.jpg,,//www.lazada.vn/products/pdp-i3114482914.html
619,[Trung Thu] Mứt Chanh Đỏ Dùng Làm Nguyên Liệu Nhân Bánh,1323996263_VNAMZ,No Brand,https://vn-live-01.slatic.net/p/746cf07ca57a49a1ffc37fcf4cc24bf4.jpg,,//www.lazada.vn/products/pdp-i1323996263.html
620,VB45D 100pcs Nhựa Túi đóng gói bánh trung thu Chống ẩm Cấp thực phẩm Máy hàn túi Chống ẩm Phong cách Trung Quốc Túi đóng gói bánh quy Lễ hội mùa thu giữa năm,3167333947_VNAMZ,No Brand,https://sg-test-11.slatic.net/p/a031583f1d3fd7a16a4e4931a15918fc.jpg,,//www.lazada.vn/products/pdp-i3167333947.html
621,JUN02-Khuôn bánh trung thu KHÁNH MAI_ 1&2 kiểu_50gr_75gr_150GR,1997736663_VNAMZ,No Brand,https://vn-live-01.slatic.net/p/84222c8594aa45aa71c1275d9ef6c6a8.jpg,,//www.lazada.vn/products/pdp-i1997736663.html
622,JUN10-Khuôn bánh trung thu_ 25GR_50GR_65GR,1992135620_VNAMZ,No Brand,https://vn-live-01.slatic.net/p/35689f0bc5d90400d64f8ee1ab83899a.jpg,,//www.lazada.vn/products/pdp-i1992135620.html
623,VB45D 6/8 lưới Hộp quà trung thu Cao cấp Phong cách Trung Quốc Hộp bánh trung thu Hộp bánh trung thu Hộp rỗng Hộp đóng gói giòn lòng đỏ trứng Tặng quà,3167369486_VNAMZ,No Brand,https://sg-test-11.slatic.net/p/07f9d5ff94920cf47d5682fb46640edc.jpg,,//www.lazada.vn/products/pdp-i3167369486.html
624,BABYBANG 8 ô Hộp bánh trung thu Lễ hội trung thu Giấy kraft Thủ công Hộp đóng gói Lòng Đỏ Trứng giòn Túi xách Quà tặng Túi cầm tay Lễ hội,3167331258_VNAMZ,No Brand,https://sg-test-11.slatic.net/p/1b41a629cca2e0e2486c6150f52fdeec.jpg,,//www.lazada.vn/products/pdp-i3167331258.html
625,"Máy Trộn Bột 10-15-20-30 L Giá Tận Xường được sử dụng phổ biến tại các cửa hàng làm bánh, cơ sở làm bánh trung thu,..",2471801403_VNAMZ,No Brand,https://vn-live-01.slatic.net/p/f0f62c34cfce09b0096710b38e8e9eb9.jpg,,//www.lazada.vn/products/pdp-i2471801403.html
626,"Xe đạp leo núi Laux Jack gấp gọn 26inch tốc độ thay đổi, gấp gọn, hấp thụ sốc, phanh đĩa _ Kèm video, ảnh thực tế ,",2437772541_VNAMZ,No Brand,https://filebroker-cdn.lazada.vn/kf/Sf5854ff74806419bbcda2c0860f667c3M.jpg,,//www.lazada.vn/products/pdp-i2437772541.html
627,"Mooncake  Bánh trung thu   Sách truyện vui nhộn tiếng Anh cho trẻ mẫu giáo, truyện trước khi đi ngủ, sách tranh",3107584002_VNAMZ,No Brand,https://sg-test-11.slatic.net/p/f18d9920f61963ec3224f027036c6085.jpg,,//www.lazada.vn/products/pdp-i3107584002.html
628,"【Langton shop】 |STARBUCKS CHÍNH HÃNG| TRUNG THU MID AUTUMN - BÌNH LY GIỮ NHIỆT, CỐC SỨ, THỦY , BÁNH TRUNG THU 2022",3124372055_VNAMZ,No Brand,https://sg-test-11.slatic.net/p/f386963621f5ab4009c515b2b7273f88.jpg,,//www.lazada.vn/products/pdp-i3124372055.html
629,"Hộp Quà Bánh Trung Thu Đặc Biệt Dành Cho Thú Cưng Tết Trung Thu, Dầu Cá, Lòng Đỏ Trứng, Mèo Và Chó Ăn Vặt, Mèo Và Chó, Bánh Trung Thu Thú Cưng",3082304126_VNAMZ,Nobrand,https://sg-test-11.slatic.net/p/3b20abb44a2a8041e38023012c0ff7a8.jpg,,//www.lazada.vn/products/pdp-i3082304126.html
630,TCHIRR Bông xốp Đồ chơi nhồi bông hình bánh trung thu Lễ hội trung thu Tương tác Đồ chơi nhồi bông bánh trung thu Búp bê nhồi bông Mềm mại Gối hình trung thu mô phỏng 3D Đồ dùng tiệc,3167421161_VNAMZ,No Brand,https://sg-test-11.slatic.net/p/a200e5bef899e8f9b2100947c52ac274.jpg,,//www.lazada.vn/products/pdp-i3167421161.html
631,BEIBEI 50pcs 50/80//100g. Hộp bánh trung thu Trong suốt Hình vuông Hộp bánh cupcake Hộ gia đình Nhựa Hộp lưu trữ bánh quy kín Trưng bày bánh ngọt,3167283698_VNAMZ,No Brand,https://sg-test-11.slatic.net/p/240e684552cb48be73fa734b9e35b260.jpg,,//www.lazada.vn/products/pdp-i3167283698.html
632,T6JOB1 50pcs 50/80//100g. Hộp bánh trung thu Nhựa Trong suốt Hộp đựng bánh muffin Đa chức năng Hình vuông Hộp lưu trữ bánh quy kín Trưng bày bánh ngọt,3167409214_VNAMZ,No Brand,https://sg-test-11.slatic.net/p/43a19ece921c50beefa113139450de75.jpg,,//www.lazada.vn/products/pdp-i3167409214.html
633,8GJGR 5 Set 6/8 lưới Hộp quà trung thu Phong cách Trung Quốc Sang trọng Hộp đóng gói bánh ngọt Hộp bánh trung thu Thỏ Hộp bánh trung thu Tặng quà,3167349787_VNAMZ,No Brand,https://sg-test-11.slatic.net/p/9b7458ea56da0f19bc1b398ad3171676.jpg,,//www.lazada.vn/products/pdp-i3167349787.html
634,Mooncakes Stamps Mooncakes Hand Press Molds Handmade Pastrys Stamps Zongzi Shape Mungs Bean Cake Moulds ABS Material,3143602364_VNAMZ,No Brand,https://sg-test-11.slatic.net/p/f3e1d968b7e29f523836ae67545baee0.jpg,,//www.lazada.vn/products/pdp-i3143602364.html
635,Flower Persimmon Mooncake Mold for MidAutumn Festival Chinese Pastry Making MidAutumn Festival Mold Durable Tool,3159866913_VNAMZ,No Brand,https://sg-test-11.slatic.net/p/8b67a15f9b9b75d58aa9a6ccaf2c13f3.jpg,,//www.lazada.vn/products/pdp-i3159866913.html
636,PTOUTS Phong cách Trung Quốc Hộp quà tặng lễ hội trung thu 12 hạt Hộp rỗng Hộp bánh trung thu di động Sáng tạo Sang trọng Hộp bánh trung thu Tặng quà,3167379439_VNAMZ,No Brand,https://sg-test-11.slatic.net/p/807fbe7e287e8d6246566ada8d211017.jpg,,//www.lazada.vn/products/pdp-i3167379439.html
637,LIEYH 6/8 lưới Hộp quà trung thu Phong cách Trung Quốc Cao cấp Hộp bánh trung thu Hộp bánh trung thu Hộp rỗng Hộp đóng gói giòn lòng đỏ trứng Tặng quà,3167754540_VNAMZ,No Brand,https://sg-test-11.slatic.net/p/339a92030873a3bde5f91144faba044b.jpg,,//www.lazada.vn/products/pdp-i3167754540.html
638,LIEYH 12 hạt Hộp quà tặng lễ hội trung thu Hộp rỗng Phong cách Trung Quốc Hộp bánh trung thu di động Sáng tạo Sang trọng Hộp bánh trung thu Tặng quà,3167753596_VNAMZ,No Brand,https://sg-test-11.slatic.net/p/db7df5fcfaf35f735953455f7f9574d5.jpg,,//www.lazada.vn/products/pdp-i3167753596.html
639,JDTYJDT 50pcs 50/80//100g. Hộp bánh trung thu Nhựa Hình vuông Hộp bánh cupcake Hộ gia đình Trong suốt Hộp đựng bánh muffin Trưng bày bánh ngọt,3167782796_VNAMZ,No Brand,https://sg-test-11.slatic.net/p/b1fe3b51c1d2a6df69e1eb4cbc9c99b0.png,,//www.lazada.vn/products/pdp-i3167782796.html
640,Bánh Trung Thu Kem Sữa Trứng Bibizan: Sự Hòa Quyện Độc Đáo,2748095244_VNAMZ,No Brand,https://vn-live-01.slatic.net/p/b44ce8d29831bd64db4c695599ab78ad.jpg,,//www.lazada.vn/products/pdp-i2748095244.html
641,ZYJC SHOP Vuông/Tròn Bánh Trung Thu mô phỏng Mềm Trang trí Bánh Trung Thu giả Đạo cụ chụp ảnh PU Chế độ bánh trung thu Dành cho gia đình,3167348274_VNAMZ,ZYJC,https://sg-test-11.slatic.net/p/79e25704d6952c1dfeb02a766d9a340c.jpg,,//www.lazada.vn/products/pdp-i3167348274.html
642,LOPU Gốm sứ Hộp đựng trà Đồ cổ Tròn Hộp lưu trữ nhỏ Di động Đã niêm phong Hũ trà hình bánh trung thu cho gia đình,3167789739_VNAMZ,No Brand,https://sg-test-11.slatic.net/p/963780c043d5837c12fb0e58e2f7b5e4.jpg,,//www.lazada.vn/products/pdp-i3167789739.html
643,OOG Gốm sứ Hộp đựng trà Đồ cổ Tròn Hũ trà hình bánh trung thu Sáng tạo Đã niêm phong Hộp lưu trữ nhỏ cho gia đình,3167353631_VNAMZ,No Brand,https://sg-test-11.slatic.net/p/587f6dbb147b3b2cff78c55e330573ac.png,,//www.lazada.vn/products/pdp-i3167353631.html
644,HJKL Hoạt hình Hộp đóng gói bánh trung thu Phong cách Trung Quốc 4/6 ô Hộp chiên lòng đỏ trứng Hộp di động Giấy Hộp quà Quà Tặng Lễ hội trung thu,3167196377_VNAMZ,HJKL,https://sg-test-11.slatic.net/p/9068f4f1bae253e3281cc492b77946ea.jpg,,//www.lazada.vn/products/pdp-i3167196377.html
645,YOUSHI TOP Quảng trường Nhựa Trứng-lòng đỏ Puff Bánh nướng xốp Bánh trung thu Quà cưới Hộp bánh trung thu Hộp đựng bánh cupcake Hộp đóng gói Đồ dùng cho bữa tiệc lễ hội,3161665051_VNAMZ,YOUSHI TOP,https://sg-test-11.slatic.net/p/5fd806ec5334e7cb30ec76c810d4bcd5.jpg,,//www.lazada.vn/products/pdp-i3161665051.html
646,YOUSHI TOP Trung Thu Lễ Hội Phong cảnh Mô Hình Tinh Tế Bao bì Túi Kẹo Cookie Bánh Biscuit Sô cô la Cookie Kẹo Túi Nguồn Cung Cấp bên Bánh Túi Bánh Trung Thu Container,3162903831_VNAMZ,YOUSHI TOP,https://sg-test-11.slatic.net/p/970bdc6248dc288189149b2a1cbdbd17.jpg,,//www.lazada.vn/products/pdp-i3162903831.html
647,TCHIRR 50pcs 50/80//100g. Hộp bánh trung thu Hình vuông Nhựa Hộp lưu trữ bánh quy kín Hộp bảo quản thực phẩm Trong suốt Hộp bánh cupcake Trưng bày bánh ngọt,3167334940_VNAMZ,No Brand,https://sg-test-11.slatic.net/p/288944bf5243215ba366b2b303b0f9aa.jpg,,//www.lazada.vn/products/pdp-i3167334940.html
648,KGASBT 50pcs 50/80//100g. Hộp bánh trung thu Trong suốt Hình vuông Hộp đựng bánh muffin Hộ gia đình Nhựa Hộp bánh cupcake Trưng bày bánh ngọt,3167440027_VNAMZ,No Brand,https://sg-test-11.slatic.net/p/1f003f631d95d13a75dd413dea94aceb.jpg,,//www.lazada.vn/products/pdp-i3167440027.html
649,BABYBANG Bông xốp Đồ chơi nhồi bông hình bánh trung thu Lễ hội trung thu Tương tác Gối hình trung thu mô phỏng 3D Ghế Sofa Futon Thoải mái Đồ chơi nhồi bông bánh trung thu Đồ dùng tiệc,3167313597_VNAMZ,No Brand,https://sg-test-11.slatic.net/p/c70baa2f94d0695ccdf876ff326ff120.jpg,,//www.lazada.vn/products/pdp-i3167313597.html
650,Bánh Liu Nhân Sốt Trứng Muối Chảy Ngàn Lớp Egg Yok Date Mới Lẻ 1 Cái,2520204304_VNAMZ,No Brand,https://sg-test-11.slatic.net/p/e3ab8c9893e4529e31887e16df9f5cb2.jpg,,//www.lazada.vn/products/pdp-i2520204304.html
651,Gia vị rắc cơm Furikake đủ  6 vị Nhật bản cho bé ăn dặm (75gx30 gói) - Cá thu/Cá ngừ nướng/Trứng rong biển/Rong biển/Cá hồi/Trứng cá tuyết - Mama Baby VN,1782526555_VNAMZ,Furi,https://vn-live-01.slatic.net/p/b34b15551602c15b48b5a7c5e9412a35.png,,//www.lazada.vn/products/pdp-i1782526555.html
652,[CHÍNH HÃNG] Cao Hà Thủ Ô Đỏ Nguyên Chất Người Dân Nấu Nguyên Chất (Tây Bắc Food),2607811743_VNAMZ,No Brand,https://sg-test-11.slatic.net/p/89412726e368a599961918ca11aa22cf.jpg,,//www.lazada.vn/products/pdp-i2607811743.html
653,DSFYG 50pcs 50/80//100g. Hộp bánh trung thu Hình vuông Nhựa Hộp lưu trữ bánh quy kín Hộ gia đình Trong suốt Hộp đựng bánh muffin Trưng bày bánh ngọt,3167409212_VNAMZ,No Brand,https://sg-test-11.slatic.net/p/71a1df5776ad7f1cce84e0b7dbcf9c15.jpg,,//www.lazada.vn/products/pdp-i3167409212.html
654,JOTNTP 100pcs Nhựa Túi đóng gói bánh trung thu Chống ẩm Phong cách Trung Quốc Máy hàn túi Túi thực phẩm Cấp thực phẩm Túi đóng gói bánh quy Lễ hội mùa thu giữa năm,3168233368_VNAMZ,No Brand,https://sg-test-11.slatic.net/p/6c5f01c1d5c3b4aee8fdcaebc8a458ef.jpg,,//www.lazada.vn/products/pdp-i3168233368.html
655,JOTNTP 50pcs 50/80//100g. Hộp bánh trung thu Hình vuông Trong suốt Hộp bánh cupcake Hộp bảo quản thực phẩm Nhựa Hộp lưu trữ bánh quy kín Trưng bày bánh ngọt,3168200808_VNAMZ,No Brand,https://sg-test-11.slatic.net/p/bdf798da3651030d23ef6216bb7e91a5.jpg,,//www.lazada.vn/products/pdp-i3168200808.html
656,CEMOMEF Cổ điển Giỏ tre Phong cách Trung Quốc Tự nhiên Hộp bánh trung thu Hộp đóng gói lễ hội Sức chứa lớn Giỏ đựng bánh mì Lễ hội trung thu,3167325434_VNAMZ,No Brand,https://sg-test-11.slatic.net/p/eb8ba6695b685a1aab5601f219aca815.jpg,,//www.lazada.vn/products/pdp-i3167325434.html
657,NJJU 50pcs Trong suốt Hộp bánh trung thu 50/80//100g. Nhựa Hộp lưu trữ bánh quy kín Hộ gia đình Hình vuông Hộp bánh cupcake Trưng bày bánh ngọt,3167360800_VNAMZ,No Brand,https://sg-test-11.slatic.net/p/054eb6effea8512631f00db53d25c177.jpg,,//www.lazada.vn/products/pdp-i3167360800.html
658,WSO4734 12 hạt Hộp quà tặng lễ hội trung thu Hộp rỗng Phong cách Trung Quốc Hộp bánh trung thu di động Hộp đựng Sang trọng Hộp đóng gói giòn lòng đỏ trứng Tặng quà,3167350828_VNAMZ,No Brand,https://sg-test-11.slatic.net/p/9ca3e1c21123db484905a2828356a895.jpg,,//www.lazada.vn/products/pdp-i3167350828.html
659,TRYJUV 100pcs Nhựa Túi đóng gói bánh trung thu Chống ẩm Mờ Túi dán tự dính Chống ẩm Cấp thực phẩm Túi đóng gói bánh quy Lễ hội mùa thu giữa năm,3167380463_VNAMZ,No Brand,https://sg-test-11.slatic.net/p/000bd04d4cdbc35516936cde7c7c3d07.jpg,,//www.lazada.vn/products/pdp-i3167380463.html
660,JVKISX Hai Lớp Giỏ tre Phong cách Trung Quốc Tự nhiên Giỏ bánh trung thu Giỏ trái cây Dệt Giỏ đựng bánh mì Bánh Trung Thu zongzi hạt,3167420179_VNAMZ,No Brand,https://sg-test-11.slatic.net/p/ccd5a284fc1a5c777d58c2c18bdb4b2a.jpg,,//www.lazada.vn/products/pdp-i3167420179.html
661,8GJGR Phong cách Trung Quốc Giỏ tre Dệt Tự nhiên Giỏ đựng trứng Hộp đóng gói lễ hội Thanh lịch Giỏ bánh trung thu Lễ hội trung thu,3167417195_VNAMZ,No Brand,https://sg-test-11.slatic.net/p/e64d51a2441c8d11e7fca0e05a1d03b2.jpg,,//www.lazada.vn/products/pdp-i3167417195.html
662,DFHSFGER 5 Set 6/8 lưới Hộp quà trung thu Sang trọng Phong cách Trung Quốc Hộp đóng gói bánh ngọt Hộp bánh trung thu Thỏ Hộp bánh trung thu Tặng quà,3167416210_VNAMZ,No Brand,https://sg-test-11.slatic.net/p/9a4d2f9bcda9dd227fa09096af83a86f.jpg,,//www.lazada.vn/products/pdp-i3167416210.html
663,MZP 5 Set Phong cách Trung Quốc Hộp quà trung thu Sang trọng 6/8 lưới Hộp đóng gói bánh ngọt Hộp đựng Hộp rỗng Hộp quà giòn lòng đỏ trứng Tặng quà,3167382344_VNAMZ,No Brand,https://sg-test-11.slatic.net/p/3485f18d650d4387b37011a7afce9986.jpg,,//www.lazada.vn/products/pdp-i3167382344.html
664,XAVINU Phong cách Trung Quốc Hộp quà trung thu 6/8 lưới Cao cấp Hộp đóng gói giòn lòng đỏ trứng Hộp di động Sang trọng Hộp bánh trung thu Tặng quà,3167360720_VNAMZ,No Brand,https://sg-test-11.slatic.net/p/038b03403e23c990b2b3579dd60d0064.jpg,,//www.lazada.vn/products/pdp-i3167360720.html
665,IFYHIWEF 50pcs 50/80//100g. Hộp bánh trung thu Nhựa Trong suốt Hộp đựng bánh muffin Hộ gia đình Hình vuông Hộp lưu trữ bánh quy kín Trưng bày bánh ngọt,3167430135_VNAMZ,No Brand,https://sg-test-11.slatic.net/p/19967dc3cce4b79597568a4c4203f5c9.jpg,,//www.lazada.vn/products/pdp-i3167430135.html
666,[HCM]Tứn khửn thang - BIỆT DƯỢC PHÒNG THE,286430660_VNAMZ,Tuệ Linh,https://vn-live-01.slatic.net/p/b442e23d2ca6c7027fea8b488cb964b7.jpg,,//www.lazada.vn/products/pdp-i286430660.html
667,OOG 50pcs Trong suốt Hộp bánh trung thu Nhựa 50/80//100g. Hộp đựng bánh muffin Đa chức năng Hình vuông Hộp bánh cupcake Trưng bày bánh ngọt,3167394422_VNAMZ,No Brand,https://sg-test-11.slatic.net/p/38a3d71e04483de29ff76e7ce3e3c549.jpg,,//www.lazada.vn/products/pdp-i3167394422.html
668,J2UQR3 100pcs Nhựa Túi đóng gói bánh trung thu Chống ẩm Mờ Túi đóng gói bánh quy Chống ẩm Cấp thực phẩm Túi quà thủ công Lễ hội mùa thu giữa năm,3167410187_VNAMZ,No Brand,https://sg-test-11.slatic.net/p/995025a76b950542bc62aa37e991a544.jpg,,//www.lazada.vn/products/pdp-i3167410187.html
669,🔥Careyle Khuôn bánh trung thu hình trái cây 50g Tem tay ép sô cô la khuôn bánh ngọt khuôn kem trung thu nướng,3167803215_VNAMZ,No Brand,https://sg-test-11.slatic.net/p/89100ab61365357421f89e585cf67230.jpg,,//www.lazada.vn/products/pdp-i3167803215.html
670,BMFUEW 50pcs Trong suốt Hộp bánh trung thu Nhựa 50/80//100g. Hộp bánh cupcake Hộp bảo quản thực phẩm Hình vuông Hộp lưu trữ bánh quy kín Trưng bày bánh ngọt,3167347855_VNAMZ,No Brand,https://sg-test-11.slatic.net/p/769b1d6b634a0c919586b568dc7c2467.jpg,,//www.lazada.vn/products/pdp-i3167347855.html
671,TCHIRR Hai Lớp Giỏ tre Tự nhiên Phong cách Trung Quốc Giỏ đựng trứng Hộp thực phẩm Dệt Giỏ đựng bánh mì Bánh Trung Thu zongzi hạt,3167431191_VNAMZ,No Brand,https://sg-test-11.slatic.net/p/cbf3051f8245eef9c576e7b7d4d6bdd6.jpg,,//www.lazada.vn/products/pdp-i3167431191.html
672,J2UQR3 Bông xốp Đồ chơi nhồi bông hình bánh trung thu Tương tác Lễ hội trung thu Đồ chơi nhồi bông bánh trung thu Ghế Sofa Futon Thủ công Gối hình trung thu mô phỏng 3D Đồ dùng tiệc,3167376601_VNAMZ,No Brand,https://sg-test-11.slatic.net/p/ab0f42df1ac961486c82473177e29f4d.jpg,,//www.lazada.vn/products/pdp-i3167376601.html
673,PTOUTS Bông xốp Đồ chơi nhồi bông hình bánh trung thu Tương tác Lễ hội trung thu Gối hình trung thu mô phỏng 3D Đệm ghế Phim hoạt hình Đồ chơi nhồi bông bánh trung thu Đồ dùng tiệc,3167396463_VNAMZ,No Brand,https://sg-test-11.slatic.net/p/470f1759221cbc7a692cfbfee248e6ed.jpg,,//www.lazada.vn/products/pdp-i3167396463.html
674,DSFGRST 50pcs 50/80//100g. Hộp bánh trung thu Trong suốt Hình vuông Hộp bánh cupcake Hộp bảo quản thực phẩm Nhựa Hộp đựng bánh muffin Trưng bày bánh ngọt,3167371633_VNAMZ,No Brand,https://sg-test-11.slatic.net/p/ef4501dd998dc3c2249ad3e7a7773f91.jpg,,//www.lazada.vn/products/pdp-i3167371633.html
675,UAZGEO 5 Set Phong cách Trung Quốc Hộp quà trung thu 6/8 lưới Sang trọng Hộp đóng gói bánh ngọt Hộp di động Thỏ Hộp bánh trung thu Tặng quà,3167428080_VNAMZ,No Brand,https://sg-test-11.slatic.net/p/feb1f2934eb260d9138066cefe3ca3e9.jpg,,//www.lazada.vn/products/pdp-i3167428080.html
676,NPIQL 100pcs Nhựa Túi đóng gói bánh trung thu Chống ẩm Cấp thực phẩm Máy hàn túi Túi nướng Phong cách Trung Quốc Túi quà thủ công Lễ hội mùa thu giữa năm,3167781700_VNAMZ,No Brand,https://sg-test-11.slatic.net/p/41ddf2c55b2885861f27bd7847f2fa75.jpg,,//www.lazada.vn/products/pdp-i3167781700.html
677,SYXQUS 50pcs Trong suốt Hộp bánh trung thu Hình vuông 50/80//100g. Hộp lưu trữ bánh quy kín Hộp bảo quản thực phẩm Nhựa Hộp đựng bánh muffin Trưng bày bánh ngọt,3167365509_VNAMZ,No Brand,https://sg-test-11.slatic.net/p/a63c76afa00280b5e45886cc3d2b6fc5.png,,//www.lazada.vn/products/pdp-i3167365509.html
678,Khuôn trung thu nhấn 150g 1 cái,580224772_VNAMZ,No Brand,https://vn-live-01.slatic.net/p/864fb41c7f4c074777da1cb0128f1525.jpg,,//www.lazada.vn/products/pdp-i580224772.html
679,8GJGR 6/8 lưới Hộp quà trung thu Cao cấp Phong cách Trung Quốc Hộp đóng gói giòn lòng đỏ trứng Hộp đựng Hộp rỗng Hộp bánh trung thu Tặng quà,3167347815_VNAMZ,No Brand,https://sg-test-11.slatic.net/p/168a6cb9800a2b245b8c6448a2888dc6.jpg,,//www.lazada.vn/products/pdp-i3167347815.html
680,Khuôn Bánh Trung Thu Tay Bấm Phong Cách Sử Dụng Tại Nhà Da Băng Bánh Ngọt Canton Làm Bánh Định Hình In Hoa Văn Dụng Cụ Mới 2023 Mùa Thu Mẫu,2467028041_VNAMZ,No Brand,https://filebroker-cdn.lazada.vn/kf/Sd7f698a58fff48e29e674dc839691703m.jpg,,//www.lazada.vn/products/pdp-i2467028041.html
681,Buy 2 get 2% Thép không gỉ trái cây ngã ba lỗ tròn ngã ba hộ gia đình bánh trung thu ngã ba nhà hàng trái cây ngã ba bánh tráng miệng ngã ba bàn ăn,3167684949_VNAMZ,No Brand,https://sg-test-11.slatic.net/p/0b65ef061720fdd1b874eae4abfafe51.jpg,,//www.lazada.vn/products/pdp-i3167684949.html
682,XAVINU Vuông/Tròn Bánh Trung Thu mô phỏng PU Trang trí Trang trí thực phẩm cửa sổ Giữa Mùa Thu Sáng Tạo Mềm Bánh Trung Thu giả Dành cho gia đình,3167370649_VNAMZ,No Brand,https://sg-test-11.slatic.net/p/dbf06c7cb68fe802696637c890a317c6.jpg,,//www.lazada.vn/products/pdp-i3167370649.html
683,[COD] hegu Thép không gỉ trái cây ngã ba lỗ tròn ngã ba hộ gia đình bánh trung thu ngã ba nhà hàng trái cây ngã ba bánh tráng miệng ngã ba bàn ăn,3167079836_VNAMZ,No Brand,https://sg-test-11.slatic.net/p/ba30c3f6a01507af61108d9274000218.jpg,,//www.lazada.vn/products/pdp-i3167079836.html
684,Mô Hình Cookie Cưới Valentine Mô Hình Bánh Quy Trung Thu Cho Bé Trai Và Bé Gái Moulds Cho Cặp Đôi Quà Tặng Nấu Ăn DIY,2967570021_VNAMZ,No Brand,https://filebroker-cdn.lazada.vn/kf/Se12691f8209e438399233b3fed9605e3X.png,,//www.lazada.vn/products/pdp-i2967570021.html
685,EODKUS 50pcs Trong suốt Hộp bánh trung thu Nhựa 50/80//100g. Hộp đựng bánh muffin Đa chức năng Hình vuông Hộp bánh cupcake Trưng bày bánh ngọt,3167356665_VNAMZ,No Brand,https://sg-test-11.slatic.net/p/4d26e3e451d24514d7346c8dc617143f.jpg,,//www.lazada.vn/products/pdp-i3167356665.html
686,GJNGJNGG Bông xốp Đồ chơi nhồi bông hình bánh trung thu Lễ hội trung thu Tương tác Gối hình trung thu mô phỏng 3D Ghế Sofa Futon Thoải mái Đồ chơi nhồi bông bánh trung thu Đồ dùng tiệc,3167382373_VNAMZ,No Brand,https://sg-test-11.slatic.net/p/a0ea66a0085ff14e5204c2dfaad92f58.jpg,,//www.lazada.vn/products/pdp-i3167382373.html
687,WENQI 50pcs 50/80//100g. Hộp bánh trung thu Trong suốt Nhựa Hộp bánh cupcake Đa chức năng Hình vuông Hộp lưu trữ bánh quy kín Trưng bày bánh ngọt,3167357558_VNAMZ,No Brand,https://sg-test-11.slatic.net/p/1d5d31d7a9fbd844ff730906af1eb086.jpg,,//www.lazada.vn/products/pdp-i3167357558.html
688,"Bộ khuôn trung thu lò xo 2022 CÀNH HỒNG 4 mặt 1 nhấn size 150g, 200g",1876270885_VNAMZ,No Brand,https://filebroker-cdn.lazada.vn/kf/S1376ba3df1f5417d80d461682e75c92aZ.jpg,,//www.lazada.vn/products/pdp-i1876270885.html
689,WSO4734 Vuông/Tròn Bánh Trung Thu mô phỏng Trang trí Mềm Trang trí thực phẩm cửa sổ Giữa Mùa Thu Sáng Tạo PU Bánh Trung Thu giả Dành cho gia đình,3167405252_VNAMZ,No Brand,https://sg-test-11.slatic.net/p/038fbdc4dc7e6487daf82ac4c09cc990.jpg,,//www.lazada.vn/products/pdp-i3167405252.html
690,Khuôn bánh trung thu lò xo 150g 1 mặt túi tiền chữ lộc (tiếng Việt),2319566134_VNAMZ,No Brand,https://vn-live-01.slatic.net/p/96ce73dafd54307a039509b537ed9207.jpg,,//www.lazada.vn/products/pdp-i2319566134.html
691,Khuôn trung thu lò xo 150g 4 mặt Hoa nổi lập thể - KH158E,2666855448_VNAMZ,No Brand,https://vn-live-01.slatic.net/p/4afbaa0fab48447b80f3d658c09323d4.jpg,,//www.lazada.vn/products/pdp-i2666855448.html
692,TWCEJE168 Bông xốp Đồ chơi nhồi bông hình bánh trung thu Lễ hội trung thu Tương tác Gối hình trung thu mô phỏng 3D Ghế Sofa Futon Thủ công Đồ chơi nhồi bông bánh trung thu Đồ dùng tiệc,3167349887_VNAMZ,No Brand,https://sg-test-11.slatic.net/p/a3b2efdc232013b7328a83d47575dcb5.jpg,,//www.lazada.vn/products/pdp-i3167349887.html
693,VB45D Ngọt ngào Kẹp Tóc Thỏ bánh trung thu Hài Hước Mũ thỏ Kẹp tóc bánh trung thu Thời trang Kẹp tóc Kẹp Tóc Thỏ cái nôi Lễ hội trung thu,3167407275_VNAMZ,No Brand,https://sg-test-11.slatic.net/p/f110ac80148aa28c53bca768350d5443.jpg,,//www.lazada.vn/products/pdp-i3167407275.html
694,XDFLD 50pcs Trong suốt Hộp bánh trung thu 50/80//100g. Hình vuông Hộp bánh cupcake Hộ gia đình Nhựa Hộp lưu trữ bánh quy kín Trưng bày bánh ngọt,3167431072_VNAMZ,No Brand,https://sg-test-11.slatic.net/p/aa896c10a6b8872b56a8f5d2dd2d6a6c.jpg,,//www.lazada.vn/products/pdp-i3167431072.html
695,Mô hình xe chở rác xe thu gom rác đồ chơi ô tô chạy bánh đà có pin phát nhạc,362728771_VNAMZ,No Brand,https://vn-live-01.slatic.net/p/dd62cb78cdb584b0dd5137f53aef4326.jpg,,//www.lazada.vn/products/pdp-i362728771.html
696,Khuôn bánh trung thu lò xo 150g 1 mặt đài sen,1886357133_VNAMZ,OEM,https://vn-live-01.slatic.net/p/4ebbe0cb5580291c298bcf6c1f9314b7.jpg,,//www.lazada.vn/products/pdp-i1886357133.html
697,NPIQL Dễ thương Hộp quà đóng gói bánh trung thu Phong cách Trung Quốc Thỏ Hộp chiên lòng đỏ trứng Hộp bánh trung thu Thủ công Hộp bánh trung thu Quà Tặng Lễ hội trung thu,3167781731_VNAMZ,No Brand,https://sg-test-11.slatic.net/p/aaa2e0e32f9012625aa851fad4588d58.jpg,,//www.lazada.vn/products/pdp-i3167781731.html
698,WSRYHDFE 5 Set Phong cách Trung Quốc Hộp quà trung thu 6/8 lưới Sang trọng Hộp quà giòn lòng đỏ trứng Hộp bánh trung thu Hộp rỗng Hộp bánh trung thu Tặng quà,3167393393_VNAMZ,No Brand,https://sg-test-11.slatic.net/p/419de597d15186f3925ef1e01d00baa8.jpg,,//www.lazada.vn/products/pdp-i3167393393.html
699,ECFRDR Bông xốp Đồ chơi nhồi bông hình bánh trung thu Lễ hội trung thu Tương tác Gối hình trung thu mô phỏng 3D Búp bê nhồi bông Mềm mại Đồ chơi nhồi bông bánh trung thu Đồ dùng tiệc,3167405233_VNAMZ,No Brand,https://sg-test-11.slatic.net/p/3b4511de0143b86c62ea00d52a714209.jpg,,//www.lazada.vn/products/pdp-i3167405233.html
700,DOI4RE 50pcs Trong suốt Hộp bánh trung thu Hình vuông Nhựa Hộp lưu trữ bánh quy kín Đa chức năng 50/80//100g. Hộp đựng bánh muffin Trưng bày bánh ngọt,3167418219_VNAMZ,No Brand,https://sg-test-11.slatic.net/p/db488dd34f4928a9812436c876e43fa6.jpg,,//www.lazada.vn/products/pdp-i3167418219.html
701,ELLIER 50pcs 50/80//100g. Hộp bánh trung thu Trong suốt Hình vuông Hộp đựng bánh muffin Đa chức năng Nhựa Hộp lưu trữ bánh quy kín Trưng bày bánh ngọt,3167250764_VNAMZ,No Brand,https://sg-test-11.slatic.net/p/32c0a8dd086dfd17563a24bc96546650.jpg,,//www.lazada.vn/products/pdp-i3167250764.html
702,TWCEJE168 Phong cách Trung Quốc Giỏ tre Hai Lớp Tự nhiên Giỏ đựng trứng Giỏ trái cây Dệt Giỏ đựng bánh mì Bánh Trung Thu zongzi hạt,3167369552_VNAMZ,No Brand,https://sg-test-11.slatic.net/p/457d6a3f941ef901cde9677e8ef3f816.jpg,,//www.lazada.vn/products/pdp-i3167369552.html
703,RVIVWK Phong cách Trung Quốc Giỏ tre Hai Lớp Tự nhiên Giỏ bánh trung thu Hộp đóng gói lễ hội Có Nắp Giỏ đựng bánh mì Bánh Trung Thu zongzi hạt,3167351917_VNAMZ,No Brand,https://sg-test-11.slatic.net/p/6797f0b5236f9c21d471d461d9c43027.jpg,,//www.lazada.vn/products/pdp-i3167351917.html
704,DMEE 100pcs Nhựa Túi đóng gói bánh trung thu Mờ Chống ẩm Túi dán tự dính Chống ẩm Bán trong suốt Túi quà thủ công Lễ hội mùa thu giữa năm,3168268620_VNAMZ,No Brand,https://sg-test-11.slatic.net/p/3d70c35a7ac95761e603d74f220a8618.jpg,,//www.lazada.vn/products/pdp-i3168268620.html
705,XAVINU Phong cách Trung Quốc Hộp quà tặng lễ hội trung thu 12 hạt Hộp rỗng Hộp đóng gói giòn lòng đỏ trứng Sáng tạo Sang trọng Hộp bánh trung thu Tặng quà,3167346887_VNAMZ,No Brand,https://sg-test-11.slatic.net/p/acee71ec5dce70b8e11e53ff09adacb3.jpg,,//www.lazada.vn/products/pdp-i3167346887.html
706,MITULI Giấy kraft Hộp bánh trung thu Lễ hội trung thu 8 ô Thủ công Hộp quà Bánh Trung Thu Món tráng miệng Trung Quốc Di động Hộp đóng gói Lễ hội,3167305764_VNAMZ,No Brand,https://sg-test-11.slatic.net/p/88e21bcc2c8906a3d72e86dfb64faceb.jpg,,//www.lazada.vn/products/pdp-i3167305764.html
707,RP5BRD 12 hạt Hộp quà tặng lễ hội trung thu Phong cách Trung Quốc Sang trọng Hộp bánh trung thu Hộp đựng Hộp rỗng Hộp đóng gói giòn lòng đỏ trứng Tặng quà,3166559153_VNAMZ,No Brand,https://sg-test-11.slatic.net/p/1f0a435e438df2857fc869d94b5d27e4.jpg,,//www.lazada.vn/products/pdp-i3166559153.html
708,8GJGR 100pcs Mờ Túi đóng gói bánh trung thu Chống ẩm Nhựa Túi đóng gói bánh quy Chống ẩm Bán trong suốt Túi quà thủ công Lễ hội mùa thu giữa năm,3167415175_VNAMZ,No Brand,https://sg-test-11.slatic.net/p/4969d91b196f8c6a103ba515d5c74078.jpg,,//www.lazada.vn/products/pdp-i3167415175.html
709,TCHIRR 100pcs Mờ Túi đóng gói bánh trung thu Nhựa Chống ẩm Túi dán tự dính Túi thực phẩm Cấp thực phẩm Túi đóng gói bánh quy Lễ hội mùa thu giữa năm,3167372751_VNAMZ,No Brand,https://sg-test-11.slatic.net/p/8ab643966f7077542a417dc355c49165.jpg,,//www.lazada.vn/products/pdp-i3167372751.html
710,ETHTY 100pcs Nhựa Túi đóng gói bánh trung thu Chống ẩm Mờ Túi dán tự dính Túi thực phẩm Bán trong suốt Túi đóng gói bánh quy Lễ hội mùa thu giữa năm,3167382397_VNAMZ,No Brand,https://sg-test-11.slatic.net/p/3608290e872e2169947faa10e777618a.jpg,,//www.lazada.vn/products/pdp-i3167382397.html
711,RVIVWK Tự nhiên Giỏ tre Phong cách Trung Quốc Dệt Giỏ đựng trứng Hộp đựng bánh mì Cầm tay Giỏ Dã Ngoại Lễ hội trung thu,3167368538_VNAMZ,No Brand,https://sg-test-11.slatic.net/p/2d35fdc1fd3a51eb025b275168cd4902.jpg,,//www.lazada.vn/products/pdp-i3167368538.html
712,J2UQR3 100pcs Nhựa Túi đóng gói bánh trung thu Cấp thực phẩm Phong cách Trung Quốc Máy hàn túi Chống ẩm Chống ẩm Túi đóng gói bánh quy Lễ hội mùa thu giữa năm,3167374457_VNAMZ,No Brand,https://sg-test-11.slatic.net/p/5fd07c270dfa051614a05ffb4e8eca21.jpg,,//www.lazada.vn/products/pdp-i3167374457.html
713,EGRT 50pcs Trong suốt Hộp bánh trung thu Hình vuông Nhựa Hộp đựng bánh muffin Đa chức năng 50/80//100g. Hộp lưu trữ bánh quy kín Trưng bày bánh ngọt,3167423171_VNAMZ,No Brand,https://sg-test-11.slatic.net/p/87a1f714c23c385ac70371688469e959.jpg,,//www.lazada.vn/products/pdp-i3167423171.html
714,ZANWIT 100pcs Mờ Túi đóng gói bánh trung thu Chống ẩm Nhựa Túi đóng gói bánh quy Chống ẩm Bán trong suốt Túi dán tự dính Lễ hội mùa thu giữa năm,3167421188_VNAMZ,No Brand,https://sg-test-11.slatic.net/p/19d83b0138ed228cdeeb68b9bb703e9f.jpg,,//www.lazada.vn/products/pdp-i3167421188.html
715,JOTNTP 8 ô Hộp bánh trung thu Lễ hội trung thu Thủ công Giấy kraft Hộp đóng gói Món tráng miệng Trung Quốc Di động Quà tặng Túi cầm tay Lễ hội,3168148792_VNAMZ,No Brand,https://sg-test-11.slatic.net/p/fd5ad99d7ce06e34540799764042e648.jpg,,//www.lazada.vn/products/pdp-i3168148792.html
716,BOTHHY 100pcs Mờ Túi đóng gói bánh trung thu Chống ẩm Nhựa Túi đóng gói bánh quy Chống ẩm Bán trong suốt Túi quà thủ công Lễ hội mùa thu giữa năm,3167393473_VNAMZ,No Brand,https://sg-test-11.slatic.net/p/c1c7be1d6a8d808ca6f732aef1646ad2.jpg,,//www.lazada.vn/products/pdp-i3167393473.html
717,T6JOB1 Bông xốp Đồ chơi nhồi bông hình bánh trung thu Tương tác Lễ hội trung thu Gối hình trung thu mô phỏng 3D Búp bê nhồi bông Bộ sưu tập Đồ chơi nhồi bông bánh trung thu Đồ dùng tiệc,3167383502_VNAMZ,No Brand,https://sg-test-11.slatic.net/p/39af185d7e100102f58ff52d72a28a68.jpg,,//www.lazada.vn/products/pdp-i3167383502.html
718,TRASTO Phong cách Trung Quốc Giỏ tre Hai Lớp Tự nhiên Giỏ bánh trung thu Hộp đựng bánh mì Dệt Giỏ đựng bánh mì Bánh Trung Thu zongzi hạt,3167415283_VNAMZ,No Brand,https://sg-test-11.slatic.net/p/144b0f6f2d9392c3e2d2bbc583f4a32f.jpg,,//www.lazada.vn/products/pdp-i3167415283.html
719,PWD0442 Phong cách Trung Quốc Hộp quà tặng lễ hội trung thu 12 hạt Hộp rỗng Hộp đóng gói giòn lòng đỏ trứng Hộp đựng Sang trọng Hộp bánh trung thu Tặng quà,3167369560_VNAMZ,No Brand,https://sg-test-11.slatic.net/p/f200aebb2638b176719032aaf53c0632.jpg,,//www.lazada.vn/products/pdp-i3167369560.html
720,MZP Vuông/Tròn Bánh Trung Thu mô phỏng PU Mềm Trang trí thực phẩm cửa sổ Giữa Mùa Thu Sáng Tạo Trang trí Bánh Trung Thu giả Dành cho gia đình,3167379379_VNAMZ,No Brand,https://sg-test-11.slatic.net/p/845ccb0116d58325e14c5296088f3506.jpg,,//www.lazada.vn/products/pdp-i3167379379.html
721,IIU 50pcs Trong suốt Hộp bánh trung thu 50/80//100g. Hình vuông Hộp lưu trữ bánh quy kín Hộp bảo quản thực phẩm Nhựa Hộp đựng bánh muffin Trưng bày bánh ngọt,3167374522_VNAMZ,No Brand,https://sg-test-11.slatic.net/p/fbec5f0552d36835795264ef05a01410.jpg,,//www.lazada.vn/products/pdp-i3167374522.html
722,LENNY Vuông/Tròn Bánh Trung Thu mô phỏng Mềm Trang trí Trang trí thực phẩm cửa sổ Giữa Mùa Thu Đạo cụ chụp ảnh PU Bánh Trung Thu giả Dành cho gia đình,3167325392_VNAMZ,No Brand,https://sg-test-11.slatic.net/p/32cb6d834888eb0681e6503704d04ccd.jpg,,//www.lazada.vn/products/pdp-i3167325392.html
723,DFJET 50pcs Trong suốt Hộp bánh trung thu 50/80//100g. Nhựa Hộp đựng bánh muffin Hộ gia đình Hình vuông Hộp bánh cupcake Trưng bày bánh ngọt,3167431085_VNAMZ,No Brand,https://sg-test-11.slatic.net/p/594776a28936a47b884ae216d0c652e0.jpg,,//www.lazada.vn/products/pdp-i3167431085.html
724,TCHIRR Vuông/Tròn Bánh Trung Thu mô phỏng Mềm PU Chế độ bánh trung thu Sáng Tạo Trang trí Bánh Trung Thu giả Dành cho gia đình,3167359595_VNAMZ,No Brand,https://sg-test-11.slatic.net/p/0d02f2983aa664c2f2882945d15b82dc.jpg,,//www.lazada.vn/products/pdp-i3167359595.html
725,LOPU 50pcs 50/80//100g. Hộp bánh trung thu Nhựa Hình vuông Hộp lưu trữ bánh quy kín Hộp bảo quản thực phẩm Trong suốt Hộp bánh cupcake Trưng bày bánh ngọt,3167771828_VNAMZ,No Brand,https://sg-test-11.slatic.net/p/83b518a4fcb2324ff754baa62b2d1a56.png,,//www.lazada.vn/products/pdp-i3167771828.html
726,Model Xe SUV Đĩa Hợp Kim Toyota Land Cruiser Prado Off-Road Bánh Trung Thu Trang Trí Bánh Xe Đồ Chơi Trẻ Em Hợp Kim,2901907866_VNAMZ,No Brand,https://filebroker-cdn.lazada.vn/kf/S36b8305286534151bdbad1a7b0b72e74m.jpg,,//www.lazada.vn/products/pdp-i2901907866.html
727,GJ56 Bông xốp Đồ chơi nhồi bông hình bánh trung thu Tương tác Lễ hội trung thu Gối hình trung thu mô phỏng 3D Đệm ghế Bộ sưu tập Đồ chơi nhồi bông bánh trung thu Đồ dùng tiệc,3167417171_VNAMZ,No Brand,https://sg-test-11.slatic.net/p/faf674c894aed9b5007704aa9e892362.jpg,,//www.lazada.vn/products/pdp-i3167417171.html
728,HXPUZM Bông xốp Đồ chơi nhồi bông hình bánh trung thu Tương tác Lễ hội trung thu Gối hình trung thu mô phỏng 3D Ghế Sofa Futon Mềm mại Đồ chơi nhồi bông bánh trung thu Đồ dùng tiệc,3167874346_VNAMZ,No Brand,https://sg-test-11.slatic.net/p/655ab986862c1334a42295ea1e3f1054.jpg,,//www.lazada.vn/products/pdp-i3167874346.html
729,Túi Đựng Trung Thu Phong Cách Bắc Kinh Túi Đóng Gói Bánh Trung Thu Bằng Giấy Bạc Tự Đóng Gói Túi Đựng Đồ Ăn Nhẹ Túi Đựng Bánh,2446345873_VNAMZ,No Brand,https://filebroker-cdn.lazada.vn/kf/S0abc70abb3b148a1b8ab13a48f267331p.jpg,,//www.lazada.vn/products/pdp-i2446345873.html
730,ZANWIT Hai Lớp Giỏ tre Phong cách Trung Quốc Tự nhiên Giỏ đựng trứng Giỏ trái cây Dệt Giỏ Dã Ngoại Bánh Trung Thu zongzi hạt,3167340943_VNAMZ,No Brand,https://sg-test-11.slatic.net/p/20990dcaabb9185dca8f29c9aef88e36.jpg,,//www.lazada.vn/products/pdp-i3167340943.html
731,DELICACY 50pcs Trong suốt Hộp bánh trung thu Nhựa 50/80//100g. Hộp lưu trữ bánh quy kín Hộp bảo quản thực phẩm Hình vuông Hộp bánh cupcake Trưng bày bánh ngọt,3167358509_VNAMZ,No Brand,https://sg-test-11.slatic.net/p/fd298ec10405cf2e4fe1ff0740fe6ab1.png,,//www.lazada.vn/products/pdp-i3167358509.html
732,TAADD 12 hạt Hộp quà tặng lễ hội trung thu Phong cách Trung Quốc Sang trọng Hộp bánh trung thu Hộp đựng Hộp rỗng Hộp đóng gói giòn lòng đỏ trứng Tặng quà,3167428119_VNAMZ,No Brand,https://sg-test-11.slatic.net/p/6b466f938217fe6f4b039ec0180cad10.jpg,,//www.lazada.vn/products/pdp-i3167428119.html
733,DFHSFGER 6/8 lưới Hộp quà trung thu Cao cấp Phong cách Trung Quốc Hộp bánh trung thu Hộp đựng Hộp rỗng Hộp đóng gói giòn lòng đỏ trứng Tặng quà,3167348589_VNAMZ,No Brand,https://sg-test-11.slatic.net/p/8aa1b197c177cfb4b4cc1bafad17a379.jpg,,//www.lazada.vn/products/pdp-i3167348589.html
734,ECFRDR 100pcs Nhựa Túi đóng gói bánh trung thu Chống ẩm Mờ Túi quà thủ công Túi thực phẩm Bán trong suốt Túi đóng gói bánh quy Lễ hội mùa thu giữa năm,3167370678_VNAMZ,No Brand,https://sg-test-11.slatic.net/p/6918aa11aacf2f2262d40d6077a8131c.jpg,,//www.lazada.vn/products/pdp-i3167370678.html
735,RVIVWK Phong cách Trung Quốc Hộp quà tặng lễ hội trung thu Sang trọng Hộp rỗng Hộp bánh trung thu di động Hộp đựng 12 hạt Hộp đóng gói giòn lòng đỏ trứng Tặng quà,3167359547_VNAMZ,No Brand,https://sg-test-11.slatic.net/p/3f0d54fce3c58957c6f847af40cd7e33.jpg,,//www.lazada.vn/products/pdp-i3167359547.html
736,TAADD Tự nhiên Giỏ tre Dệt Phong cách Trung Quốc Giỏ đựng trứng Hộp đựng bánh mì Cầm tay Giỏ bánh trung thu Lễ hội trung thu,3167386538_VNAMZ,No Brand,https://sg-test-11.slatic.net/p/69708a21b10086c747c41a17ad8d084d.jpg,,//www.lazada.vn/products/pdp-i3167386538.html
737,ZANWIT Phong cách Trung Quốc Hộp quà trung thu Cao cấp 6/8 lưới Hộp bánh trung thu Hộp đựng Hộp rỗng Hộp đóng gói giòn lòng đỏ trứng Tặng quà,3167391479_VNAMZ,No Brand,https://sg-test-11.slatic.net/p/cde180a687c0858749c0646802f3b7b1.jpg,,//www.lazada.vn/products/pdp-i3167391479.html
738,DSFZC Hai Lớp Giỏ tre Tự nhiên Phong cách Trung Quốc Giỏ đựng trứng Giỏ trái cây Cầm tay Giỏ đựng bánh mì Bánh Trung Thu zongzi hạt,3166320284_VNAMZ,No Brand,https://sg-test-11.slatic.net/p/5128a140b6577bcb0268454a45a460e7.jpg,,//www.lazada.vn/products/pdp-i3166320284.html
739,BENEDICT Phong cách Trung Quốc Hộp quà tặng lễ hội trung thu 12 hạt Hộp rỗng Hộp bánh trung thu Hộp đựng Sang trọng Hộp bánh trung thu di động Tặng quà,3166482997_VNAMZ,No Brand,https://sg-test-11.slatic.net/p/efe13d57edabc1da39f59b60a323239d.jpg,,//www.lazada.vn/products/pdp-i3166482997.html
740,J2UQR3 Tự nhiên Giỏ tre Dệt Phong cách Trung Quốc Giỏ bánh trung thu Hộp đóng gói lễ hội Cầm tay Giỏ Dã Ngoại Lễ hội trung thu,3167391401_VNAMZ,No Brand,https://sg-test-11.slatic.net/p/09cd14ca257681e7bd4830e161c11650.jpg,,//www.lazada.vn/products/pdp-i3167391401.html
741,JVKISX 5 Set 6/8 lưới Hộp quà trung thu Sang trọng Phong cách Trung Quốc Hộp quà giòn lòng đỏ trứng Hộp di động Hộp rỗng Hộp bánh trung thu Tặng quà,3167384442_VNAMZ,No Brand,https://sg-test-11.slatic.net/p/dd336f56321745f14d4e972fd4d9db55.jpg,,//www.lazada.vn/products/pdp-i3167384442.html
742,RD5BA7 Phong cách Trung Quốc Giỏ tre Tự nhiên Dệt Giỏ bánh trung thu Hộp đóng gói lễ hội Có Nắp Giỏ đựng trứng Lễ hội trung thu,3167378457_VNAMZ,No Brand,https://sg-test-11.slatic.net/p/cd017a8f4d3fe83399ab6769254a1e40.jpg,,//www.lazada.vn/products/pdp-i3167378457.html
743,ZANWIT 5 Set Phong cách Trung Quốc Hộp quà trung thu Sang trọng 6/8 lưới Hộp quà giòn lòng đỏ trứng Hộp đựng Thỏ Hộp đóng gói bánh ngọt Tặng quà,3167398327_VNAMZ,No Brand,https://sg-test-11.slatic.net/p/0023be89f6d5c075e2aa325ca86d01f8.jpg,,//www.lazada.vn/products/pdp-i3167398327.html
744,RFHSFGED 50pcs Trong suốt Hộp bánh trung thu Nhựa 50/80//100g. Hộp đựng bánh muffin Đa chức năng Hình vuông Hộp bánh cupcake Trưng bày bánh ngọt,3167339247_VNAMZ,No Brand,https://sg-test-11.slatic.net/p/d4eeaf965ede71a66d662b6ff40f7998.png,,//www.lazada.vn/products/pdp-i3167339247.html
745,WSO4734 Ngọt ngào Kẹp Tóc Thỏ bánh trung thu Mũ thỏ Hài Hước Kẹp tóc hoa Osmanthus Dễ thương Kẹp tóc Kẹp Tóc Thỏ cái nôi Lễ hội trung thu,3167396422_VNAMZ,No Brand,https://sg-test-11.slatic.net/p/e571cdf605b39b1c6e32cc4661f904ce.png,,//www.lazada.vn/products/pdp-i3167396422.html
746,DFYER56 5 Set Phong cách Trung Quốc Hộp quà trung thu Sang trọng 6/8 lưới Hộp quà giòn lòng đỏ trứng Hộp di động Hộp rỗng Hộp bánh trung thu Tặng quà,3167401263_VNAMZ,No Brand,https://sg-test-11.slatic.net/p/03ba891cd349cbad007ff64945cd3d01.jpg,,//www.lazada.vn/products/pdp-i3167401263.html
747,RD5BA7 12 hạt Hộp quà tặng lễ hội trung thu Sang trọng Hộp rỗng Hộp bánh trung thu di động Hộp đựng Phong cách Trung Quốc Hộp bánh trung thu Tặng quà,3167374473_VNAMZ,No Brand,https://sg-test-11.slatic.net/p/247071fae461d8c1922adfffde32c3de.jpg,,//www.lazada.vn/products/pdp-i3167374473.html
748,IIE Phong cách Trung Quốc Hộp quà trung thu 6/8 lưới Cao cấp Hộp bánh trung thu Hộp đựng Sang trọng Hộp đóng gói giòn lòng đỏ trứng Tặng quà,3167395446_VNAMZ,No Brand,https://sg-test-11.slatic.net/p/5ae2259c36de2a7c2a8620d13042bd18.jpg,,//www.lazada.vn/products/pdp-i3167395446.html
749,TWCEJE168 5 Set 6/8 lưới Hộp quà trung thu Phong cách Trung Quốc Sang trọng Hộp quà giòn lòng đỏ trứng Hộp bánh trung thu Hộp rỗng Hộp đóng gói bánh ngọt Tặng quà,3167339722_VNAMZ,No Brand,https://sg-test-11.slatic.net/p/029b5554f7fd0483f7312f25d1bc4de8.jpg,,//www.lazada.vn/products/pdp-i3167339722.html
750,MOUSSE Bông xốp Đồ chơi nhồi bông hình bánh trung thu Tương tác Lễ hội trung thu Gối hình trung thu mô phỏng 3D Ghế Sofa Futon Mềm mại Đồ chơi nhồi bông bánh trung thu Đồ dùng tiệc,3167639187_VNAMZ,No Brand,https://sg-test-11.slatic.net/p/f4103db85ddb87ba865373a664955fed.jpg,,//www.lazada.vn/products/pdp-i3167639187.html
751,FRANCHISE Phong cách Trung Quốc Hộp quà tặng lễ hội trung thu Hộp rỗng 12 hạt Hộp đóng gói giòn lòng đỏ trứng Hộp đựng Sang trọng Hộp bánh trung thu di động Tặng quà,3166523391_VNAMZ,No Brand,https://sg-test-11.slatic.net/p/d68a3bde2202384814a981392417d721.jpg,,//www.lazada.vn/products/pdp-i3166523391.html
752,MZP Phong cách Trung Quốc Giỏ tre Dệt Tự nhiên Giỏ đựng trứng Hộp đựng bánh mì Cầm tay Giỏ bánh trung thu Lễ hội trung thu,3167393392_VNAMZ,No Brand,https://sg-test-11.slatic.net/p/ddcda89a8946a66528946ad0416945d9.jpg,,//www.lazada.vn/products/pdp-i3167393392.html
753,G23UW Bông xốp Đồ chơi nhồi bông hình bánh trung thu Tương tác Lễ hội trung thu Đồ chơi nhồi bông bánh trung thu Búp bê ngủ cho bé Thủ công Gối hình trung thu mô phỏng 3D Đồ dùng tiệc,3167410190_VNAMZ,No Brand,https://sg-test-11.slatic.net/p/33d0c5c377ceaa932a3f0690a1a5cf62.jpg,,//www.lazada.vn/products/pdp-i3167410190.html
754,DELICACY Hai Lớp Giỏ tre Phong cách Trung Quốc Tự nhiên Giỏ bánh trung thu Hộp thực phẩm Có Nắp Giỏ đựng trứng Bánh Trung Thu zongzi hạt,3167362545_VNAMZ,No Brand,https://sg-test-11.slatic.net/p/9227859a974a6deab307bef0edc4931f.jpg,,//www.lazada.vn/products/pdp-i3167362545.html
755,JVKISX Phong cách Trung Quốc Hộp quà tặng lễ hội trung thu Sang trọng 12 hạt Hộp bánh trung thu di động Hộp đựng Hộp rỗng Hộp bánh trung thu Tặng quà,3167353570_VNAMZ,No Brand,https://sg-test-11.slatic.net/p/7ac6f0ca429f96c1422e00ba68c423d0.jpg,,//www.lazada.vn/products/pdp-i3167353570.html
756,LIEYH 50 chiếc Vàng Bánh nướng xốp Trứng-lòng đỏ Puff Hộp đóng gói Quà cưới Hộp bánh trung thu Hộp đựng bánh cupcake Hộp đóng gói Đồ dùng cho bữa tiệc lễ hội,3166971538_VNAMZ,No Brand,https://sg-test-11.slatic.net/p/d8de325e62fc8aa4e77dc09051462d9b.jpg,,//www.lazada.vn/products/pdp-i3166971538.html
757,PWD0442 100pcs Nhựa Túi đóng gói bánh trung thu Chống ẩm Mờ Túi quà thủ công Chống ẩm Bán trong suốt Túi dán tự dính Lễ hội mùa thu giữa năm,3167419236_VNAMZ,No Brand,https://sg-test-11.slatic.net/p/353b2e660720752465dc6a2cfded393e.jpg,,//www.lazada.vn/products/pdp-i3167419236.html
758,RVIVWK Phong cách Trung Quốc Hộp quà trung thu Cao cấp 6/8 lưới Hộp đóng gói giòn lòng đỏ trứng Hộp di động Hộp rỗng Hộp bánh trung thu Tặng quà,3167433065_VNAMZ,No Brand,https://sg-test-11.slatic.net/p/6f53352a2ca8145b5b5f0f7f00cbab56.jpg,,//www.lazada.vn/products/pdp-i3167433065.html
759,PWD0442 Phong cách Trung Quốc Giỏ tre Dệt Tự nhiên Giỏ đựng trứng Hộp đựng bánh mì Có Nắp Giỏ đựng bánh mì Lễ hội trung thu,3167352652_VNAMZ,No Brand,https://sg-test-11.slatic.net/p/e785856f2d19738755d8269ff2f751de.jpg,,//www.lazada.vn/products/pdp-i3167352652.html
760,SKH7UH PU Bánh Trung Thu mô phỏng Trang trí Mềm Chế độ bánh trung thu Sáng Tạo Vuông/Tròn Trang trí thực phẩm cửa sổ Giữa Mùa Thu Dành cho gia đình,3167422196_VNAMZ,No Brand,https://sg-test-11.slatic.net/p/e5567460703ababab0d79cc4d39b2f1e.jpg,,//www.lazada.vn/products/pdp-i3167422196.html
761,Hộp Quà Tặng Bánh Mì Trứng Sáng Tạo 6 Quả 80g Hộp Đựng Bánh Trung Thu Màu Cam Hoạt Hình Cầm Tay Hộp Đựng Kẹo Tráng Miệng,3147505363_VNAMZ,,https://filebroker-cdn.lazada.vn/kf/Sdabb943a0edc43a19cb5a77319b7d507K.jpg,,//www.lazada.vn/products/pdp-i3147505363.html
762,GJ56 50pcs 50/80//100g. Hộp bánh trung thu Trong suốt Hình vuông Hộp bánh cupcake Hộ gia đình Nhựa Hộp đựng bánh muffin Trưng bày bánh ngọt,3167417159_VNAMZ,No Brand,https://sg-test-11.slatic.net/p/b141125a96d47e556ac3add6560dc259.jpg,,//www.lazada.vn/products/pdp-i3167417159.html
763,DFHSFGER PU Bánh Trung Thu mô phỏng Mềm Trang trí Bánh Trung Thu giả Đạo cụ chụp ảnh Vuông/Tròn Chế độ bánh trung thu Dành cho gia đình,3167420144_VNAMZ,No Brand,https://sg-test-11.slatic.net/p/f6de887beed8a43588d970d075751058.jpg,,//www.lazada.vn/products/pdp-i3167420144.html
764,BAGUO(霸果) Phong cách Trung Quốc Khuôn bánh trung thu hoa Silicone 3D Khuôn silicon hình hoa sen Thiết thực Không dính Khuôn bánh ngọt lễ hội Lễ hội trung thu,3162676992_VNAMZ,BAGUO,https://sg-test-11.slatic.net/p/9ad98c55732f468d8ff2b76892c62b62.jpg,,//www.lazada.vn/products/pdp-i3162676992.html
765,EODKUS Bông xốp Đồ chơi nhồi bông hình bánh trung thu Tương tác Lễ hội trung thu Gối hình trung thu mô phỏng 3D Ghế Sofa Futon Mềm mại Đồ chơi nhồi bông bánh trung thu Đồ dùng tiệc,3167442008_VNAMZ,No Brand,https://sg-test-11.slatic.net/p/e5b1bc031f53003bfd6a760df86ce43f.jpg,,//www.lazada.vn/products/pdp-i3167442008.html
766,WSRYHDFE 100pcs Nhựa Túi đóng gói bánh trung thu Mờ Chống ẩm Túi quà thủ công Chống ẩm Bán trong suốt Túi dán tự dính Lễ hội mùa thu giữa năm,3167431104_VNAMZ,No Brand,https://sg-test-11.slatic.net/p/d15da2c9d5deeb70b54db3fc1e433948.jpg,,//www.lazada.vn/products/pdp-i3167431104.html
767,IIU Phong cách Trung Quốc Giỏ tre Hai Lớp Tự nhiên Giỏ bánh trung thu Hộp thực phẩm Dệt Giỏ đựng trứng Bánh Trung Thu zongzi hạt,3167394433_VNAMZ,No Brand,https://sg-test-11.slatic.net/p/fcd6bebada230a66b64048c9ac297e7d.jpg,,//www.lazada.vn/products/pdp-i3167394433.html
768,ZYJC SHOP Lễ hội trung thu Đồ chơi nhồi bông hình bánh trung thu Tương tác Bông xốp Gối hình trung thu mô phỏng 3D Đệm ghế Bộ sưu tập Đồ chơi nhồi bông bánh trung thu Đồ dùng tiệc,3167381090_VNAMZ,ZYJC,https://sg-test-11.slatic.net/p/8135ec420c19e7343a5e17bd1018b541.jpg,,//www.lazada.vn/products/pdp-i3167381090.html
769,IIE Bông xốp Đồ chơi nhồi bông hình bánh trung thu Lễ hội trung thu Tương tác Đồ chơi nhồi bông bánh trung thu Ghế Sofa Futon Bộ sưu tập Gối hình trung thu mô phỏng 3D Đồ dùng tiệc,3167421224_VNAMZ,No Brand,https://sg-test-11.slatic.net/p/ca80ce450832878fb144b6254dd039dc.jpg,,//www.lazada.vn/products/pdp-i3167421224.html
770,Khuôn trung thu lò xo 1 mặt túi tiền chữ lộc 150g,1886349213_VNAMZ,No Brand,https://vn-live-01.slatic.net/p/3a0ff76d0099a535561a2d7fdc025c45.jpg,,//www.lazada.vn/products/pdp-i1886349213.html
771,Hộp Quà Trung Thu Cao Cấp Yến Sào Dewis Nest – Yến Tổ Kèm Tứ Vị Yến Hũ Nguyên Chất – Quà Tặng Sức Khỏe Ý Nghĩa Sang Trọng,3166124617_VNAMZ,DEWIS NEST,https://vn-live-01.slatic.net/p/88c6c9d8454cb97873507400dfc19f92.png,,//www.lazada.vn/products/pdp-i3166124617.html
772,Khuôn trung thu 4 mặt tròn thỏ ngọc vườn hoa 150g | 200g,2318325699_VNAMZ,OEM,https://vn-live-01.slatic.net/p/6ec71157bdae9a33afb6241a5fe8a50f.jpg,,//www.lazada.vn/products/pdp-i2318325699.html
773,PPRVAU Phong cách Trung Quốc Giỏ tre Dệt Tự nhiên Giỏ bánh trung thu Hộp đựng bánh mì Cầm tay Giỏ đựng trứng Lễ hội trung thu,3167357648_VNAMZ,No Brand,https://sg-test-11.slatic.net/p/fb442f9029c215939c050796b7a1df73.jpg,,//www.lazada.vn/products/pdp-i3167357648.html
774,"Bộ khuôn trung thu lò xo SEN TRUNG THU 150g, 200g 4 mặt 1 nhấn",1734650051_VNAMZ,No Brand,https://filebroker-cdn.lazada.vn/kf/Sfc014ec92ae842849b03930da843bd7bb.jpg,,//www.lazada.vn/products/pdp-i1734650051.html
775,TRYJUV 5 Set Phong cách Trung Quốc Hộp quà trung thu Sang trọng 6/8 lưới Hộp quà giòn lòng đỏ trứng Hộp đựng Thỏ Hộp đóng gói bánh ngọt Tặng quà,3167443025_VNAMZ,No Brand,https://sg-test-11.slatic.net/p/edff061671498a3009f426c85659010e.jpg,,//www.lazada.vn/products/pdp-i3167443025.html
776,SKH7UH Phong cách Trung Quốc Hộp quà tặng lễ hội trung thu Hộp rỗng Sang trọng Hộp bánh trung thu di động Sáng tạo 12 hạt Hộp bánh trung thu Tặng quà,3167404355_VNAMZ,No Brand,https://sg-test-11.slatic.net/p/f97018770d514f4c7c4efe44ea627d9a.jpg,,//www.lazada.vn/products/pdp-i3167404355.html
777,MZP Phong cách Trung Quốc Hộp quà trung thu Cao cấp 6/8 lưới Hộp đóng gói giòn lòng đỏ trứng Hộp bánh trung thu Sang trọng Hộp bánh trung thu Tặng quà,3167419146_VNAMZ,No Brand,https://sg-test-11.slatic.net/p/5fa289384056b1a1553fc1e4458f3635.jpg,,//www.lazada.vn/products/pdp-i3167419146.html
778,WSO4734 Phong cách Trung Quốc Hộp quà trung thu Cao cấp 6/8 lưới Hộp bánh trung thu Hộp di động Hộp rỗng Hộp đóng gói giòn lòng đỏ trứng Tặng quà,3167334942_VNAMZ,No Brand,https://sg-test-11.slatic.net/p/48627822cddbff19d8661d84a366ea2e.jpg,,//www.lazada.vn/products/pdp-i3167334942.html
779,J2UQR3 Phong cách Trung Quốc Hộp quà tặng lễ hội trung thu Sang trọng Hộp rỗng Hộp đóng gói giòn lòng đỏ trứng Hộp đựng 12 hạt Hộp bánh trung thu di động Tặng quà,3167420148_VNAMZ,No Brand,https://sg-test-11.slatic.net/p/34ae979047e21bd91ad13bfe94b25a9a.jpg,,//www.lazada.vn/products/pdp-i3167420148.html
780,CEMOMEF Phong cách Trung Quốc Hộp quà trung thu Cao cấp 6/8 lưới Hộp bánh trung thu Hộp đựng Sang trọng Hộp đóng gói giòn lòng đỏ trứng Tặng quà,3167337284_VNAMZ,No Brand,https://sg-test-11.slatic.net/p/eceef01829aeb607c67f3cb32889ca45.jpg,,//www.lazada.vn/products/pdp-i3167337284.html
781,UAZGEO Hai Lớp Giỏ tre Phong cách Trung Quốc Tự nhiên Giỏ bánh trung thu Hộp thực phẩm Dệt Giỏ đựng bánh mì Bánh Trung Thu zongzi hạt,3167410210_VNAMZ,No Brand,https://sg-test-11.slatic.net/p/ca2c20757202a35507a93bd9d8b6a7cb.jpg,,//www.lazada.vn/products/pdp-i3167410210.html
782,RVIVWK Ngọt ngào Kẹp Tóc Thỏ bánh trung thu Mũ thỏ Hài Hước Kẹp tóc hoa Osmanthus Thời trang Kẹp tóc Kẹp Tóc Thỏ cái nôi Lễ hội trung thu,3167424104_VNAMZ,No Brand,https://sg-test-11.slatic.net/p/e7f7937f4836749581a47342f1b71aea.png,,//www.lazada.vn/products/pdp-i3167424104.html
783,HOLLYII 12 hạt Hộp quà tặng lễ hội trung thu Phong cách Trung Quốc Hộp rỗng Hộp bánh trung thu Hộp đựng Sang trọng Hộp đóng gói giòn lòng đỏ trứng Tặng quà,3167307296_VNAMZ,No Brand,https://sg-test-11.slatic.net/p/a541a9400a0f2b506a3c36a628e16d68.jpg,,//www.lazada.vn/products/pdp-i3167307296.html
784,TWCEJE168 Phong cách Trung Quốc Hộp quà tặng lễ hội trung thu 12 hạt Sang trọng Hộp bánh trung thu di động Sáng tạo Hộp rỗng Hộp bánh trung thu Tặng quà,3167406309_VNAMZ,No Brand,https://sg-test-11.slatic.net/p/c545d6ecfbd7ccc77ed20bc27b803c44.jpg,,//www.lazada.vn/products/pdp-i3167406309.html
785,TAADD 5 Set 6/8 lưới Hộp quà trung thu Phong cách Trung Quốc Sang trọng Hộp bánh trung thu Hộp đựng Thỏ Hộp đóng gói bánh ngọt Tặng quà,3167368537_VNAMZ,No Brand,https://sg-test-11.slatic.net/p/4ee60a52ebacd20f3730afeb3c2a4860.jpg,,//www.lazada.vn/products/pdp-i3167368537.html
786,DELICACY 12 hạt Hộp quà tặng lễ hội trung thu Phong cách Trung Quốc Sang trọng Hộp đóng gói giòn lòng đỏ trứng Hộp đựng Hộp rỗng Hộp bánh trung thu Tặng quà,3167398255_VNAMZ,No Brand,https://sg-test-11.slatic.net/p/d7be641f173bbede8fa8ef2af5d4c273.jpg,,//www.lazada.vn/products/pdp-i3167398255.html
787,VBGG Bông xốp Đồ chơi nhồi bông hình bánh trung thu Tương tác Lễ hội trung thu Gối hình trung thu mô phỏng 3D Ghế Sofa Futon Bộ sưu tập Đồ chơi nhồi bông bánh trung thu Đồ dùng tiệc,3167434055_VNAMZ,No Brand,https://sg-test-11.slatic.net/p/54b0a8d2160f8f10049ac1f546fa9a9b.jpg,,//www.lazada.vn/products/pdp-i3167434055.html
788,TCHIRR 100pcs Nhựa Túi đóng gói bánh trung thu Chống ẩm Cấp thực phẩm Máy hàn túi Túi thực phẩm Phong cách Trung Quốc Túi đóng gói bánh quy Lễ hội mùa thu giữa năm,3167367685_VNAMZ,No Brand,https://sg-test-11.slatic.net/p/6c3d493355d6c28b9fb027fdae388aea.jpg,,//www.lazada.vn/products/pdp-i3167367685.html
789,DFYER56 Hai Lớp Giỏ tre Tự nhiên Phong cách Trung Quốc Giỏ bánh trung thu Hộp đựng bánh mì Dệt Giỏ đựng trứng Bánh Trung Thu zongzi hạt,3167400293_VNAMZ,No Brand,https://sg-test-11.slatic.net/p/d990b24f063dbd691030606a817f27c8.jpg,,//www.lazada.vn/products/pdp-i3167400293.html
790,J2UQR3 5 Set Phong cách Trung Quốc Hộp quà trung thu 6/8 lưới Sang trọng Hộp quà giòn lòng đỏ trứng Hộp đựng Thỏ Hộp bánh trung thu Tặng quà,3167346862_VNAMZ,No Brand,https://sg-test-11.slatic.net/p/861e3513ccd0a4c9a7533c24743f4b52.jpg,,//www.lazada.vn/products/pdp-i3167346862.html
791,TAADD 100pcs Nhựa Túi đóng gói bánh trung thu Phong cách Trung Quốc Chống ẩm Túi đóng gói bánh quy Túi thực phẩm Cấp thực phẩm Túi quà thủ công Lễ hội mùa thu giữa năm,3167359569_VNAMZ,No Brand,https://sg-test-11.slatic.net/p/beae285c013661bf9e85ed93f937075b.jpg,,//www.lazada.vn/products/pdp-i3167359569.html
792,UYDG 50pcs Trong suốt Hộp bánh trung thu 50/80//100g. Nhựa Hộp đựng bánh muffin Đa chức năng Hình vuông Hộp bánh cupcake Trưng bày bánh ngọt,3167406369_VNAMZ,No Brand,https://sg-test-11.slatic.net/p/7271a2a2f81cdba374b946c8109af2b2.jpg,,//www.lazada.vn/products/pdp-i3167406369.html
793,MOCCASINA 5 Set Phong cách Trung Quốc Hộp quà trung thu 6/8 lưới Sang trọng Hộp quà giòn lòng đỏ trứng Hộp di động Hộp rỗng Hộp bánh trung thu Tặng quà,3166370705_VNAMZ,No Brand,https://sg-test-11.slatic.net/p/84effa014e32153fd930d1c8c0ebc474.jpg,,//www.lazada.vn/products/pdp-i3166370705.html
794,TRTEWWS 12 hạt Hộp quà tặng lễ hội trung thu Sang trọng Phong cách Trung Quốc Hộp bánh trung thu Hộp đựng Hộp rỗng Hộp bánh trung thu di động Tặng quà,3167306028_VNAMZ,No Brand,https://sg-test-11.slatic.net/p/86c12eebad8ab2f96455f2876682eaf5.jpg,,//www.lazada.vn/products/pdp-i3167306028.html
795,KISSCAT 100pcs Nhựa Túi đóng gói bánh trung thu Phong cách Trung Quốc Cấp thực phẩm Máy hàn túi Túi nướng Chống ẩm Túi đóng gói bánh quy Lễ hội mùa thu giữa năm,3167335960_VNAMZ,No Brand,https://sg-test-11.slatic.net/p/65a1cff0f3912cf1418092b2b267b729.jpg,,//www.lazada.vn/products/pdp-i3167335960.html
796,"Máy trộn bánh tráng nằm ngang, máy trộn nhân bánh trung thu 10kg công suất 2200W",2420645758_VNAMZ,No Brand,https://vn-live-01.slatic.net/p/64721ea666680d98abef34842419d758.jpg,,//www.lazada.vn/products/pdp-i2420645758.html
797,CEMOMEF Dễ thương Hộp quà đóng gói bánh trung thu Phong cách Trung Quốc Thỏ Hộp bánh trung thu Hộp bánh trung thu 6 ô Hộp chiên lòng đỏ trứng Quà Tặng Lễ hội trung thu,3167299684_VNAMZ,No Brand,https://sg-test-11.slatic.net/p/7a128c28637fb5feae5fbef1d14c4ad1.jpg,,//www.lazada.vn/products/pdp-i3167299684.html
798,"Cao hắc sâm đông trùng hạ thảo - Cao sâm hũ đôi thượng hạng - Tăng đề kháng, chống lão hóa, phòng ung thư - tranglinhkorea",2052119921_VNAMZ,Korea Ginseng,https://vn-live-01.slatic.net/p/0a2924104f719601a7cc15b8e4a0700f.jpg,,//www.lazada.vn/products/pdp-i2052119921.html
799,DELICACY 100pcs Mờ Túi đóng gói bánh trung thu Chống ẩm Nhựa Túi dán tự dính Chống ẩm Bán trong suốt Túi đóng gói bánh quy Lễ hội mùa thu giữa năm,3167369476_VNAMZ,No Brand,https://sg-test-11.slatic.net/p/7f262e7e3d81b96e175f7b94fb064115.jpg,,//www.lazada.vn/products/pdp-i3167369476.html
800,JAV5134 PU Bánh Trung Thu mô phỏng Vuông/Tròn Mềm Trang trí thực phẩm cửa sổ Giữa Mùa Thu Sáng Tạo Trang trí Bánh Trung Thu giả Dành cho gia đình,3167222410_VNAMZ,No Brand,https://sg-test-11.slatic.net/p/e988a943aec88c4bccb30a0adcf8f65b.jpg,,//www.lazada.vn/products/pdp-i3167222410.html
801,UAZGEO PU Bánh Trung Thu mô phỏng Vuông/Tròn Trang trí Trang trí thực phẩm cửa sổ Giữa Mùa Thu Đạo cụ chụp ảnh Mềm Chế độ bánh trung thu Dành cho gia đình,3167382385_VNAMZ,No Brand,https://sg-test-11.slatic.net/p/a5dd98a9ed769c479aad4cb0590cd9e8.jpg,,//www.lazada.vn/products/pdp-i3167382385.html
802,NHG 50pcs Trong suốt Hộp bánh trung thu Hình vuông Nhựa Hộp đựng bánh muffin Hộp bảo quản thực phẩm 50/80//100g. Hộp lưu trữ bánh quy kín Trưng bày bánh ngọt,3167397464_VNAMZ,No Brand,https://sg-test-11.slatic.net/p/5813e685cc364de6f1e4a9021a27e21b.jpg,,//www.lazada.vn/products/pdp-i3167397464.html
803,B3D1 Bông xốp Đồ chơi nhồi bông hình bánh trung thu Tương tác Lễ hội trung thu Đồ chơi nhồi bông bánh trung thu Đệm ghế Phim hoạt hình Gối hình trung thu mô phỏng 3D Đồ dùng tiệc,3167371044_VNAMZ,No Brand,https://sg-test-11.slatic.net/p/118943618199b9a4cd0b788dd5e5888b.jpg,,//www.lazada.vn/products/pdp-i3167371044.html
804,UNQCSA Giấy kraft Hộp bánh trung thu Lễ hội trung thu 8 ô Thủ công Hộp quà Bánh Trung Thu Bánh ngọt bông tuyết Túi xách Hộp đóng gói Lễ hội,3167486793_VNAMZ,No Brand,https://sg-test-11.slatic.net/p/d0408fde7c306354117e9e28443b2073.jpg,,//www.lazada.vn/products/pdp-i3167486793.html
805,8GJGR PU Bánh Trung Thu mô phỏng Trang trí Vuông/Tròn Chế độ bánh trung thu Sáng Tạo Mềm Bánh Trung Thu giả Dành cho gia đình,3167337926_VNAMZ,No Brand,https://sg-test-11.slatic.net/p/e7b40b30d059f0098237ef85782a9719.jpg,,//www.lazada.vn/products/pdp-i3167337926.html
806,PUREGLOW Lễ hội trung thu Đồ chơi nhồi bông hình bánh trung thu Tương tác Bông xốp Gối hình trung thu mô phỏng 3D Đệm ghế Thủ công Đồ chơi nhồi bông bánh trung thu Đồ dùng tiệc,3167437140_VNAMZ,No Brand,https://sg-test-11.slatic.net/p/a4e791a1c860c1089c72401c74993118.jpg,,//www.lazada.vn/products/pdp-i3167437140.html
807,SDFHSFGA 50pcs Trong suốt Hộp bánh trung thu Hình vuông 50/80//100g. Hộp lưu trữ bánh quy kín Hộ gia đình Nhựa Hộp bánh cupcake Trưng bày bánh ngọt,3167352171_VNAMZ,No Brand,https://sg-test-11.slatic.net/p/001e16cf2ef0a83d31cd6379c16d1dc0.png,,//www.lazada.vn/products/pdp-i3167352171.html
808,ELLIER Hoạt hình Hộp đóng gói bánh trung thu Phong cách Trung Quốc 4/6 ô Hộp chiên lòng đỏ trứng Hộp Kẹo Giấy Hộp quà Quà Tặng Lễ hội trung thu,3167296640_VNAMZ,No Brand,https://sg-test-11.slatic.net/p/6ad9a2fd55004e869be6bf5ed04d8c8e.jpg,,//www.lazada.vn/products/pdp-i3167296640.html
809,Khuôn trung thu 250g 6 mặt tròn truyền thống BHT2057,1984462302_VNAMZ,No Brand,https://vn-live-01.slatic.net/p/7c49c978e9a382f380c3dfcade6c4224.jpg,,//www.lazada.vn/products/pdp-i1984462302.html
810,PTOUTS Phong cách Trung Quốc Giỏ tre Tự nhiên Dệt Giỏ bánh trung thu Hộp đóng gói lễ hội Có Nắp Giỏ đựng trứng Lễ hội trung thu,3167409217_VNAMZ,No Brand,https://sg-test-11.slatic.net/p/1b4355b2eaa451a41e21b7c7b14f4f43.png,,//www.lazada.vn/products/pdp-i3167409217.html
811,T6JOB1 Phong cách Trung Quốc Giỏ tre Dệt Tự nhiên Giỏ đựng trứng Hộp đóng gói lễ hội Có Nắp Giỏ đựng bánh mì Lễ hội trung thu,3167409254_VNAMZ,No Brand,https://sg-test-11.slatic.net/p/032b68318fad02f81dd229ce76522a0c.png,,//www.lazada.vn/products/pdp-i3167409254.html
812,DFYER56 100pcs Nhựa Túi đóng gói bánh trung thu Chống ẩm Mờ Túi đóng gói bánh quy Túi thực phẩm Bán trong suốt Túi quà thủ công Lễ hội mùa thu giữa năm,3167392390_VNAMZ,No Brand,https://sg-test-11.slatic.net/p/cc8a2aca077fd3bcb998525771007712.jpg,,//www.lazada.vn/products/pdp-i3167392390.html
813,IIE 100pcs Mờ Túi đóng gói bánh trung thu Chống ẩm Nhựa Túi quà thủ công Chống ẩm Bán trong suốt Túi đóng gói bánh quy Lễ hội mùa thu giữa năm,3167443044_VNAMZ,No Brand,https://sg-test-11.slatic.net/p/707e1334c4b0103be49cd704391f5008.jpg,,//www.lazada.vn/products/pdp-i3167443044.html
814,EODKUS 100pcs Nhựa Túi đóng gói bánh trung thu Chống ẩm Mờ Túi đóng gói bánh quy Túi thực phẩm Bán trong suốt Túi dán tự dính Lễ hội mùa thu giữa năm,3167379389_VNAMZ,No Brand,https://sg-test-11.slatic.net/p/2599c923ac635a7954a7f341e96eda22.jpg,,//www.lazada.vn/products/pdp-i3167379389.html
815,BOTHHY Phong cách Trung Quốc Giỏ tre Tự nhiên Dệt Giỏ bánh trung thu Hộp đóng gói lễ hội Thanh lịch Giỏ Dã Ngoại Lễ hội trung thu,3167362571_VNAMZ,No Brand,https://sg-test-11.slatic.net/p/b72905c15b71a491d81d0eceb05d4b37.jpg,,//www.lazada.vn/products/pdp-i3167362571.html
816,RFHSFGED Phong cách Trung Quốc Giỏ tre Cổ điển Tự nhiên Hộp bánh trung thu Hộp đóng gói lễ hội Dệt Giỏ đựng bánh mì Lễ hội trung thu,3167297719_VNAMZ,No Brand,https://sg-test-11.slatic.net/p/454dcaa0c7e4999f383d630a077b2031.jpg,,//www.lazada.vn/products/pdp-i3167297719.html
817,PPRVAU Phong cách Trung Quốc Giỏ tre Hai Lớp Tự nhiên Giỏ bánh trung thu Giỏ trái cây Có Nắp Giỏ đựng trứng Bánh Trung Thu zongzi hạt,3167398337_VNAMZ,No Brand,https://sg-test-11.slatic.net/p/d3f3af17b1af0fbd87d7904674e7efd1.jpg,,//www.lazada.vn/products/pdp-i3167398337.html
818,MING1996 Phong cách Trung Quốc Hộp quà trung thu 6/8 lưới Cao cấp Hộp đóng gói giòn lòng đỏ trứng Hộp di động Sang trọng Hộp bánh trung thu Tặng quà,3167419175_VNAMZ,No Brand,https://sg-test-11.slatic.net/p/49cea9b8ccf217cc9e0ea712ea303680.jpg,,//www.lazada.vn/products/pdp-i3167419175.html
819,KUPJBZ 12 hạt Hộp quà tặng lễ hội trung thu Hộp rỗng Phong cách Trung Quốc Hộp bánh trung thu di động Sáng tạo Sang trọng Hộp bánh trung thu Tặng quà,3166390660_VNAMZ,No Brand,https://sg-test-11.slatic.net/p/4f24db7975571c36fc80a8502ff532d6.jpg,,//www.lazada.vn/products/pdp-i3166390660.html
820,RIUYT 5 Set Phong cách Trung Quốc Hộp quà trung thu 6/8 lưới Sang trọng Hộp bánh trung thu Hộp đựng Hộp rỗng Hộp quà giòn lòng đỏ trứng Tặng quà,3166316891_VNAMZ,No Brand,https://sg-test-11.slatic.net/p/01612285664fb94e76c449500f577eee.jpg,,//www.lazada.vn/products/pdp-i3166316891.html
821,Mẫu 3 con Đông Trùng Hạ Thảo Tây Tạng cao cấp size 5 - Thích hợp dùng thử hoặc test thử chất lượng,2385866869_VNAMZ,No Brand,https://vn-live-01.slatic.net/p/987d9665f6b7c23ed63a7e3fb38f82b2.jpg,,//www.lazada.vn/products/pdp-i2385866869.html
822,XAVINU 100pcs Phong cách Trung Quốc Túi đóng gói bánh trung thu Nhựa Cấp thực phẩm Máy hàn túi Chống ẩm Chống ẩm Túi đóng gói bánh quy Lễ hội mùa thu giữa năm,3167384481_VNAMZ,No Brand,https://sg-test-11.slatic.net/p/464d1ad38fcb879333334ef64d1e1724.jpg,,//www.lazada.vn/products/pdp-i3167384481.html
823,LOPU Phong cách Trung Quốc Hộp quà đóng gói bánh trung thu Dễ thương Thỏ Hộp chiên lòng đỏ trứng Hộp di động 6 ô Hộp bánh trung thu Quà Tặng Lễ hội trung thu,3167782728_VNAMZ,No Brand,https://sg-test-11.slatic.net/p/9cb13872899af9690c840c5e9d2adbe9.jpg,,//www.lazada.vn/products/pdp-i3167782728.html
824,DFHSFGER Phong cách Trung Quốc Hộp quà tặng lễ hội trung thu Sang trọng 12 hạt Hộp bánh trung thu Sáng tạo Hộp rỗng Hộp đóng gói giòn lòng đỏ trứng Tặng quà,3167416215_VNAMZ,No Brand,https://sg-test-11.slatic.net/p/af398ae9694d849e3b4911c77973e904.jpg,,//www.lazada.vn/products/pdp-i3167416215.html
825,Y7RAN7 100pcs Nhựa Túi đóng gói bánh trung thu Chống ẩm Mờ Túi đóng gói bánh quy Chống ẩm Bán trong suốt Túi dán tự dính Lễ hội mùa thu giữa năm,3167339731_VNAMZ,No Brand,https://sg-test-11.slatic.net/p/2609ff02a0279d95763d53a7568e41f2.jpg,,//www.lazada.vn/products/pdp-i3167339731.html
826,KISSCAT Hai Lớp Giỏ tre Tự nhiên Phong cách Trung Quốc Giỏ đựng trứng Giỏ trái cây Dệt Giỏ đựng bánh mì Bánh Trung Thu zongzi hạt,3167423123_VNAMZ,No Brand,https://sg-test-11.slatic.net/p/e4f1097c4cfe99edabc050a5dfea4634.jpg,,//www.lazada.vn/products/pdp-i3167423123.html
827,DUGDS 50pcs Trong suốt Hộp bánh trung thu Hình vuông 50/80//100g. Hộp lưu trữ bánh quy kín Đa chức năng Nhựa Hộp bánh cupcake Trưng bày bánh ngọt,3167432106_VNAMZ,No Brand,https://sg-test-11.slatic.net/p/60012fea1989a7bd33c71441bc248a5c.png,,//www.lazada.vn/products/pdp-i3167432106.html
828,"Bộ khuôn trung thu lò xo LÂN 1 mặt 1 nhấn 75g, 150g",1839857412_VNAMZ,No Brand,https://filebroker-cdn.lazada.vn/kf/See15a4fa572c4a9fa5a9af23fa0ed3e6G.jpg,,//www.lazada.vn/products/pdp-i1839857412.html
829,OQEWPI 5 Set Phong cách Trung Quốc Hộp quà trung thu 6/8 lưới Sang trọng Hộp quà giòn lòng đỏ trứng Hộp đựng Hộp rỗng Hộp đóng gói bánh ngọt Tặng quà,3166388690_VNAMZ,No Brand,https://sg-test-11.slatic.net/p/c5ca6f76c3c97ae5712a8815c62dce93.jpg,,//www.lazada.vn/products/pdp-i3166388690.html
830,CHAOSON 5 Set Phong cách Trung Quốc Hộp quà trung thu 6/8 lưới Sang trọng Hộp bánh trung thu Hộp di động Thỏ Hộp đóng gói bánh ngọt Tặng quà,3167217401_VNAMZ,No Brand,https://sg-test-11.slatic.net/p/a312c0ac08666666888c733140c48be0.jpg,,//www.lazada.vn/products/pdp-i3167217401.html
831,WSO4734 5 Set 6/8 lưới Hộp quà trung thu Sang trọng Phong cách Trung Quốc Hộp quà giòn lòng đỏ trứng Hộp bánh trung thu Thỏ Hộp đóng gói bánh ngọt Tặng quà,3167385461_VNAMZ,No Brand,https://sg-test-11.slatic.net/p/8a2e69e982fbebb9f57271ffcc03a803.jpg,,//www.lazada.vn/products/pdp-i3167385461.html
832,TWCEJE168 6/8 lưới Hộp quà trung thu Phong cách Trung Quốc Cao cấp Hộp đóng gói giòn lòng đỏ trứng Hộp bánh trung thu Sang trọng Hộp bánh trung thu Tặng quà,3167387395_VNAMZ,No Brand,https://sg-test-11.slatic.net/p/531ef2b3089dfe4608fa870976576b0e.jpg,,//www.lazada.vn/products/pdp-i3167387395.html
833,J2UQR3 6/8 lưới Hộp quà trung thu Phong cách Trung Quốc Cao cấp Hộp đóng gói giòn lòng đỏ trứng Hộp bánh trung thu Hộp rỗng Hộp bánh trung thu Tặng quà,3167338899_VNAMZ,No Brand,https://sg-test-11.slatic.net/p/3539aa386800b5507031605c5ea39098.jpg,,//www.lazada.vn/products/pdp-i3167338899.html
834,CRICUSD Phong cách Trung Quốc Hộp quà tặng lễ hội trung thu 12 hạt Hộp rỗng Hộp bánh trung thu Sáng tạo Sang trọng Hộp đóng gói giòn lòng đỏ trứng Tặng quà,3167377447_VNAMZ,No Brand,https://sg-test-11.slatic.net/p/30b202b7c12ac2653992b733e00842f2.jpg,,//www.lazada.vn/products/pdp-i3167377447.html
835,IIE 50pcs Trong suốt Hộp bánh trung thu Hình vuông 50/80//100g. Hộp lưu trữ bánh quy kín Hộ gia đình Nhựa Hộp bánh cupcake Trưng bày bánh ngọt,3167399378_VNAMZ,No Brand,https://sg-test-11.slatic.net/p/99636a214956314f22d8c5204e12e263.png,,//www.lazada.vn/products/pdp-i3167399378.html
836,CHAOSON 12 hạt Hộp quà tặng lễ hội trung thu Phong cách Trung Quốc Hộp rỗng Hộp đóng gói giòn lòng đỏ trứng Hộp đựng Sang trọng Hộp bánh trung thu Tặng quà,3167314017_VNAMZ,No Brand,https://sg-test-11.slatic.net/p/cb729858d8e11c1031362c50a2c7e919.jpg,,//www.lazada.vn/products/pdp-i3167314017.html
837,CEMOMEF Hai Lớp Giỏ tre Phong cách Trung Quốc Tự nhiên Giỏ bánh trung thu Hộp thực phẩm Có Nắp Giỏ đựng bánh mì Bánh Trung Thu zongzi hạt,3167299674_VNAMZ,No Brand,https://sg-test-11.slatic.net/p/1a9dd76d519bd6279e58489c15512560.jpg,,//www.lazada.vn/products/pdp-i3167299674.html
838,DSFZC Phong cách Trung Quốc Hộp quà trung thu Cao cấp 6/8 lưới Hộp đóng gói giòn lòng đỏ trứng Hộp di động Hộp rỗng Hộp bánh trung thu Tặng quà,3166385004_VNAMZ,No Brand,https://sg-test-11.slatic.net/p/0e2512060d00ea610cca730ced440d42.jpg,,//www.lazada.vn/products/pdp-i3166385004.html
839,Phụ Kiện Tóc Trung Thu Trung Thu Phụ Kiện Trang Trí Đầu Dễ Thương Thỏ Ngọc Hoa Cúc Bánh Trung Thu Kẹp Tóc Đôi Kẹp Nhỏ Tua Rua,2969609394_VNAMZ,No Brand,https://filebroker-cdn.lazada.vn/kf/S90f6d7f604c542429ad702e0a7d00c2ea.jpg,,//www.lazada.vn/products/pdp-i2969609394.html
840,YOUSHI TOP Phong cách Trung Quốc Hộp quà đóng gói bánh trung thu Dễ thương Thỏ Hộp chiên lòng đỏ trứng Hộp bánh trung thu Thủ công Hộp bánh trung thu Quà Tặng Lễ hội trung thu,3162947929_VNAMZ,YOUSHI TOP,https://sg-test-11.slatic.net/p/6cc69e5238d8a021c062bf2fe27d691e.jpg,,//www.lazada.vn/products/pdp-i3162947929.html
841,Quà Tặng Ngày Qưng Trung Bánh Trung Thu Hoa Giả Cảm Ơn Cô Dâu Quà Tặng Cho Người Lớn Tuổi Vase Hoa Phong Cách Hiện Đại Trang Trí Nhà,2966004604_VNAMZ,No Brand,https://filebroker-cdn.lazada.vn/kf/S501b5b287f8a456093c49d3b7a54eca3n.jpg,,//www.lazada.vn/products/pdp-i2966004604.html
842,BIGCOUSIN 100pcs Nhựa Túi đóng gói bánh trung thu Chống ẩm Cấp thực phẩm Máy hàn túi Túi thực phẩm Phong cách Trung Quốc Túi đóng gói bánh quy Lễ hội mùa thu giữa năm,3167353568_VNAMZ,No Brand,https://sg-test-11.slatic.net/p/78e38d9da4a77a68aa5d18dbc7301d20.jpg,,//www.lazada.vn/products/pdp-i3167353568.html
843,HCHC Giấy kraft Hộp bánh trung thu Lễ hội trung thu 8 ô Thủ công Hộp quà Bánh Trung Thu Món tráng miệng Trung Quốc Túi xách Hộp đóng gói Lễ hội,3167349158_VNAMZ,No Brand,https://sg-test-11.slatic.net/p/cc7d556e80ced35b4bae73147704a6d9.jpg,,//www.lazada.vn/products/pdp-i3167349158.html
844,Bộ Trang Trí Bong Bóng Màng Nhôm Trung Thu Hình Mặt Trăng Thỏ Mây Hình Dạng Bánh Trung Thu Trang Trí Cửa Hàng Lễ Hội,3161651675_VNAMZ,No Brand,https://filebroker-cdn.lazada.vn/kf/Sa1c8a8dd0ee34ce69ed1e455e68facd4d.png,,//www.lazada.vn/products/pdp-i3161651675.html
845,JUN27- Khuôn bánh trung thu- 3 kiểu (150Gr -180Gr),2005266139_VNAMZ,No Brand,https://filebroker-cdn.lazada.vn/kf/Sf267f34093bc41c285b11cc900a78ea8y.jpg,,//www.lazada.vn/products/pdp-i2005266139.html
846,PUREGLOW 100pcs Phong cách Trung Quốc Túi đóng gói bánh trung thu Cấp thực phẩm Nhựa Túi đóng gói bánh quy Túi thực phẩm Chống ẩm Máy hàn túi Lễ hội mùa thu giữa năm,3167380480_VNAMZ,No Brand,https://sg-test-11.slatic.net/p/5aeec3b0ca8b8fd68a2da4a07c7c9bb4.jpg,,//www.lazada.vn/products/pdp-i3167380480.html
847,MITULI 50pcs 50/80//100g. Hộp bánh trung thu Trong suốt Nhựa Hộp đựng bánh muffin Đa chức năng Hình vuông Hộp lưu trữ bánh quy kín Trưng bày bánh ngọt,3167326471_VNAMZ,No Brand,https://sg-test-11.slatic.net/p/102e7fccf62bd9d671df1f37dd5ef662.jpg,,//www.lazada.vn/products/pdp-i3167326471.html
848,OOC 100pcs Nhựa Túi đóng gói bánh trung thu Mờ Chống ẩm Túi dán tự dính Chống ẩm Cấp thực phẩm Túi đóng gói bánh quy Lễ hội mùa thu giữa năm,3167399372_VNAMZ,No Brand,https://sg-test-11.slatic.net/p/6440de6546c73cbf0837747aeac4ffb0.jpg,,//www.lazada.vn/products/pdp-i3167399372.html
849,IIU Tự nhiên Giỏ tre Phong cách Trung Quốc Dệt Giỏ bánh trung thu Hộp đóng gói lễ hội Thanh lịch Giỏ Dã Ngoại Lễ hội trung thu,3167365538_VNAMZ,No Brand,https://sg-test-11.slatic.net/p/2a90b49e2e8c73a206a86d12df03114f.png,,//www.lazada.vn/products/pdp-i3167365538.html
850,"Máy cán bột làm bánh bao, bánh trung thu, piza fkm200",1953994793_VNAMZ,No Brand,https://vn-live-01.slatic.net/p/06709ab8e339463c78453a97a7d4765c.jpg,,//www.lazada.vn/products/pdp-i1953994793.html
851,"Bàn Bi a Mini Cỡ Lớn, Bàn Bi Da 6 lỗ Người Lớn, Bàn Bi Da Cho Bé, Giúp Bé Thông Minh, Giải Trí Sau Những Giờ Học Căng Thẳng, Sản Phẩm Trí Tuệ được Bán Tại Gia Dụng Minh Phát. - ALLDA",2561218100_VNAMZ,ALLDA,https://sg-test-11.slatic.net/p/ad8f3615d38ea70dec5cc37dad6f629c.jpg,,//www.lazada.vn/products/pdp-i2561218100.html
852,"Bàn Bi a Mini Cỡ Lớn, Bàn Bi Da 6 lỗ Người Lớn, Bàn Bi Da Cho Bé, Giúp Bé Thông Minh, Giải Trí Sau Những Giờ Học Căng Thẳng, Sản Phẩm Trí Tuệ được Bán Tại Gia Dụng Minh Phát. - ASHAKI",2525395650_VNAMZ,Ashaki,https://sg-test-11.slatic.net/p/3c22346d0137bafe33cedd5e16d2a845.jpg,,//www.lazada.vn/products/pdp-i2525395650.html
853,"Bàn Bi a Mini Cỡ Lớn, Bàn Bi Da 6 lỗ Người Lớn, Bàn Bi Da Cho Bé, Giúp Bé Thông Minh, Giải Trí Sau Những Giờ Học Căng Thẳng, Sản Phẩm Trí Tuệ được Bán Tại Gia Dụng Minh Phát. - Kalpen",2521328256_VNAMZ,kalpen,https://vn-test-11.slatic.net/p/b96ec38891f9aea91f5a229d97eec7bf.png,,//www.lazada.vn/products/pdp-i2521328256.html
854,Khuôn trung thu lò xo 150g 1 mặt múa lân,2318355265_VNAMZ,OEM,https://vn-live-01.slatic.net/p/c60f9fc72379c237140601d9dbcd5605.jpg,,//www.lazada.vn/products/pdp-i2318355265.html
855,Khuôn trung thu lò xo mẫu hoa chim 4 mặt 200g,1969237952_VNAMZ,No Brand,https://filebroker-cdn.lazada.vn/kf/S6d7086cf72cd44899dbd1473009a1768c.jpg,,//www.lazada.vn/products/pdp-i1969237952.html
856,Mứt Sen Huế Việt Hương,362922075_VNAMZ,No Brand,https://vn-live-01.slatic.net/p/a2a572b7939f3794d8ee886188bfdd25.jpg,,//www.lazada.vn/products/pdp-i362922075.html
857,Khuôn trung thu 4 mặt vuông hoa hồng 150g | 200g,2318314513_VNAMZ,OEM,https://vn-live-01.slatic.net/p/dec2b74fa2523107eebf6ad103f78c88.jpg,,//www.lazada.vn/products/pdp-i2318314513.html
858,"Trung Thu 4 mặt VÂN HOA Hướng Dương, Hoa Đồng Tiền, Hoa Văn Phong thuỷ... Khuôn Bánh nhấn lò xo tạo hình 3D Siêu Sắc. Đồ Gia Dụng nhà bếp pha chế làm bánh nguyên liệu làm bánh Truyền thống TIỆN LỢI 250gr/ 200gr/ 150gram",631530772_VNAMZ,No Brand,https://vn-live-01.slatic.net/p/1d99516ae573b17cd6191dfb4923f07d.jpg,,//www.lazada.vn/products/pdp-i631530772.html
859,Khuôn trung thu lò xo cẩm tú cầu sen tháp 150g,1934432623_VNAMZ,No Brand,https://filebroker-cdn.lazada.vn/kf/S1a9a489aee214bed8f2448b3f7d4036ae.jpg,,//www.lazada.vn/products/pdp-i1934432623.html
860,Bộ 4 Khuôn Rau Câu Hình Bánh Trung Thu- Nhựa Vĩnh Trường,2017586001_VNAMZ,No Brand,https://vn-live-01.slatic.net/original/9b2758edf9ceb85cd9ffa3263f889f31.jpg,,//www.lazada.vn/products/pdp-i2017586001.html
861,"[FReeShip] Cao Hà Thủ Ô Chuẩn , Từ Củ Hà Thủ ÔĐỏ Cao Mềm Dễ Uống Của Nhà Thảo Dược Vùng Cao",2647020111_VNAMZ,No Brand,https://sg-test-11.slatic.net/p/4f2353f8434bcee24fba0787e96b4c95.jpg,,//www.lazada.vn/products/pdp-i2647020111.html
862,Khuôn trung thu lò xo 4 mặt vuông 200-250gram,1930679930_VNAMZ,No Brand,https://filebroker-cdn.lazada.vn/kf/S728b94025b844e5096c1018e830049e4M.jpg,,//www.lazada.vn/products/pdp-i1930679930.html
863,Bánh thưởng cho chó Funny U gói 100gr - Đồ ăn vặt cho thú cưng gặm nhấm từ thịt và sữa bổ sung dinh dưỡng,2842347308_VNAMZ,No Brand,https://vn-live-01.slatic.net/p/67dd74c9d3170f2f4af34264ed021c2b.jpg,,//www.lazada.vn/products/pdp-i2842347308.html
864,MIRACLE HOME STORE Phong cách Trung Quốc Hộp quà tặng lễ hội trung thu Sang trọng 12 hạt Hộp đóng gói giòn lòng đỏ trứng Hộp đựng Hộp rỗng Hộp bánh trung thu di động Tặng quà,3165830734_VNAMZ,No Brand,https://sg-test-11.slatic.net/p/0a5e11c44edfbe7d6270ae9b903217d9.jpg,,//www.lazada.vn/products/pdp-i3165830734.html
865,Khuôn trung thu 200g - 250g 4 mặt hoa hồng,1998738207_VNAMZ,No Brand,https://vn-live-01.slatic.net/p/c51c36028e619ec3372089a92be48127.jpg,,//www.lazada.vn/products/pdp-i1998738207.html
866,SDFHSFGA Phong cách Trung Quốc Giỏ tre Hai Lớp Tự nhiên Giỏ bánh trung thu Hộp đựng bánh mì Cầm tay Giỏ đựng bánh mì Bánh Trung Thu zongzi hạt,3167375001_VNAMZ,No Brand,https://sg-test-11.slatic.net/p/939a0a64a0426d7eb1e547f023460917.jpg,,//www.lazada.vn/products/pdp-i3167375001.html
867,"Viên đông trùng hạ thảo hàn quốc thượng hạng hộp gỗ 30 viên - Tăng thể lực, ổn định huyết áp, phòng ung thư - tranglinh",2060413544_VNAMZ,Korea Ginseng,https://vn-live-01.slatic.net/p/aa7bd74714474a3c969bbe0339c4dc24.jpg,,//www.lazada.vn/products/pdp-i2060413544.html
868,BABYBANG Phong cách Trung Quốc Giỏ tre Dệt Tự nhiên Giỏ đựng trứng Hộp đựng bánh mì Có Nắp Giỏ bánh trung thu Lễ hội trung thu,3167279831_VNAMZ,No Brand,https://sg-test-11.slatic.net/p/905c8b61abca5db8bca2b9c06eb1a6dc.jpg,,//www.lazada.vn/products/pdp-i3167279831.html
869,Khuôn trung thu 125g 4 mặt hoa hồng chùm hướng dương mẫu đơn hoa ly,1886243818_VNAMZ,No Brand,https://vn-live-01.slatic.net/p/32ff801c79de9a986da522ad5a724be5.jpg,,//www.lazada.vn/products/pdp-i1886243818.html
870,DELICACY 5 Set 6/8 lưới Hộp quà trung thu Sang trọng Phong cách Trung Quốc Hộp quà giòn lòng đỏ trứng Hộp đựng Thỏ Hộp bánh trung thu Tặng quà,3167369472_VNAMZ,No Brand,https://sg-test-11.slatic.net/p/4abd4616d338f306db5ce3859a8e89b5.jpg,,//www.lazada.vn/products/pdp-i3167369472.html
871,MZP Phong cách Trung Quốc Hộp quà tặng lễ hội trung thu 12 hạt Sang trọng Hộp đóng gói giòn lòng đỏ trứng Hộp đựng Hộp rỗng Hộp bánh trung thu di động Tặng quà,3167368490_VNAMZ,No Brand,https://sg-test-11.slatic.net/p/520fb664900c8d25e7564f32cd0482d3.jpg,,//www.lazada.vn/products/pdp-i3167368490.html
872,Khuôn trung thu nhận tròn sen tầng 150g | 200g | 250g | 300g,2318200853_VNAMZ,OEM,https://vn-live-01.slatic.net/p/9013b4a526b2c410be4844d99c0b8f5f.jpg,,//www.lazada.vn/products/pdp-i2318200853.html
873,VBGG 100pcs Nhựa Túi đóng gói bánh trung thu Chống ẩm Mờ Túi dán tự dính Chống ẩm Bán trong suốt Túi quà thủ công Lễ hội mùa thu giữa năm,3167377473_VNAMZ,No Brand,https://sg-test-11.slatic.net/p/8aa10083df282f60529b64924537ec14.jpg,,//www.lazada.vn/products/pdp-i3167377473.html
874,UNQCSA 5 Set Phong cách Trung Quốc Hộp quà trung thu 6/8 lưới Sang trọng Hộp quà giòn lòng đỏ trứng Hộp đựng Thỏ Hộp đóng gói bánh ngọt Tặng quà,3166482977_VNAMZ,No Brand,https://sg-test-11.slatic.net/p/27992405eb4bc64f3ef6255b61ce6c58.jpg,,//www.lazada.vn/products/pdp-i3166482977.html
875,LOPU Hai Lớp Giỏ tre Tự nhiên Phong cách Trung Quốc Giỏ đựng trứng Hộp đựng bánh mì Dệt Giỏ Dã Ngoại Bánh Trung Thu zongzi hạt,3167809635_VNAMZ,No Brand,https://sg-test-11.slatic.net/p/b1a87e064443102a875d16afae2810b7.jpg,,//www.lazada.vn/products/pdp-i3167809635.html
876,CRICUSD Hai Lớp Giỏ tre Phong cách Trung Quốc Tự nhiên Giỏ bánh trung thu Hộp đóng gói lễ hội Có Nắp Giỏ Dã Ngoại Bánh Trung Thu zongzi hạt,3167379425_VNAMZ,No Brand,https://sg-test-11.slatic.net/p/f92555c5adf7df21b9aa5ed30ffeb2a5.jpg,,//www.lazada.vn/products/pdp-i3167379425.html
877,DMEE 100pcs Phong cách Trung Quốc Túi đóng gói bánh trung thu Chống ẩm Nhựa Máy hàn túi Chống ẩm Cấp thực phẩm Túi đóng gói bánh quy Lễ hội mùa thu giữa năm,3168274665_VNAMZ,No Brand,https://sg-test-11.slatic.net/p/c92c754309c9fa9e650d3b1c3d567f50.jpg,,//www.lazada.vn/products/pdp-i3168274665.html
878,GJURD Phong cách Trung Quốc Giỏ tre Tự nhiên Hai Lớp Giỏ bánh trung thu Hộp đựng bánh mì Có Nắp Giỏ Dã Ngoại Bánh Trung Thu zongzi hạt,3167363519_VNAMZ,No Brand,https://sg-test-11.slatic.net/p/86cb5df26badcd466652c2d3a86f3a42.jpg,,//www.lazada.vn/products/pdp-i3167363519.html
879,JVKISX Phong cách Trung Quốc Hộp quà trung thu 6/8 lưới Cao cấp Hộp bánh trung thu Hộp di động Hộp rỗng Hộp đóng gói giòn lòng đỏ trứng Tặng quà,3167392376_VNAMZ,No Brand,https://sg-test-11.slatic.net/p/9e05e67d2685dd799724f513835b40f8.jpg,,//www.lazada.vn/products/pdp-i3167392376.html
880,WSRYHDFE PU Bánh Trung Thu mô phỏng Mềm Vuông/Tròn Chế độ bánh trung thu Sáng Tạo Trang trí Trang trí thực phẩm cửa sổ Giữa Mùa Thu Dành cho gia đình,3167357595_VNAMZ,No Brand,https://sg-test-11.slatic.net/p/470ce98df1aa6e5a44cf1921260a7d06.jpg,,//www.lazada.vn/products/pdp-i3167357595.html
881,Hộp Đựng Tráng Miệng Trung Thu 6 Quả Trái Cây Đỏ May Mắn Hộp Quà Tặng Bánh Mứt Phô Mai Kiểu Trung Hoa Truyền Thống Hộp Đựng Bánh Mứt Tay Cầm,3005440856_VNAMZ,No Brand,https://filebroker-cdn.lazada.vn/kf/S5345381088924317a10c1c36361d4008P.jpg,,//www.lazada.vn/products/pdp-i3005440856.html
882,TWCEJE168 PU Bánh Trung Thu mô phỏng Vuông/Tròn Trang trí Trang trí thực phẩm cửa sổ Giữa Mùa Thu Đạo cụ chụp ảnh Mềm Chế độ bánh trung thu Dành cho gia đình,3167345717_VNAMZ,No Brand,https://sg-test-11.slatic.net/p/bbb6005bd427d55339efa490245474cf.jpg,,//www.lazada.vn/products/pdp-i3167345717.html
883,NCNC 100pcs Nhựa Túi đóng gói bánh trung thu Chống ẩm Mờ Túi dán tự dính Túi thực phẩm Cấp thực phẩm Túi đóng gói bánh quy Lễ hội mùa thu giữa năm,3167806686_VNAMZ,NCNC,https://sg-test-11.slatic.net/p/9c31c2a883edaa016437b1f462e82227.jpg,,//www.lazada.vn/products/pdp-i3167806686.html
884,B3D1 Dễ thương Hộp quà đóng gói bánh trung thu Phong cách Trung Quốc Thỏ Hộp chiên lòng đỏ trứng Hộp di động Thủ công Hộp bánh trung thu Quà Tặng Lễ hội trung thu,3167313728_VNAMZ,No Brand,https://sg-test-11.slatic.net/p/af73525af7b7296654b1cbe8d8786af1.jpg,,//www.lazada.vn/products/pdp-i3167313728.html
885,DSIUY 50pcs 50/80//100g. Hộp bánh trung thu Trong suốt Hình vuông Hộp lưu trữ bánh quy kín Hộp bảo quản thực phẩm Nhựa Hộp đựng bánh muffin Trưng bày bánh ngọt,3167423187_VNAMZ,No Brand,https://sg-test-11.slatic.net/p/69d8db73d62d986d50b351bdc3741c67.jpg,,//www.lazada.vn/products/pdp-i3167423187.html
886,MING1996 PU Bánh Trung Thu mô phỏng Vuông/Tròn Mềm Chế độ bánh trung thu Đạo cụ chụp ảnh Trang trí Trang trí thực phẩm cửa sổ Giữa Mùa Thu Dành cho gia đình,3167407251_VNAMZ,No Brand,https://sg-test-11.slatic.net/p/718a9ec9f3f70403e700b0522e61cf37.jpg,,//www.lazada.vn/products/pdp-i3167407251.html
887,GJNGJNGG 100pcs Mờ Túi đóng gói bánh trung thu Chống ẩm Nhựa Túi quà thủ công Túi thực phẩm Bán trong suốt Túi đóng gói bánh quy Lễ hội mùa thu giữa năm,3167427108_VNAMZ,No Brand,https://sg-test-11.slatic.net/p/388fe6041759dfd2bfe124b1db639b7a.jpg,,//www.lazada.vn/products/pdp-i3167427108.html
888,FDHT 50pcs Trong suốt Hộp bánh trung thu 50/80//100g. Nhựa Hộp lưu trữ bánh quy kín Hộp bảo quản thực phẩm Hình vuông Hộp đựng bánh muffin Trưng bày bánh ngọt,3167415251_VNAMZ,No Brand,https://sg-test-11.slatic.net/p/245df2435a155a77441d1e4b556dff94.png,,//www.lazada.vn/products/pdp-i3167415251.html
889,B3D1 Phong cách Trung Quốc Giỏ tre Cổ điển Tự nhiên Giỏ đựng bánh mì Hộp đựng bánh mì Cầm tay Giỏ Dã Ngoại Lễ hội trung thu,3167375011_VNAMZ,No Brand,https://sg-test-11.slatic.net/p/0221ecd5c2e593a5ad68f3aeef7680c2.jpg,,//www.lazada.vn/products/pdp-i3167375011.html
890,MZP Phong cách Trung Quốc Giỏ tre Hai Lớp Tự nhiên Giỏ đựng trứng Hộp thực phẩm Cầm tay Giỏ Dã Ngoại Bánh Trung Thu zongzi hạt,3167338906_VNAMZ,No Brand,https://sg-test-11.slatic.net/p/f2b2ac567299e06157a34d3a2b55dbec.jpg,,//www.lazada.vn/products/pdp-i3167338906.html
891,Y7RAN7 Phong cách Trung Quốc Giỏ tre Tự nhiên Dệt Giỏ đựng trứng Hộp đựng bánh mì Cầm tay Giỏ Dã Ngoại Lễ hội trung thu,3167363569_VNAMZ,No Brand,https://sg-test-11.slatic.net/p/a460c4dccb721e660a703ad83ac28d2c.jpg,,//www.lazada.vn/products/pdp-i3167363569.html
892,G23UW Tự nhiên Giỏ tre Dệt Phong cách Trung Quốc Giỏ đựng trứng Hộp đựng bánh mì Cầm tay Giỏ Dã Ngoại Lễ hội trung thu,3167359541_VNAMZ,No Brand,https://sg-test-11.slatic.net/p/c6b2e4a611ba2d0fa49caef47ef523ed.jpg,,//www.lazada.vn/products/pdp-i3167359541.html
893,MITULI Phong cách Trung Quốc Giỏ tre Tự nhiên Dệt Giỏ bánh trung thu Hộp đựng bánh mì Có Nắp Giỏ đựng bánh mì Lễ hội trung thu,3167216995_VNAMZ,No Brand,https://sg-test-11.slatic.net/p/3c9366ebec761d98cccec8d129d1f363.jpg,,//www.lazada.vn/products/pdp-i3167216995.html
894,8GJGR Phong cách Trung Quốc Hộp quà tặng lễ hội trung thu Sang trọng 12 hạt Hộp đóng gói giòn lòng đỏ trứng Hộp đựng Hộp rỗng Hộp bánh trung thu Tặng quà,3167393365_VNAMZ,No Brand,https://sg-test-11.slatic.net/p/d02983d92c0702b30e0622f25483fa78.jpg,,//www.lazada.vn/products/pdp-i3167393365.html
895,TCHIRR Phong cách Trung Quốc Hộp quà trung thu Cao cấp 6/8 lưới Hộp bánh trung thu Hộp di động Hộp rỗng Hộp đóng gói giòn lòng đỏ trứng Tặng quà,3167415274_VNAMZ,No Brand,https://sg-test-11.slatic.net/p/006a6ad3e0b4f2925fa25a0acd4e6fca.jpg,,//www.lazada.vn/products/pdp-i3167415274.html
896,ECFRDR Phong cách Trung Quốc Hộp quà trung thu 6/8 lưới Cao cấp Hộp đóng gói giòn lòng đỏ trứng Hộp đựng Hộp rỗng Hộp bánh trung thu Tặng quà,3167406250_VNAMZ,No Brand,https://sg-test-11.slatic.net/p/d8342a0ee6e1f9bcfc6db68b5317b082.jpg,,//www.lazada.vn/products/pdp-i3167406250.html
897,Phụ Kiện Tóc Trung Thu Thỏ Bánh Trung Thu Phong Cách Trung Hoa Ngọc Trai Tua Rua Cặp Kẹp Tóc Cho Trẻ Em Phụ Kiện Tóc Truyền Thống Hanfu,2969561590_VNAMZ,No Brand,https://filebroker-cdn.lazada.vn/kf/S31db2eea2da641e59367c705ae1a5d3eV.jpg,,//www.lazada.vn/products/pdp-i2969561590.html
898,DFYER56 100pcs Nhựa Túi đóng gói bánh trung thu Chống ẩm Cấp thực phẩm Túi đóng gói bánh quy Túi nướng Phong cách Trung Quốc Túi quà thủ công Lễ hội mùa thu giữa năm,3167369501_VNAMZ,No Brand,https://sg-test-11.slatic.net/p/2b6c094d488a2551703730784c5e067e.jpg,,//www.lazada.vn/products/pdp-i3167369501.html
899,JDTYJDT 100pcs Nhựa Túi đóng gói bánh trung thu Phong cách Trung Quốc Chống ẩm Túi quà thủ công Chống ẩm Cấp thực phẩm Túi đóng gói bánh quy Lễ hội mùa thu giữa năm,3167872128_VNAMZ,No Brand,https://sg-test-11.slatic.net/p/b947b767ae408d2fc5bd44258e901d66.jpg,,//www.lazada.vn/products/pdp-i3167872128.html
900,SHUI70300 Phong cách Trung Quốc Hộp quà trung thu Cao cấp 6/8 lưới Hộp đóng gói giòn lòng đỏ trứng Hộp đựng Sang trọng Hộp bánh trung thu Tặng quà,3167394315_VNAMZ,No Brand,https://sg-test-11.slatic.net/p/c48864d665a761e7edd90ba0b5e1852a.jpg,,//www.lazada.vn/products/pdp-i3167394315.html
901,Khuôn trung thu 200g 4 mặt tròn cá koi lá sen,1886238930_VNAMZ,No Brand,https://vn-live-01.slatic.net/p/5bdefa3fbd37e37af6f1bfe22cdc0621.jpg,,//www.lazada.vn/products/pdp-i1886238930.html
902,HI BRO 5 Set 6/8 lưới Hộp quà trung thu Phong cách Trung Quốc Sang trọng Hộp bánh trung thu Hộp di động Thỏ Hộp quà giòn lòng đỏ trứng Tặng quà,3167304471_VNAMZ,No Brand,https://sg-test-11.slatic.net/p/dc73c6a75c5f76c3be316f59343b55e9.jpg,,//www.lazada.vn/products/pdp-i3167304471.html
903,DSFYG Phong cách Trung Quốc Giỏ tre Tự nhiên Hai Lớp Giỏ đựng trứng Hộp đựng bánh mì Có Nắp Giỏ bánh trung thu Bánh Trung Thu zongzi hạt,3167353640_VNAMZ,No Brand,https://sg-test-11.slatic.net/p/ed72d6fc8a8ffe7bfb40363749a27550.jpg,,//www.lazada.vn/products/pdp-i3167353640.html
904,T6JOB1 100pcs Nhựa Túi đóng gói bánh trung thu Mờ Chống ẩm Túi đóng gói bánh quy Túi thực phẩm Cấp thực phẩm Túi quà thủ công Lễ hội mùa thu giữa năm,3167371645_VNAMZ,No Brand,https://sg-test-11.slatic.net/p/194c283484f1d3a47f72d6e79b028836.jpg,,//www.lazada.vn/products/pdp-i3167371645.html
905,BIGCOUSIN Tự nhiên Giỏ tre Dệt Phong cách Trung Quốc Giỏ bánh trung thu Hộp đựng bánh mì Cầm tay Giỏ đựng trứng Lễ hội trung thu,3167433055_VNAMZ,No Brand,https://sg-test-11.slatic.net/p/bef80373fe44a116c8c01d2c962dfd1c.jpg,,//www.lazada.vn/products/pdp-i3167433055.html
906,"Khuôn trung thu 4 mặt tròn đôi chim, hoa hồng 150g | 200g",2318230793_VNAMZ,OEM,https://vn-live-01.slatic.net/p/e67df658cbfb7abd7c37cec7b192063f.jpg,,//www.lazada.vn/products/pdp-i2318230793.html
907,DMEE 5 Set 6/8 lưới Hộp quà trung thu Phong cách Trung Quốc Sang trọng Hộp bánh trung thu Hộp đựng Hộp rỗng Hộp quà giòn lòng đỏ trứng Tặng quà,3168226554_VNAMZ,No Brand,https://sg-test-11.slatic.net/p/6731b29fc3794c91907961c861428c28.jpg,,//www.lazada.vn/products/pdp-i3168226554.html
908,Khuôn Trung Thu Vuông 4 Mặt Cá chép-Cô Gái,2475874917_VNAMZ,No Brand,https://filebroker-cdn.lazada.vn/kf/Sab58303c168441329bb19ccd2b407114V.jpg,,//www.lazada.vn/products/pdp-i2475874917.html
909,CRICUSD Phong cách Trung Quốc Hộp quà trung thu 6/8 lưới Cao cấp Hộp bánh trung thu Hộp bánh trung thu Hộp rỗng Hộp đóng gói giòn lòng đỏ trứng Tặng quà,3167367704_VNAMZ,No Brand,https://sg-test-11.slatic.net/p/56b280b8467def9d4639fb7c322aaef7.jpg,,//www.lazada.vn/products/pdp-i3167367704.html
910,HCHC Phong cách Trung Quốc Giỏ tre Dệt Tự nhiên Giỏ bánh trung thu Hộp đựng bánh mì Có Nắp Giỏ Dã Ngoại Lễ hội trung thu,3167341278_VNAMZ,No Brand,https://sg-test-11.slatic.net/p/4391b287324735a1675841d8c7836604.jpg,,//www.lazada.vn/products/pdp-i3167341278.html
911,ECFRDR 5 Set 6/8 lưới Hộp quà trung thu Phong cách Trung Quốc Sang trọng Hộp bánh trung thu Hộp đựng Hộp rỗng Hộp quà giòn lòng đỏ trứng Tặng quà,3167355579_VNAMZ,No Brand,https://sg-test-11.slatic.net/p/5c6e129ccda62c6595f6b3935480e0a1.jpg,,//www.lazada.vn/products/pdp-i3167355579.html
912,TKNUS 5 Set Phong cách Trung Quốc Hộp quà trung thu Sang trọng 6/8 lưới Hộp đóng gói bánh ngọt Hộp đựng Hộp rỗng Hộp bánh trung thu Tặng quà,3166374246_VNAMZ,No Brand,https://sg-test-11.slatic.net/p/e42ac636aa5e498fe0529645ff96c799.jpg,,//www.lazada.vn/products/pdp-i3166374246.html
913,DFYER56 Bông xốp Đồ chơi nhồi bông hình bánh trung thu Tương tác Lễ hội trung thu Đồ chơi nhồi bông bánh trung thu Ghế Sofa Futon Thoải mái Gối hình trung thu mô phỏng 3D Đồ dùng tiệc,3167411179_VNAMZ,No Brand,https://sg-test-11.slatic.net/p/dcdaf4107d1cfcebdbc198ba8ff8cc0f.jpg,,//www.lazada.vn/products/pdp-i3167411179.html
914,HOLLYII 5 Set Phong cách Trung Quốc Hộp quà trung thu 6/8 lưới Sang trọng Hộp quà giòn lòng đỏ trứng Hộp đựng Thỏ Hộp đóng gói bánh ngọt Tặng quà,3167296310_VNAMZ,No Brand,https://sg-test-11.slatic.net/p/3d772bcaac62b462d8fc52d15fe85faa.jpg,,//www.lazada.vn/products/pdp-i3167296310.html
915,BOTHHY Hai Lớp Giỏ tre Phong cách Trung Quốc Tự nhiên Giỏ bánh trung thu Giỏ trái cây Dệt Giỏ đựng trứng Bánh Trung Thu zongzi hạt,3167372679_VNAMZ,No Brand,https://sg-test-11.slatic.net/p/ac8838005ae9c35f868c031ad866fc60.jpg,,//www.lazada.vn/products/pdp-i3167372679.html
916,LENNY Lễ hội trung thu Đồ chơi nhồi bông hình bánh trung thu Bông xốp Tương tác Đồ chơi nhồi bông bánh trung thu Ghế Sofa Futon Bộ sưu tập Gối hình trung thu mô phỏng 3D Đồ dùng tiệc,3167323474_VNAMZ,No Brand,https://sg-test-11.slatic.net/p/2fd584216810284bb92eaf2676a77ce7.jpg,,//www.lazada.vn/products/pdp-i3167323474.html
917,ZANWIT Phong cách Trung Quốc Hộp quà tặng lễ hội trung thu Sang trọng 12 hạt Hộp bánh trung thu Sáng tạo Hộp rỗng Hộp bánh trung thu di động Tặng quà,3167359579_VNAMZ,No Brand,https://sg-test-11.slatic.net/p/e64394aaa46fd673ebea2832059211b8.jpg,,//www.lazada.vn/products/pdp-i3167359579.html
918,DSFYG 100pcs Nhựa Túi đóng gói bánh trung thu Mờ Chống ẩm Túi quà thủ công Chống ẩm Bán trong suốt Túi đóng gói bánh quy Lễ hội mùa thu giữa năm,3167432077_VNAMZ,No Brand,https://sg-test-11.slatic.net/p/86b97973ae1d9ac39c7ca400f51dd148.jpg,,//www.lazada.vn/products/pdp-i3167432077.html
919,IFYHIWEF 5 Set 6/8 lưới Hộp quà trung thu Phong cách Trung Quốc Sang trọng Hộp bánh trung thu Hộp đựng Hộp rỗng Hộp đóng gói bánh ngọt Tặng quà,3167436045_VNAMZ,No Brand,https://sg-test-11.slatic.net/p/b0d68c9a6ced773fefd58e64bc28caac.jpg,,//www.lazada.vn/products/pdp-i3167436045.html
920,TRYJUV PU Bánh Trung Thu mô phỏng Mềm Trang trí Chế độ bánh trung thu Đạo cụ chụp ảnh Vuông/Tròn Trang trí thực phẩm cửa sổ Giữa Mùa Thu Dành cho gia đình,3167403324_VNAMZ,No Brand,https://sg-test-11.slatic.net/p/bffab15fa5a89140ab6f09c0faaac169.jpg,,//www.lazada.vn/products/pdp-i3167403324.html
921,BIGCOUSIN 100pcs Nhựa Túi đóng gói bánh trung thu Chống ẩm Mờ Túi đóng gói bánh quy Túi thực phẩm Bán trong suốt Túi quà thủ công Lễ hội mùa thu giữa năm,3167416191_VNAMZ,No Brand,https://sg-test-11.slatic.net/p/51ba525fffead1d6fe75ee93f5364b62.jpg,,//www.lazada.vn/products/pdp-i3167416191.html
922,UNQCSA 50pcs 50/80//100g. Hộp bánh trung thu Hình vuông Trong suốt Hộp bánh cupcake Hộ gia đình Nhựa Hộp lưu trữ bánh quy kín Trưng bày bánh ngọt,3167507756_VNAMZ,No Brand,https://sg-test-11.slatic.net/p/c9ae66ac459ff1deeb80d29ddf5cb29c.jpg,,//www.lazada.vn/products/pdp-i3167507756.html
923,B3D1 6/8 lưới Hộp quà trung thu Cao cấp Phong cách Trung Quốc Hộp bánh trung thu Hộp bánh trung thu Sang trọng Hộp đóng gói giòn lòng đỏ trứng Tặng quà,3167353145_VNAMZ,No Brand,https://sg-test-11.slatic.net/p/191ced5bec1fa87c8f311560fc4cd804.jpg,,//www.lazada.vn/products/pdp-i3167353145.html
924,UCEPRO Bông xốp Đồ chơi nhồi bông hình bánh trung thu Tương tác Lễ hội trung thu Gối hình trung thu mô phỏng 3D Đệm ghế Mềm mại Đồ chơi nhồi bông bánh trung thu Đồ dùng tiệc,3167417217_VNAMZ,No Brand,https://sg-test-11.slatic.net/p/25de58f8796b04279087e77e659b7ee3.jpg,,//www.lazada.vn/products/pdp-i3167417217.html
925,RD5BA7 100pcs Mờ Túi đóng gói bánh trung thu Nhựa Chống ẩm Túi quà thủ công Túi thực phẩm Bán trong suốt Túi dán tự dính Lễ hội mùa thu giữa năm,3167365501_VNAMZ,No Brand,https://sg-test-11.slatic.net/p/f462718f3dc91fc4533b199a6bab5fc2.jpg,,//www.lazada.vn/products/pdp-i3167365501.html
926,SKYJS Vàng 50 chiếc Quà cưới Bánh trung thu Bánh nướng xốp Trứng-lòng đỏ Puff Hộp đóng gói Hộp bánh trung thu Hộp đựng bánh cupcake Đồ dùng cho bữa tiệc lễ hội,3167809678_VNAMZ,No Brand,https://sg-test-11.slatic.net/p/1a683bab0fded386152226e85c714df3.jpg,,//www.lazada.vn/products/pdp-i3167809678.html
927,IIE Phong cách Trung Quốc Hộp quà tặng lễ hội trung thu Hộp rỗng Sang trọng Hộp đóng gói giòn lòng đỏ trứng Hộp đựng 12 hạt Hộp bánh trung thu di động Tặng quà,3167389520_VNAMZ,No Brand,https://sg-test-11.slatic.net/p/f098b482e28f459db5418c9b4c30b61b.jpg,,//www.lazada.vn/products/pdp-i3167389520.html
928,Khuôn trung thu lò xo 4 mặt đôi chim uyên ương (chọn mẫu 150g | 200g),1998677398_VNAMZ,No Brand,https://vn-live-01.slatic.net/p/08f54a9e03e9a89ebe12b3fa686938e7.jpg,,//www.lazada.vn/products/pdp-i1998677398.html
929,FDHT Bông xốp Đồ chơi nhồi bông hình bánh trung thu Lễ hội trung thu Tương tác Đồ chơi nhồi bông bánh trung thu Búp bê ngủ cho bé Bộ sưu tập Gối hình trung thu mô phỏng 3D Đồ dùng tiệc,3167372720_VNAMZ,No Brand,https://sg-test-11.slatic.net/p/87d66b97b0e924587efb2335639ee3b4.jpg,,//www.lazada.vn/products/pdp-i3167372720.html
930,ELLIER Dễ thương Hộp quà đóng gói bánh trung thu Thỏ Phong cách Trung Quốc Hộp chiên lòng đỏ trứng Hộp bánh trung thu Thủ công Hộp bánh trung thu Quà Tặng Lễ hội trung thu,3167356034_VNAMZ,No Brand,https://sg-test-11.slatic.net/p/ddd89e41b1b6265ba03a245f5da775b3.jpg,,//www.lazada.vn/products/pdp-i3167356034.html
931,UCEPRO 100pcs Nhựa Túi đóng gói bánh trung thu Mờ Chống ẩm Túi dán tự dính Túi thực phẩm Bán trong suốt Túi đóng gói bánh quy Lễ hội mùa thu giữa năm,3167431116_VNAMZ,No Brand,https://sg-test-11.slatic.net/p/93f3fbc1ce7a926af52aad17453da9cd.jpg,,//www.lazada.vn/products/pdp-i3167431116.html
932,T6JOB1 Hai Lớp Giỏ tre Tự nhiên Phong cách Trung Quốc Giỏ đựng trứng Hộp thực phẩm Dệt Giỏ đựng bánh mì Bánh Trung Thu zongzi hạt,3167351972_VNAMZ,No Brand,https://sg-test-11.slatic.net/p/6dc30bc91bba7aaca157a25c636c43fe.jpg,,//www.lazada.vn/products/pdp-i3167351972.html
933,Hộp Quà Trung Thu Cao Cấp Yến Sào Dewis Nest – Tổ Yến Nguyên Chất – Quà Tặng Sức Khỏe Ý Nghĩa Sang Trọng,3165998927_VNAMZ,DEWIS NEST,https://vn-live-01.slatic.net/p/3abe0bfd6e224e101fa9a64bf089b39d.png,,//www.lazada.vn/products/pdp-i3165998927.html
934,UCEPRO 12 hạt Hộp quà tặng lễ hội trung thu Phong cách Trung Quốc Sang trọng Hộp đóng gói giòn lòng đỏ trứng Hộp đựng Hộp rỗng Hộp bánh trung thu Tặng quà,3167358550_VNAMZ,No Brand,https://sg-test-11.slatic.net/p/23ef54f618f7e430a28e021652e6c733.jpg,,//www.lazada.vn/products/pdp-i3167358550.html
935,EODKUS Phong cách Trung Quốc Giỏ tre Tự nhiên Hai Lớp Giỏ đựng trứng Hộp đựng bánh mì Có Nắp Giỏ bánh trung thu Bánh Trung Thu zongzi hạt,3167346945_VNAMZ,No Brand,https://sg-test-11.slatic.net/p/c960f453762ca92bbf9afab50f3e3774.jpg,,//www.lazada.vn/products/pdp-i3167346945.html
936,Bánh pía thịt lạp xưởng Tân Huê Viên 400g bánh pía nhân mặn đặc sản Sóc Trăng,843286674_VNAMZ,TÂN HUÊ VIÊN,https://vn-live-01.slatic.net/p/65b5a478ef7cae461ece2e4fd102b0d4.jpg,,//www.lazada.vn/products/pdp-i843286674.html
937,DMEE Hai Lớp Giỏ tre Tự nhiên Phong cách Trung Quốc Giỏ đựng trứng Hộp đóng gói lễ hội Dệt Giỏ Dã Ngoại Bánh Trung Thu zongzi hạt,3168233337_VNAMZ,No Brand,https://sg-test-11.slatic.net/p/0a7f280716f6b220fb3f6c78f0b9e63d.jpg,,//www.lazada.vn/products/pdp-i3168233337.html
938,KLJDED 100pcs Mờ Túi đóng gói bánh trung thu Nhựa Chống ẩm Túi quà thủ công Chống ẩm Bán trong suốt Túi đóng gói bánh quy Lễ hội mùa thu giữa năm,3167194562_VNAMZ,No Brand,https://sg-test-11.slatic.net/p/4f010e45a94c496dd02f0704afae10d5.jpg,,//www.lazada.vn/products/pdp-i3167194562.html
939,GJNGJNGG 5 Set Phong cách Trung Quốc Hộp quà trung thu 6/8 lưới Sang trọng Hộp quà giòn lòng đỏ trứng Hộp bánh trung thu Hộp rỗng Hộp đóng gói bánh ngọt Tặng quà,3167404270_VNAMZ,No Brand,https://sg-test-11.slatic.net/p/38f6e56ab10b03f8d768fae004957ade.jpg,,//www.lazada.vn/products/pdp-i3167404270.html
940,DSFIF Bông xốp Đồ chơi nhồi bông hình bánh trung thu Lễ hội trung thu Tương tác Gối hình trung thu mô phỏng 3D Đệm ghế Thủ công Đồ chơi nhồi bông bánh trung thu Đồ dùng tiệc,3167374525_VNAMZ,No Brand,https://sg-test-11.slatic.net/p/deff9e8c0db6db23f45cdc5194f58f6a.jpg,,//www.lazada.vn/products/pdp-i3167374525.html
941,TRTEWWS 100pcs Nhựa Túi đóng gói bánh trung thu Chống ẩm Mờ Túi đóng gói bánh quy Túi thực phẩm Cấp thực phẩm Túi quà thủ công Lễ hội mùa thu giữa năm,3167227762_VNAMZ,No Brand,https://sg-test-11.slatic.net/p/0c1e596e9574fc6aa6b6888b4b099280.jpg,,//www.lazada.vn/products/pdp-i3167227762.html
942,RVIVWK 5 Set Phong cách Trung Quốc Hộp quà trung thu 6/8 lưới Sang trọng Hộp đóng gói bánh ngọt Hộp bánh trung thu Hộp rỗng Hộp bánh trung thu Tặng quà,3167411190_VNAMZ,No Brand,https://sg-test-11.slatic.net/p/cd17f8ed8cb842192bc0c05d5bafdd8d.jpg,,//www.lazada.vn/products/pdp-i3167411190.html
943,DSFIF 5 Set 6/8 lưới Hộp quà trung thu Phong cách Trung Quốc Sang trọng Hộp đóng gói bánh ngọt Hộp đựng Hộp rỗng Hộp bánh trung thu Tặng quà,3167415261_VNAMZ,No Brand,https://sg-test-11.slatic.net/p/5e0f7fa770fe38a745d49290e0b4b0cd.jpg,,//www.lazada.vn/products/pdp-i3167415261.html
944,T6JOB1 5 Set Phong cách Trung Quốc Hộp quà trung thu 6/8 lưới Sang trọng Hộp quà giòn lòng đỏ trứng Hộp di động Hộp rỗng Hộp đóng gói bánh ngọt Tặng quà,3167333967_VNAMZ,No Brand,https://sg-test-11.slatic.net/p/4af7627bc332f7bf4322ab34fa765a1c.jpg,,//www.lazada.vn/products/pdp-i3167333967.html
945,CRICUSD 5 Set Phong cách Trung Quốc Hộp quà trung thu 6/8 lưới Sang trọng Hộp bánh trung thu Hộp đựng Hộp rỗng Hộp quà giòn lòng đỏ trứng Tặng quà,3167411212_VNAMZ,No Brand,https://sg-test-11.slatic.net/p/ce28b8ac9f6e79a698b27f17f419a6d8.jpg,,//www.lazada.vn/products/pdp-i3167411212.html
946,ETHTY Phong cách Trung Quốc Giỏ tre Tự nhiên Hai Lớp Giỏ đựng trứng Hộp đựng bánh mì Cầm tay Giỏ Dã Ngoại Bánh Trung Thu zongzi hạt,3167367707_VNAMZ,No Brand,https://sg-test-11.slatic.net/p/5a44c7b414fcab5bf977eae74917923f.jpg,,//www.lazada.vn/products/pdp-i3167367707.html
947,MING1996 Lễ hội trung thu Đồ chơi nhồi bông hình bánh trung thu Tương tác Bông xốp Gối hình trung thu mô phỏng 3D Ghế Sofa Futon Bộ sưu tập Đồ chơi nhồi bông bánh trung thu Đồ dùng tiệc,3167434031_VNAMZ,No Brand,https://sg-test-11.slatic.net/p/ccebac36da4248a198d74648d15b338c.jpg,,//www.lazada.vn/products/pdp-i3167434031.html
948,HI BRO 100pcs Mờ Túi đóng gói bánh trung thu Chống ẩm Nhựa Túi dán tự dính Túi thực phẩm Cấp thực phẩm Túi quà thủ công Lễ hội mùa thu giữa năm,3167243595_VNAMZ,No Brand,https://sg-test-11.slatic.net/p/6e1eb1411fe3355fbb4197ac6af1052d.jpg,,//www.lazada.vn/products/pdp-i3167243595.html
949,Khuôn trung thu lò xo 1 mặt đài sen 150g,1998802527_VNAMZ,No Brand,https://vn-live-01.slatic.net/p/78ee357ef510f54224b8da943ffd0b28.jpg,,//www.lazada.vn/products/pdp-i1998802527.html
950,ECFRDR 12 hạt Hộp quà tặng lễ hội trung thu Phong cách Trung Quốc Sang trọng Hộp đóng gói giòn lòng đỏ trứng Hộp đựng Hộp rỗng Hộp bánh trung thu di động Tặng quà,3167380414_VNAMZ,No Brand,https://sg-test-11.slatic.net/p/336fa494fc2b5b138c37f24f1b11a587.jpg,,//www.lazada.vn/products/pdp-i3167380414.html
951,HHE Phong cách Trung Quốc Giỏ tre Hai Lớp Tự nhiên Giỏ bánh trung thu Hộp đóng gói lễ hội Có Nắp Giỏ đựng bánh mì Bánh Trung Thu zongzi hạt,3166352086_VNAMZ,No Brand,https://sg-test-11.slatic.net/p/d15593aa269c2ccd378a807ebd3d5de5.jpg,,//www.lazada.vn/products/pdp-i3166352086.html
952,"Khuôn Trung Thu 3D Siêu Sắc Nét - Hình QUẢ DỨA (THƠM) 4 mặt 50g , mẫu mới 2021",1348078748_VNAMZ,No Brand,https://vn-live-01.slatic.net/p/0667446f5a51894dac6e77bfe4e49309.jpg,,//www.lazada.vn/products/pdp-i1348078748.html
953,1:64 Volkswagen T6 Multivan MPV Van Thu Nhỏ Mô Hình 1/64 Miễn Phí Bánh Xe Đồ Chơi Xe Hơi Xe Diecast Hợp Kim Bộ Sưu Tập Quà Tặng Cho Bé Trai Kid,2736151938_VNAMZ,No Brand,https://vn-live-01.slatic.net/p/eb8873feb8acfa2b084ad6c8ad97c200.jpg_webp,,//www.lazada.vn/products/pdp-i2736151938.html
954,TRYJUV Phong cách Trung Quốc Hộp quà trung thu 6/8 lưới Cao cấp Hộp đóng gói giòn lòng đỏ trứng Hộp bánh trung thu Hộp rỗng Hộp bánh trung thu Tặng quà,3167377467_VNAMZ,No Brand,https://sg-test-11.slatic.net/p/326dbeaa3a3d66b8dfaffea8a0048c6c.jpg,,//www.lazada.vn/products/pdp-i3167377467.html
955,BEIBEI Phong cách Trung Quốc Hộp quà tặng lễ hội trung thu Sang trọng Hộp rỗng Hộp bánh trung thu di động Hộp đựng 12 hạt Hộp bánh trung thu Tặng quà,3167299662_VNAMZ,No Brand,https://sg-test-11.slatic.net/p/baef3e0c0169faf9d14aee25b9ac6d34.jpg,,//www.lazada.vn/products/pdp-i3167299662.html
956,DFHSFGER Phong cách Trung Quốc Giỏ tre Tự nhiên Hai Lớp Giỏ đựng trứng Hộp đóng gói lễ hội Dệt Giỏ bánh trung thu Bánh Trung Thu zongzi hạt,3167419186_VNAMZ,No Brand,https://sg-test-11.slatic.net/p/cb577314abc319d623b5b192eec3980c.jpg,,//www.lazada.vn/products/pdp-i3167419186.html
957,Khuôn trung thu lò xo mẫu đèn lồng 4 mặt 150-190gram,1930790148_VNAMZ,No Brand,https://filebroker-cdn.lazada.vn/kf/S38868e67ec8b4f1399ca790c7c8caccel.jpg,,//www.lazada.vn/products/pdp-i1930790148.html
958,BIGCOUSIN Hai Lớp Giỏ tre Phong cách Trung Quốc Tự nhiên Giỏ đựng trứng Hộp thực phẩm Có Nắp Giỏ đựng bánh mì Bánh Trung Thu zongzi hạt,3167386489_VNAMZ,No Brand,https://sg-test-11.slatic.net/p/9fc3a772009542d0bca58e5294eec34a.jpg,,//www.lazada.vn/products/pdp-i3167386489.html
959,FDHT Phong cách Trung Quốc Giỏ tre Tự nhiên Hai Lớp Giỏ đựng trứng Giỏ trái cây Dệt Giỏ bánh trung thu Bánh Trung Thu zongzi hạt,3167419239_VNAMZ,No Brand,https://sg-test-11.slatic.net/p/c2f4d1b96a214eca29c7e5e81041bd82.jpg,,//www.lazada.vn/products/pdp-i3167419239.html
960,+HOT./.26EQ Bán Buôn Khuôn Bánh Trung Thu Bằng Gỗ Khuôn Bánh Đậu Xanh Vỏ Đá Khuôn Làm Bánh Hấp Bánh Bí Ngô Khoai Lang Tím Gia Dụng Chống Dính,2830964650_VNAMZ,No Brand,https://vn-live-01.slatic.net/p/5990d79e2035f561aea529857fc6c0d3.jpg_webp,,//www.lazada.vn/products/pdp-i2830964650.html
961,PUREGLOW Mũ thỏ Kẹp Tóc Thỏ bánh trung thu Hài Hước Ngọt ngào Kẹp Tóc Thỏ cái nôi Sáng Tạo Phong cách Trung Quốc Kẹp tóc bánh trung thu Lễ hội trung thu,3167427234_VNAMZ,No Brand,https://sg-test-11.slatic.net/p/fce5fb5fa143bee325bddd965572cd62.png,,//www.lazada.vn/products/pdp-i3167427234.html
962,Thiên Yêu Trung Thu Trung Hoa Mực Nước Bút Chì Thẻ Quà Tặng Bánh Trung Thu Thẻ Lật Quạt Tiền Thẻ Quà Tặng Trung Thu Trung Hoa,3153573663_VNAMZ,No Brand,https://filebroker-cdn.lazada.vn/kf/S2d82a5764025412cbaf339b576264620d.jpg,,//www.lazada.vn/products/pdp-i3153573663.html
963,Khuôn trung thu 250g 6 mặt vuông truyền thống BHT03257,2318230779_VNAMZ,OEM,https://vn-live-01.slatic.net/p/1708a99e673f37ee95b5e21c9be65110.jpg,,//www.lazada.vn/products/pdp-i2318230779.html
964,FDHT 100pcs Nhựa Túi đóng gói bánh trung thu Chống ẩm Cấp thực phẩm Máy hàn túi Túi thực phẩm Phong cách Trung Quốc Túi đóng gói bánh quy Lễ hội mùa thu giữa năm,3167367781_VNAMZ,No Brand,https://sg-test-11.slatic.net/p/160ccdc6d3590c51b2f1d2f809050a67.jpg,,//www.lazada.vn/products/pdp-i3167367781.html
965,Đĩa Tròn Nhỏ Bằng Gốm Sứ Họa Tiết Hoa Xanh Trung Hoa Phong Cách Cổ Điển Đĩa Tròn Đựng Bánh Kẹo Đĩa Đựng Trà Đĩa Đựng Bánh Trung Thu Đĩa Đựng Đồ Ăn Nhẹ,3005847224_VNAMZ,No Brand,https://filebroker-cdn.lazada.vn/kf/Se794c8f90f4d4bb3b1fc9ffa2de6ffefF.jpg,,//www.lazada.vn/products/pdp-i3005847224.html
966,BEIBEI 100Pcs Handmade Món quà Warpping Nguồn Cung Cấp Kẹo Cookie Bao bì Túi TỰ LÀM Bánh Túi Cookie Kẹo Túi Bánh Trung Thu Container Nguồn Cung Cấp bên,3167219977_VNAMZ,No Brand,https://sg-test-11.slatic.net/p/0f6031fd1481c4a1283ef5f881fcb391.jpg,,//www.lazada.vn/products/pdp-i3167219977.html
967,HCHC 3D Khuôn bánh trung thu hoa Phong cách Trung Quốc Silicone Khuôn bánh ngọt lễ hội Thiết thực Mềm Khuôn silicon hình hoa sen Lễ hội trung thu,3167361077_VNAMZ,No Brand,https://sg-test-11.slatic.net/p/34102918f880a28d663a21956a66deb8.jpg,,//www.lazada.vn/products/pdp-i3167361077.html
968,CEMOMEF Hoạt hình Hộp đóng gói bánh trung thu Phong cách Trung Quốc 4/6 ô Hộp quà Hộp bánh trung thu Giấy Hộp chiên lòng đỏ trứng Quà Tặng Lễ hội trung thu,3167363043_VNAMZ,No Brand,https://sg-test-11.slatic.net/p/d5b00cd73872d9aeb5fcf74a0a801779.jpg,,//www.lazada.vn/products/pdp-i3167363043.html
969,XIELISA 3D Khuôn bánh trung thu hoa Silicone Phong cách Trung Quốc Khuôn silicon hình hoa sen Thiết thực Không dính Khuôn bánh ngọt lễ hội Lễ hội trung thu,3167428100_VNAMZ,No Brand,https://sg-test-11.slatic.net/p/c0625273a71e9ed4b3105451a73d07bb.jpg,,//www.lazada.vn/products/pdp-i3167428100.html
970,"Giỏ tre cầm tay tinh xảo cho bánh chưng, trái cây, bánh trung thu, hộp quà tặng đặc sản dệt tre cao cấp, hộp quà bao bì bên ngoài",3151185557_VNAMZ,No Brand,https://sg-test-11.slatic.net/p/d40b9dcf6932c304e30118801491eba3.jpg,,//www.lazada.vn/products/pdp-i3151185557.html
971,"Khuôn trung thu 4 mặt Phúc, Lộc, Tài, Thọ (180g)/ KTT29",1858206761_VNAMZ,No Brand,https://vn-live-01.slatic.net/p/f4fbc8eeb1f727ad8ab2bec8178467ea.jpg_1500x1500q80.jpg,,//www.lazada.vn/products/pdp-i1858206761.html
972,Gia Dụng 220v Bánh Răng Cần Cẩu Nhỏ Palăng Điện Thu Nhỏ Tốc Độ Thay Đổi Bánh Răng Trục Trung Gian Phụ Kiện Thang Máy Bánh Xe Nhanh,2670512247_VNAMZ,No Brand,https://vn-live-01.slatic.net/p/2cf8b46a2efad6af0af43c1c21d184bf.jpg_webp,,//www.lazada.vn/products/pdp-i2670512247.html
973,"[HCM]Khuôn Trung thu đại heo bầy  1,2kg nhựa cao cấp Vĩnh Trường",1325462328_VNAMZ,No Brand,https://filebroker-cdn.lazada.vn/kf/S939c9d0642bd454896ecbe8650f0d9a31.jpg,,//www.lazada.vn/products/pdp-i1325462328.html
974,Gia Dụng 220V Bánh Răng Cần Cẩu Nhỏ Palăng Điện Thu Nhỏ Tốc Độ Thay Đổi Bánh Răng Trục Trung Gian Phụ Kiện Thang Máy Bánh Xe Nhanh,2652769569_VNAMZ,No Brand,https://vn-live-01.slatic.net/p/932f15ebce4700d62377369cead97014.jpg_webp,,//www.lazada.vn/products/pdp-i2652769569.html
975,"Cao hắc sâm đông trùng hạ thảo Kanghwa chính hãng - Cao sâm hàn quốc - Tăng đề kháng, chống lão hóa, phòng ung thư - tranglinh",2060732432_VNAMZ,Kanghwa,https://vn-live-01.slatic.net/p/cb3122e735f7b6df08365d1be49077b5.jpg,,//www.lazada.vn/products/pdp-i2060732432.html
976,BABYBANG Hoạt hình Hộp đóng gói bánh trung thu Phong cách Trung Quốc 4/6 ô Hộp chiên lòng đỏ trứng Hộp di động Giấy Hộp quà Quà Tặng Lễ hội trung thu,3167335208_VNAMZ,No Brand,https://sg-test-11.slatic.net/p/74607cf35300f17900d6e8b1493d9bdc.jpg,,//www.lazada.vn/products/pdp-i3167335208.html
977,DSIUY 3D Khuôn bánh trung thu hoa Phong cách Trung Quốc Silicone Khuôn bánh ngọt lễ hội Thiết thực Mềm Khuôn silicon hình hoa sen Lễ hội trung thu,3167363590_VNAMZ,No Brand,https://sg-test-11.slatic.net/p/6901c9ca401ecf9df82b1f689303e4d3.jpg,,//www.lazada.vn/products/pdp-i3167363590.html
978,Wltoys 124008 1/12 RC xe ban đầu phụ tùng Bộ vi sai vỏ sốc hấp thụ lốp con chó xương không chổi than động cơ Receiver,2791378465_VNAMZ,No Brand,https://vn-live-01.slatic.net/p/21dd43e1e27e7f5371d7a578ad7f75d7.jpg_webp,,//www.lazada.vn/products/pdp-i2791378465.html
979,TAADD 100pcs Mờ Túi đóng gói bánh trung thu Nhựa Chống ẩm Túi dán tự dính Túi thực phẩm Cấp thực phẩm Túi quà thủ công Lễ hội mùa thu giữa năm,3167410224_VNAMZ,No Brand,https://sg-test-11.slatic.net/p/76220cfa9e190f0267cfe992ae118666.jpg,,//www.lazada.vn/products/pdp-i3167410224.html
980,HJKL 100pcs Phong cách Trung Quốc Túi đóng gói bánh trung thu Chống ẩm Cấp thực phẩm Túi đóng gói bánh quy Chống ẩm Nhựa Túi quà thủ công Lễ hội mùa thu giữa năm,3167185806_VNAMZ,HJKL,https://sg-test-11.slatic.net/p/6d5f9ddb5bfac900a7626919372a427c.jpg,,//www.lazada.vn/products/pdp-i3167185806.html
981,DSFIF 100pcs Mờ Túi đóng gói bánh trung thu Nhựa Chống ẩm Túi đóng gói bánh quy Túi thực phẩm Cấp thực phẩm Túi quà thủ công Lễ hội mùa thu giữa năm,3167395460_VNAMZ,No Brand,https://sg-test-11.slatic.net/p/aea2862ff687478bc574a8668ebf50de.jpg,,//www.lazada.vn/products/pdp-i3167395460.html
982,CEMOMEF 100pcs Mờ Túi đóng gói bánh trung thu Nhựa Chống ẩm Túi dán tự dính Chống ẩm Cấp thực phẩm Túi đóng gói bánh quy Lễ hội mùa thu giữa năm,3167369052_VNAMZ,No Brand,https://sg-test-11.slatic.net/p/d873aa8190493e07ed8f052cbe5cb7d4.jpg,,//www.lazada.vn/products/pdp-i3167369052.html
983,LOPU Lễ hội trung thu Đồ chơi nhồi bông hình bánh trung thu Bông xốp Tương tác Đồ chơi nhồi bông bánh trung thu Ghế Sofa Futon Phim hoạt hình Gối hình trung thu mô phỏng 3D Đồ dùng tiệc,3167845372_VNAMZ,No Brand,https://sg-test-11.slatic.net/p/39aa0568bf273bccb7470dd4768e787a.jpg,,//www.lazada.vn/products/pdp-i3167845372.html
984,10 bộ khuôn trung thu đồng mây mẫu mới 200g,1898067590_VNAMZ,No Brand,https://filebroker-cdn.lazada.vn/kf/S936df733730e4527a56238cbe55e76a6I.jpg,,//www.lazada.vn/products/pdp-i1898067590.html
985,TCHIRR Phong cách Trung Quốc Hộp quà tặng lễ hội trung thu Hộp rỗng Sang trọng Hộp đóng gói giòn lòng đỏ trứng Sáng tạo 12 hạt Hộp bánh trung thu di động Tặng quà,3167338897_VNAMZ,No Brand,https://sg-test-11.slatic.net/p/cd22ac68a0f17347618fbe44c9d4b599.jpg,,//www.lazada.vn/products/pdp-i3167338897.html
986,GJ56 12 hạt Hộp quà tặng lễ hội trung thu Hộp rỗng Sang trọng Hộp bánh trung thu di động Hộp đựng Phong cách Trung Quốc Hộp đóng gói giòn lòng đỏ trứng Tặng quà,3167422117_VNAMZ,No Brand,https://sg-test-11.slatic.net/p/a3651a4bcd156de92e0853c3746dd6c0.jpg,,//www.lazada.vn/products/pdp-i3167422117.html
987,DMEE Phong cách Trung Quốc Hộp quà trung thu 6/8 lưới Cao cấp Hộp bánh trung thu Hộp di động Hộp rỗng Hộp đóng gói giòn lòng đỏ trứng Tặng quà,3168221572_VNAMZ,No Brand,https://sg-test-11.slatic.net/p/9a7b1626ad9034726caff41cdf8102c9.jpg,,//www.lazada.vn/products/pdp-i3168221572.html
988,TWCEJE168 100pcs Phong cách Trung Quốc Túi đóng gói bánh trung thu Nhựa Cấp thực phẩm Túi đóng gói bánh quy Chống ẩm Chống ẩm Túi quà thủ công Lễ hội mùa thu giữa năm,3167442024_VNAMZ,No Brand,https://sg-test-11.slatic.net/p/3e1627519e19472bfb3f1ff27b5c7dd6.jpg,,//www.lazada.vn/products/pdp-i3167442024.html
989,PWD0442 Phong cách Trung Quốc Giỏ tre Tự nhiên Hai Lớp Giỏ đựng trứng Hộp thực phẩm Dệt Giỏ bánh trung thu Bánh Trung Thu zongzi hạt,3167422202_VNAMZ,No Brand,https://sg-test-11.slatic.net/p/7fd0acc859979f100660b59e1f60bc13.jpg,,//www.lazada.vn/products/pdp-i3167422202.html
990,AMYALSTO 12 hạt Hộp quà tặng lễ hội trung thu Sang trọng Phong cách Trung Quốc Hộp đóng gói giòn lòng đỏ trứng Hộp đựng Hộp rỗng Hộp bánh trung thu Tặng quà,3166329934_VNAMZ,No Brand,https://sg-test-11.slatic.net/p/bb1c3f95e16a5cb808d7c992916d7014.jpg,,//www.lazada.vn/products/pdp-i3166329934.html
991,SYXQUS 100pcs Nhựa Túi đóng gói bánh trung thu Chống ẩm Mờ Túi dán tự dính Chống ẩm Bán trong suốt Túi đóng gói bánh quy Lễ hội mùa thu giữa năm,3167417191_VNAMZ,No Brand,https://sg-test-11.slatic.net/p/4ab4647bd9acf9660780bb3621514cea.jpg,,//www.lazada.vn/products/pdp-i3167417191.html
992,UCEPRO 100pcs Nhựa Túi đóng gói bánh trung thu Cấp thực phẩm Phong cách Trung Quốc Máy hàn túi Túi thực phẩm Chống ẩm Túi đóng gói bánh quy Lễ hội mùa thu giữa năm,3167348600_VNAMZ,No Brand,https://sg-test-11.slatic.net/p/9d4680e970c00a3ae9296b2dbd9c4f8b.jpg,,//www.lazada.vn/products/pdp-i3167348600.html
993,DFHSFGER Tự nhiên Giỏ tre Phong cách Trung Quốc Dệt Giỏ bánh trung thu Hộp đóng gói lễ hội Có Nắp Giỏ đựng trứng Lễ hội trung thu,3167378427_VNAMZ,No Brand,https://sg-test-11.slatic.net/p/a186cd09400388f823be9b3fadbae8ee.jpg,,//www.lazada.vn/products/pdp-i3167378427.html
994,TRYJUV Phong cách Trung Quốc Giỏ tre Hai Lớp Tự nhiên Giỏ đựng trứng Hộp thực phẩm Cầm tay Giỏ Dã Ngoại Bánh Trung Thu zongzi hạt,3167437014_VNAMZ,No Brand,https://sg-test-11.slatic.net/p/1dcdcdbdaa92049da2acaeb5451d0867.jpg,,//www.lazada.vn/products/pdp-i3167437014.html
995,DSFYG Phong cách Trung Quốc Hộp quà trung thu Cao cấp 6/8 lưới Hộp bánh trung thu Hộp đựng Sang trọng Hộp đóng gói giòn lòng đỏ trứng Tặng quà,3167427107_VNAMZ,No Brand,https://sg-test-11.slatic.net/p/697d4ed2b5c187e8bd9168d6d0cdecca.jpg,,//www.lazada.vn/products/pdp-i3167427107.html
996,WSRYHDFE 6/8 lưới Hộp quà trung thu Phong cách Trung Quốc Cao cấp Hộp bánh trung thu Hộp đựng Hộp rỗng Hộp đóng gói giòn lòng đỏ trứng Tặng quà,3167350813_VNAMZ,No Brand,https://sg-test-11.slatic.net/p/9b39e1387249e937b6a5ad15862a4b43.jpg,,//www.lazada.vn/products/pdp-i3167350813.html
997,DSFYG 5 Set Phong cách Trung Quốc Hộp quà trung thu Sang trọng 6/8 lưới Hộp quà giòn lòng đỏ trứng Hộp đựng Thỏ Hộp đóng gói bánh ngọt Tặng quà,3167390374_VNAMZ,No Brand,https://sg-test-11.slatic.net/p/ff42530be6fa946c7bd553b544887b05.jpg,,//www.lazada.vn/products/pdp-i3167390374.html
998,DUGDS Phong cách Trung Quốc Giỏ tre Hai Lớp Tự nhiên Giỏ bánh trung thu Hộp thực phẩm Có Nắp Giỏ đựng bánh mì Bánh Trung Thu zongzi hạt,3167383550_VNAMZ,No Brand,https://sg-test-11.slatic.net/p/afdd0fcdcb0dce6ee4675ab9d6c8759a.jpg,,//www.lazada.vn/products/pdp-i3167383550.html
999,RFHSFGED Dễ thương Hộp quà đóng gói bánh trung thu Phong cách Trung Quốc Thỏ Hộp chiên lòng đỏ trứng Hộp bánh trung thu Thủ công Hộp bánh trung thu Quà Tặng Lễ hội trung thu,3167314774_VNAMZ,No Brand,https://sg-test-11.slatic.net/p/ffca5d3bc0ab18115b48bab7e2e56b51.jpg,,//www.lazada.vn/products/pdp-i3167314774.html
1000,IIE PU Bánh Trung Thu mô phỏng Trang trí Mềm Bánh Trung Thu giả Đạo cụ chụp ảnh Vuông/Tròn Chế độ bánh trung thu Dành cho gia đình,3167338999_VNAMZ,No Brand,https://sg-test-11.slatic.net/p/2a41ba983407d33ff27a48f91101c520.jpg,,//www.lazada.vn/products/pdp-i3167338999.html
1001,J2UQR3 PU Bánh Trung Thu mô phỏng Trang trí Mềm Chế độ bánh trung thu Đạo cụ chụp ảnh Vuông/Tròn Trang trí thực phẩm cửa sổ Giữa Mùa Thu Dành cho gia đình,3167367688_VNAMZ,No Brand,https://sg-test-11.slatic.net/p/b31b2deebc24549a0b9ba18d41377697.jpg,,//www.lazada.vn/products/pdp-i3167367688.html
1002,OOC Bông xốp Đồ chơi nhồi bông hình bánh trung thu Lễ hội trung thu Tương tác Đồ chơi nhồi bông bánh trung thu Ghế Sofa Futon Thủ công Gối hình trung thu mô phỏng 3D Đồ dùng tiệc,3167364529_VNAMZ,No Brand,https://sg-test-11.slatic.net/p/26b5eb47870c0b0783b6aea2d2cbd90a.jpg,,//www.lazada.vn/products/pdp-i3167364529.html
1003,GJNGJNGG 100pcs Nhựa Túi đóng gói bánh trung thu Chống ẩm Cấp thực phẩm Túi quà thủ công Chống ẩm Phong cách Trung Quốc Túi đóng gói bánh quy Lễ hội mùa thu giữa năm,3167378429_VNAMZ,No Brand,https://sg-test-11.slatic.net/p/1f626243b833d7971124c56ae2c79a9b.jpg,,//www.lazada.vn/products/pdp-i3167378429.html
1004,JDTYJDT PU Bánh Trung Thu mô phỏng Vuông/Tròn Mềm Chế độ bánh trung thu Sáng Tạo Trang trí Bánh Trung Thu giả Dành cho gia đình,3167851552_VNAMZ,No Brand,https://sg-test-11.slatic.net/p/e2f271444aa1cd1e8c75b87cc94319e9.jpg,,//www.lazada.vn/products/pdp-i3167851552.html
1005,DFHSFGER Ngọt ngào Kẹp Tóc Thỏ bánh trung thu Mũ thỏ Hài Hước Kẹp tóc bánh trung thu Dễ thương Kẹp tóc Kẹp tóc hoa Osmanthus Lễ hội trung thu,3167426129_VNAMZ,No Brand,https://sg-test-11.slatic.net/p/7719a14ff6c93b6de35495957c4d1a67.jpg,,//www.lazada.vn/products/pdp-i3167426129.html
1006,EAURA 100pcs Nhựa Túi đóng gói bánh trung thu Mờ Chống ẩm Túi dán tự dính Chống ẩm Cấp thực phẩm Túi đóng gói bánh quy Lễ hội mùa thu giữa năm,3167226294_VNAMZ,No Brand,https://sg-test-11.slatic.net/p/a3f1736af73b34971234a92c4cb64bb8.jpg,,//www.lazada.vn/products/pdp-i3167226294.html
1007,BEIBEI 8 ô Hộp bánh trung thu Lễ hội trung thu Thủ công Giấy kraft Quà tặng Túi cầm tay Lòng Đỏ Trứng giòn Di động Hộp đóng gói Lễ hội,3167316719_VNAMZ,No Brand,https://sg-test-11.slatic.net/p/b87dce5af3c07a8a7bf5f58160295878.jpg,,//www.lazada.vn/products/pdp-i3167316719.html
1008,IFYHIWEF 100pcs Nhựa Túi đóng gói bánh trung thu Chống ẩm Mờ Túi quà thủ công Túi thực phẩm Bán trong suốt Túi đóng gói bánh quy Lễ hội mùa thu giữa năm,3167409218_VNAMZ,No Brand,https://sg-test-11.slatic.net/p/80201ae74fbebae193041f9d33fccc9a.jpg,,//www.lazada.vn/products/pdp-i3167409218.html
1009,UNQCSA Phong cách Trung Quốc Hộp quà tặng lễ hội trung thu Hộp rỗng 12 hạt Hộp bánh trung thu di động Sáng tạo Sang trọng Hộp đóng gói giòn lòng đỏ trứng Tặng quà,3166310944_VNAMZ,No Brand,https://sg-test-11.slatic.net/p/c2efc85382a22d9407f2ab14cdd6a033.jpg,,//www.lazada.vn/products/pdp-i3166310944.html
1010,"Máy trộn thực phẩm, trộn nhân bánh trung thu 25kg mô tơ 3kw",2659760000_VNAMZ,No Brand,https://vn-live-01.slatic.net/p/659c720b423986746f0f067012b96007.jpg,,//www.lazada.vn/products/pdp-i2659760000.html
1011,TCHIRR 5 Set 6/8 lưới Hộp quà trung thu Phong cách Trung Quốc Sang trọng Hộp bánh trung thu Hộp bánh trung thu Thỏ Hộp đóng gói bánh ngọt Tặng quà,3167389530_VNAMZ,No Brand,https://sg-test-11.slatic.net/p/9553c40220026f79ca6f78b3163c56a0.jpg,,//www.lazada.vn/products/pdp-i3167389530.html
1012,Y7RAN7 6/8 lưới Hộp quà trung thu Cao cấp Phong cách Trung Quốc Hộp đóng gói giòn lòng đỏ trứng Hộp di động Sang trọng Hộp bánh trung thu Tặng quà,3167432140_VNAMZ,No Brand,https://sg-test-11.slatic.net/p/fe42780cd8cfe8d803ae72b6bd0478d7.jpg,,//www.lazada.vn/products/pdp-i3167432140.html
1013,DUGDS 12 hạt Hộp quà tặng lễ hội trung thu Hộp rỗng Phong cách Trung Quốc Hộp bánh trung thu Hộp đựng Sang trọng Hộp bánh trung thu di động Tặng quà,3167432091_VNAMZ,No Brand,https://sg-test-11.slatic.net/p/403808c3ce629d7f02775126e942ef22.jpg,,//www.lazada.vn/products/pdp-i3167432091.html
1014,UYDG Phong cách Trung Quốc Giỏ tre Hai Lớp Tự nhiên Giỏ bánh trung thu Hộp đựng bánh mì Cầm tay Giỏ Dã Ngoại Bánh Trung Thu zongzi hạt,3167393522_VNAMZ,No Brand,https://sg-test-11.slatic.net/p/d68cbfd11a3251bb096b804c7169d8f5.jpg,,//www.lazada.vn/products/pdp-i3167393522.html
1015,PPRVAU 6/8 lưới Hộp quà trung thu Cao cấp Phong cách Trung Quốc Hộp đóng gói giòn lòng đỏ trứng Hộp bánh trung thu Hộp rỗng Hộp bánh trung thu Tặng quà,3167358544_VNAMZ,No Brand,https://sg-test-11.slatic.net/p/890da0d26d05902696d992abcd4c017f.jpg,,//www.lazada.vn/products/pdp-i3167358544.html
1016,KLJDED 12 hạt Hộp quà tặng lễ hội trung thu Phong cách Trung Quốc Sang trọng Hộp bánh trung thu Hộp đựng Hộp rỗng Hộp đóng gói giòn lòng đỏ trứng Tặng quà,3167302049_VNAMZ,No Brand,https://sg-test-11.slatic.net/p/014d5a54bb9a94e6bb535764d4c55892.jpg,,//www.lazada.vn/products/pdp-i3167302049.html
1017,DSFIF Hai Lớp Giỏ tre Phong cách Trung Quốc Tự nhiên Giỏ đựng trứng Hộp đóng gói lễ hội Có Nắp Giỏ đựng bánh mì Bánh Trung Thu zongzi hạt,3167390496_VNAMZ,No Brand,https://sg-test-11.slatic.net/p/3eb460c58900de5e43dfc33b9dfef7c3.jpg,,//www.lazada.vn/products/pdp-i3167390496.html
1018,MOUSSE Hai Lớp Giỏ tre Phong cách Trung Quốc Tự nhiên Giỏ bánh trung thu Hộp đựng bánh mì Có Nắp Giỏ đựng bánh mì Bánh Trung Thu zongzi hạt,3167607217_VNAMZ,No Brand,https://sg-test-11.slatic.net/p/56bbbf38d5f981f125da50fc17cbcf92.jpg,,//www.lazada.vn/products/pdp-i3167607217.html
1019,TRASTO Phong cách Trung Quốc Hộp quà tặng lễ hội trung thu 12 hạt Hộp rỗng Hộp đóng gói giòn lòng đỏ trứng Hộp đựng Sang trọng Hộp bánh trung thu Tặng quà,3167339763_VNAMZ,No Brand,https://sg-test-11.slatic.net/p/3cce6e9b672e6de9243e0519c532a202.jpg,,//www.lazada.vn/products/pdp-i3167339763.html
1020,GJ56 5 Set 6/8 lưới Hộp quà trung thu Phong cách Trung Quốc Sang trọng Hộp bánh trung thu Hộp di động Thỏ Hộp quà giòn lòng đỏ trứng Tặng quà,3167403285_VNAMZ,No Brand,https://sg-test-11.slatic.net/p/1cc6c6cda0dc3058b090b2761e72fde9.jpg,,//www.lazada.vn/products/pdp-i3167403285.html
1021,BMFUEW Tự nhiên Giỏ tre Phong cách Trung Quốc Dệt Giỏ bánh trung thu Hộp đựng bánh mì Cầm tay Giỏ đựng trứng Lễ hội trung thu,3167383528_VNAMZ,No Brand,https://sg-test-11.slatic.net/p/aeaba732b8dbc91ef885eeb654173a88.jpg,,//www.lazada.vn/products/pdp-i3167383528.html
1022,UND309X 6/8 lưới Hộp quà trung thu Cao cấp Phong cách Trung Quốc Hộp bánh trung thu Hộp di động Hộp rỗng Hộp đóng gói giòn lòng đỏ trứng Tặng quà,3163015749_VNAMZ,No Brand,https://sg-test-11.slatic.net/p/787d0586a8d1af745319e4fc8fb4ab7e.jpg,,//www.lazada.vn/products/pdp-i3163015749.html
1023,GJURD 100pcs Mờ Túi đóng gói bánh trung thu Nhựa Chống ẩm Túi đóng gói bánh quy Túi thực phẩm Cấp thực phẩm Túi quà thủ công Lễ hội mùa thu giữa năm,3167391370_VNAMZ,No Brand,https://sg-test-11.slatic.net/p/c35a7d775677fb5f3036a8b00c028cd6.jpg,,//www.lazada.vn/products/pdp-i3167391370.html
1024,KISSCAT 100pcs Mờ Túi đóng gói bánh trung thu Chống ẩm Nhựa Túi quà thủ công Chống ẩm Bán trong suốt Túi dán tự dính Lễ hội mùa thu giữa năm,3167415188_VNAMZ,No Brand,https://sg-test-11.slatic.net/p/a92df22357a78689abc75a3da63f425c.jpg,,//www.lazada.vn/products/pdp-i3167415188.html
1025,DSFGRST 100pcs Nhựa Túi đóng gói bánh trung thu Mờ Chống ẩm Túi đóng gói bánh quy Túi thực phẩm Cấp thực phẩm Túi dán tự dính Lễ hội mùa thu giữa năm,3167340862_VNAMZ,No Brand,https://sg-test-11.slatic.net/p/ab0913b10ca8ea1d07a2ece4f74509a0.jpg,,//www.lazada.vn/products/pdp-i3167340862.html
1026,FDHT 100pcs Nhựa Túi đóng gói bánh trung thu Mờ Chống ẩm Túi đóng gói bánh quy Chống ẩm Bán trong suốt Túi quà thủ công Lễ hội mùa thu giữa năm,3167432163_VNAMZ,No Brand,https://sg-test-11.slatic.net/p/c9154033c709091903e096893ec1f3ff.jpg,,//www.lazada.vn/products/pdp-i3167432163.html
1027,DSFGRST Phong cách Trung Quốc Hộp quà tặng lễ hội trung thu Hộp rỗng Sang trọng Hộp đóng gói giòn lòng đỏ trứng Hộp đựng 12 hạt Hộp bánh trung thu di động Tặng quà,3167415177_VNAMZ,No Brand,https://sg-test-11.slatic.net/p/35ec1545ac7bd1ee95d91fb425e077a4.jpg,,//www.lazada.vn/products/pdp-i3167415177.html
1028,BABYBANG Hai Lớp Giỏ tre Phong cách Trung Quốc Tự nhiên Giỏ đựng trứng Hộp đựng bánh mì Có Nắp Giỏ Dã Ngoại Bánh Trung Thu zongzi hạt,3167333235_VNAMZ,No Brand,https://sg-test-11.slatic.net/p/eb06651d464419a1c725a8b0f78905d5.jpg,,//www.lazada.vn/products/pdp-i3167333235.html
1029,ETHTY 6/8 lưới Hộp quà trung thu Phong cách Trung Quốc Cao cấp Hộp bánh trung thu Hộp đựng Hộp rỗng Hộp đóng gói giòn lòng đỏ trứng Tặng quà,3167380434_VNAMZ,No Brand,https://sg-test-11.slatic.net/p/a0ef69c5f9cb840113158a56a9fa5961.jpg,,//www.lazada.vn/products/pdp-i3167380434.html
1030,ETHTY Vuông/Tròn Bánh Trung Thu mô phỏng Mềm Trang trí Trang trí thực phẩm cửa sổ Giữa Mùa Thu Sáng Tạo PU Chế độ bánh trung thu Dành cho gia đình,3167353589_VNAMZ,No Brand,https://sg-test-11.slatic.net/p/148a8ef647b1bb7a5f47925ee20ced90.jpg,,//www.lazada.vn/products/pdp-i3167353589.html
1031,KISSCAT 5 Set Phong cách Trung Quốc Hộp quà trung thu 6/8 lưới Sang trọng Hộp quà giòn lòng đỏ trứng Hộp di động Hộp rỗng Hộp đóng gói bánh ngọt Tặng quà,3167426089_VNAMZ,No Brand,https://sg-test-11.slatic.net/p/a9e64e1829861f34f11adcda98546564.jpg,,//www.lazada.vn/products/pdp-i3167426089.html
1032,FGJEB 100pcs Mờ Túi đóng gói bánh trung thu Nhựa Chống ẩm Túi đóng gói bánh quy Chống ẩm Cấp thực phẩm Túi dán tự dính Lễ hội mùa thu giữa năm,3167396377_VNAMZ,No Brand,https://sg-test-11.slatic.net/p/020c535c617b107c36bd9690d53e66c3.jpg,,//www.lazada.vn/products/pdp-i3167396377.html
1033,TCHIRR Tự nhiên Giỏ tre Dệt Phong cách Trung Quốc Giỏ đựng trứng Hộp đựng bánh mì Thanh lịch Giỏ đựng bánh mì Lễ hội trung thu,3167353629_VNAMZ,No Brand,https://sg-test-11.slatic.net/p/254f182809d10463256398199a1be61d.jpg,,//www.lazada.vn/products/pdp-i3167353629.html
1034,MLS 12 hạt Hộp quà tặng lễ hội trung thu Sang trọng Phong cách Trung Quốc Hộp bánh trung thu Hộp đựng Hộp rỗng Hộp bánh trung thu di động Tặng quà,3167194546_VNAMZ,No Brand,https://sg-test-11.slatic.net/p/3dd692b5526a54749da115a614f252f1.jpg,,//www.lazada.vn/products/pdp-i3167194546.html
1035,PTOUTS Phong cách Trung Quốc Hộp quà trung thu 6/8 lưới Cao cấp Hộp bánh trung thu Hộp di động Sang trọng Hộp đóng gói giòn lòng đỏ trứng Tặng quà,3167371758_VNAMZ,No Brand,https://sg-test-11.slatic.net/p/f8499fe28fe24fe355b57dde3072f43c.jpg,,//www.lazada.vn/products/pdp-i3167371758.html
1036,RFHSFGED 100pcs Mờ Túi đóng gói bánh trung thu Nhựa Chống ẩm Túi quà thủ công Chống ẩm Bán trong suốt Túi dán tự dính Lễ hội mùa thu giữa năm,3167299687_VNAMZ,No Brand,https://sg-test-11.slatic.net/p/50597b32f7385bc4ba114a3cc24b3871.jpg,,//www.lazada.vn/products/pdp-i3167299687.html
1037,DSFZC Tự nhiên Giỏ tre Dệt Phong cách Trung Quốc Giỏ đựng trứng Hộp đóng gói lễ hội Thanh lịch Giỏ bánh trung thu Lễ hội trung thu,3166318281_VNAMZ,No Brand,https://sg-test-11.slatic.net/p/9390b238114edfa5e378d5b5b911d393.png,,//www.lazada.vn/products/pdp-i3166318281.html
1038,JAV5134 Phong cách Trung Quốc Giỏ tre Dệt Tự nhiên Giỏ bánh trung thu Hộp đóng gói lễ hội Cầm tay Giỏ Dã Ngoại Lễ hội trung thu,3167398333_VNAMZ,No Brand,https://sg-test-11.slatic.net/p/e491ff25e4b1dff69addf4ccf37767e9.jpg,,//www.lazada.vn/products/pdp-i3167398333.html
1039,"Bộ khuôn trung thu lò xo 2922 VUÔNG HỒNG CÚC 4 mặt 1 nhấn size 150g, 200g",1839770967_VNAMZ,No Brand,https://filebroker-cdn.lazada.vn/kf/Sa882385ce33640d6b0d2dec75af8ac18G.jpg,,//www.lazada.vn/products/pdp-i1839770967.html
1040,Búp Bê Mô Hình Son Goku Dragon Ball PVC Trang Trí Bánh Trung Thu Búp Bê Trang Trí Caja Bất Ngờ Phụ Kiện Chơi Game,2965317499_VNAMZ,No Brand,https://filebroker-cdn.lazada.vn/kf/Se65bbfcc385446b7bbfaba49828447e7G.jpg,,//www.lazada.vn/products/pdp-i2965317499.html
1041,B3D1 50pcs 50/80//100g. Hộp bánh trung thu Hình vuông Trong suốt Hộp bánh cupcake Hộ gia đình Nhựa Hộp lưu trữ bánh quy kín Trưng bày bánh ngọt,3167247912_VNAMZ,No Brand,https://sg-test-11.slatic.net/p/aea3eed56ece396bf15c124878bebb9a.jpg,,//www.lazada.vn/products/pdp-i3167247912.html
1042,UNQCSA 3D Khuôn bánh trung thu hoa Phong cách Trung Quốc Silicone Khuôn bánh ngọt lễ hội Thiết thực Không dính Khuôn silicon hình hoa sen Lễ hội trung thu,3167468901_VNAMZ,No Brand,https://sg-test-11.slatic.net/p/182293e3bd7f9f717fd48c95b9524a60.jpg,,//www.lazada.vn/products/pdp-i3167468901.html
1043,"Gốm Men Ngọc Long Tuyền, Lò Nung, Bánh Răng Sắt, Bánh Răng Cá Nhân Thủ Công, Bánh Răng Chủ Nhân, Cốc Trà Gốm Sứ Kiểu Trung Quốc, Cốc Đơn Cao Cấp",1613305685_VNAMZ,No Brand,https://filebroker-cdn.lazada.vn/kf/S09083501120245b694d8f5adc70c0267J.jpg,,//www.lazada.vn/products/pdp-i1613305685.html
1044,XIELISA 100pcs Mờ Túi đóng gói bánh trung thu Chống ẩm Nhựa Túi quà thủ công Túi thực phẩm Bán trong suốt Túi đóng gói bánh quy Lễ hội mùa thu giữa năm,3167399316_VNAMZ,No Brand,https://sg-test-11.slatic.net/p/405bd6bd05cf952f5a482e749c317fc9.jpg,,//www.lazada.vn/products/pdp-i3167399316.html
1045,HCHC Hoạt hình Hộp đóng gói bánh trung thu Phong cách Trung Quốc 4/6 ô Hộp chiên lòng đỏ trứng Hộp bánh trung thu Giấy Hộp quà Quà Tặng Lễ hội trung thu,3167347180_VNAMZ,No Brand,https://sg-test-11.slatic.net/p/08482563f43ff5489fbce053ec243e70.jpg,,//www.lazada.vn/products/pdp-i3167347180.html
1046,+HOT./.63N Khuôn Bánh Gạo Bằng Gỗ   Khuôn Nướng   Khuôn Tráng Miệng Bốn Lỗ   Khuôn Bánh Ngọt   Đơn Vị In Bánh Trung Thu Mới,2831022081_VNAMZ,No Brand,https://vn-live-01.slatic.net/p/92afc87a58627c6b7f72e4c97fac1162.jpg_webp,,//www.lazada.vn/products/pdp-i2831022081.html
1047,JVKISX Mũ thỏ Kẹp Tóc Thỏ bánh trung thu Ngọt ngào Hài Hước Kẹp tóc bánh trung thu Dễ thương Phong cách Trung Quốc Kẹp Tóc Thỏ cái nôi Lễ hội trung thu,3167424161_VNAMZ,No Brand,https://sg-test-11.slatic.net/p/da44a1318070ad255619b8ac6952e77d.jpg,,//www.lazada.vn/products/pdp-i3167424161.html
1048,CRICUSD 3D Khuôn bánh trung thu hoa Silicone Phong cách Trung Quốc Khuôn silicon hình hoa sen Khuôn nến Không dính Khuôn đậu xanh Lễ hội trung thu,3167366525_VNAMZ,No Brand,https://sg-test-11.slatic.net/p/bfffcd8c329e662ff1ed0113d1abe51e.jpg,,//www.lazada.vn/products/pdp-i3167366525.html
1049,XIELISA 100pcs Nhựa Túi đóng gói bánh trung thu Cấp thực phẩm Chống ẩm Túi đóng gói bánh quy Túi nướng Phong cách Trung Quốc Máy hàn túi Lễ hội mùa thu giữa năm,3167377434_VNAMZ,No Brand,https://sg-test-11.slatic.net/p/caecbb699be202fda1b81ffebb8eec47.jpg,,//www.lazada.vn/products/pdp-i3167377434.html
1050,Karting Bánh Xe Lốp Bánh Xe Phía Sau 11x7.10-5 Với 5 Inch Nhôm Hợp Kim Bánh Xe Trung Tâm Cho Đi Kart ATV UTV Buggy,2555527275_VNAMZ,No Brand,https://vn-live-01.slatic.net/p/2f0c343f174731e752373e6a7ab03461.jpg_webp,,//www.lazada.vn/products/pdp-i2555527275.html
1051,"Sáng phôi nhôm đua 1 ""25mm phía sau bánh xe trung tâm 1/4"" bu lông cho đua đi Kart trôi Trike",2978783937_VNAMZ,No Brand,https://vn-live-01.slatic.net/p/ab36c94cf59854ce41d5c7d7d3ff5eee.jpg_webp,,//www.lazada.vn/products/pdp-i2978783937.html
1052,DELICACY 3D Khuôn bánh trung thu hoa Silicone Phong cách Trung Quốc Khuôn silicon hình hoa sen Khuôn nến Không dính Khuôn đậu xanh Lễ hội trung thu,3167393387_VNAMZ,No Brand,https://sg-test-11.slatic.net/p/ed468b90eec4b096ad48a0955e235560.jpg,,//www.lazada.vn/products/pdp-i3167393387.html
1053,"Khuôn trung thu 4 mặt Hoa mẫu mới 2021, MS1",1602015145_VNAMZ,No Brand,https://vn-live-01.slatic.net/p/2684395e1103aad9d51d968e9fb69342.jpg,,//www.lazada.vn/products/pdp-i1602015145.html
1054,khay trung thu đồng mây,1901842350_VNAMZ,No Brand,https://filebroker-cdn.lazada.vn/kf/Sa406dbb715df4039996d4b959174577bd.jpg,,//www.lazada.vn/products/pdp-i1901842350.html
1055,NPIQL 3D Khuôn bánh trung thu hoa Silicone Phong cách Trung Quốc Khuôn silicon hình hoa sen Dụng cụ làm bánh Mềm Khuôn đậu xanh Lễ hội trung thu,3167873018_VNAMZ,No Brand,https://sg-test-11.slatic.net/p/0fe54ec8609e1748a414411098557583.jpg,,//www.lazada.vn/products/pdp-i3167873018.html
1056,GJURD 3D Khuôn bánh trung thu hoa Phong cách Trung Quốc Silicone Khuôn silicon hình hoa sen Thiết thực Không dính Khuôn đậu xanh Lễ hội trung thu,3167385448_VNAMZ,No Brand,https://sg-test-11.slatic.net/p/267948accce75d0354c9296d25e2ebc0.jpg,,//www.lazada.vn/products/pdp-i3167385448.html
1057,145/70 lốp rim bánh xe 145x70-6 cho Suzuki LT50 taotao 110cc 125 atc70 ATV,2730365997_VNAMZ,No Brand,https://sg-test-11.slatic.net/p/6395994ea73e712a912ee97eb3f31798.jpg,,//www.lazada.vn/products/pdp-i2730365997.html
1058,G23UW 3D Khuôn bánh trung thu hoa Silicone Phong cách Trung Quốc Khuôn silicon hình hoa sen Khuôn nến Mềm Khuôn đậu xanh Lễ hội trung thu,3167428092_VNAMZ,No Brand,https://sg-test-11.slatic.net/p/98a2d38d51a2c8a5267d00bca867fc71.jpg,,//www.lazada.vn/products/pdp-i3167428092.html
1059,Readou dán xe đạp đường bộ bánh xe đạp dán cá nhân trang trí chống thấm nước Kem chống nắng đi xe đạp đề can cho hai bánh xe,2737130907_VNAMZ,No Brand,https://sg-test-11.slatic.net/p/297bd04e9159c075d2f270f640b80afa.jpg,,//www.lazada.vn/products/pdp-i2737130907.html
1060,[TaybacFood] Viên Hà Thủ Ô Mè Đen Mật Ong Rừng Thơm Dễ Ăn Chuẩn Dễ Ăn,2607799850_VNAMZ,No Brand,https://sg-test-11.slatic.net/p/fa29a3027cd3437a15675e0328a2600c.jpg,,//www.lazada.vn/products/pdp-i2607799850.html
1061,NRFYKYU 3D Khuôn bánh trung thu hoa Silicone Phong cách Trung Quốc Khuôn đậu xanh Khuôn nến Không dính Khuôn silicon hình hoa sen Lễ hội trung thu,3167433087_VNAMZ,No Brand,https://sg-test-11.slatic.net/p/5a3d6ec3ee156eeaccee2a652d6643d4.jpg,,//www.lazada.vn/products/pdp-i3167433087.html
1062,Thép Không Gỉ Đồng Mạ  Hai Lớp Cốc Chống-Mùa Thu Thủy Tinh tail Thủy Tinh 500Ml  Vang Ly  Sâm Banh Kính,2599910511_VNAMZ,No Brand,https://vn-live-01.slatic.net/p/38e2f2c768c39e17ac5444d917c9b043.jpg_webp,,//www.lazada.vn/products/pdp-i2599910511.html
1063,HXPUZM 12 hạt Hộp quà tặng lễ hội trung thu Sang trọng Phong cách Trung Quốc Hộp bánh trung thu Hộp đựng Hộp rỗng Hộp đóng gói giòn lòng đỏ trứng Tặng quà,3167837723_VNAMZ,No Brand,https://sg-test-11.slatic.net/p/264e50f3c04bf12837e329686243e3d6.jpg,,//www.lazada.vn/products/pdp-i3167837723.html
1064,GJURD 5 Set Phong cách Trung Quốc Hộp quà trung thu 6/8 lưới Sang trọng Hộp đóng gói bánh ngọt Hộp đựng Thỏ Hộp quà giòn lòng đỏ trứng Tặng quà,3167415161_VNAMZ,No Brand,https://sg-test-11.slatic.net/p/1d23aa83ca45c446fc552038004be589.jpg,,//www.lazada.vn/products/pdp-i3167415161.html
1065,HUA JIE Dễ thương Hộp quà đóng gói bánh trung thu Thỏ Phong cách Trung Quốc Hộp chiên lòng đỏ trứng Hộp di động Thủ công Hộp bánh trung thu Quà Tặng Lễ hội trung thu,3167361101_VNAMZ,No Brand,https://sg-test-11.slatic.net/p/ce239e053b02a723b585f8390d893435.jpg,,//www.lazada.vn/products/pdp-i3167361101.html
1066,BMFUEW 5 Set Phong cách Trung Quốc Hộp quà trung thu Sang trọng 6/8 lưới Hộp bánh trung thu Hộp bánh trung thu Thỏ Hộp đóng gói bánh ngọt Tặng quà,3167400305_VNAMZ,No Brand,https://sg-test-11.slatic.net/p/f65f313ab689c56a50340a6ddd064bd3.jpg,,//www.lazada.vn/products/pdp-i3167400305.html
1067,MITULI Phong cách Trung Quốc Hộp quà trung thu Cao cấp 6/8 lưới Hộp bánh trung thu Hộp đựng Sang trọng Hộp đóng gói giòn lòng đỏ trứng Tặng quà,3167297717_VNAMZ,No Brand,https://sg-test-11.slatic.net/p/fd3923dc653af8e23680d7c9a81aa50e.jpg,,//www.lazada.vn/products/pdp-i3167297717.html
1068,CRYSTAL Hai Lớp Giỏ tre Tự nhiên Phong cách Trung Quốc Giỏ bánh trung thu Hộp đựng bánh mì Dệt Giỏ đựng trứng Bánh Trung Thu zongzi hạt,3168238981_VNAMZ,No Brand,https://sg-test-11.slatic.net/p/f12f35fa1fea8887a65e5a6879575601.jpg,,//www.lazada.vn/products/pdp-i3168238981.html
1069,B3D1 Phong cách Trung Quốc Hộp quà tặng lễ hội trung thu 12 hạt Hộp rỗng Hộp bánh trung thu di động Hộp đựng Sang trọng Hộp đóng gói giòn lòng đỏ trứng Tặng quà,3167328488_VNAMZ,No Brand,https://sg-test-11.slatic.net/p/7e8f4485b24b5514fefa2df70678498b.jpg,,//www.lazada.vn/products/pdp-i3167328488.html
1070,Khuôn trung thu lò xo 4 mặt đôi chim uyên ương (chọn mẫu 150g | 200g),1886258917_VNAMZ,No Brand,https://vn-live-01.slatic.net/p/08f54a9e03e9a89ebe12b3fa686938e7.jpg,,//www.lazada.vn/products/pdp-i1886258917.html
1071,HUA JIE Phong cách Trung Quốc Hộp quà tặng lễ hội trung thu Hộp rỗng 12 hạt Hộp bánh trung thu di động Hộp đựng Sang trọng Hộp bánh trung thu Tặng quà,3167332409_VNAMZ,No Brand,https://sg-test-11.slatic.net/p/3bddb70b5f178431e0c203696a3e0da2.jpg,,//www.lazada.vn/products/pdp-i3167332409.html
1072,G23UW 100pcs Nhựa Túi đóng gói bánh trung thu Chống ẩm Mờ Túi đóng gói bánh quy Chống ẩm Bán trong suốt Túi quà thủ công Lễ hội mùa thu giữa năm,3167418184_VNAMZ,No Brand,https://sg-test-11.slatic.net/p/85f93b554b27eb8d832b7418d263db2a.jpg,,//www.lazada.vn/products/pdp-i3167418184.html
1073,TRASTO 100pcs Nhựa Túi đóng gói bánh trung thu Chống ẩm Mờ Túi đóng gói bánh quy Chống ẩm Bán trong suốt Túi quà thủ công Lễ hội mùa thu giữa năm,3167429210_VNAMZ,No Brand,https://sg-test-11.slatic.net/p/f7dc9bd45b23eefe9c1e84cfa448ab9d.jpg,,//www.lazada.vn/products/pdp-i3167429210.html
1074,GJNGJNGG Phong cách Trung Quốc Giỏ tre Tự nhiên Hai Lớp Giỏ bánh trung thu Hộp đựng bánh mì Cầm tay Giỏ Dã Ngoại Bánh Trung Thu zongzi hạt,3167340882_VNAMZ,No Brand,https://sg-test-11.slatic.net/p/22ef450487fe96608591bfb73f0c4eae.jpg,,//www.lazada.vn/products/pdp-i3167340882.html
1075,XIONGDIS 5 Set Phong cách Trung Quốc Hộp quà trung thu Sang trọng 6/8 lưới Hộp đóng gói bánh ngọt Hộp đựng Hộp rỗng Hộp bánh trung thu Tặng quà,3166423477_VNAMZ,No Brand,https://sg-test-11.slatic.net/p/4e857cf3b813650f63c7fd3c22f6fa94.jpg,,//www.lazada.vn/products/pdp-i3166423477.html
1076,DUGDS 100pcs Mờ Túi đóng gói bánh trung thu Chống ẩm Nhựa Túi quà thủ công Chống ẩm Bán trong suốt Túi đóng gói bánh quy Lễ hội mùa thu giữa năm,3167391411_VNAMZ,No Brand,https://sg-test-11.slatic.net/p/79b2942eec8e8774efd72cec1b36cc71.jpg,,//www.lazada.vn/products/pdp-i3167391411.html
1077,SHUI70300 100pcs Nhựa Túi đóng gói bánh trung thu Chống ẩm Mờ Túi quà thủ công Túi thực phẩm Cấp thực phẩm Túi đóng gói bánh quy Lễ hội mùa thu giữa năm,3167334930_VNAMZ,No Brand,https://sg-test-11.slatic.net/p/80bc062365cb29a40ad528cb68b54f92.jpg,,//www.lazada.vn/products/pdp-i3167334930.html
1078,XYHKG 12 hạt Hộp quà tặng lễ hội trung thu Phong cách Trung Quốc Sang trọng Hộp bánh trung thu di động Sáng tạo Hộp rỗng Hộp bánh trung thu Tặng quà,3166451451_VNAMZ,No Brand,https://sg-test-11.slatic.net/p/495878f7b96f9c1108478a14d532e4fe.jpg,,//www.lazada.vn/products/pdp-i3166451451.html
1079,UAZGEO 100pcs Phong cách Trung Quốc Túi đóng gói bánh trung thu Cấp thực phẩm Nhựa Máy hàn túi Chống ẩm Chống ẩm Túi đóng gói bánh quy Lễ hội mùa thu giữa năm,3167419182_VNAMZ,No Brand,https://sg-test-11.slatic.net/p/c7b5ad64c881cec2b50eddc77b821907.jpg,,//www.lazada.vn/products/pdp-i3167419182.html
1080,RcTlB Hấp nhồi Bun Maker Trung Quốc baozi Khuôn nướng công cụ Bánh Bao Bánh Trung Thu làm khuôn,3162873018_VNAMZ,RCTLB,https://sg-test-11.slatic.net/p/fa8e2775317328d6ea53ce5b20854201.jpg,,//www.lazada.vn/products/pdp-i3162873018.html
1081,ZYJC SHOP Ngọt ngào Kẹp Tóc Thỏ bánh trung thu Mũ thỏ Hài Hước Kẹp tóc hoa Osmanthus Thời trang Kẹp tóc Kẹp tóc bánh trung thu Lễ hội trung thu,3167282847_VNAMZ,ZYJC,https://sg-test-11.slatic.net/p/0c2ad7a0a64142df1fda8b2de9abec37.jpg,,//www.lazada.vn/products/pdp-i3167282847.html
1082,PPRVAU PU Bánh Trung Thu mô phỏng Mềm Trang trí Bánh Trung Thu giả Đạo cụ chụp ảnh Vuông/Tròn Trang trí thực phẩm cửa sổ Giữa Mùa Thu Dành cho gia đình,3167419233_VNAMZ,No Brand,https://sg-test-11.slatic.net/p/ad4bf78a5a2c4d908742139a567fc64c.jpg,,//www.lazada.vn/products/pdp-i3167419233.html
1083,NCNC Hoạt hình Hộp đóng gói bánh trung thu 4/6 ô Phong cách Trung Quốc Hộp quà Hộp bánh trung thu Thanh lịch Hộp chiên lòng đỏ trứng Quà Tặng Lễ hội trung thu,3167874053_VNAMZ,NCNC,https://sg-test-11.slatic.net/p/02cabf2c5825f99791a81bbba823630d.jpg,,//www.lazada.vn/products/pdp-i3167874053.html
1084,ZANWIT PU Bánh Trung Thu mô phỏng Trang trí Vuông/Tròn Trang trí thực phẩm cửa sổ Giữa Mùa Thu Sáng Tạo Mềm Bánh Trung Thu giả Dành cho gia đình,3167391469_VNAMZ,No Brand,https://sg-test-11.slatic.net/p/ae244f01c42fc47a8d184ef35ed31cfa.jpg,,//www.lazada.vn/products/pdp-i3167391469.html
1085,XIELISA Bông xốp Đồ chơi nhồi bông hình bánh trung thu Lễ hội trung thu Tương tác Đồ chơi nhồi bông bánh trung thu Búp bê ngủ cho bé Bộ sưu tập Gối hình trung thu mô phỏng 3D Đồ dùng tiệc,3167353579_VNAMZ,No Brand,https://sg-test-11.slatic.net/p/b20543dfe0e855eb4b1df26e764a8ce9.jpg,,//www.lazada.vn/products/pdp-i3167353579.html
1086,BEIBEI 100pcs Nhựa Túi đóng gói bánh trung thu Chống ẩm Mờ Túi quà thủ công Túi thực phẩm Cấp thực phẩm Túi dán tự dính Lễ hội mùa thu giữa năm,3167347188_VNAMZ,No Brand,https://sg-test-11.slatic.net/p/557264a724ff7d04407fb4f3d9eb09bd.jpg,,//www.lazada.vn/products/pdp-i3167347188.html
1087,B3D1 5 Set 6/8 lưới Hộp quà trung thu Phong cách Trung Quốc Sang trọng Hộp đóng gói bánh ngọt Hộp đựng Thỏ Hộp quà giòn lòng đỏ trứng Tặng quà,3167315741_VNAMZ,No Brand,https://sg-test-11.slatic.net/p/45909f891d58daf58b0bc924497f4092.jpg,,//www.lazada.vn/products/pdp-i3167315741.html
1088,DFJET 5 Set 6/8 lưới Hộp quà trung thu Phong cách Trung Quốc Sang trọng Hộp đóng gói bánh ngọt Hộp đựng Thỏ Hộp bánh trung thu Tặng quà,3167377390_VNAMZ,No Brand,https://sg-test-11.slatic.net/p/697e7cf69c001667de5d87afc98c6dae.jpg,,//www.lazada.vn/products/pdp-i3167377390.html
1089,DMEE PU Bánh Trung Thu mô phỏng Mềm Trang trí Trang trí thực phẩm cửa sổ Giữa Mùa Thu Đạo cụ chụp ảnh Vuông/Tròn Bánh Trung Thu giả Dành cho gia đình,3168233323_VNAMZ,No Brand,https://sg-test-11.slatic.net/p/32101384a653ab00883a6494d9cb7143.jpg,,//www.lazada.vn/products/pdp-i3168233323.html
1090,Bộ 24 Khuôn Rau Câu Hình Bánh Trung Thu- kHuôn Vĩnh Trường,2017404547_VNAMZ,No Brand,https://vn-live-01.slatic.net/p/63d201f8a6dbed5522891ad32651e170.jpg,,//www.lazada.vn/products/pdp-i2017404547.html
1091,ETHTY 5 Set 6/8 lưới Hộp quà trung thu Sang trọng Phong cách Trung Quốc Hộp bánh trung thu Hộp đựng Thỏ Hộp quà giòn lòng đỏ trứng Tặng quà,3167412215_VNAMZ,No Brand,https://sg-test-11.slatic.net/p/4eb06cc6efc640b80931d23fe10c95c0.jpg,,//www.lazada.vn/products/pdp-i3167412215.html
1092,UYDG 6/8 lưới Hộp quà trung thu Phong cách Trung Quốc Cao cấp Hộp bánh trung thu Hộp đựng Hộp rỗng Hộp đóng gói giòn lòng đỏ trứng Tặng quà,3167419248_VNAMZ,No Brand,https://sg-test-11.slatic.net/p/c091439a1c6925d97e92898aac68ca90.jpg,,//www.lazada.vn/products/pdp-i3167419248.html
1093,Y7RAN7 12 hạt Hộp quà tặng lễ hội trung thu Phong cách Trung Quốc Hộp rỗng Hộp bánh trung thu Sáng tạo Sang trọng Hộp bánh trung thu di động Tặng quà,3167366510_VNAMZ,No Brand,https://sg-test-11.slatic.net/p/186fa3c7ac3422896279899311ee7d37.jpg,,//www.lazada.vn/products/pdp-i3167366510.html
1094,TCHIRR Mũ thỏ Kẹp Tóc Thỏ bánh trung thu Ngọt ngào Hài Hước Kẹp Tóc Thỏ cái nôi Sáng Tạo Phong cách Trung Quốc Kẹp tóc bánh trung thu Lễ hội trung thu,3167386609_VNAMZ,No Brand,https://sg-test-11.slatic.net/p/e505285768ac410c5d13b7d69309f215.jpg,,//www.lazada.vn/products/pdp-i3167386609.html
1095,PTOUTS Mũ thỏ Kẹp Tóc Thỏ bánh trung thu Ngọt ngào Hài Hước Kẹp tóc bánh trung thu Sáng Tạo Kẹp tóc Kẹp Tóc Thỏ cái nôi Lễ hội trung thu,3167423156_VNAMZ,No Brand,https://sg-test-11.slatic.net/p/187251b53e8a3ef23fb5816df4065d20.jpg,,//www.lazada.vn/products/pdp-i3167423156.html
1096,WENQI Hai Lớp Giỏ tre Tự nhiên Phong cách Trung Quốc Giỏ bánh trung thu Hộp đựng bánh mì Có Nắp Giỏ đựng bánh mì Bánh Trung Thu zongzi hạt,3167424121_VNAMZ,No Brand,https://sg-test-11.slatic.net/p/ec3e401d78c991678707f5fa27234d30.jpg,,//www.lazada.vn/products/pdp-i3167424121.html
1097,DSFGRST 5 Set 6/8 lưới Hộp quà trung thu Sang trọng Phong cách Trung Quốc Hộp bánh trung thu Hộp đựng Thỏ Hộp quà giòn lòng đỏ trứng Tặng quà,3167354583_VNAMZ,No Brand,https://sg-test-11.slatic.net/p/4f2866bf6d40673b4ab4b09f03223e5e.jpg,,//www.lazada.vn/products/pdp-i3167354583.html
1098,NJJU 100pcs Mờ Túi đóng gói bánh trung thu Nhựa Chống ẩm Túi quà thủ công Chống ẩm Cấp thực phẩm Túi đóng gói bánh quy Lễ hội mùa thu giữa năm,3167346961_VNAMZ,No Brand,https://sg-test-11.slatic.net/p/0c5034a37e403fc984985269be1b7e12.jpg,,//www.lazada.vn/products/pdp-i3167346961.html
1099,TAADD Phong cách Trung Quốc Hộp quà trung thu 6/8 lưới Cao cấp Hộp bánh trung thu Hộp di động Sang trọng Hộp đóng gói giòn lòng đỏ trứng Tặng quà,3167340927_VNAMZ,No Brand,https://sg-test-11.slatic.net/p/c68bc7f7533848ec04b49a8e08bfa673.jpg,,//www.lazada.vn/products/pdp-i3167340927.html
1100,GJURD 100pcs Nhựa Túi đóng gói bánh trung thu Chống ẩm Cấp thực phẩm Máy hàn túi Túi thực phẩm Phong cách Trung Quốc Túi quà thủ công Lễ hội mùa thu giữa năm,3167395321_VNAMZ,No Brand,https://sg-test-11.slatic.net/p/4c7199b9b8d38db16ef74725e6926416.jpg,,//www.lazada.vn/products/pdp-i3167395321.html
1101,Khuôn trung thu lò xo 2020 - 4 mặt hoa sen và cá 200-250g mẫu 125,630050639_VNAMZ,OEM,https://vn-live-01.slatic.net/p/d64e599a335b872836a185b9f4579fab.jpg,,//www.lazada.vn/products/pdp-i630050639.html
1102,DFYER56 Phong cách Trung Quốc Hộp quà trung thu Cao cấp 6/8 lưới Hộp bánh trung thu Hộp di động Hộp rỗng Hộp đóng gói giòn lòng đỏ trứng Tặng quà,3167383463_VNAMZ,No Brand,https://sg-test-11.slatic.net/p/65aefaf6a5235cfe1ed4fa083b6cf388.jpg,,//www.lazada.vn/products/pdp-i3167383463.html
1103,TESDFD Lễ hội trung thu Đồ chơi nhồi bông hình bánh trung thu Bông xốp Tương tác Đồ chơi nhồi bông bánh trung thu Ghế Sofa Futon Thoải mái Gối hình trung thu mô phỏng 3D Đồ dùng tiệc,3167787861_VNAMZ,No Brand,https://sg-test-11.slatic.net/p/884c3b2ed0fcf426c8a3cc2e020e7545.jpg,,//www.lazada.vn/products/pdp-i3167787861.html
1104,BOTHHY 6/8 lưới Hộp quà trung thu Cao cấp Phong cách Trung Quốc Hộp bánh trung thu Hộp di động Hộp rỗng Hộp đóng gói giòn lòng đỏ trứng Tặng quà,3167391486_VNAMZ,No Brand,https://sg-test-11.slatic.net/p/b26a8eb90d88ef58e621eb9ab4007d20.jpg,,//www.lazada.vn/products/pdp-i3167391486.html
1105,"Xe Trượt Scooter 3 bánh, có đèn cho bé từ 3 tuổi-LYLYSPORTS",1799457154_VNAMZ,No Brand,https://vn-live-01.slatic.net/p/4fe0a417feb74b1d5b6f30bbcd24e097.jpg,,//www.lazada.vn/products/pdp-i1799457154.html
1106,ELLIER 100pcs Nhựa Túi đóng gói bánh trung thu Chống ẩm Phong cách Trung Quốc Túi quà thủ công Túi nướng Cấp thực phẩm Túi đóng gói bánh quy Lễ hội mùa thu giữa năm,3167267664_VNAMZ,No Brand,https://sg-test-11.slatic.net/p/36031c3f4f24aa388cdb05e99f89d641.jpg,,//www.lazada.vn/products/pdp-i3167267664.html
1107,Bộ 16 Khuôn làm Rau Câu - Cơm Nắm Trung Thu Cao Cấp Tiện Dụng,2017440976_VNAMZ,No Brand,https://vn-live-01.slatic.net/original/c6a8fc4c4b47d443e77a53dc9ea1a301.jpg,,//www.lazada.vn/products/pdp-i2017440976.html
1108,KUIBIW 5 Set 6/8 lưới Hộp quà trung thu Phong cách Trung Quốc Sang trọng Hộp quà giòn lòng đỏ trứng Hộp bánh trung thu Hộp rỗng Hộp bánh trung thu Tặng quà,3166582002_VNAMZ,No Brand,https://sg-test-11.slatic.net/p/774f7d4f813b56fa0e6e6850d9a2f451.jpg,,//www.lazada.vn/products/pdp-i3166582002.html
1109,WSRYHDFE Ngọt ngào Kẹp Tóc Thỏ bánh trung thu Hài Hước Mũ thỏ Kẹp Tóc Thỏ cái nôi Dễ thương Phong cách Trung Quốc Kẹp tóc hoa Osmanthus Lễ hội trung thu,3167340898_VNAMZ,No Brand,https://sg-test-11.slatic.net/p/459582f467df2e603ed2c53307191aa3.jpg,,//www.lazada.vn/products/pdp-i3167340898.html
1110,JDTYJDT Phong cách Trung Quốc Hộp quà tặng lễ hội trung thu 12 hạt Sang trọng Hộp bánh trung thu Hộp đựng Hộp rỗng Hộp đóng gói giòn lòng đỏ trứng Tặng quà,3167845448_VNAMZ,No Brand,https://sg-test-11.slatic.net/p/6209c37770e6797e3e40d64be6f3f3c8.jpg,,//www.lazada.vn/products/pdp-i3167845448.html
1111,RD5BA7 Hai Lớp Giỏ tre Tự nhiên Phong cách Trung Quốc Giỏ bánh trung thu Hộp đóng gói lễ hội Dệt Giỏ đựng bánh mì Bánh Trung Thu zongzi hạt,3167338974_VNAMZ,No Brand,https://sg-test-11.slatic.net/p/faeb68d4744fa7ecf7a352e02ca18d12.jpg,,//www.lazada.vn/products/pdp-i3167338974.html
1112,SYXQUS 5 Set 6/8 lưới Hộp quà trung thu Phong cách Trung Quốc Sang trọng Hộp đóng gói bánh ngọt Hộp di động Thỏ Hộp bánh trung thu Tặng quà,3167433081_VNAMZ,No Brand,https://sg-test-11.slatic.net/p/b4953792fce015ee2ed0b1c9c7665c76.jpg,,//www.lazada.vn/products/pdp-i3167433081.html
1113,MZP Mũ thỏ Kẹp Tóc Thỏ bánh trung thu Ngọt ngào Hài Hước Kẹp tóc bánh trung thu Thời trang Kẹp tóc Kẹp tóc hoa Osmanthus Lễ hội trung thu,3167355596_VNAMZ,No Brand,https://sg-test-11.slatic.net/p/8581b39b2bf476b29d0f6d75fe4203b1.png,,//www.lazada.vn/products/pdp-i3167355596.html
1114,BEIBEI 100pcs Nhựa Túi đóng gói bánh trung thu Cấp thực phẩm Phong cách Trung Quốc Túi quà thủ công Chống ẩm Chống ẩm Túi đóng gói bánh quy Lễ hội mùa thu giữa năm,3167296734_VNAMZ,No Brand,https://sg-test-11.slatic.net/p/1a7f1486ceb5132a006a979c693a80df.jpg,,//www.lazada.vn/products/pdp-i3167296734.html
1115,HOLLYII 100pcs Mờ Túi đóng gói bánh trung thu Chống ẩm Nhựa Túi quà thủ công Túi thực phẩm Bán trong suốt Túi dán tự dính Lễ hội mùa thu giữa năm,3167259708_VNAMZ,No Brand,https://sg-test-11.slatic.net/p/5e1b4891f0e6af93cedffe6fa545ef9a.jpg,,//www.lazada.vn/products/pdp-i3167259708.html
1116,MLS 100pcs Nhựa Túi đóng gói bánh trung thu Chống ẩm Mờ Túi quà thủ công Túi thực phẩm Cấp thực phẩm Túi dán tự dính Lễ hội mùa thu giữa năm,3167221363_VNAMZ,No Brand,https://sg-test-11.slatic.net/p/b9957e4ba81dc8fd432917ca9e21411b.jpg,,//www.lazada.vn/products/pdp-i3167221363.html
1117,8GJGR Lễ hội trung thu Đồ chơi nhồi bông hình bánh trung thu Bông xốp Tương tác Gối hình trung thu mô phỏng 3D Búp bê ngủ cho bé Mềm mại Đồ chơi nhồi bông bánh trung thu Đồ dùng tiệc,3167404264_VNAMZ,No Brand,https://sg-test-11.slatic.net/p/6dc64f128a1566c03b74a55092774414.jpg,,//www.lazada.vn/products/pdp-i3167404264.html
1118,TRASTO 100pcs Nhựa Túi đóng gói bánh trung thu Chống ẩm Phong cách Trung Quốc Túi đóng gói bánh quy Túi nướng Cấp thực phẩm Máy hàn túi Lễ hội mùa thu giữa năm,3167366536_VNAMZ,No Brand,https://sg-test-11.slatic.net/p/da199f2be285dd164792837fe5e2124c.jpg,,//www.lazada.vn/products/pdp-i3167366536.html
1119,ETHTY Tự nhiên Giỏ tre Dệt Phong cách Trung Quốc Giỏ đựng trứng Hộp đóng gói lễ hội Thanh lịch Giỏ đựng bánh mì Lễ hội trung thu,3167432100_VNAMZ,No Brand,https://sg-test-11.slatic.net/p/6570f04bdeea0b7ea7432a46db1cfbd9.png,,//www.lazada.vn/products/pdp-i3167432100.html
1120,CRYSTAL Vuông/Tròn Bánh Trung Thu mô phỏng Trang trí PU Bánh Trung Thu giả Đạo cụ chụp ảnh Mềm Trang trí thực phẩm cửa sổ Giữa Mùa Thu Dành cho gia đình,3168327235_VNAMZ,No Brand,https://sg-test-11.slatic.net/p/cb969e6c1a04fef4f5c3ef2f3a80afa2.jpg,,//www.lazada.vn/products/pdp-i3168327235.html
1121,TESDFD PU Bánh Trung Thu mô phỏng Mềm Vuông/Tròn Trang trí thực phẩm cửa sổ Giữa Mùa Thu Đạo cụ chụp ảnh Trang trí Chế độ bánh trung thu Dành cho gia đình,3167780910_VNAMZ,No Brand,https://sg-test-11.slatic.net/p/af48a9c5eadda8cbb2f2fc2fc60e087e.jpg,,//www.lazada.vn/products/pdp-i3167780910.html
1122,Y7RAN7 Vuông/Tròn Bánh Trung Thu mô phỏng Trang trí PU Trang trí thực phẩm cửa sổ Giữa Mùa Thu Đạo cụ chụp ảnh Mềm Chế độ bánh trung thu Dành cho gia đình,3167337993_VNAMZ,No Brand,https://sg-test-11.slatic.net/p/da5ba7b678ac9a27ebbf2abd78f2ed6a.jpg,,//www.lazada.vn/products/pdp-i3167337993.html
1123,SDFHSFGA 100Pcs Cần cẩu TỰ LÀM Bao bì Túi Con Dấu Hot Túi Món quà Warpping Nguồn Cung Cấp Nguồn Cung Cấp bên Bánh Trung Thu Container Bánh Túi Cookie Kẹo Túi,3167281777_VNAMZ,No Brand,https://sg-test-11.slatic.net/p/f8d70c223dba906de3868f3c45e53e39.jpg,,//www.lazada.vn/products/pdp-i3167281777.html
1124,PWD0442 Ngọt ngào Kẹp Tóc Thỏ bánh trung thu Hài Hước Mũ thỏ Kẹp tóc bánh trung thu Dễ thương Khí chất Kẹp Tóc Thỏ cái nôi Lễ hội trung thu,3167349921_VNAMZ,No Brand,https://sg-test-11.slatic.net/p/4d9178149263b006c39d770d8f4a7904.png,,//www.lazada.vn/products/pdp-i3167349921.html
1125,ZYJC SHOP Phong cách Trung Quốc Hộp quà đóng gói bánh trung thu Thỏ Dễ thương Hộp chiên lòng đỏ trứng Hộp bánh trung thu 6 ô Hộp bánh trung thu Quà Tặng Lễ hội trung thu,3167275857_VNAMZ,ZYJC,https://sg-test-11.slatic.net/p/fbc14c0c9ec7987baefea42ba184c827.jpg,,//www.lazada.vn/products/pdp-i3167275857.html
1126,MOUSSE Vuông/Tròn Bánh Trung Thu mô phỏng Trang trí PU Chế độ bánh trung thu Đạo cụ chụp ảnh Mềm Bánh Trung Thu giả Dành cho gia đình,3167605096_VNAMZ,No Brand,https://sg-test-11.slatic.net/p/3b39833009e4173655aaa00f638cb64a.jpg,,//www.lazada.vn/products/pdp-i3167605096.html
1127,HCHC 100pcs Nhựa Túi đóng gói bánh trung thu Mờ Chống ẩm Túi đóng gói bánh quy Túi thực phẩm Bán trong suốt Túi dán tự dính Lễ hội mùa thu giữa năm,3167313708_VNAMZ,No Brand,https://sg-test-11.slatic.net/p/2987dd3b866c1c85883f40c24cb30b0c.jpg,,//www.lazada.vn/products/pdp-i3167313708.html
1128,OOG 5 Set Phong cách Trung Quốc Hộp quà trung thu Sang trọng 6/8 lưới Hộp quà giòn lòng đỏ trứng Hộp đựng Hộp rỗng Hộp đóng gói bánh ngọt Tặng quà,3167380466_VNAMZ,No Brand,https://sg-test-11.slatic.net/p/40e4e405e1eef88ee41ef663eceb7486.jpg,,//www.lazada.vn/products/pdp-i3167380466.html
1129,UNQCSA Phong cách Trung Quốc Giỏ tre Tự nhiên Hai Lớp Giỏ đựng trứng Hộp đựng bánh mì Cầm tay Giỏ đựng bánh mì Bánh Trung Thu zongzi hạt,3167468890_VNAMZ,No Brand,https://sg-test-11.slatic.net/p/1b071bf39dc9bf58a5abcc662bfebf40.jpg,,//www.lazada.vn/products/pdp-i3167468890.html
1130,"Bánh gặm phòng bệnh răng miệng loại bỏ mảnh bám cho thú cưng ,chó 12.5g - 150g - Dr.Healmedix Scanling Chew",2746030342_VNAMZ,Dr.Healmedix,https://filebroker-cdn.lazada.vn/kf/Sc520ec6a6bee4a3697fee5a98dc59cab9.jpg,,//www.lazada.vn/products/pdp-i2746030342.html
1131,RFHSFGED Hoạt hình Hộp đóng gói bánh trung thu 4/6 ô Phong cách Trung Quốc Hộp chiên lòng đỏ trứng Hộp bánh trung thu Giấy Hộp quà Quà Tặng Lễ hội trung thu,3167349192_VNAMZ,No Brand,https://sg-test-11.slatic.net/p/2ee4204e89789dd41da7c27009b160ea.jpg,,//www.lazada.vn/products/pdp-i3167349192.html
1132,Korean Cordyceps cool wood box Black 60 tablets [2 Original stamp] increase fitness blood pressure stability tumor control-tranglihkorea,502616506_VNAMZ,Kanghwa,https://vn-live-01.slatic.net/p/26cc32bef1607dea62cc0916a17f67c3.jpg,,//www.lazada.vn/products/pdp-i502616506.html
1133,MITULI 5 Set Phong cách Trung Quốc Hộp quà trung thu 6/8 lưới Sang trọng Hộp bánh trung thu Hộp di động Thỏ Hộp đóng gói bánh ngọt Tặng quà,3167357115_VNAMZ,No Brand,https://sg-test-11.slatic.net/p/68b0f55b56855704ea9bb22d729ff03b.jpg,,//www.lazada.vn/products/pdp-i3167357115.html
1134,DSIUY 12 hạt Hộp quà tặng lễ hội trung thu Sang trọng Hộp rỗng Hộp bánh trung thu Hộp đựng Phong cách Trung Quốc Hộp bánh trung thu di động Tặng quà,3167352667_VNAMZ,No Brand,https://sg-test-11.slatic.net/p/b01f44e83b65a190233129ed17ea3605.jpg,,//www.lazada.vn/products/pdp-i3167352667.html
1135,TRYJUV Ngọt ngào Kẹp Tóc Thỏ bánh trung thu Mũ thỏ Hài Hước Kẹp Tóc Thỏ cái nôi Sáng Tạo Khí chất Kẹp tóc bánh trung thu Lễ hội trung thu,3167337929_VNAMZ,No Brand,https://sg-test-11.slatic.net/p/3aadf350de242b83e4923d2654618289.png,,//www.lazada.vn/products/pdp-i3167337929.html
1136,TESDFD 5 Set Phong cách Trung Quốc Hộp quà trung thu 6/8 lưới Sang trọng Hộp quà giòn lòng đỏ trứng Hộp di động Hộp rỗng Hộp bánh trung thu Tặng quà,3167888090_VNAMZ,No Brand,https://sg-test-11.slatic.net/p/556bd33e6e564ce218f125ada753d230.jpg,,//www.lazada.vn/products/pdp-i3167888090.html
1137,DFJET 12 hạt Hộp quà tặng lễ hội trung thu Phong cách Trung Quốc Sang trọng Hộp bánh trung thu di động Hộp đựng Hộp rỗng Hộp đóng gói giòn lòng đỏ trứng Tặng quà,3167357566_VNAMZ,No Brand,https://sg-test-11.slatic.net/p/1408727067dd299913e7b3d12b4872f6.jpg,,//www.lazada.vn/products/pdp-i3167357566.html
1138,SKH7UH Mũ thỏ Kẹp Tóc Thỏ bánh trung thu Ngọt ngào Hài Hước Kẹp tóc bánh trung thu Dễ thương Kẹp tóc Kẹp tóc hoa Osmanthus Lễ hội trung thu,3167441042_VNAMZ,No Brand,https://sg-test-11.slatic.net/p/c6d86c33414dec4f5dd15a7d2352a70f.jpg,,//www.lazada.vn/products/pdp-i3167441042.html
1139,IUYJN 100pcs Nhựa Túi đóng gói bánh trung thu Chống ẩm Mờ Túi đóng gói bánh quy Túi thực phẩm Bán trong suốt Túi dán tự dính Lễ hội mùa thu giữa năm,3167299027_VNAMZ,No Brand,https://sg-test-11.slatic.net/p/fdf94645d1e3b7e4957b0e1ebbca28ee.jpg,,//www.lazada.vn/products/pdp-i3167299027.html
1140,TFHDFHRG Bông xốp Đồ chơi nhồi bông hình bánh trung thu Lễ hội trung thu Tương tác Đồ chơi nhồi bông bánh trung thu Ghế Sofa Futon Bộ sưu tập Gối hình trung thu mô phỏng 3D Đồ dùng tiệc,3167403338_VNAMZ,No Brand,https://sg-test-11.slatic.net/p/7f96e03c2b51ad0e4955a2c6774f4684.jpg,,//www.lazada.vn/products/pdp-i3167403338.html
1141,EODKUS Phong cách Trung Quốc Hộp quà tặng lễ hội trung thu 12 hạt Sang trọng Hộp bánh trung thu di động Hộp đựng Hộp rỗng Hộp bánh trung thu Tặng quà,3167377438_VNAMZ,No Brand,https://sg-test-11.slatic.net/p/5ce0ee9a7192b2989be3fc400cb96777.jpg,,//www.lazada.vn/products/pdp-i3167377438.html
1142,PTOUTS Vuông/Tròn Bánh Trung Thu mô phỏng Trang trí Mềm Bánh Trung Thu giả Đạo cụ chụp ảnh PU Chế độ bánh trung thu Dành cho gia đình,3167387381_VNAMZ,No Brand,https://sg-test-11.slatic.net/p/4f634c519b1c30ed1439cdd888ade19b.jpg,,//www.lazada.vn/products/pdp-i3167387381.html
1143,PPRVAU Mũ thỏ Kẹp Tóc Thỏ bánh trung thu Hài Hước Ngọt ngào Kẹp Tóc Thỏ cái nôi Thời trang Phong cách Trung Quốc Kẹp tóc hoa Osmanthus Lễ hội trung thu,3167390364_VNAMZ,No Brand,https://sg-test-11.slatic.net/p/c0c74af6b18e59919009235fb3101c62.png,,//www.lazada.vn/products/pdp-i3167390364.html
1144,BOTHHY 12 hạt Hộp quà tặng lễ hội trung thu Phong cách Trung Quốc Hộp rỗng Hộp bánh trung thu di động Sáng tạo Sang trọng Hộp bánh trung thu Tặng quà,3167421195_VNAMZ,No Brand,https://sg-test-11.slatic.net/p/bd818d9ab142ce8ea62eddcf6684dfe1.jpg,,//www.lazada.vn/products/pdp-i3167421195.html
1145,jdtyjdt decor trung thu lồng đèn trung thu 2025 Phong cách Trung Quốc Giỏ tre Hai Lớp Tự nhiên Giỏ đựng trứng Hộp thực phẩm Có Nắp Giỏ Dã Ngoại Bánh Trung Thu zongzi hạt,3167869193_VNAMZ,No Brand,https://sg-test-11.slatic.net/p/cbcb7710c26dd8306036c4553a8c0292.jpg,,//www.lazada.vn/products/pdp-i3167869193.html
1146,UYDG 100pcs Mờ Túi đóng gói bánh trung thu Chống ẩm Nhựa Túi đóng gói bánh quy Túi thực phẩm Cấp thực phẩm Túi quà thủ công Lễ hội mùa thu giữa năm,3167347974_VNAMZ,No Brand,https://sg-test-11.slatic.net/p/72d440a847c5b5c77543fbf63dc5cedb.jpg,,//www.lazada.vn/products/pdp-i3167347974.html
1147,J2UQR3 Phong cách Trung Quốc Giỏ tre Hai Lớp Tự nhiên Giỏ bánh trung thu Hộp thực phẩm Có Nắp Giỏ Dã Ngoại Bánh Trung Thu zongzi hạt,3167352607_VNAMZ,No Brand,https://sg-test-11.slatic.net/p/ea4082b859eea3a4758e7ba63a234e06.jpg,,//www.lazada.vn/products/pdp-i3167352607.html
1148,LENNY Mũ thỏ Kẹp Tóc Thỏ bánh trung thu Hài Hước Ngọt ngào Kẹp Tóc Thỏ cái nôi Thời trang Phong cách Trung Quốc Kẹp tóc hoa Osmanthus Lễ hội trung thu,3167308753_VNAMZ,No Brand,https://sg-test-11.slatic.net/p/8329429833c1f67c94c6c25eee85a9a0.png,,//www.lazada.vn/products/pdp-i3167308753.html
1149,EAURA 5 Set Phong cách Trung Quốc Hộp quà trung thu 6/8 lưới Sang trọng Hộp quà giòn lòng đỏ trứng Hộp di động Thỏ Hộp bánh trung thu Tặng quà,3167287205_VNAMZ,No Brand,https://sg-test-11.slatic.net/p/eadfd3650a16c0cbee92abff7f79bc4f.jpg,,//www.lazada.vn/products/pdp-i3167287205.html
1150,DSFGRST Hai Lớp Giỏ tre Phong cách Trung Quốc Tự nhiên Giỏ bánh trung thu Hộp đóng gói lễ hội Cầm tay Giỏ đựng bánh mì Bánh Trung Thu zongzi hạt,3167351856_VNAMZ,No Brand,https://sg-test-11.slatic.net/p/3e9d010c298474feeb802db062f8c774.jpg,,//www.lazada.vn/products/pdp-i3167351856.html
1151,Thư Can Hoà Vị hoàn - Đồng Nhân Đường,3148595593_VNAMZ,No Brand,https://filebroker-cdn.lazada.vn/kf/S745e2c6a4be345cca84276434f758f9e0.jpg,,//www.lazada.vn/products/pdp-i3148595593.html
1152,Bio 60 pack [original copper buckle] Cordyceps Men's Health anti-tumor-tranglinh,2060442244_VNAMZ,Korea Ginseng,https://vn-live-01.slatic.net/p/168f7a6518b1e5564111877ad7620d32.jpg,,//www.lazada.vn/products/pdp-i2060442244.html
1153,CRYSTAL Tự nhiên Giỏ tre Dệt Phong cách Trung Quốc Giỏ đựng trứng Hộp đóng gói lễ hội Cầm tay Giỏ bánh trung thu Lễ hội trung thu,3168296507_VNAMZ,No Brand,https://sg-test-11.slatic.net/p/89ee93c44ec3daca1dacc7f61dfbd297.jpg,,//www.lazada.vn/products/pdp-i3168296507.html
1154,RFHSFGED Hai Lớp Giỏ tre Tự nhiên Phong cách Trung Quốc Giỏ đựng trứng Giỏ trái cây Cầm tay Giỏ Dã Ngoại Bánh Trung Thu zongzi hạt,3167307808_VNAMZ,No Brand,https://sg-test-11.slatic.net/p/f781af2887a79b19b11b394fe15ff802.jpg,,//www.lazada.vn/products/pdp-i3167307808.html
1155,VBGG Vuông/Tròn Bánh Trung Thu mô phỏng PU Trang trí Trang trí thực phẩm cửa sổ Giữa Mùa Thu Sáng Tạo Mềm Chế độ bánh trung thu Dành cho gia đình,3167361514_VNAMZ,No Brand,https://sg-test-11.slatic.net/p/e4916a85a3fb71e11d0d3092518b6713.jpg,,//www.lazada.vn/products/pdp-i3167361514.html
1156,DOI4RE 100pcs Nhựa Túi đóng gói bánh trung thu Phong cách Trung Quốc Cấp thực phẩm Máy hàn túi Túi thực phẩm Chống ẩm Túi quà thủ công Lễ hội mùa thu giữa năm,3167419231_VNAMZ,No Brand,https://sg-test-11.slatic.net/p/3d9bd67fdb9bb2974240f0722ef2bcda.jpg,,//www.lazada.vn/products/pdp-i3167419231.html
1157,DSFGRST Bông xốp Đồ chơi nhồi bông hình bánh trung thu Tương tác Lễ hội trung thu Đồ chơi nhồi bông bánh trung thu Búp bê ngủ cho bé Thủ công Gối hình trung thu mô phỏng 3D Đồ dùng tiệc,3167411189_VNAMZ,No Brand,https://sg-test-11.slatic.net/p/01d0d10cdad6247fca7a433eeba0fff6.jpg,,//www.lazada.vn/products/pdp-i3167411189.html
1158,K38-Khuôn bánh trung thu-4 kiểu (150-190gr),2002587505_VNAMZ,No Brand,https://vn-live-01.slatic.net/p/01694d3cd8f60c9a81943dc120fb7888.jpg,,//www.lazada.vn/products/pdp-i2002587505.html
1159,JOTNTP Phong cách Trung Quốc Giỏ tre Tự nhiên Hai Lớp Giỏ bánh trung thu Hộp đóng gói lễ hội Có Nắp Giỏ Dã Ngoại Bánh Trung Thu zongzi hạt,3168207584_VNAMZ,No Brand,https://sg-test-11.slatic.net/p/1b95f61b01863b4929b6fd033713ac9d.jpg,,//www.lazada.vn/products/pdp-i3168207584.html
1160,LOPU Vuông/Tròn Bánh Trung Thu mô phỏng Trang trí Mềm Chế độ bánh trung thu Đạo cụ chụp ảnh PU Bánh Trung Thu giả Dành cho gia đình,3167843533_VNAMZ,No Brand,https://sg-test-11.slatic.net/p/1d5ba87f9150bdb8535413f5475ba7eb.jpg,,//www.lazada.vn/products/pdp-i3167843533.html
1161,BABYBANG Vuông/Tròn Bánh Trung Thu mô phỏng PU Mềm Bánh Trung Thu giả Sáng Tạo Trang trí Trang trí thực phẩm cửa sổ Giữa Mùa Thu Dành cho gia đình,3167318466_VNAMZ,No Brand,https://sg-test-11.slatic.net/p/6187ef783758b0980a78cd498a38955f.jpg,,//www.lazada.vn/products/pdp-i3167318466.html
1162,NCNC bánh trung thu 3D Khuôn bánh trung thu hoa Silicone Phong cách Trung Quốc Khuôn bánh ngọt lễ hội Thiết thực Mềm Khuôn silicon hình hoa sen Lễ hội trung thu,3167834514_VNAMZ,NCNC,https://sg-test-11.slatic.net/p/68bfc5a23eb4f51201144319618026eb.jpg,,//www.lazada.vn/products/pdp-i3167834514.html
1163,Con Dấu Kết Cấu Bằng Gỗ Gốm 16 Bộ Đồ Gỗ Hoạt Hình Bánh Trung Thu In Công Cụ Sáng Tạo Khuôn Đất Sét Gốm,2650612505_VNAMZ,No Brand,https://vn-live-01.slatic.net/p/d3871de56217ab876ea2cf885aa9713d.jpg_webp,,//www.lazada.vn/products/pdp-i2650612505.html
1164,UNQCSA 100pcs Nhựa Túi đóng gói bánh trung thu Chống ẩm Phong cách Trung Quốc Máy hàn túi Túi nướng Cấp thực phẩm Túi đóng gói bánh quy Lễ hội mùa thu giữa năm,3167516619_VNAMZ,No Brand,https://sg-test-11.slatic.net/p/4fe7ad4894c4a314208d50a5f73497d8.jpg,,//www.lazada.vn/products/pdp-i3167516619.html
1165,HJKL Phong cách Trung Quốc Hộp quà đóng gói bánh trung thu Thỏ Dễ thương Hộp chiên lòng đỏ trứng Hộp di động 6 ô Hộp bánh trung thu Quà Tặng Lễ hội trung thu,3167175970_VNAMZ,HJKL,https://sg-test-11.slatic.net/p/45f15c4733d9f9755465b665eca085b7.jpg,,//www.lazada.vn/products/pdp-i3167175970.html
1166,3 quả bom Khói nhiều màu sắc hiệu ứng màu ma thuật bom sương mù cầm tay phòng thu đám cưới đạo cụ sân khấu tiệc tùng bánh thuốc lá Halloween,2916581180_VNAMZ,No Brand,https://vn-live-01.slatic.net/p/b5c0263841ab505d9c5bc31e3400384f.jpg_webp,,//www.lazada.vn/products/pdp-i2916581180.html
1167,BOTHHY Vuông/Tròn Bánh Trung Thu mô phỏng PU Mềm Trang trí thực phẩm cửa sổ Giữa Mùa Thu Sáng Tạo Trang trí Chế độ bánh trung thu Dành cho gia đình,3167398328_VNAMZ,No Brand,https://sg-test-11.slatic.net/p/b3819e98f031fdb8799723c48e1a2881.jpg,,//www.lazada.vn/products/pdp-i3167398328.html
1168,NHG 3D Khuôn bánh trung thu hoa Silicone Phong cách Trung Quốc Khuôn đậu xanh Thiết thực Mềm Khuôn silicon hình hoa sen Lễ hội trung thu,3167405264_VNAMZ,No Brand,https://sg-test-11.slatic.net/p/3fcf5c00abd4cb48798aeef9994f3371.jpg,,//www.lazada.vn/products/pdp-i3167405264.html
1169,Khuôn bánh quy bằng gỗ khuôn cắt bánh ngọt khuôn bánh trung thu dụng cụ làm bánh Mung Bean Cake Ice Skin fondant khuôn sô cô la tiện ích làm bánh,2808740524_VNAMZ,No Brand,https://sg-test-11.slatic.net/p/d79e951ab893f5ffbea1bee2fe140872.jpg,,//www.lazada.vn/products/pdp-i2808740524.html
1170,"Bánh Ngọt Bằng Gỗ, Hộp Bánh Trung Thu, Hộp Thực Phẩm Đa Năng Di Động, Hộp Lưu Trữ Gỗ Rắn Hai Lớp Kiểu Giỏ, Hộp Quà Tay Tùy Chỉnh 1.14",2900515140_VNAMZ,No Brand,https://vn-live-01.slatic.net/p/c0973191a1bd1c98efe0327a4b0bf72d.jpg_webp,,//www.lazada.vn/products/pdp-i2900515140.html
1171,Gia Dụng 220v Bánh Răng Cần Cẩu Nhỏ Palăng Điện Thu Nhỏ Tốc Độ Thay Đổi Bánh Răng Trục Trung Gian Phụ Kiện Thang Máy Bánh Xe Nhanh,2652828212_VNAMZ,No Brand,https://vn-live-01.slatic.net/p/2cf8b46a2efad6af0af43c1c21d184bf.jpg_webp,,//www.lazada.vn/products/pdp-i2652828212.html
1172,UCEPRO 3D Khuôn bánh trung thu hoa Silicone Phong cách Trung Quốc Khuôn silicon hình hoa sen Khuôn nến Không dính Khuôn bánh ngọt lễ hội Lễ hội trung thu,3167349961_VNAMZ,No Brand,https://sg-test-11.slatic.net/p/958e1f5fb891fe1fa4cd87f3f8cea430.jpg,,//www.lazada.vn/products/pdp-i3167349961.html
1173,jdtyjdt bánh trung thu 3D Khuôn bánh trung thu hoa Phong cách Trung Quốc Silicone Khuôn đậu xanh Khuôn nến Không dính Khuôn silicon hình hoa sen Lễ hội trung thu,3167776853_VNAMZ,No Brand,https://sg-test-11.slatic.net/p/a8eeeb62eeea793bbdf4ad3aacd65d4c.jpg,,//www.lazada.vn/products/pdp-i3167776853.html
1174,10 bộ khuôn trung thu đồng mây mẫu 221-200g,1898047705_VNAMZ,No Brand,https://filebroker-cdn.lazada.vn/kf/S8cba700f5337403a87a2d24b676f71d1C.jpg,,//www.lazada.vn/products/pdp-i1898047705.html
1175,WSO4734 Phong cách Trung Quốc Khuôn bánh trung thu hoa 3D Silicone Khuôn silicon hình hoa sen Dụng cụ làm bánh Không dính Khuôn đậu xanh Lễ hội trung thu,3167426213_VNAMZ,No Brand,https://sg-test-11.slatic.net/p/07c5917f29b1fd83dbe1ead4cabf680a.jpg,,//www.lazada.vn/products/pdp-i3167426213.html
1176,Gia Dụng 220V Bánh Răng Cần Cẩu Nhỏ Palăng Điện Thu Nhỏ Tốc Độ Thay Đổi Bánh Răng Trục Trung Gian Phụ Kiện Thang Máy Bánh Xe Nhanh,2670288980_VNAMZ,No Brand,https://vn-live-01.slatic.net/p/932f15ebce4700d62377369cead97014.jpg_webp,,//www.lazada.vn/products/pdp-i2670288980.html
1177,BYD wheel hub light Han EV Tang DMi second-generation Song Pro Qin Plus modified luminous calibration magnetic levitation center cover Center Caps,3067983775_VNAMZ,No Brand,https://sg-test-11.slatic.net/p/26313674791e1ba21c98196e829a777d.jpg,,//www.lazada.vn/products/pdp-i3067983775.html
1178,J2UQR3 Phong cách Trung Quốc Khuôn bánh trung thu hoa Silicone 3D Khuôn đậu xanh Khuôn nến Mềm Khuôn bánh ngọt lễ hội Lễ hội trung thu,3167385454_VNAMZ,No Brand,https://sg-test-11.slatic.net/p/13ba83f3a1f89abf0fb84e2db7170103.jpg,,//www.lazada.vn/products/pdp-i3167385454.html
1179,IIE Phong cách Trung Quốc Khuôn bánh trung thu hoa Silicone 3D Khuôn đậu xanh Khuôn nến Không dính Khuôn silicon hình hoa sen Lễ hội trung thu,3167387421_VNAMZ,No Brand,https://sg-test-11.slatic.net/p/3a62c5f88779f3846abf095851c1d19c.jpg,,//www.lazada.vn/products/pdp-i3167387421.html
1180,ZANWIT Phong cách Trung Quốc Khuôn bánh trung thu hoa Silicone 3D Khuôn silicon hình hoa sen Thiết thực Không dính Khuôn đậu xanh Lễ hội trung thu,3167345713_VNAMZ,No Brand,https://sg-test-11.slatic.net/p/b8b74cf1cbc3f1d8df2fc2394c8bc3fd.jpg,,//www.lazada.vn/products/pdp-i3167345713.html
1181,Hot Bánh Xe Màu Shifters Thay Đổi Thu Nhỏ Xe Mô Hình Đồ Chơi Cho Bé Trai 1:64 Hotwheels Quà Tặng 1/64 Quà Tặng Hotweheels Bhr15 Hoteelws,2734944439_VNAMZ,No Brand,https://sg-test-11.slatic.net/p/b3c38ce3ef6be120b49f6963bbbc824a.jpg,,//www.lazada.vn/products/pdp-i2734944439.html
1182,Phong Cách Trung Hoa Thư Pháp Móng Tay Nghệ Thuật Dán Với Thiết Kế Nổi Thơ Truyền Thống Trích Dẫn Trang Trí Phụ Kiện Làm Móng,2721787145_VNAMZ,No Brand,https://filebroker-cdn.lazada.vn/kf/Sfd19e36d41784e0c912b325e74bd0c98V.jpg,,//www.lazada.vn/products/pdp-i2721787145.html
1183,GJNGJNGG Phong cách Trung Quốc Hộp quà trung thu 6/8 lưới Cao cấp Hộp bánh trung thu Hộp bánh trung thu Sang trọng Hộp đóng gói giòn lòng đỏ trứng Tặng quà,3167361509_VNAMZ,No Brand,https://sg-test-11.slatic.net/p/95dbf79c080d399efbeb828d4284758d.jpg,,//www.lazada.vn/products/pdp-i3167361509.html
1184,Đèn Treo Phong Cách Trung Hoa Cổ Điển Nhỏ Đèn Nghệ Thuật Gỗ Nhà Hàng Đèn Khoan Phong Cách Hiện Đại Đèn Lồng Da Cừu Cổ Điển,2960503875_VNAMZ,No Brand,https://filebroker-cdn.lazada.vn/kf/S00560831531940389baeefa51f2024f54.jpg,,//www.lazada.vn/products/pdp-i2960503875.html
1185,SDFHSFGA 12 hạt Hộp quà tặng lễ hội trung thu Hộp rỗng Phong cách Trung Quốc Hộp bánh trung thu Sáng tạo Sang trọng Hộp bánh trung thu di động Tặng quà,3167333411_VNAMZ,No Brand,https://sg-test-11.slatic.net/p/efa493e3533ead983d38a6a1ccfb06f4.jpg,,//www.lazada.vn/products/pdp-i3167333411.html
1186,MZP Lễ hội trung thu Đồ chơi nhồi bông hình bánh trung thu Tương tác Bông xốp Đồ chơi nhồi bông bánh trung thu Búp bê nhồi bông Thủ công Gối hình trung thu mô phỏng 3D Đồ dùng tiệc,3167359523_VNAMZ,No Brand,https://sg-test-11.slatic.net/p/b94b2d705166f296a2689d3a541d1324.jpg,,//www.lazada.vn/products/pdp-i3167359523.html
1187,CEMOMEF 100pcs Nhựa Túi đóng gói bánh trung thu Phong cách Trung Quốc Cấp thực phẩm Máy hàn túi Túi nướng Chống ẩm Túi quà thủ công Lễ hội mùa thu giữa năm,3167285675_VNAMZ,No Brand,https://sg-test-11.slatic.net/p/9ced211bc0ebb26758100d5f3f6a7bc9.jpg,,//www.lazada.vn/products/pdp-i3167285675.html
1188,GJ56 Phong cách Trung Quốc Giỏ tre Hai Lớp Tự nhiên Giỏ bánh trung thu Giỏ trái cây Cầm tay Giỏ đựng bánh mì Bánh Trung Thu zongzi hạt,3167394327_VNAMZ,No Brand,https://sg-test-11.slatic.net/p/fdb066bdf9707c7c21d97a4c39c2a011.jpg,,//www.lazada.vn/products/pdp-i3167394327.html
1189,BMFUEW 100pcs Nhựa Túi đóng gói bánh trung thu Chống ẩm Mờ Túi dán tự dính Chống ẩm Bán trong suốt Túi đóng gói bánh quy Lễ hội mùa thu giữa năm,3167419185_VNAMZ,No Brand,https://sg-test-11.slatic.net/p/eefa8eb947084743801a4684482d588d.jpg,,//www.lazada.vn/products/pdp-i3167419185.html
1190,J2UQR3 Mũ thỏ Kẹp Tóc Thỏ bánh trung thu Ngọt ngào Hài Hước Kẹp tóc bánh trung thu Sáng Tạo Phong cách Trung Quốc Kẹp tóc hoa Osmanthus Lễ hội trung thu,3167412202_VNAMZ,No Brand,https://sg-test-11.slatic.net/p/4aff0b49cdc38e4f87ecdd35f8881a1d.jpg,,//www.lazada.vn/products/pdp-i3167412202.html
1191,GJNGJNGG Phong cách Trung Quốc Hộp quà tặng lễ hội trung thu 12 hạt Sang trọng Hộp bánh trung thu Sáng tạo Hộp rỗng Hộp bánh trung thu di động Tặng quà,3167433071_VNAMZ,No Brand,https://sg-test-11.slatic.net/p/fd610180048408480f1ef77911be197b.jpg,,//www.lazada.vn/products/pdp-i3167433071.html
1192,BQGRBT 5 Set Phong cách Trung Quốc Hộp quà trung thu 6/8 lưới Sang trọng Hộp quà giòn lòng đỏ trứng Hộp đựng Hộp rỗng Hộp bánh trung thu Tặng quà,3166487968_VNAMZ,No Brand,https://sg-test-11.slatic.net/p/2b429f605d98eadd48576c9190e5585a.jpg,,//www.lazada.vn/products/pdp-i3166487968.html
1193,ELLIER Phong cách Trung Quốc Giỏ tre Tự nhiên Dệt Giỏ đựng trứng Hộp đóng gói lễ hội Cầm tay Giỏ bánh trung thu Lễ hội trung thu,3167276846_VNAMZ,No Brand,https://sg-test-11.slatic.net/p/4d53d6cef43af000bb425deb907750ba.jpg,,//www.lazada.vn/products/pdp-i3167276846.html
1194,Khuôn trung thu lò xo mẫu hoa chim 4 mặt 200g,1963262435_VNAMZ,No Brand,https://filebroker-cdn.lazada.vn/kf/S1119b3e4605148879bed67baaae8ec2fg.jpg,,//www.lazada.vn/products/pdp-i1963262435.html
1195,KGASBT Phong cách Trung Quốc Giỏ tre Tự nhiên Dệt Giỏ bánh trung thu Hộp đựng bánh mì Có Nắp Giỏ Dã Ngoại Lễ hội trung thu,3167380435_VNAMZ,No Brand,https://sg-test-11.slatic.net/p/e5fd310bfe0d5a0e9ffe88324bee7411.jpg,,//www.lazada.vn/products/pdp-i3167380435.html
1196,DOI4RE 100pcs Mờ Túi đóng gói bánh trung thu Chống ẩm Nhựa Túi dán tự dính Chống ẩm Bán trong suốt Túi quà thủ công Lễ hội mùa thu giữa năm,3167370746_VNAMZ,No Brand,https://sg-test-11.slatic.net/p/fbe635b56df1c7910269e4887a893f01.jpg,,//www.lazada.vn/products/pdp-i3167370746.html
1197,WSRYHDFE Hai Lớp Giỏ tre Tự nhiên Phong cách Trung Quốc Giỏ đựng trứng Hộp đóng gói lễ hội Cầm tay Giỏ Dã Ngoại Bánh Trung Thu zongzi hạt,3167427116_VNAMZ,No Brand,https://sg-test-11.slatic.net/p/718ba257e2a9c1bdf093c2241a91bc1a.jpg,,//www.lazada.vn/products/pdp-i3167427116.html
1198,IFYHIWEF Phong cách Trung Quốc Hộp quà tặng lễ hội trung thu Hộp rỗng Sang trọng Hộp đóng gói giòn lòng đỏ trứng Sáng tạo 12 hạt Hộp bánh trung thu di động Tặng quà,3167422177_VNAMZ,No Brand,https://sg-test-11.slatic.net/p/c171a83cbb22ae24ccd1e393e95c5d50.jpg,,//www.lazada.vn/products/pdp-i3167422177.html
1199,PPRVAU Lễ hội trung thu Đồ chơi nhồi bông hình bánh trung thu Bông xốp Tương tác Gối hình trung thu mô phỏng 3D Đệm ghế Thoải mái Đồ chơi nhồi bông bánh trung thu Đồ dùng tiệc,3167412234_VNAMZ,No Brand,https://sg-test-11.slatic.net/p/5eb569dd9a17086a823dd9afe51f8767.jpg,,//www.lazada.vn/products/pdp-i3167412234.html
1200,TRASTO PU Bánh Trung Thu mô phỏng Mềm Trang trí Chế độ bánh trung thu Sáng Tạo Vuông/Tròn Trang trí thực phẩm cửa sổ Giữa Mùa Thu Dành cho gia đình,3167354647_VNAMZ,No Brand,https://sg-test-11.slatic.net/p/2c06c6dfe35827904793d35b2ad49768.jpg,,//www.lazada.vn/products/pdp-i3167354647.html
1201,IFYHIWEF PU Bánh Trung Thu mô phỏng Trang trí Vuông/Tròn Chế độ bánh trung thu Đạo cụ chụp ảnh Mềm Bánh Trung Thu giả Dành cho gia đình,3167421174_VNAMZ,No Brand,https://sg-test-11.slatic.net/p/c3e9a2990d7f857f8e492a3be2444229.jpg,,//www.lazada.vn/products/pdp-i3167421174.html
1202,GJ56 100pcs Nhựa Túi đóng gói bánh trung thu Mờ Chống ẩm Túi đóng gói bánh quy Túi thực phẩm Bán trong suốt Túi dán tự dính Lễ hội mùa thu giữa năm,3167374423_VNAMZ,No Brand,https://sg-test-11.slatic.net/p/236a188b36d1d455bd21ca74cbf00c9c.jpg,,//www.lazada.vn/products/pdp-i3167374423.html
1203,FDHT Vuông/Tròn Bánh Trung Thu mô phỏng Mềm Trang trí Bánh Trung Thu giả Sáng Tạo PU Chế độ bánh trung thu Dành cho gia đình,3167398345_VNAMZ,No Brand,https://sg-test-11.slatic.net/p/04b1ac66e43ab631260e7ac13d14932b.jpg,,//www.lazada.vn/products/pdp-i3167398345.html
1204,CEMOMEF PU Bánh Trung Thu mô phỏng Mềm Trang trí Trang trí thực phẩm cửa sổ Giữa Mùa Thu Sáng Tạo Vuông/Tròn Chế độ bánh trung thu Dành cho gia đình,3167354115_VNAMZ,No Brand,https://sg-test-11.slatic.net/p/e66705f14e8c22f94a3fc3826b5dd0af.jpg,,//www.lazada.vn/products/pdp-i3167354115.html
1205,NJJU 100pcs Nhựa Túi đóng gói bánh trung thu Cấp thực phẩm Phong cách Trung Quốc Túi quà thủ công Túi thực phẩm Chống ẩm Máy hàn túi Lễ hội mùa thu giữa năm,3167366514_VNAMZ,No Brand,https://sg-test-11.slatic.net/p/266054516a3e81cb329e9770bfdea5a7.jpg,,//www.lazada.vn/products/pdp-i3167366514.html
1206,B3D1 100pcs Nhựa Túi đóng gói bánh trung thu Phong cách Trung Quốc Chống ẩm Máy hàn túi Túi thực phẩm Cấp thực phẩm Túi quà thủ công Lễ hội mùa thu giữa năm,3167302842_VNAMZ,No Brand,https://sg-test-11.slatic.net/p/a5bddb9a75ffb6c9f691212938b7dd3f.jpg,,//www.lazada.vn/products/pdp-i3167302842.html
1207,NSITOT Hai Lớp Giỏ tre Tự nhiên Phong cách Trung Quốc Giỏ đựng trứng Hộp đóng gói lễ hội Dệt Giỏ đựng bánh mì Bánh Trung Thu zongzi hạt,3167472981_VNAMZ,No Brand,https://sg-test-11.slatic.net/p/97e04307ccdd14f095c910682a57d5d3.jpg,,//www.lazada.vn/products/pdp-i3167472981.html
1208,XAVINU Ngọt ngào Kẹp Tóc Thỏ bánh trung thu Hài Hước Mũ thỏ Kẹp tóc hoa Osmanthus Sáng Tạo Phong cách Trung Quốc Kẹp Tóc Thỏ cái nôi Lễ hội trung thu,3167412182_VNAMZ,No Brand,https://sg-test-11.slatic.net/p/ca3aee853be4dc8850bf9d70056cbb8a.jpg,,//www.lazada.vn/products/pdp-i3167412182.html
1209,QTNJVE Bông xốp Đồ chơi nhồi bông hình bánh trung thu Lễ hội trung thu Tương tác Đồ chơi nhồi bông bánh trung thu Búp bê ngủ cho bé Bộ sưu tập Gối hình trung thu mô phỏng 3D Đồ dùng tiệc,3167400334_VNAMZ,No Brand,https://sg-test-11.slatic.net/p/d34724e29fcf994c7d22ebb07ce7e8bd.jpg,,//www.lazada.vn/products/pdp-i3167400334.html
1210,Miếng Dán Móng Tay Nghệ Thuật Đám Cưới Phong Cách Trung Hoa Cho Cô Dâu Thiết Kế Nổi Viền Vàng Cao Cấp Thích Hợp Cho Mọi Loại Da,2721323478_VNAMZ,No Brand,https://filebroker-cdn.lazada.vn/kf/S68d3034f2e6248daa45d1588fab4cd538.jpg,,//www.lazada.vn/products/pdp-i2721323478.html
1211,GJURD Phong cách Trung Quốc Hộp quà trung thu 6/8 lưới Cao cấp Hộp bánh trung thu Hộp bánh trung thu Sang trọng Hộp đóng gói giòn lòng đỏ trứng Tặng quà,3167412159_VNAMZ,No Brand,https://sg-test-11.slatic.net/p/6db02e5a024ce7b77d86b3377bd5f25d.jpg,,//www.lazada.vn/products/pdp-i3167412159.html
1212,"Hộp Quà Dewis Nest 10 Hũ Yến Chưng Nguyên Chất Mix Vị Siêu Cao Cấp, Phù Hợp làm Quà Tặngg, Quà tặng Trung Thu, Quà Tết",3033340199_VNAMZ,DEWIS NEST,https://vn-live-01.slatic.net/p/9637f959024abc319e699dabe2a29cdf.jpg,,//www.lazada.vn/products/pdp-i3033340199.html
1213,"Cao hắc sâm đông trùng hạ thảo hàn quốc, hộp 4 lọ - Cao sâm hàn quốc - Tăng thể lực, chống lão hóa, phòng ung thư - tranglinh",2060733422_VNAMZ,Korea Ginseng,https://vn-live-01.slatic.net/p/2e455bd2032a9e95076e9d0054197bb3.jpg,,//www.lazada.vn/products/pdp-i2060733422.html
1214,Khuôn trung thu lò xo 150g 1 mặt hoa sen nhụy,1998530857_VNAMZ,No Brand,https://vn-live-01.slatic.net/p/be333b4f6529da676f0c4624f7619b07.jpg,,//www.lazada.vn/products/pdp-i1998530857.html
1215,BMFUEW Phong cách Trung Quốc Hộp quà tặng lễ hội trung thu 12 hạt Hộp rỗng Hộp bánh trung thu di động Hộp đựng Sang trọng Hộp đóng gói giòn lòng đỏ trứng Tặng quà,3167374455_VNAMZ,No Brand,https://sg-test-11.slatic.net/p/b3f59a472b2a4c0971f517932b3bea5c.jpg,,//www.lazada.vn/products/pdp-i3167374455.html
1216,KISSCAT Phong cách Trung Quốc Hộp quà tặng lễ hội trung thu Hộp rỗng Sang trọng Hộp bánh trung thu Hộp đựng 12 hạt Hộp đóng gói giòn lòng đỏ trứng Tặng quà,3167380398_VNAMZ,No Brand,https://sg-test-11.slatic.net/p/c982ac56f770fdee0dd8427e5ca68520.jpg,,//www.lazada.vn/products/pdp-i3167380398.html
1217,NJJU Phong cách Trung Quốc Hộp quà tặng lễ hội trung thu Hộp rỗng Sang trọng Hộp bánh trung thu Hộp đựng 12 hạt Hộp đóng gói giòn lòng đỏ trứng Tặng quà,3167375643_VNAMZ,No Brand,https://sg-test-11.slatic.net/p/4fb9a291835554e5e7942e48e0bfc400.jpg,,//www.lazada.vn/products/pdp-i3167375643.html
1218,DOI4RE Tự nhiên Giỏ tre Phong cách Trung Quốc Dệt Giỏ đựng trứng Hộp đựng bánh mì Có Nắp Giỏ đựng bánh mì Lễ hội trung thu,3167396411_VNAMZ,No Brand,https://sg-test-11.slatic.net/p/243a3e6e655b524cede6cc472b170da4.png,,//www.lazada.vn/products/pdp-i3167396411.html
1219,ZANWIT Phong cách Trung Quốc Giỏ tre Dệt Tự nhiên Giỏ bánh trung thu Hộp đựng bánh mì Có Nắp Giỏ Dã Ngoại Lễ hội trung thu,3167354619_VNAMZ,No Brand,https://sg-test-11.slatic.net/p/30cbbef8e088d00452eebcedb2db0058.jpg,,//www.lazada.vn/products/pdp-i3167354619.html
1220,BIGCOUSIN 12 hạt Hộp quà tặng lễ hội trung thu Hộp rỗng Phong cách Trung Quốc Hộp bánh trung thu di động Hộp đựng Sang trọng Hộp bánh trung thu Tặng quà,3167426107_VNAMZ,No Brand,https://sg-test-11.slatic.net/p/e910a3894d2ca01935738e97469f029c.jpg,,//www.lazada.vn/products/pdp-i3167426107.html
1221,TAADD Phong cách Trung Quốc Giỏ tre Hai Lớp Tự nhiên Giỏ đựng trứng Hộp đóng gói lễ hội Dệt Giỏ đựng bánh mì Bánh Trung Thu zongzi hạt,3167367725_VNAMZ,No Brand,https://sg-test-11.slatic.net/p/71dde4e5764b0542d174aa67d5c869a0.jpg,,//www.lazada.vn/products/pdp-i3167367725.html
1222,SDFHSFGA 5 Set 6/8 lưới Hộp quà trung thu Sang trọng Phong cách Trung Quốc Hộp đóng gói bánh ngọt Hộp bánh trung thu Hộp rỗng Hộp quà giòn lòng đỏ trứng Tặng quà,3167247903_VNAMZ,No Brand,https://sg-test-11.slatic.net/p/e03c0b7b4e396f543f44cd1e3426eb74.jpg,,//www.lazada.vn/products/pdp-i3167247903.html
1223,HUA JIE Phong cách Trung Quốc Giỏ tre Tự nhiên Dệt Giỏ bánh trung thu Hộp đóng gói lễ hội Có Nắp Giỏ đựng trứng Lễ hội trung thu,3167332415_VNAMZ,No Brand,https://sg-test-11.slatic.net/p/d9cdeb5c422380153000d0ba14e56f77.jpg,,//www.lazada.vn/products/pdp-i3167332415.html
1224,PPRVAU 100pcs Phong cách Trung Quốc Túi đóng gói bánh trung thu Chống ẩm Nhựa Máy hàn túi Chống ẩm Cấp thực phẩm Túi đóng gói bánh quy Lễ hội mùa thu giữa năm,3167422178_VNAMZ,No Brand,https://sg-test-11.slatic.net/p/dde9f84401f9aada92e3270142843866.jpg,,//www.lazada.vn/products/pdp-i3167422178.html
1225,HI BRO 12 hạt Hộp quà tặng lễ hội trung thu Hộp rỗng Sang trọng Hộp bánh trung thu di động Sáng tạo Phong cách Trung Quốc Hộp đóng gói giòn lòng đỏ trứng Tặng quà,3167249968_VNAMZ,No Brand,https://sg-test-11.slatic.net/p/14da6d85930ed17279619e1c0754ac4e.jpg,,//www.lazada.vn/products/pdp-i3167249968.html
1226,Y7RAN7 5 Set 6/8 lưới Hộp quà trung thu Phong cách Trung Quốc Sang trọng Hộp bánh trung thu Hộp bánh trung thu Thỏ Hộp đóng gói bánh ngọt Tặng quà,3167428142_VNAMZ,No Brand,https://sg-test-11.slatic.net/p/52407464db1d73774cca70e1f9b7848a.jpg,,//www.lazada.vn/products/pdp-i3167428142.html
1227,"JUN07-Khuôn bánh trung thu-4 kiểu-150gr-180GR , 200-250GR",2004279249_VNAMZ,No Brand,https://vn-live-01.slatic.net/p/38c23336143bdfe4195c573ecc025022.jpg,,//www.lazada.vn/products/pdp-i2004279249.html
1228,SDFHSFGA 100pcs Nhựa Túi đóng gói bánh trung thu Mờ Chống ẩm Túi quà thủ công Chống ẩm Cấp thực phẩm Túi dán tự dính Lễ hội mùa thu giữa năm,3167291767_VNAMZ,No Brand,https://sg-test-11.slatic.net/p/d08b55832673629f1517c78dfce3de44.jpg,,//www.lazada.vn/products/pdp-i3167291767.html
1229,UCEPRO 5 Set 6/8 lưới Hộp quà trung thu Phong cách Trung Quốc Sang trọng Hộp đóng gói bánh ngọt Hộp di động Thỏ Hộp quà giòn lòng đỏ trứng Tặng quà,3167435053_VNAMZ,No Brand,https://sg-test-11.slatic.net/p/3823ae0928c33ddb72ec446ff475bc46.jpg,,//www.lazada.vn/products/pdp-i3167435053.html
1230,IFYHIWEF Phong cách Trung Quốc Hộp quà trung thu Cao cấp 6/8 lưới Hộp bánh trung thu Hộp di động Hộp rỗng Hộp đóng gói giòn lòng đỏ trứng Tặng quà,3167380433_VNAMZ,No Brand,https://sg-test-11.slatic.net/p/4f97987cb20e187d184f70034186a5e9.jpg,,//www.lazada.vn/products/pdp-i3167380433.html
1231,BEIBEI Phong cách Trung Quốc Hộp đóng gói bánh trung thu Hoạt hình 4/6 ô Hộp chiên lòng đỏ trứng Hộp Kẹo Thanh lịch Hộp quà Quà Tặng Lễ hội trung thu,3167365047_VNAMZ,No Brand,https://sg-test-11.slatic.net/p/aba27ef7f767d9d4077c821e0292672f.jpg,,//www.lazada.vn/products/pdp-i3167365047.html
1232,VBGG Phong cách Trung Quốc Giỏ tre Dệt Tự nhiên Giỏ bánh trung thu Hộp đựng bánh mì Thanh lịch Giỏ Dã Ngoại Lễ hội trung thu,3167377419_VNAMZ,No Brand,https://sg-test-11.slatic.net/p/e9c8ef8d62ef2cb85a7aced0c5180814.jpg,,//www.lazada.vn/products/pdp-i3167377419.html
1233,RFHSFGED Bông xốp Đồ chơi nhồi bông hình bánh trung thu Lễ hội trung thu Tương tác Gối hình trung thu mô phỏng 3D Búp bê nhồi bông Bộ sưu tập Đồ chơi nhồi bông bánh trung thu Đồ dùng tiệc,3167357122_VNAMZ,No Brand,https://sg-test-11.slatic.net/p/92093fec41683b1ed00edc5aa393018b.jpg,,//www.lazada.vn/products/pdp-i3167357122.html
1234,IIE Hai Lớp Giỏ tre Tự nhiên Phong cách Trung Quốc Giỏ bánh trung thu Giỏ trái cây Dệt Giỏ đựng trứng Bánh Trung Thu zongzi hạt,3167424192_VNAMZ,No Brand,https://sg-test-11.slatic.net/p/d189f88ce397f30e2301074c6b101d12.jpg,,//www.lazada.vn/products/pdp-i3167424192.html
1235,BEIBEI Tự nhiên Giỏ tre Phong cách Trung Quốc Dệt Giỏ bánh trung thu Hộp đóng gói lễ hội Cầm tay Giỏ Dã Ngoại Lễ hội trung thu,3167297706_VNAMZ,No Brand,https://sg-test-11.slatic.net/p/32bcc16c1ec6edd9e2db23b434295abf.jpg,,//www.lazada.vn/products/pdp-i3167297706.html
1236,B3D1 100pcs Nhựa Túi đóng gói bánh trung thu Chống ẩm Mờ Túi quà thủ công Túi thực phẩm Bán trong suốt Túi đóng gói bánh quy Lễ hội mùa thu giữa năm,3167243857_VNAMZ,No Brand,https://sg-test-11.slatic.net/p/7414bc0b6897c3e577166eba398aef9d.jpg,,//www.lazada.vn/products/pdp-i3167243857.html
1237,"Khuôn trung thu 4 mặt vuông bươm bướm, đôi cá chép 150g | 200g",1998812543_VNAMZ,No Brand,https://vn-live-01.slatic.net/p/01a79c579a446d54a7864b88c4c531c0.jpg,,//www.lazada.vn/products/pdp-i1998812543.html
1238,DSFYG Phong cách Trung Quốc Hộp quà tặng lễ hội trung thu 12 hạt Hộp rỗng Hộp đóng gói giòn lòng đỏ trứng Sáng tạo Sang trọng Hộp bánh trung thu Tặng quà,3167430117_VNAMZ,No Brand,https://sg-test-11.slatic.net/p/79b62f296b735f0f6a9f44ff8c844325.jpg,,//www.lazada.vn/products/pdp-i3167430117.html
1239,TWCEJE168 Ngọt ngào Kẹp Tóc Thỏ bánh trung thu Hài Hước Mũ thỏ Kẹp Tóc Thỏ cái nôi Thời trang Phong cách Trung Quốc Kẹp tóc hoa Osmanthus Lễ hội trung thu,3167435103_VNAMZ,No Brand,https://sg-test-11.slatic.net/p/eaca23d1489afbc3b2172b67a681c669.jpg,,//www.lazada.vn/products/pdp-i3167435103.html
1240,[COD] YANXING1 Khuôn bánh trung thu khủng long hoạt hình khuôn Tem bánh ngọt sáng tạo khuôn tay Báo Chí động vật đậu dán bánh khuôn bánh ngọt tự làm dụng cụ nướng,3165618785_VNAMZ,No Brand,https://sg-test-11.slatic.net/p/8c033f7aa9cb287e155c3be02dcc9feb.jpg,,//www.lazada.vn/products/pdp-i3165618785.html
1241,"Khuôn bánh trung thu kiểu mới, khuôn ép bánh đậu xanh, khuôn ép thực phẩm, khuôn ép tay hình hoạt hình dễ thương 50 Bộ hoàn chỉnh",3111046870_VNAMZ,No Brand,https://vn-live-01.slatic.net/p/be7ef4e568000371e6d1e664517f7198.jpg_webp,,//www.lazada.vn/products/pdp-i3111046870.html
1242,"+HOT./.KF152023 Khuôn Bánh Trung Thu Kiểu Mới, Hoa Sum Họp Gia Đình, Trăng Tròn, Tết Trung Thu, Mô Hình Làm Bánh Ngọt Đậu Xanh Tuyết",2830384570_VNAMZ,No Brand,https://vn-live-01.slatic.net/p/353fb789c3605495d4dc8066eacdf7b3.jpg_webp,,//www.lazada.vn/products/pdp-i2830384570.html
1243,PWD0442 PU Bánh Trung Thu mô phỏng Mềm Trang trí Bánh Trung Thu giả Sáng Tạo Vuông/Tròn Trang trí thực phẩm cửa sổ Giữa Mùa Thu Dành cho gia đình,3167367768_VNAMZ,No Brand,https://sg-test-11.slatic.net/p/8e10d2007ed8d13aab7779559ee8d1ee.jpg,,//www.lazada.vn/products/pdp-i3167367768.html
1244,DSFYG Vuông/Tròn Bánh Trung Thu mô phỏng Trang trí PU Bánh Trung Thu giả Đạo cụ chụp ảnh Mềm Trang trí thực phẩm cửa sổ Giữa Mùa Thu Dành cho gia đình,3167346990_VNAMZ,No Brand,https://sg-test-11.slatic.net/p/5703c2f57f9c659ef6364f5a09b15b69.jpg,,//www.lazada.vn/products/pdp-i3167346990.html
1245,TRASTO 3D Khuôn bánh trung thu hoa Silicone Phong cách Trung Quốc Khuôn silicon hình hoa sen Thiết thực Không dính Khuôn bánh ngọt lễ hội Lễ hội trung thu,3167368587_VNAMZ,No Brand,https://sg-test-11.slatic.net/p/7720d9cbaa6031e371c431d625085506.jpg,,//www.lazada.vn/products/pdp-i3167368587.html
1246,DFJET 100pcs Nhựa Túi đóng gói bánh trung thu Phong cách Trung Quốc Chống ẩm Túi quà thủ công Túi thực phẩm Cấp thực phẩm Máy hàn túi Lễ hội mùa thu giữa năm,3167401257_VNAMZ,No Brand,https://sg-test-11.slatic.net/p/84e055f1e6de9e4b49d53eb069725d2b.jpg,,//www.lazada.vn/products/pdp-i3167401257.html
1247,FGJEB Bông xốp Đồ chơi nhồi bông hình bánh trung thu Tương tác Lễ hội trung thu Đồ chơi nhồi bông bánh trung thu Ghế Sofa Futon Thủ công Gối hình trung thu mô phỏng 3D Đồ dùng tiệc,3167392437_VNAMZ,No Brand,https://sg-test-11.slatic.net/p/c2366fc45e21d60cdb45ae2b34195998.jpg,,//www.lazada.vn/products/pdp-i3167392437.html
1248,MITULI 3D Khuôn bánh trung thu hoa Phong cách Trung Quốc Silicone Khuôn đậu xanh Thiết thực Mềm Khuôn bánh ngọt lễ hội Lễ hội trung thu,3167373008_VNAMZ,No Brand,https://sg-test-11.slatic.net/p/53820cede056e4c384965a3a305952eb.jpg,,//www.lazada.vn/products/pdp-i3167373008.html
1249,+HOT./. Khuôn Mì Ống Bằng Gỗ   Khuôn Bánh Trung Thu   Khuôn Nướng   Bánh Đậu Xanh Bánh Bí Ngô   Khuôn Làm Bánh Hoa Văn,2830767203_VNAMZ,No Brand,https://vn-live-01.slatic.net/p/aa349f4569774d3d02dc52342f5f4548.jpg_webp,,//www.lazada.vn/products/pdp-i2830767203.html
1250,"+HOT./.64N Khuôn Làm Bánh Bằng Gỗ, Khuôn Bánh Trung Thu, Bánh Hấp, Bánh Đậu Xanh, Bánh Bí Ngô Qingming  DIY Sản Xuất",2830692340_VNAMZ,No Brand,https://vn-live-01.slatic.net/p/ebcf9773c2d77f0840fa831e53051b6a.jpg_webp,,//www.lazada.vn/products/pdp-i2830692340.html
1251,+HOT./.22QR Khuôn Trái Cây Qingming Khuôn Bánh Trung Thu Bánh Đậu Xanh Khuôn Gia Dụng Làm Bánh Ngọt Bánh Bí Ngô Bánh Mì Hấp,2830816982_VNAMZ,No Brand,https://vn-live-01.slatic.net/p/5f6d7e181c79e6f2a1288f4c707c8516.jpg_webp,,//www.lazada.vn/products/pdp-i2830816982.html
1252,"Khuôn Trung Thu 3D Siêu Sắc Nét - Hình ĐẦU LÂN 150g , mẫu mới 2021",1348092816_VNAMZ,No Brand,https://vn-live-01.slatic.net/p/e040042572a3a000b6af9effe1ace348.jpg,,//www.lazada.vn/products/pdp-i1348092816.html
1253,ELLIER 3D Khuôn bánh trung thu hoa Silicone Phong cách Trung Quốc Khuôn silicon hình hoa sen Thiết thực Mềm Khuôn đậu xanh Lễ hội trung thu,3167281680_VNAMZ,No Brand,https://sg-test-11.slatic.net/p/4e38adeb576053b6e2d07f7ee93de0ec.jpg,,//www.lazada.vn/products/pdp-i3167281680.html
1254,Khuôn trung thu lò xo sen chùa 4 mặt 200 -250gram,1930780022_VNAMZ,No Brand,https://filebroker-cdn.lazada.vn/kf/Sb3c7f7925f704f4f87dbd8c7c836ec14A.jpg,,//www.lazada.vn/products/pdp-i1930780022.html
1255,RVIVWK Phong cách Trung Quốc Khuôn bánh trung thu hoa 3D Silicone Khuôn bánh ngọt lễ hội Khuôn nến Không dính Khuôn silicon hình hoa sen Lễ hội trung thu,3167412224_VNAMZ,No Brand,https://sg-test-11.slatic.net/p/095804d24d39b3a0377336337ae03d5d.jpg,,//www.lazada.vn/products/pdp-i3167412224.html
1256,Mẫu 5 con Đông Trùng Hạ Thảo Tây Tạng cao cấp - Size 5 - Thích hợp mua dùng để test thử chất lượng,2385663989_VNAMZ,No Brand,https://vn-live-01.slatic.net/p/85c93e305f252187330283a4e63c24f3.jpg,,//www.lazada.vn/products/pdp-i2385663989.html
1257,2023Diecast 1:24 Đức R75 mô hình ba bánh chiến tranh thế giới II mô hình quân sự xe máy hợp kim sidecar xe máy xe máy thu nhỏ,2713796781_VNAMZ,No Brand,https://vn-live-01.slatic.net/p/6731abf6a6ee86d4c0cbf89a8f320950.jpg_webp,,//www.lazada.vn/products/pdp-i2713796781.html
1258,"2025 Thụy Sĩ ETA2892 Dừng trung tâm bánh xe thép lớn thứ hai   Phụ kiện mới chính hãng Thụy Sĩ, Universal Tianjin Seagull 2892",3034790202_VNAMZ,No Brand,https://vn-live-01.slatic.net/p/2fd46e8a0aabf55837a5d82c68b53e20.jpg_webp,,//www.lazada.vn/products/pdp-i3034790202.html
1259,SKH7UH Phong cách Trung Quốc Khuôn bánh trung thu hoa 3D Silicone Khuôn silicon hình hoa sen Dụng cụ làm bánh Mềm Khuôn bánh ngọt lễ hội Lễ hội trung thu,3167425213_VNAMZ,No Brand,https://sg-test-11.slatic.net/p/b1c2285a7cebde9d508f7de323bbcdb5.jpg,,//www.lazada.vn/products/pdp-i3167425213.html
1260,EODKUS Phong cách Trung Quốc Khuôn bánh trung thu hoa 3D Silicone Khuôn đậu xanh Thiết thực Không dính Khuôn bánh ngọt lễ hội Lễ hội trung thu,3167435126_VNAMZ,No Brand,https://sg-test-11.slatic.net/p/3d45fdbda6af214950b93ca133126e9f.jpg,,//www.lazada.vn/products/pdp-i3167435126.html
1261,Đồ chơi mô hình xe cứu hoả bằng hợp kim nguyên khối có nhạc và đèn chạy cót mở được 10 cửa kèm thang,2409030677_VNAMZ,No Brand,https://vn-live-01.slatic.net/p/a259170ec9685769105b16cb458fde88.jpg,,//www.lazada.vn/products/pdp-i2409030677.html
1262,Khuôn trung thu 125g 6 mặt tròn hoa văn họa tiết Nhật Bản,1998681582_VNAMZ,No Brand,https://vn-live-01.slatic.net/p/389b91d52ed842ee87966ed987e0b479.jpg,,//www.lazada.vn/products/pdp-i1998681582.html
1263,RFHSFGED Giấy kraft Hộp bánh trung thu Lễ hội trung thu Thủ công 8 ô Quà tặng Túi cầm tay Lòng Đỏ Trứng giòn Di động Hộp đóng gói Lễ hội,3167327430_VNAMZ,No Brand,https://sg-test-11.slatic.net/p/b554e680c9b19b9d6f5f49aa5cffd117.jpg,,//www.lazada.vn/products/pdp-i3167327430.html
1264,BEIBEI Cần cẩu Nhựa Bánh Biscuit Kẹo Cookie Bao bì Túi TỰ LÀM Bánh Trung Thu Container Cookie Kẹo Túi Bánh Túi Nguồn Cung Cấp bên,3167314757_VNAMZ,No Brand,https://sg-test-11.slatic.net/p/6b19bf4dd1f41e3e7487181f117fc3c7.jpg,,//www.lazada.vn/products/pdp-i3167314757.html
1265,HCHC 12 hạt Hộp quà tặng lễ hội trung thu Phong cách Trung Quốc Hộp rỗng Hộp đóng gói giòn lòng đỏ trứng Sáng tạo Sang trọng Hộp bánh trung thu Tặng quà,3167317712_VNAMZ,No Brand,https://sg-test-11.slatic.net/p/829768d8dd073a0d2dc8e007a8c0f4c6.jpg,,//www.lazada.vn/products/pdp-i3167317712.html
1266,VBGG 6/8 lưới Hộp quà trung thu Phong cách Trung Quốc Cao cấp Hộp đóng gói giòn lòng đỏ trứng Hộp bánh trung thu Hộp rỗng Hộp bánh trung thu Tặng quà,3167421203_VNAMZ,No Brand,https://sg-test-11.slatic.net/p/cc3999d2f5f176861c1b22b49961e093.jpg,,//www.lazada.vn/products/pdp-i3167421203.html
1267,Bóng Bơm Hơi Hình Thú Có Bánh Xe Dây Kéo – Bóng Nhôm Bạc 60cm Trang Trí Sinh Nhật Cho Bé,3165418969_VNAMZ,No Brand,https://vn-live-01.slatic.net/p/f0c935f21caf00741adf91d84ef71e37.jpg,,//www.lazada.vn/products/pdp-i3165418969.html
1268,DOI4RE Phong cách Trung Quốc Hộp quà tặng lễ hội trung thu Sang trọng 12 hạt Hộp bánh trung thu di động Hộp đựng Hộp rỗng Hộp đóng gói giòn lòng đỏ trứng Tặng quà,3167366509_VNAMZ,No Brand,https://sg-test-11.slatic.net/p/cdb1d614cba9f500ed9ce9b2cc52b36c.jpg,,//www.lazada.vn/products/pdp-i3167366509.html
1269,JDTYJDT 5 Set 6/8 lưới Hộp quà trung thu Phong cách Trung Quốc Sang trọng Hộp bánh trung thu Hộp bánh trung thu Thỏ Hộp đóng gói bánh ngọt Tặng quà,3167854572_VNAMZ,No Brand,https://sg-test-11.slatic.net/p/548b588fd8741e89378b1bc29f32031b.jpg,,//www.lazada.vn/products/pdp-i3167854572.html
1270,DSFGRST Phong cách Trung Quốc Khuôn bánh trung thu hoa 3D Silicone Khuôn bánh ngọt lễ hội Khuôn nến Mềm Khuôn đậu xanh Lễ hội trung thu,3167429108_VNAMZ,No Brand,https://sg-test-11.slatic.net/p/bc9125e333bad68225f4db04d90f7aa7.jpg,,//www.lazada.vn/products/pdp-i3167429108.html
1271,RD5BA7 6/8 lưới Hộp quà trung thu Phong cách Trung Quốc Cao cấp Hộp đóng gói giòn lòng đỏ trứng Hộp đựng Hộp rỗng Hộp bánh trung thu Tặng quà,3167357586_VNAMZ,No Brand,https://sg-test-11.slatic.net/p/a42d5d944db3eaf61bdecf54cf7c1e32.jpg,,//www.lazada.vn/products/pdp-i3167357586.html
1272,EODKUS Phong cách Trung Quốc Hộp quà trung thu Cao cấp 6/8 lưới Hộp đóng gói giòn lòng đỏ trứng Hộp đựng Hộp rỗng Hộp bánh trung thu Tặng quà,3167412203_VNAMZ,No Brand,https://sg-test-11.slatic.net/p/cfab6fcdfd0db436cd0da920d43a0a8c.jpg,,//www.lazada.vn/products/pdp-i3167412203.html
1273,NHG 100pcs Nhựa Túi đóng gói bánh trung thu Cấp thực phẩm Chống ẩm Máy hàn túi Túi thực phẩm Phong cách Trung Quốc Túi đóng gói bánh quy Lễ hội mùa thu giữa năm,3167371741_VNAMZ,No Brand,https://sg-test-11.slatic.net/p/58828928a30206212a26b04bb33a5910.jpg,,//www.lazada.vn/products/pdp-i3167371741.html
1274,MOUSSE Hoạt hình Hộp đóng gói bánh trung thu Phong cách Trung Quốc 4/6 ô Hộp quà Hộp di động Thanh lịch Hộp chiên lòng đỏ trứng Quà Tặng Lễ hội trung thu,3167505615_VNAMZ,No Brand,https://sg-test-11.slatic.net/p/d66828bee16170bca4e9047e9ff94d8d.jpg,,//www.lazada.vn/products/pdp-i3167505615.html
1275,DUGDS 5 Set 6/8 lưới Hộp quà trung thu Phong cách Trung Quốc Sang trọng Hộp bánh trung thu Hộp di động Hộp rỗng Hộp đóng gói bánh ngọt Tặng quà,3167346867_VNAMZ,No Brand,https://sg-test-11.slatic.net/p/0a33d939a21242e85532b5b065a6e6bc.jpg,,//www.lazada.vn/products/pdp-i3167346867.html
1276,IUYJN 12 hạt Hộp quà tặng lễ hội trung thu Hộp rỗng Phong cách Trung Quốc Hộp đóng gói giòn lòng đỏ trứng Sáng tạo Sang trọng Hộp bánh trung thu di động Tặng quà,3167226303_VNAMZ,No Brand,https://sg-test-11.slatic.net/p/7e51f7b56e216dd7e1523a66ab5aad93.jpg,,//www.lazada.vn/products/pdp-i3167226303.html
1277,G23UW Phong cách Trung Quốc Hộp quà tặng lễ hội trung thu Sang trọng 12 hạt Hộp đóng gói giòn lòng đỏ trứng Hộp đựng Hộp rỗng Hộp bánh trung thu di động Tặng quà,3167396353_VNAMZ,No Brand,https://sg-test-11.slatic.net/p/ab413eebcf25d7deb7ba808c56b202f4.jpg,,//www.lazada.vn/products/pdp-i3167396353.html
1278,UAZGEO Lễ hội trung thu Đồ chơi nhồi bông hình bánh trung thu Bông xốp Tương tác Đồ chơi nhồi bông bánh trung thu Búp bê ngủ cho bé Phim hoạt hình Gối hình trung thu mô phỏng 3D Đồ dùng tiệc,3167392405_VNAMZ,No Brand,https://sg-test-11.slatic.net/p/69d32c44a3f89a7b13c01a8e90e0706f.jpg,,//www.lazada.vn/products/pdp-i3167392405.html
1279,TRASTO 5 Set Phong cách Trung Quốc Hộp quà trung thu Sang trọng 6/8 lưới Hộp bánh trung thu Hộp di động Hộp rỗng Hộp đóng gói bánh ngọt Tặng quà,3167371767_VNAMZ,No Brand,https://sg-test-11.slatic.net/p/896589b3ab3972d2bddec344ee0a8515.jpg,,//www.lazada.vn/products/pdp-i3167371767.html
1280,BIGCOUSIN PU Bánh Trung Thu mô phỏng Mềm Vuông/Tròn Chế độ bánh trung thu Sáng Tạo Trang trí Bánh Trung Thu giả Dành cho gia đình,3167414184_VNAMZ,No Brand,https://sg-test-11.slatic.net/p/6a0d723e724d18bb065f844d553499d8.jpg,,//www.lazada.vn/products/pdp-i3167414184.html
1281,EODKUS Vuông/Tròn Bánh Trung Thu mô phỏng PU Trang trí Trang trí thực phẩm cửa sổ Giữa Mùa Thu Sáng Tạo Mềm Chế độ bánh trung thu Dành cho gia đình,3167407311_VNAMZ,No Brand,https://sg-test-11.slatic.net/p/653ea7256216c4a40fa554f19e66a9f9.jpg,,//www.lazada.vn/products/pdp-i3167407311.html
1282,IIU 100pcs Mờ Túi đóng gói bánh trung thu Nhựa Chống ẩm Túi dán tự dính Túi thực phẩm Cấp thực phẩm Túi đóng gói bánh quy Lễ hội mùa thu giữa năm,3167345741_VNAMZ,No Brand,https://sg-test-11.slatic.net/p/2140a28546ba70d9415a340edc28903f.jpg,,//www.lazada.vn/products/pdp-i3167345741.html
1283,FGJEB Vuông/Tròn Bánh Trung Thu mô phỏng Mềm Trang trí Trang trí thực phẩm cửa sổ Giữa Mùa Thu Sáng Tạo PU Chế độ bánh trung thu Dành cho gia đình,3167405241_VNAMZ,No Brand,https://sg-test-11.slatic.net/p/a00954afbb9abe66ac1bd7fb7965b190.jpg,,//www.lazada.vn/products/pdp-i3167405241.html
1284,SDFHSFGA Hoạt hình Hộp đóng gói bánh trung thu Phong cách Trung Quốc 4/6 ô Hộp chiên lòng đỏ trứng Hộp di động Giấy Hộp quà Quà Tặng Lễ hội trung thu,3167332405_VNAMZ,No Brand,https://sg-test-11.slatic.net/p/bf17d3cdd42f945b23644cb7c20f4611.jpg,,//www.lazada.vn/products/pdp-i3167332405.html
1285,Bánh pía kim sa Tân Huê Viên mix 10 bánh 10 vị bánh pía Sóc Trăng đồ ăn vặt Sài Gòn,841190086_VNAMZ,TÂN HUÊ VIÊN,https://vn-live-01.slatic.net/p/dbcefc43a601c8558ef7b600fb143ae9.jpg,,//www.lazada.vn/products/pdp-i841190086.html
1286,ECFRDR PU Bánh Trung Thu mô phỏng Mềm Trang trí Bánh Trung Thu giả Đạo cụ chụp ảnh Vuông/Tròn Trang trí thực phẩm cửa sổ Giữa Mùa Thu Dành cho gia đình,3167338921_VNAMZ,No Brand,https://sg-test-11.slatic.net/p/43524850c4f3361a90334f2934b94ba8.jpg,,//www.lazada.vn/products/pdp-i3167338921.html
1287,HCHC Vuông/Tròn Bánh Trung Thu mô phỏng Trang trí PU Bánh Trung Thu giả Đạo cụ chụp ảnh Mềm Trang trí thực phẩm cửa sổ Giữa Mùa Thu Dành cho gia đình,3167321610_VNAMZ,No Brand,https://sg-test-11.slatic.net/p/86ff9bc80f73f0abe1c498b40cd51724.jpg,,//www.lazada.vn/products/pdp-i3167321610.html
1288,T6JOB1 Ngọt ngào Kẹp Tóc Thỏ bánh trung thu Hài Hước Mũ thỏ Kẹp tóc hoa Osmanthus Dễ thương Phong cách Trung Quốc Kẹp Tóc Thỏ cái nôi Lễ hội trung thu,3167417227_VNAMZ,No Brand,https://sg-test-11.slatic.net/p/29d63ac6a4dad39bbb9e6e25c05d8529.png,,//www.lazada.vn/products/pdp-i3167417227.html
1289,DISFUNNY 100pcs Mờ Túi đóng gói bánh trung thu Nhựa Chống ẩm Túi đóng gói bánh quy Túi thực phẩm Bán trong suốt Túi quà thủ công Lễ hội mùa thu giữa năm,3168151164_VNAMZ,No Brand,https://sg-test-11.slatic.net/p/66941e63f78ad384c28a7945083e5a51.jpg,,//www.lazada.vn/products/pdp-i3168151164.html
1290,[ Chính Hãng ] Cao Hà Thủ Ô Rừng Lai Châu ( được các cô giáo vùng cao nấu thủ công ),2607130665_VNAMZ,No Brand,https://sg-test-11.slatic.net/p/b819a0f9926e35820f1dbb8782ac8dcb.jpg,,//www.lazada.vn/products/pdp-i2607130665.html
1291,HXPUZM Phong cách Trung Quốc Giỏ tre Tự nhiên Hai Lớp Giỏ bánh trung thu Hộp đựng bánh mì Có Nắp Giỏ Dã Ngoại Bánh Trung Thu zongzi hạt,3167924461_VNAMZ,No Brand,https://sg-test-11.slatic.net/p/1a555c8c4eaa946a02dc65a027f1115c.jpg,,//www.lazada.vn/products/pdp-i3167924461.html
1292,"[Hỏa tốc] Bánh thưởng Macaron Tôm & Lòng Đỏ Trứng BETHEL 30G Cho Chó Mèo, Bánh Snack cho thú cưng",2915008421_VNAMZ,No Brand,https://sg-test-11.slatic.net/p/2aed1c3270dc386ffdadebe35a3943f7.jpg,,//www.lazada.vn/products/pdp-i2915008421.html
1293,Hộp Quà Yến Sào Tết Trung Thu Tặng Thầy Cô 20/11 20/10 8/3 The Nest House,2026577162_VNAMZ,The Nest House,https://vn-live-01.slatic.net/p/3e68e1b5ec10d5a4586b3e98dcf91ead.png,,//www.lazada.vn/products/pdp-i2026577162.html
1294,SYXQUS 100pcs Nhựa Túi đóng gói bánh trung thu Chống ẩm Cấp thực phẩm Túi quà thủ công Chống ẩm Phong cách Trung Quốc Máy hàn túi Lễ hội mùa thu giữa năm,3167424139_VNAMZ,No Brand,https://sg-test-11.slatic.net/p/21fd39311b162005f56720a4f7e3535c.jpg,,//www.lazada.vn/products/pdp-i3167424139.html
1295,WENTIVV Phong cách Trung Quốc Hộp quà trung thu 6/8 lưới Cao cấp Hộp bánh trung thu Hộp đựng Hộp rỗng Hộp đóng gói giòn lòng đỏ trứng Tặng quà,3162983955_VNAMZ,No Brand,https://sg-test-11.slatic.net/p/bab798d367f68cf36584d2642a81481a.jpg,,//www.lazada.vn/products/pdp-i3162983955.html
1296,BABYBANG 5 Set 6/8 lưới Hộp quà trung thu Sang trọng Phong cách Trung Quốc Hộp bánh trung thu Hộp bánh trung thu Thỏ Hộp đóng gói bánh ngọt Tặng quà,3166414170_VNAMZ,No Brand,https://sg-test-11.slatic.net/p/c654e352325dc0277584c21f885632ae.jpg,,//www.lazada.vn/products/pdp-i3166414170.html
1297,"Bàn Bi a Mini Cỡ Lớn, Bàn Bi Da 6 lỗ Người Lớn, Bàn Bi Da Cho Bé, Giúp Bé Thông Minh, Giải Trí Sau Những Giờ Học Căng Thẳng, Sản Phẩm Trí Tuệ được Bán Tại shop CLERVER.",1539627889_VNAMZ,No Brand,https://vn-live-01.slatic.net/p/b96ec38891f9aea91f5a229d97eec7bf.png,,//www.lazada.vn/products/pdp-i1539627889.html
1298,NRFYKYU Phong cách Trung Quốc Giỏ tre Dệt Tự nhiên Giỏ bánh trung thu Hộp đóng gói lễ hội Thanh lịch Giỏ đựng trứng Lễ hội trung thu,3167433084_VNAMZ,No Brand,https://sg-test-11.slatic.net/p/8c9460d5ad0ceffbe7843917c6912012.jpg,,//www.lazada.vn/products/pdp-i3167433084.html
1299,Năm 2024 Trung Quốc Năm Mới Rồng Năm Móng Tay Nghệ Thuật Dán Dễ Thương Thiết Kế Nổi Để Làm Móng Tay Trang Trí May Mắn Tài Lộc Hợp Thời Trang Trang Trí Móng Tay,2722642776_VNAMZ,No Brand,https://filebroker-cdn.lazada.vn/kf/S368fea9a707744b69c7d73281b2e082d3.jpg,,//www.lazada.vn/products/pdp-i2722642776.html
1300,SHUI70300 Hai Lớp Giỏ tre Tự nhiên Phong cách Trung Quốc Giỏ bánh trung thu Giỏ trái cây Cầm tay Giỏ đựng trứng Bánh Trung Thu zongzi hạt,3167365488_VNAMZ,No Brand,https://sg-test-11.slatic.net/p/1cab274179a5d4242b6defe689d75ea1.jpg,,//www.lazada.vn/products/pdp-i3167365488.html
1301,DELICACY Phong cách Trung Quốc Giỏ tre Tự nhiên Dệt Giỏ bánh trung thu Hộp đóng gói lễ hội Có Nắp Giỏ Dã Ngoại Lễ hội trung thu,3167393384_VNAMZ,No Brand,https://sg-test-11.slatic.net/p/1c1f96db180521dc0391b982ecfc49af.jpg,,//www.lazada.vn/products/pdp-i3167393384.html
1302,CEMOMEF 5 Set Phong cách Trung Quốc Hộp quà trung thu Sang trọng 6/8 lưới Hộp quà giòn lòng đỏ trứng Hộp bánh trung thu Hộp rỗng Hộp bánh trung thu Tặng quà,3167345209_VNAMZ,No Brand,https://sg-test-11.slatic.net/p/7b4b1ec29c12d4bb015d9e64590dcade.jpg,,//www.lazada.vn/products/pdp-i3167345209.html
1303,ZANWIT Lễ hội trung thu Đồ chơi nhồi bông hình bánh trung thu Tương tác Bông xốp Gối hình trung thu mô phỏng 3D Đệm ghế Mềm mại Đồ chơi nhồi bông bánh trung thu Đồ dùng tiệc,3167385524_VNAMZ,No Brand,https://sg-test-11.slatic.net/p/f5d7db52ac526a580c69c1f25589b4bc.jpg,,//www.lazada.vn/products/pdp-i3167385524.html
1304,UYDG 100pcs Nhựa Túi đóng gói bánh trung thu Cấp thực phẩm Chống ẩm Túi đóng gói bánh quy Túi nướng Phong cách Trung Quốc Túi quà thủ công Lễ hội mùa thu giữa năm,3167383609_VNAMZ,No Brand,https://sg-test-11.slatic.net/p/14f3859f510c6875af0b260be50973f5.jpg,,//www.lazada.vn/products/pdp-i3167383609.html
1305,JAV5134 Lễ hội trung thu Đồ chơi nhồi bông hình bánh trung thu Bông xốp Tương tác Gối hình trung thu mô phỏng 3D Ghế Sofa Futon Mềm mại Đồ chơi nhồi bông bánh trung thu Đồ dùng tiệc,3167401269_VNAMZ,No Brand,https://sg-test-11.slatic.net/p/2307bd4430f965d5f62ad9aadc103240.jpg,,//www.lazada.vn/products/pdp-i3167401269.html
1306,DELICACY Mũ thỏ Kẹp Tóc Thỏ bánh trung thu Hài Hước Ngọt ngào Kẹp tóc hoa Osmanthus Thời trang Phong cách Trung Quốc Kẹp tóc bánh trung thu Lễ hội trung thu,3167332991_VNAMZ,No Brand,https://sg-test-11.slatic.net/p/0dbe721e31d65ccb2a65c409a0465769.png,,//www.lazada.vn/products/pdp-i3167332991.html
1307,DSFZC 12 hạt Hộp quà tặng lễ hội trung thu Phong cách Trung Quốc Hộp rỗng Hộp bánh trung thu Sáng tạo Sang trọng Hộp đóng gói giòn lòng đỏ trứng Tặng quà,3166289506_VNAMZ,No Brand,https://sg-test-11.slatic.net/p/8f422fa5fbddf21684835223e1e9a74e.jpg,,//www.lazada.vn/products/pdp-i3166289506.html
1308,Y7RAN7 Hai Lớp Giỏ tre Phong cách Trung Quốc Tự nhiên Giỏ bánh trung thu Giỏ trái cây Cầm tay Giỏ đựng trứng Bánh Trung Thu zongzi hạt,3167418218_VNAMZ,No Brand,https://sg-test-11.slatic.net/p/431486f5740fed511a303cc45fb3fcb8.jpg,,//www.lazada.vn/products/pdp-i3167418218.html
1309,QTNJVE Hai Lớp Giỏ tre Phong cách Trung Quốc Tự nhiên Giỏ bánh trung thu Hộp đựng bánh mì Có Nắp Giỏ đựng trứng Bánh Trung Thu zongzi hạt,3167345650_VNAMZ,No Brand,https://sg-test-11.slatic.net/p/af9da44c2f33fbfa00ce283191b2b715.jpg,,//www.lazada.vn/products/pdp-i3167345650.html
1310,GJNGJNGG Phong cách Trung Quốc Giỏ tre Tự nhiên Dệt Giỏ bánh trung thu Hộp đóng gói lễ hội Cầm tay Giỏ Dã Ngoại Lễ hội trung thu,3167370675_VNAMZ,No Brand,https://sg-test-11.slatic.net/p/748d635ddb7991576fbbb798ba034860.jpg,,//www.lazada.vn/products/pdp-i3167370675.html
1311,DFHSFGER 100pcs Phong cách Trung Quốc Túi đóng gói bánh trung thu Chống ẩm Nhựa Túi quà thủ công Túi thực phẩm Cấp thực phẩm Máy hàn túi Lễ hội mùa thu giữa năm,3167428106_VNAMZ,No Brand,https://sg-test-11.slatic.net/p/b0f6109d1aaa7cbe5ade85c62554d87d.jpg,,//www.lazada.vn/products/pdp-i3167428106.html
1312,SHUI70300 Phong cách Trung Quốc Hộp quà tặng lễ hội trung thu Hộp rỗng Sang trọng Hộp bánh trung thu di động Sáng tạo 12 hạt Hộp bánh trung thu Tặng quà,3167352610_VNAMZ,No Brand,https://sg-test-11.slatic.net/p/b1f3c949ee009c55ee1f010003417a5e.jpg,,//www.lazada.vn/products/pdp-i3167352610.html
1313,DSFYG Phong cách Trung Quốc Giỏ tre Dệt Tự nhiên Giỏ đựng trứng Hộp đựng bánh mì Thanh lịch Giỏ đựng bánh mì Lễ hội trung thu,3167426244_VNAMZ,No Brand,https://sg-test-11.slatic.net/p/a2ab168e63504165eea88b85e8c2bcd5.jpg,,//www.lazada.vn/products/pdp-i3167426244.html
1314,Heo bánh mì 30cm- thú nhồi bông,2458080756_VNAMZ,TQ,https://filebroker-cdn.lazada.vn/kf/S26900d11d8474d65b0bc2f798d6ac8520.jpg,,//www.lazada.vn/products/pdp-i2458080756.html
1315,TRYJUV Lễ hội trung thu Đồ chơi nhồi bông hình bánh trung thu Bông xốp Tương tác Gối hình trung thu mô phỏng 3D Ghế Sofa Futon Thoải mái Đồ chơi nhồi bông bánh trung thu Đồ dùng tiệc,3167427102_VNAMZ,No Brand,https://sg-test-11.slatic.net/p/2dc019526d5374c45e0aee4254e3cbec.jpg,,//www.lazada.vn/products/pdp-i3167427102.html
1316,JDTYJDT 6/8 lưới Hộp quà trung thu Phong cách Trung Quốc Cao cấp Hộp bánh trung thu Hộp bánh trung thu Sang trọng Hộp đóng gói giòn lòng đỏ trứng Tặng quà,3167829570_VNAMZ,No Brand,https://sg-test-11.slatic.net/p/7cbcef95a988707d5fddeab0c8ad79cd.jpg,,//www.lazada.vn/products/pdp-i3167829570.html
1317,Cỏ Máu - Cỏ Béo,687299000_VNAMZ,No Brand,https://vn-live-01.slatic.net/p/bbb2bc682b5294948bea22fedb07c57e.jpg,,//www.lazada.vn/products/pdp-i687299000.html
1318,NPIQL Lễ hội trung thu Đồ chơi nhồi bông hình bánh trung thu Tương tác Bông xốp Đồ chơi nhồi bông bánh trung thu Búp bê nhồi bông Bộ sưu tập Gối hình trung thu mô phỏng 3D Đồ dùng tiệc,3167844514_VNAMZ,No Brand,https://sg-test-11.slatic.net/p/9daf2f3f0dc7722e9a78ee758abf016d.jpg,,//www.lazada.vn/products/pdp-i3167844514.html
1319,DELICACY Phong cách Trung Quốc Hộp quà trung thu 6/8 lưới Cao cấp Hộp đóng gói giòn lòng đỏ trứng Hộp di động Sang trọng Hộp bánh trung thu Tặng quà,3167433022_VNAMZ,No Brand,https://sg-test-11.slatic.net/p/8cbaf475cae3dcd6f4c4d390f938b535.jpg,,//www.lazada.vn/products/pdp-i3167433022.html
1320,NCNC PU Bánh Trung Thu mô phỏng Trang trí Vuông/Tròn Trang trí thực phẩm cửa sổ Giữa Mùa Thu Sáng Tạo Mềm Bánh Trung Thu giả Dành cho gia đình,3167888067_VNAMZ,NCNC,https://sg-test-11.slatic.net/p/0c43e48848c3b83bbd1e36d1774dd0af.jpg,,//www.lazada.vn/products/pdp-i3167888067.html
1321,GJNGJNGG PU Bánh Trung Thu mô phỏng Mềm Vuông/Tròn Trang trí thực phẩm cửa sổ Giữa Mùa Thu Sáng Tạo Trang trí Bánh Trung Thu giả Dành cho gia đình,3167351851_VNAMZ,No Brand,https://sg-test-11.slatic.net/p/9400793cf20bfceee1aa5d743a47f2e1.jpg,,//www.lazada.vn/products/pdp-i3167351851.html
1322,BEIBEI PU Bánh Trung Thu mô phỏng Mềm Vuông/Tròn Chế độ bánh trung thu Sáng Tạo Trang trí Trang trí thực phẩm cửa sổ Giữa Mùa Thu Dành cho gia đình,3167233965_VNAMZ,No Brand,https://sg-test-11.slatic.net/p/ec2c926091fc41cd57da66e7f2d478db.jpg,,//www.lazada.vn/products/pdp-i3167233965.html
1323,DFJET 100pcs Nhựa Túi đóng gói bánh trung thu Chống ẩm Mờ Túi đóng gói bánh quy Túi thực phẩm Bán trong suốt Túi quà thủ công Lễ hội mùa thu giữa năm,3167418164_VNAMZ,No Brand,https://sg-test-11.slatic.net/p/4f6f4450e2bee3a9fde9a1d49ca5f14d.jpg,,//www.lazada.vn/products/pdp-i3167418164.html
1324,OOG 100pcs Nhựa Túi đóng gói bánh trung thu Chống ẩm Mờ Túi đóng gói bánh quy Chống ẩm Bán trong suốt Túi quà thủ công Lễ hội mùa thu giữa năm,3167368568_VNAMZ,No Brand,https://sg-test-11.slatic.net/p/0d6ea4281bc4a947f7183f18d0b37456.jpg,,//www.lazada.vn/products/pdp-i3167368568.html
1325,GJNGJNGG Mũ thỏ Kẹp Tóc Thỏ bánh trung thu Ngọt ngào Hài Hước Kẹp tóc bánh trung thu Thời trang Khí chất Kẹp Tóc Thỏ cái nôi Lễ hội trung thu,3167386500_VNAMZ,No Brand,https://sg-test-11.slatic.net/p/d69a6f82372013544e421d71baa41f1c.png,,//www.lazada.vn/products/pdp-i3167386500.html
1326,CK Khuôn bánh trung thu hình trái cây 50g Tem tay ép sô cô la khuôn bánh ngọt khuôn kem trung thu nướng,3167676801_VNAMZ,No Brand,https://sg-test-11.slatic.net/p/c483bafcface860b54d310c38b4c6a6e.jpg,,//www.lazada.vn/products/pdp-i3167676801.html
1327,SYXQUS Vuông/Tròn Bánh Trung Thu mô phỏng PU Trang trí Bánh Trung Thu giả Đạo cụ chụp ảnh Mềm Chế độ bánh trung thu Dành cho gia đình,3167393440_VNAMZ,No Brand,https://sg-test-11.slatic.net/p/f159cf1b2fea944e83ae374fdd246d04.jpg,,//www.lazada.vn/products/pdp-i3167393440.html
1328,NHG 100pcs Mờ Túi đóng gói bánh trung thu Chống ẩm Nhựa Túi dán tự dính Chống ẩm Cấp thực phẩm Túi quà thủ công Lễ hội mùa thu giữa năm,3167357654_VNAMZ,No Brand,https://sg-test-11.slatic.net/p/6cd8cad63e2758274f7798723d00cbce.jpg,,//www.lazada.vn/products/pdp-i3167357654.html
1329,IIE Ngọt ngào Kẹp Tóc Thỏ bánh trung thu Mũ thỏ Hài Hước Kẹp tóc hoa Osmanthus Thời trang Phong cách Trung Quốc Kẹp tóc bánh trung thu Lễ hội trung thu,3167397481_VNAMZ,No Brand,https://sg-test-11.slatic.net/p/70e89f05d709822f39558884e587aefa.jpg,,//www.lazada.vn/products/pdp-i3167397481.html
1330,UCEPRO 6/8 lưới Hộp quà trung thu Phong cách Trung Quốc Cao cấp Hộp bánh trung thu Hộp di động Hộp rỗng Hộp đóng gói giòn lòng đỏ trứng Tặng quà,3167414192_VNAMZ,No Brand,https://sg-test-11.slatic.net/p/0a73c2bd4cb37c645b304aebf920c7f4.jpg,,//www.lazada.vn/products/pdp-i3167414192.html
1331,VBGG Hai Lớp Giỏ tre Tự nhiên Phong cách Trung Quốc Giỏ bánh trung thu Giỏ trái cây Dệt Giỏ Dã Ngoại Bánh Trung Thu zongzi hạt,3167355589_VNAMZ,No Brand,https://sg-test-11.slatic.net/p/1e17f8db6ee9138f45857e23942b935a.jpg,,//www.lazada.vn/products/pdp-i3167355589.html
1332,B3D1 Hai Lớp Giỏ tre Tự nhiên Phong cách Trung Quốc Giỏ bánh trung thu Hộp thực phẩm Dệt Giỏ đựng bánh mì Bánh Trung Thu zongzi hạt,3167363047_VNAMZ,No Brand,https://sg-test-11.slatic.net/p/673302b966bcc03e2e8dd70ce5f6860a.jpg,,//www.lazada.vn/products/pdp-i3167363047.html
1333,TRASTO Ngọt ngào Kẹp Tóc Thỏ bánh trung thu Hài Hước Mũ thỏ Kẹp Tóc Thỏ cái nôi Dễ thương Kẹp tóc Kẹp tóc hoa Osmanthus Lễ hội trung thu,3167353642_VNAMZ,No Brand,https://sg-test-11.slatic.net/p/2a81b5717926ae93881b4cf8584d5954.jpg,,//www.lazada.vn/products/pdp-i3167353642.html
1334,UYDG 5 Set Phong cách Trung Quốc Hộp quà trung thu 6/8 lưới Sang trọng Hộp quà giòn lòng đỏ trứng Hộp di động Thỏ Hộp đóng gói bánh ngọt Tặng quà,3167412260_VNAMZ,No Brand,https://sg-test-11.slatic.net/p/04da08c23007463b1837c2bf7d56c2f3.jpg,,//www.lazada.vn/products/pdp-i3167412260.html
1335,ELLIER Phong cách Trung Quốc Giỏ tre Tự nhiên Hai Lớp Giỏ bánh trung thu Giỏ trái cây Cầm tay Giỏ Dã Ngoại Bánh Trung Thu zongzi hạt,3167341158_VNAMZ,No Brand,https://sg-test-11.slatic.net/p/4c0728c7873fd8a11df04d764b00e6a5.jpg,,//www.lazada.vn/products/pdp-i3167341158.html
1336,IIE 5 Set Phong cách Trung Quốc Hộp quà trung thu 6/8 lưới Sang trọng Hộp đóng gói bánh ngọt Hộp bánh trung thu Hộp rỗng Hộp quà giòn lòng đỏ trứng Tặng quà,3167413263_VNAMZ,No Brand,https://sg-test-11.slatic.net/p/e328ea85e7740f7b591be233a6475759.jpg,,//www.lazada.vn/products/pdp-i3167413263.html
1337,JOTNTP 100pcs Nhựa Túi đóng gói bánh trung thu Mờ Chống ẩm Túi đóng gói bánh quy Túi thực phẩm Cấp thực phẩm Túi dán tự dính Lễ hội mùa thu giữa năm,3168262321_VNAMZ,No Brand,https://sg-test-11.slatic.net/p/7362b1223105926b1a7aaa44acdd88c6.jpg,,//www.lazada.vn/products/pdp-i3168262321.html
1338,HCHC Phong cách Trung Quốc Giỏ tre Hai Lớp Tự nhiên Giỏ bánh trung thu Hộp đựng bánh mì Dệt Giỏ Dã Ngoại Bánh Trung Thu zongzi hạt,3167337263_VNAMZ,No Brand,https://sg-test-11.slatic.net/p/5ad2978e052a1f0774ba59c10cf26147.jpg,,//www.lazada.vn/products/pdp-i3167337263.html
1339,HEMPW Phong cách Trung Quốc Hộp quà tặng lễ hội trung thu Sang trọng Hộp rỗng Hộp đóng gói giòn lòng đỏ trứng Sáng tạo 12 hạt Hộp bánh trung thu di động Tặng quà,3166550213_VNAMZ,No Brand,https://sg-test-11.slatic.net/p/8a5c342e825caee9ac592edec305b721.jpg,,//www.lazada.vn/products/pdp-i3166550213.html
1340,DOI4RE Phong cách Trung Quốc Giỏ tre Tự nhiên Hai Lớp Giỏ bánh trung thu Hộp đóng gói lễ hội Có Nắp Giỏ đựng trứng Bánh Trung Thu zongzi hạt,3167433115_VNAMZ,No Brand,https://sg-test-11.slatic.net/p/74581bd3d2c82b25e6c54b6d6cb541b2.jpg,,//www.lazada.vn/products/pdp-i3167433115.html
1341,SDFHSFGA 100pcs Nhựa Túi đóng gói bánh trung thu Chống ẩm Phong cách Trung Quốc Máy hàn túi Chống ẩm Cấp thực phẩm Túi quà thủ công Lễ hội mùa thu giữa năm,3167282740_VNAMZ,No Brand,https://sg-test-11.slatic.net/p/057919c9071931412a3f8dd31485389a.jpg,,//www.lazada.vn/products/pdp-i3167282740.html
1342,EODKUS Phong cách Trung Quốc Giỏ tre Tự nhiên Dệt Giỏ bánh trung thu Hộp đựng bánh mì Thanh lịch Giỏ Dã Ngoại Lễ hội trung thu,3167411266_VNAMZ,No Brand,https://sg-test-11.slatic.net/p/8ca8a96356baa5f4dc63e32f8c6432d7.jpg,,//www.lazada.vn/products/pdp-i3167411266.html
1343,G23UW Hai Lớp Giỏ tre Phong cách Trung Quốc Tự nhiên Giỏ bánh trung thu Hộp thực phẩm Dệt Giỏ Dã Ngoại Bánh Trung Thu zongzi hạt,3167335976_VNAMZ,No Brand,https://sg-test-11.slatic.net/p/156ba3dd606d91f20afe5d76abb0f8db.jpg,,//www.lazada.vn/products/pdp-i3167335976.html
1344,DSFGRST PU Bánh Trung Thu mô phỏng Mềm Trang trí Chế độ bánh trung thu Đạo cụ chụp ảnh Vuông/Tròn Trang trí thực phẩm cửa sổ Giữa Mùa Thu Dành cho gia đình,3167398288_VNAMZ,No Brand,https://sg-test-11.slatic.net/p/9d61a661ee0c54d2577562e5059fbdb7.jpg,,//www.lazada.vn/products/pdp-i3167398288.html
1345,OOC 6/8 lưới Hộp quà trung thu Phong cách Trung Quốc Cao cấp Hộp đóng gói giòn lòng đỏ trứng Hộp di động Hộp rỗng Hộp bánh trung thu Tặng quà,3167404379_VNAMZ,No Brand,https://sg-test-11.slatic.net/p/a2f47a0ae0facd3d4d201d04ce1fadf3.jpg,,//www.lazada.vn/products/pdp-i3167404379.html
1346,HCHC Ngọt ngào Kẹp Tóc Thỏ bánh trung thu Mũ thỏ Hài Hước Kẹp tóc bánh trung thu Dễ thương Khí chất Kẹp Tóc Thỏ cái nôi Lễ hội trung thu,3167336280_VNAMZ,No Brand,https://sg-test-11.slatic.net/p/6fd52625093e0084cb3f9f98e5ed0356.jpg,,//www.lazada.vn/products/pdp-i3167336280.html
1347,FGJEB 5 Set Phong cách Trung Quốc Hộp quà trung thu 6/8 lưới Sang trọng Hộp bánh trung thu Hộp bánh trung thu Hộp rỗng Hộp đóng gói bánh ngọt Tặng quà,3167411221_VNAMZ,No Brand,https://sg-test-11.slatic.net/p/d20c59168e38b1002264cd2aaabfd8bd.jpg,,//www.lazada.vn/products/pdp-i3167411221.html
1348,DSFIF Tự nhiên Giỏ tre Dệt Phong cách Trung Quốc Giỏ bánh trung thu Hộp đóng gói lễ hội Cầm tay Giỏ đựng trứng Lễ hội trung thu,3167406358_VNAMZ,No Brand,https://sg-test-11.slatic.net/p/0ec5388eef5e0fd74c0b6884d10bc40f.png,,//www.lazada.vn/products/pdp-i3167406358.html
1349,XIELISA Ngọt ngào Kẹp Tóc Thỏ bánh trung thu Hài Hước Mũ thỏ Kẹp tóc hoa Osmanthus Thời trang Phong cách Trung Quốc Kẹp tóc bánh trung thu Lễ hội trung thu,3167389428_VNAMZ,No Brand,https://sg-test-11.slatic.net/p/a7a9723f8e068a7e1cbda7ee3dc5eccb.png,,//www.lazada.vn/products/pdp-i3167389428.html
1350,CEMOMEF Mũ thỏ Kẹp Tóc Thỏ bánh trung thu Ngọt ngào Hài Hước Kẹp tóc bánh trung thu Dễ thương Kẹp tóc Kẹp Tóc Thỏ cái nôi Lễ hội trung thu,3167319608_VNAMZ,No Brand,https://sg-test-11.slatic.net/p/4e2e89ecbd92e87b1ab23b244b190a1d.jpg,,//www.lazada.vn/products/pdp-i3167319608.html
1351,WENQI 100pcs Mờ Túi đóng gói bánh trung thu Nhựa Chống ẩm Túi quà thủ công Túi thực phẩm Bán trong suốt Túi dán tự dính Lễ hội mùa thu giữa năm,3167363516_VNAMZ,No Brand,https://sg-test-11.slatic.net/p/9f4e459bfa7272193cbd4be2ef979741.jpg,,//www.lazada.vn/products/pdp-i3167363516.html
1352,SDFHSFGA Phong cách Trung Quốc Giỏ tre Cổ điển Tự nhiên Giỏ đựng bánh mì Hộp đựng bánh mì Sức chứa lớn Hộp bánh trung thu Lễ hội trung thu,3167337299_VNAMZ,No Brand,https://sg-test-11.slatic.net/p/6828fde95bda96ef6f63ee589964d4d5.jpg,,//www.lazada.vn/products/pdp-i3167337299.html
1353,BABYBANG Phong cách Trung Quốc Hộp quà đóng gói bánh trung thu Dễ thương Thỏ Hộp chiên lòng đỏ trứng Hộp di động Có cửa sổ Hộp bánh trung thu Quà Tặng Lễ hội trung thu,3167233876_VNAMZ,No Brand,https://sg-test-11.slatic.net/p/d1c15f0023b973c73975bb3c07b1cd58.jpg,,//www.lazada.vn/products/pdp-i3167233876.html
1354,BMFUEW Hai Lớp Giỏ tre Phong cách Trung Quốc Tự nhiên Giỏ đựng trứng Hộp đóng gói lễ hội Cầm tay Giỏ đựng bánh mì Bánh Trung Thu zongzi hạt,3167408276_VNAMZ,No Brand,https://sg-test-11.slatic.net/p/a5fa56a52c170bd4106a9642992676e6.jpg,,//www.lazada.vn/products/pdp-i3167408276.html
1355,BMFUEW Phong cách Trung Quốc Hộp quà trung thu 6/8 lưới Cao cấp Hộp đóng gói giòn lòng đỏ trứng Hộp di động Hộp rỗng Hộp bánh trung thu Tặng quà,3167380403_VNAMZ,No Brand,https://sg-test-11.slatic.net/p/41c778c33a530b9fc228a2044ef6cc5f.jpg,,//www.lazada.vn/products/pdp-i3167380403.html
1356,Khuôn trung thu 4 mặt tròn cung đình đám mây 150g | 200g,1998628782_VNAMZ,No Brand,https://vn-live-01.slatic.net/p/07c24e0b476f2f4ff1d542b59364d256.jpg,,//www.lazada.vn/products/pdp-i1998628782.html
1357,PWD0442 5 Set Phong cách Trung Quốc Hộp quà trung thu Sang trọng 6/8 lưới Hộp đóng gói bánh ngọt Hộp bánh trung thu Hộp rỗng Hộp quà giòn lòng đỏ trứng Tặng quà,3167397445_VNAMZ,No Brand,https://sg-test-11.slatic.net/p/5c97a0e5a89c102ce4e8a86790dc203b.jpg,,//www.lazada.vn/products/pdp-i3167397445.html
1358,RD5BA7 5 Set 6/8 lưới Hộp quà trung thu Phong cách Trung Quốc Sang trọng Hộp bánh trung thu Hộp bánh trung thu Hộp rỗng Hộp quà giòn lòng đỏ trứng Tặng quà,3167408222_VNAMZ,No Brand,https://sg-test-11.slatic.net/p/d5a0bf165ee2698049508696d8f52b5b.jpg,,//www.lazada.vn/products/pdp-i3167408222.html
1359,"Balloons Latex Dày Tròn 12 Inch 3,2g Trang Trí Bóng Bơm Khí Bánh Sinh Nhật Quà Tặng Cho Trẻ Em Trung Thu Đồ Trang Trí Phòng Ký Hiệu",3163250767_VNAMZ,No Brand,https://filebroker-cdn.lazada.vn/kf/S88924c3404724ebc9fab5160aed97e00o.jpg,,//www.lazada.vn/products/pdp-i3163250767.html
1360,UNQCSA Vuông/Tròn Bánh Trung Thu mô phỏng Trang trí Mềm Chế độ bánh trung thu Đạo cụ chụp ảnh PU Bánh Trung Thu giả Dành cho gia đình,3167593391_VNAMZ,No Brand,https://sg-test-11.slatic.net/p/47c1eab44056c50b4a62c7a438d17940.jpg,,//www.lazada.vn/products/pdp-i3167593391.html
1361,DFJET PU Bánh Trung Thu mô phỏng Vuông/Tròn Mềm Trang trí thực phẩm cửa sổ Giữa Mùa Thu Sáng Tạo Trang trí Chế độ bánh trung thu Dành cho gia đình,3167434060_VNAMZ,No Brand,https://sg-test-11.slatic.net/p/ad1f3b7a3cbef8f828c76d38b04b3794.jpg,,//www.lazada.vn/products/pdp-i3167434060.html
1362,GJ56 PU Bánh Trung Thu mô phỏng Vuông/Tròn Trang trí Trang trí thực phẩm cửa sổ Giữa Mùa Thu Sáng Tạo Mềm Chế độ bánh trung thu Dành cho gia đình,3167417170_VNAMZ,No Brand,https://sg-test-11.slatic.net/p/c6a82802da93f5432ae01272c78e14df.jpg,,//www.lazada.vn/products/pdp-i3167417170.html
1363,OOC PU Bánh Trung Thu mô phỏng Vuông/Tròn Trang trí Bánh Trung Thu giả Đạo cụ chụp ảnh Mềm Trang trí thực phẩm cửa sổ Giữa Mùa Thu Dành cho gia đình,3167356704_VNAMZ,No Brand,https://sg-test-11.slatic.net/p/4e75d6a2b5703f4c9592825c66172d23.jpg,,//www.lazada.vn/products/pdp-i3167356704.html
1364,MITULI 100pcs Nhựa Túi đóng gói bánh trung thu Chống ẩm Phong cách Trung Quốc Túi đóng gói bánh quy Túi nướng Cấp thực phẩm Túi quà thủ công Lễ hội mùa thu giữa năm,3167348178_VNAMZ,No Brand,https://sg-test-11.slatic.net/p/5d8d79a9c420f4eda71815612325e5ac.jpg,,//www.lazada.vn/products/pdp-i3167348178.html
1365,BIGCOUSIN Ngọt ngào Kẹp Tóc Thỏ bánh trung thu Mũ thỏ Hài Hước Kẹp Tóc Thỏ cái nôi Thời trang Phong cách Trung Quốc Kẹp tóc bánh trung thu Lễ hội trung thu,3167415192_VNAMZ,No Brand,https://sg-test-11.slatic.net/p/f5bb3e63371bd812f21379d337eb4e5a.jpg,,//www.lazada.vn/products/pdp-i3167415192.html
1366,SDFHSFGA Vuông/Tròn Bánh Trung Thu mô phỏng PU Trang trí Chế độ bánh trung thu Sáng Tạo Mềm Trang trí thực phẩm cửa sổ Giữa Mùa Thu Dành cho gia đình,3167293859_VNAMZ,No Brand,https://sg-test-11.slatic.net/p/1e661c500816ceee636f3ff417684ade.jpg,,//www.lazada.vn/products/pdp-i3167293859.html
1367,MITULI 100pcs Mờ Túi đóng gói bánh trung thu Nhựa Chống ẩm Túi dán tự dính Túi thực phẩm Bán trong suốt Túi đóng gói bánh quy Lễ hội mùa thu giữa năm,3167351208_VNAMZ,No Brand,https://sg-test-11.slatic.net/p/fe7046bacc72eaa3fff767d337e6ec6c.jpg,,//www.lazada.vn/products/pdp-i3167351208.html
1368,FGJEB Mũ thỏ Kẹp Tóc Thỏ bánh trung thu Hài Hước Ngọt ngào Kẹp Tóc Thỏ cái nôi Thời trang Kẹp tóc Kẹp tóc bánh trung thu Lễ hội trung thu,3167436049_VNAMZ,No Brand,https://sg-test-11.slatic.net/p/f21eeafef0276e5ea0e9746e20eeaff8.png,,//www.lazada.vn/products/pdp-i3167436049.html
1369,G23UW Vuông/Tròn Bánh Trung Thu mô phỏng Trang trí PU Chế độ bánh trung thu Đạo cụ chụp ảnh Mềm Trang trí thực phẩm cửa sổ Giữa Mùa Thu Dành cho gia đình,3167391406_VNAMZ,No Brand,https://sg-test-11.slatic.net/p/d4e5f2ec26fa3dd0cc788e34253f02e0.jpg,,//www.lazada.vn/products/pdp-i3167391406.html
1370,NCNC Phong cách Trung Quốc Hộp quà tặng lễ hội trung thu Hộp rỗng 12 hạt Hộp đóng gói giòn lòng đỏ trứng Hộp đựng Sang trọng Hộp bánh trung thu Tặng quà,3167818615_VNAMZ,NCNC,https://sg-test-11.slatic.net/p/904e7e2dd6fc803996d265a56900c494.jpg,,//www.lazada.vn/products/pdp-i3167818615.html
1371,❤️Mẫu 2023❤️ Khuôn trung thu 4 mặt Tố nữ,2395086248_VNAMZ,No Brand,https://sg-test-11.slatic.net/p/602b65ed32c37450ec22d19ead3ba423.jpg,,//www.lazada.vn/products/pdp-i2395086248.html
1372,MING1996 Ngọt ngào Kẹp Tóc Thỏ bánh trung thu Mũ thỏ Hài Hước Kẹp tóc bánh trung thu Sáng Tạo Kẹp tóc Kẹp tóc hoa Osmanthus Lễ hội trung thu,3167347829_VNAMZ,No Brand,https://sg-test-11.slatic.net/p/0d85577ec43525a983caffd2d33af60e.png,,//www.lazada.vn/products/pdp-i3167347829.html
1373,PWD0442 6/8 lưới Hộp quà trung thu Phong cách Trung Quốc Cao cấp Hộp đóng gói giòn lòng đỏ trứng Hộp bánh trung thu Sang trọng Hộp bánh trung thu Tặng quà,3167436104_VNAMZ,No Brand,https://sg-test-11.slatic.net/p/398ec1f2126ef4090a4e8c6b134a4091.jpg,,//www.lazada.vn/products/pdp-i3167436104.html
1374,G23UW Phong cách Trung Quốc Hộp quà trung thu Cao cấp 6/8 lưới Hộp đóng gói giòn lòng đỏ trứng Hộp đựng Sang trọng Hộp bánh trung thu Tặng quà,3167401274_VNAMZ,No Brand,https://sg-test-11.slatic.net/p/f853ac81dd73bfb09d7409aa339073b3.jpg,,//www.lazada.vn/products/pdp-i3167401274.html
1375,VBGG Phong cách Trung Quốc Hộp quà tặng lễ hội trung thu Sang trọng 12 hạt Hộp bánh trung thu Sáng tạo Hộp rỗng Hộp đóng gói giòn lòng đỏ trứng Tặng quà,3167407249_VNAMZ,No Brand,https://sg-test-11.slatic.net/p/3b2ac585ed8a47b4f2e2d1b94bf3976d.jpg,,//www.lazada.vn/products/pdp-i3167407249.html
1376,XDFLD 100pcs Mờ Túi đóng gói bánh trung thu Nhựa Chống ẩm Túi quà thủ công Chống ẩm Cấp thực phẩm Túi dán tự dính Lễ hội mùa thu giữa năm,3167400277_VNAMZ,No Brand,https://sg-test-11.slatic.net/p/8f098fda2e0a45dd8a2d607d6bd2fd46.jpg,,//www.lazada.vn/products/pdp-i3167400277.html
1377,XDFLD 5 Set 6/8 lưới Hộp quà trung thu Phong cách Trung Quốc Sang trọng Hộp quà giòn lòng đỏ trứng Hộp đựng Thỏ Hộp đóng gói bánh ngọt Tặng quà,3167354548_VNAMZ,No Brand,https://sg-test-11.slatic.net/p/5a2ca262b9e9b6ccb3d56817b1f96407.jpg,,//www.lazada.vn/products/pdp-i3167354548.html
1378,NCNC Phong cách Trung Quốc Hộp quà trung thu 6/8 lưới Cao cấp Hộp bánh trung thu Hộp đựng Hộp rỗng Hộp đóng gói giòn lòng đỏ trứng Tặng quà,3167791852_VNAMZ,NCNC,https://sg-test-11.slatic.net/p/0996fffde00ded05958309e481f05ad0.jpg,,//www.lazada.vn/products/pdp-i3167791852.html
1379,BABYBANG Mũ thỏ Kẹp Tóc Thỏ bánh trung thu Hài Hước Ngọt ngào Kẹp Tóc Thỏ cái nôi Thời trang Khí chất Kẹp tóc hoa Osmanthus Lễ hội trung thu,3167306613_VNAMZ,No Brand,https://sg-test-11.slatic.net/p/4f316db8f549c99bc101e3b7d08c0fcf.png,,//www.lazada.vn/products/pdp-i3167306613.html
1380,KISSCAT Phong cách Trung Quốc Hộp quà trung thu 6/8 lưới Cao cấp Hộp bánh trung thu Hộp đựng Sang trọng Hộp đóng gói giòn lòng đỏ trứng Tặng quà,3167413165_VNAMZ,No Brand,https://sg-test-11.slatic.net/p/9fa701e28103fd420822e8bc6c16a10a.jpg,,//www.lazada.vn/products/pdp-i3167413165.html
1381,HCHC 5 Set Phong cách Trung Quốc Hộp quà trung thu 6/8 lưới Sang trọng Hộp bánh trung thu Hộp di động Hộp rỗng Hộp đóng gói bánh ngọt Tặng quà,3167368038_VNAMZ,No Brand,https://sg-test-11.slatic.net/p/2f3409d62f04910224d618319753b05f.jpg,,//www.lazada.vn/products/pdp-i3167368038.html
1382,NPIQL 5 Set Phong cách Trung Quốc Hộp quà trung thu 6/8 lưới Sang trọng Hộp quà giòn lòng đỏ trứng Hộp bánh trung thu Hộp rỗng Hộp bánh trung thu Tặng quà,3167817541_VNAMZ,No Brand,https://sg-test-11.slatic.net/p/04befe2ac37e2d40f9980134527fa8dd.jpg,,//www.lazada.vn/products/pdp-i3167817541.html
1383,MOUSSE Phong cách Trung Quốc Hộp quà trung thu 6/8 lưới Cao cấp Hộp bánh trung thu Hộp đựng Hộp rỗng Hộp đóng gói giòn lòng đỏ trứng Tặng quà,3167631022_VNAMZ,No Brand,https://sg-test-11.slatic.net/p/aa44529ed8abedaee96d8e56cc5ca303.jpg,,//www.lazada.vn/products/pdp-i3167631022.html
1384,RIUYT 12 hạt Hộp quà tặng lễ hội trung thu Hộp rỗng Sang trọng Hộp bánh trung thu Sáng tạo Phong cách Trung Quốc Hộp đóng gói giòn lòng đỏ trứng Tặng quà,3166534277_VNAMZ,No Brand,https://sg-test-11.slatic.net/p/a946270a8c8a2b00069cfdf780d63a9a.jpg,,//www.lazada.vn/products/pdp-i3166534277.html
1385,DMEE Phong cách Trung Quốc Hộp quà đóng gói bánh trung thu Dễ thương Thỏ Hộp chiên lòng đỏ trứng Hộp bánh trung thu Thủ công Hộp bánh trung thu Quà Tặng Lễ hội trung thu,3168250656_VNAMZ,No Brand,https://sg-test-11.slatic.net/p/975d089f934b6ebb8821086d1f4c275a.jpg,,//www.lazada.vn/products/pdp-i3168250656.html
1386,ETHTY 100pcs Phong cách Trung Quốc Túi đóng gói bánh trung thu Nhựa Chống ẩm Túi đóng gói bánh quy Túi thực phẩm Cấp thực phẩm Máy hàn túi Lễ hội mùa thu giữa năm,3167401289_VNAMZ,No Brand,https://sg-test-11.slatic.net/p/c254a218142ba05efab714dec5616f6f.jpg,,//www.lazada.vn/products/pdp-i3167401289.html
1387,JVKISX 100pcs Phong cách Trung Quốc Túi đóng gói bánh trung thu Nhựa Chống ẩm Túi quà thủ công Chống ẩm Cấp thực phẩm Máy hàn túi Lễ hội mùa thu giữa năm,3167411180_VNAMZ,No Brand,https://sg-test-11.slatic.net/p/b20be36643706ddf4777ab44394df9df.jpg,,//www.lazada.vn/products/pdp-i3167411180.html
1388,RFHSFGED Phong cách Trung Quốc Hộp quà tặng lễ hội trung thu 12 hạt Sang trọng Hộp bánh trung thu Hộp đựng Hộp rỗng Hộp đóng gói giòn lòng đỏ trứng Tặng quà,3167375004_VNAMZ,No Brand,https://sg-test-11.slatic.net/p/b5640b02a22f599ccf59e26a0412c339.jpg,,//www.lazada.vn/products/pdp-i3167375004.html
1389,EODKUS 5 Set 6/8 lưới Hộp quà trung thu Phong cách Trung Quốc Sang trọng Hộp đóng gói bánh ngọt Hộp bánh trung thu Hộp rỗng Hộp quà giòn lòng đỏ trứng Tặng quà,3167383486_VNAMZ,No Brand,https://sg-test-11.slatic.net/p/8a7a164fd6dc544f147971f88fa981d8.jpg,,//www.lazada.vn/products/pdp-i3167383486.html
1390,HUA JIE 5 Set 6/8 lưới Hộp quà trung thu Phong cách Trung Quốc Sang trọng Hộp đóng gói bánh ngọt Hộp di động Hộp rỗng Hộp bánh trung thu Tặng quà,3167314804_VNAMZ,No Brand,https://sg-test-11.slatic.net/p/000a47ee95e82c5751a8307dce29b565.jpg,,//www.lazada.vn/products/pdp-i3167314804.html
1391,WENQI 6/8 lưới Hộp quà trung thu Cao cấp Phong cách Trung Quốc Hộp bánh trung thu Hộp đựng Sang trọng Hộp đóng gói giòn lòng đỏ trứng Tặng quà,3167349814_VNAMZ,No Brand,https://sg-test-11.slatic.net/p/9ebfe0207156b13ab7e67e5ce057ca18.jpg,,//www.lazada.vn/products/pdp-i3167349814.html
1392,NRFYKYU 100pcs Nhựa Túi đóng gói bánh trung thu Cấp thực phẩm Chống ẩm Máy hàn túi Chống ẩm Phong cách Trung Quốc Túi quà thủ công Lễ hội mùa thu giữa năm,3167414202_VNAMZ,No Brand,https://sg-test-11.slatic.net/p/dc0e4cdeb093ff6cf73a2ba2a4da5681.jpg,,//www.lazada.vn/products/pdp-i3167414202.html
1393,PWD0442 100pcs Phong cách Trung Quốc Túi đóng gói bánh trung thu Chống ẩm Nhựa Túi đóng gói bánh quy Túi thực phẩm Cấp thực phẩm Túi quà thủ công Lễ hội mùa thu giữa năm,3167433124_VNAMZ,No Brand,https://sg-test-11.slatic.net/p/fa92020d47bd022cc874701701bde812.jpg,,//www.lazada.vn/products/pdp-i3167433124.html
1394,DSFIF Ngọt ngào Kẹp Tóc Thỏ bánh trung thu Mũ thỏ Hài Hước Kẹp tóc bánh trung thu Thời trang Khí chất Kẹp tóc hoa Osmanthus Lễ hội trung thu,3167385558_VNAMZ,No Brand,https://sg-test-11.slatic.net/p/189be838101fda37d971d5de8b677975.jpg,,//www.lazada.vn/products/pdp-i3167385558.html
1395,UCEPRO Phong cách Trung Quốc Giỏ tre Dệt Tự nhiên Giỏ đựng trứng Hộp đóng gói lễ hội Có Nắp Giỏ đựng bánh mì Lễ hội trung thu,3167387416_VNAMZ,No Brand,https://sg-test-11.slatic.net/p/23fccfd74334ec2ec561dcc984be70f6.jpg,,//www.lazada.vn/products/pdp-i3167387416.html
1396,UYDG 12 hạt Hộp quà tặng lễ hội trung thu Phong cách Trung Quốc Hộp rỗng Hộp bánh trung thu Sáng tạo Sang trọng Hộp bánh trung thu di động Tặng quà,3167354645_VNAMZ,No Brand,https://sg-test-11.slatic.net/p/4faa86bb5ffef3b3ce0e6f4180a8b63b.jpg,,//www.lazada.vn/products/pdp-i3167354645.html
1397,BIGCOUSIN 5 Set 6/8 lưới Hộp quà trung thu Phong cách Trung Quốc Sang trọng Hộp bánh trung thu Hộp đựng Hộp rỗng Hộp đóng gói bánh ngọt Tặng quà,3167383446_VNAMZ,No Brand,https://sg-test-11.slatic.net/p/2fadaddf249f89cbafc0505b5cf6b979.jpg,,//www.lazada.vn/products/pdp-i3167383446.html
1398,DSFGRST Phong cách Trung Quốc Giỏ tre Dệt Tự nhiên Giỏ đựng trứng Hộp đựng bánh mì Có Nắp Giỏ Dã Ngoại Lễ hội trung thu,3167429110_VNAMZ,No Brand,https://sg-test-11.slatic.net/p/b6d98fda3459262b0d44c28870186f39.jpg,,//www.lazada.vn/products/pdp-i3167429110.html
1399,SRHFGNGN Phong cách Trung Quốc Hộp quà tặng lễ hội trung thu 12 hạt Hộp rỗng Hộp đóng gói giòn lòng đỏ trứng Sáng tạo Sang trọng Hộp bánh trung thu Tặng quà,3166394185_VNAMZ,No Brand,https://sg-test-11.slatic.net/p/a4b7a1f1410c21d2d808f04f3a543e48.jpg,,//www.lazada.vn/products/pdp-i3166394185.html
1400,RD5BA7 Vuông/Tròn Bánh Trung Thu mô phỏng PU Trang trí Chế độ bánh trung thu Đạo cụ chụp ảnh Mềm Trang trí thực phẩm cửa sổ Giữa Mùa Thu Dành cho gia đình,3167417218_VNAMZ,No Brand,https://sg-test-11.slatic.net/p/4f7c790e18d6e0991131325261a955b5.jpg,,//www.lazada.vn/products/pdp-i3167417218.html
1401,TAADD Vuông/Tròn Bánh Trung Thu mô phỏng PU Mềm Trang trí thực phẩm cửa sổ Giữa Mùa Thu Sáng Tạo Trang trí Chế độ bánh trung thu Dành cho gia đình,3167379398_VNAMZ,No Brand,https://sg-test-11.slatic.net/p/394839bad1fa781393b8d899ac0328ca.jpg,,//www.lazada.vn/products/pdp-i3167379398.html
1402,UCEPRO Vuông/Tròn Bánh Trung Thu mô phỏng Mềm Trang trí Bánh Trung Thu giả Sáng Tạo PU Trang trí thực phẩm cửa sổ Giữa Mùa Thu Dành cho gia đình,3167363578_VNAMZ,No Brand,https://sg-test-11.slatic.net/p/e72ff214ee12b1c68c7445bb28b71bff.jpg,,//www.lazada.vn/products/pdp-i3167363578.html
1403,DUGDS Mũ thỏ Kẹp Tóc Thỏ bánh trung thu Hài Hước Ngọt ngào Kẹp tóc bánh trung thu Dễ thương Kẹp tóc Kẹp tóc hoa Osmanthus Lễ hội trung thu,3167415241_VNAMZ,No Brand,https://sg-test-11.slatic.net/p/4da1fbce35075ee0acbd461c7401306d.jpg,,//www.lazada.vn/products/pdp-i3167415241.html
1404,HUA JIE 100pcs Mờ Túi đóng gói bánh trung thu Nhựa Chống ẩm Túi quà thủ công Chống ẩm Cấp thực phẩm Túi dán tự dính Lễ hội mùa thu giữa năm,3167310773_VNAMZ,No Brand,https://sg-test-11.slatic.net/p/2526cd25483b2b998ce47a61fec4b0e7.jpg,,//www.lazada.vn/products/pdp-i3167310773.html
1405,LOPU Tự nhiên Giỏ tre Phong cách Trung Quốc Dệt Giỏ đựng trứng Hộp đựng bánh mì Thanh lịch Giỏ đựng bánh mì Lễ hội trung thu,3167822533_VNAMZ,No Brand,https://sg-test-11.slatic.net/p/95242c6b6c47495ee8a90c8ac309332b.jpg,,//www.lazada.vn/products/pdp-i3167822533.html
1406,PWD0442 Lễ hội trung thu Đồ chơi nhồi bông hình bánh trung thu Bông xốp Tương tác Gối hình trung thu mô phỏng 3D Búp bê nhồi bông Phim hoạt hình Đồ chơi nhồi bông bánh trung thu Đồ dùng tiệc,3167424187_VNAMZ,No Brand,https://sg-test-11.slatic.net/p/aa71859743e402cd2ff432a3ce0706bd.jpg,,//www.lazada.vn/products/pdp-i3167424187.html
1407,1KG TÁO TÀU ĐỎ TÂN CƯƠNG TRUNG QUỐC QUẢ TO LOẠI 1,2327668139_VNAMZ,No Brand,https://vn-live-01.slatic.net/p/511991da06892be2831f1e43801fed73.jpg,,//www.lazada.vn/products/pdp-i2327668139.html
1408,BEIBEI Phong cách Trung Quốc Giỏ tre Cổ điển Tự nhiên Giỏ đựng bánh mì Hộp đựng bánh mì Cầm tay Hộp bánh trung thu Lễ hội trung thu,3167307791_VNAMZ,No Brand,https://sg-test-11.slatic.net/p/ade8a8fbd2ce2a7444be43f529624ea2.jpg,,//www.lazada.vn/products/pdp-i3167307791.html
1409,HXPUZM Phong cách Trung Quốc Giỏ tre Tự nhiên Dệt Giỏ đựng trứng Hộp đóng gói lễ hội Có Nắp Giỏ đựng bánh mì Lễ hội trung thu,3167849715_VNAMZ,No Brand,https://sg-test-11.slatic.net/p/d86d78cb99f41bb4a3377fe71a4230fa.jpg,,//www.lazada.vn/products/pdp-i3167849715.html
1410,Khuôn Trung thu vuông hoa sen cá chép 500gr,2747158084_VNAMZ,No Brand,https://vn-live-01.slatic.net/p/bd41121ca0ebc2311b8c0701dac31b6d.jpg,,//www.lazada.vn/products/pdp-i2747158084.html
1411,Mẫu 1 con Đông Trùng Hạ Thảo Tây Tạng cao cấp tự nhiên Size 5 - Hợp mua test thử chất lượng,2373446389_VNAMZ,No Brand,https://vn-live-01.slatic.net/p/cab896842d0ca19d26eaf7f742e7ee58.jpg,,//www.lazada.vn/products/pdp-i2373446389.html
1412,"[FREE SHIP][12 gram khô] Đông Trùng Hạ Thảo Khô Sấy Thăng Hoa Minh Trường, loại đặc biệt sấy thăng hoa, cam kết chất lượng, hỗ trợ điều trị ung thư, tiểu đường, huyết áp",1593219669_VNAMZ,No Brand,https://vn-live-01.slatic.net/p/57c5dfc544122878060bf9373908e4ab.jpg,,//www.lazada.vn/products/pdp-i1593219669.html
1413,"Viên đông trùng hạ thảo hàn quốc Kimsan thượng hạng, hộp 2 lọ - Tăng thể lực, ổn định huyết áp, phòng ung thư, tranglinhkorea",483480177_VNAMZ,Korea Ginseng,https://vn-live-01.slatic.net/p/1d4d4da1d7e38260c3e7496bf4388524.jpg,,//www.lazada.vn/products/pdp-i483480177.html
1414,Khuôn trung thu lò xo 150g 1 mặt hoa sen nhụy,2318296985_VNAMZ,OEM,https://vn-live-01.slatic.net/p/be333b4f6529da676f0c4624f7619b07.jpg,,//www.lazada.vn/products/pdp-i2318296985.html
1415,"Viên đông trùng hạ thảo hàn quốc Kimsan chính hãng, hộp 2 lọ - Tăng thể lực, ổn định huyết áp, phòng ung thư, tranglinhkorea",502390195_VNAMZ,Korea Ginseng,https://vn-live-01.slatic.net/p/96d53a1b7abef88efa6148f23791faad.jpg,,//www.lazada.vn/products/pdp-i502390195.html
1416,NHUNG HƯƠU KHÔ THÁI LÁT SIBIRI 100g,529582474_VNAMZ,Altai Sibiri,https://vn-live-01.slatic.net/p/85b7a6f5b9cbb16d38c3594d0db30105.jpg,,//www.lazada.vn/products/pdp-i529582474.html
1417,"Viên đông trùng hạ thảo hàn quốc Kimsan chính hãng, hộp 2 lọ - Tăng thể lực, ổn định huyết áp, phòng ung thư",2079303658_VNAMZ,Korea Ginseng,https://vn-live-01.slatic.net/p/4b13d2c3f67d4588b7935e294cce568e.jpg,,//www.lazada.vn/products/pdp-i2079303658.html
1418,"Cao hắc sâm đông trùng hạ thảo hàn quốc, hộp 2 lọ - Cao sâm hàn quốc - Tăng thể lực, chống lão hóa, phòng ung thư - tranglinh",2060764209_VNAMZ,Korea Ginseng,https://vn-live-01.slatic.net/p/663ef661bbd4f5a07ad214728ba33449.jpg,,//www.lazada.vn/products/pdp-i2060764209.html
1419,"Cao đông trùng hạ thảo Hàn Quốc nguyên chất Gold 120gx 3 hũ - Nâng cao sức khỏe, đào thải chất độc, phòng ngừa ung thư",232542168_VNAMZ,No Brand,https://vn-live-01.slatic.net/original/4f664a23c502e38d5519844da5dbfe59.jpg,,//www.lazada.vn/products/pdp-i232542168.html
1420,Xe ô tô cứu hỏa có vòi phun được nước Đồ chơi trẻ em cỡ lớn có âm thanh,230093929_VNAMZ,No Brand,https://vn-live-01.slatic.net/p/240712a77006ed2c7509ab7d4b632e76.png,,//www.lazada.vn/products/pdp-i230093929.html
1421,"Nước đông trùng hạ thảo hàn quốc Bio thượng hạng, xách 30 gói - Tăng thể lực, ổn định huyết áp, phòng ung thư, tranglinhkorea",1128778526_VNAMZ,Bio Apgold,https://vn-live-01.slatic.net/p/af83ec6e0b5c7ac77872562771c74658.jpg,,//www.lazada.vn/products/pdp-i1128778526.html
1422,"Xe ô tô điều khiển từ xa bằng cử chỉ có nhạc, đèn phun được khói xoay 360 độ cao",1807227653_VNAMZ,No Brand,https://vn-live-01.slatic.net/p/5f8ab24064b5431126648a798e1e9d44.jpg,,//www.lazada.vn/products/pdp-i1807227653.html
1423,"Nước đông trùng hạ thảo hàn quốc Nonghyup chính hãng, hộp 60 gói - Tăng đề kháng, sức khỏe, phòng ung thư - tranglinh",2060460231_VNAMZ,NONGHYUP HAN QUOC,https://vn-live-01.slatic.net/p/5b56f3ee9d562627f9bdee0981a6a004.jpg,,//www.lazada.vn/products/pdp-i2060460231.html
1424,"Nấm đông trùng hạ thảo việt nam, hộp 10gr - Đông trùng hạ thảo - Mát gan, bổ phổi, tăng cường sinh lý, phòng ung thư - tranglinh",1259883710_VNAMZ,khác - Ap,https://vn-live-01.slatic.net/p/f7561f34864f22cba35b57437ee8f314.jpg,,//www.lazada.vn/products/pdp-i1259883710.html
1425,"Viên hoàn đông trùng hạ thảo Bio Apgold thượng hạng, hộp 10 viên - Tăng đề kháng, ổn định huyết áp, phòng ung thư - tranglinh",2060413814_VNAMZ,Bio Apgold,https://vn-live-01.slatic.net/p/f3ac4e78a0bd1813a49078b233d47bff.png,,//www.lazada.vn/products/pdp-i2060413814.html
1426,"Nấm đông trùng hạ thảo nguyên con ký chủ nhộng ngon bổ rẻ hỗ trợ tăng cường sinh lý, hỗ trợ ung thư, gout và hen suyễn",2785864025_VNAMZ,nocovy,https://sg-test-11.slatic.net/p/c443ab8215473b2023504fb192761bb3.jpg,,//www.lazada.vn/products/pdp-i2785864025.html
1427,ZANWIT 100pcs Phong cách Trung Quốc Túi đóng gói bánh trung thu Cấp thực phẩm Chống ẩm Máy hàn túi Túi nướng Nhựa Túi đóng gói bánh quy Lễ hội mùa thu giữa năm,3167363562_VNAMZ,No Brand,https://sg-test-11.slatic.net/p/81efd313a693a78c330701cba739ce00.jpg,,//www.lazada.vn/products/pdp-i3167363562.html
1428,CEMOMEF Phong cách Trung Quốc Giỏ tre Tự nhiên Dệt Giỏ bánh trung thu Hộp đóng gói lễ hội Cầm tay Giỏ đựng bánh mì Lễ hội trung thu,3167250848_VNAMZ,No Brand,https://sg-test-11.slatic.net/p/521c2146341eb38053104366b52117e2.jpg,,//www.lazada.vn/products/pdp-i3167250848.html
1429,TRASTO Phong cách Trung Quốc Giỏ tre Dệt Tự nhiên Giỏ đựng trứng Hộp đựng bánh mì Cầm tay Giỏ đựng bánh mì Lễ hội trung thu,3167378493_VNAMZ,No Brand,https://sg-test-11.slatic.net/p/e10f995522c161bd26987b16fffc8ff9.jpg,,//www.lazada.vn/products/pdp-i3167378493.html
1430,"Đông trùng hạ thảo hồng sâm núi chính hãng Bio, xách 30 gói - Tăng thể lực, ổn định huyết áp, phòng ung thư, tranglinhkorea",502492095_VNAMZ,Bio Apgold,https://vn-live-01.slatic.net/p/cf7e92ffd584501674fedc40fda7f0da.jpg,,//www.lazada.vn/products/pdp-i502492095.html
1431,Đĩa Hoa Quả Gốm Sứ Trang Trí Bánh Mứt Ăn Kèm Trà Đĩa Hoa Quả Gốm Sứ Đĩa Bánh Trung Thu Đĩa Tráng Miệng Đĩa Tráng Miệng Phong Cách Trung Hoa Đĩa Tráng Miệng Bằng Gốm Sứ,2922708154_VNAMZ,No Brand,https://filebroker-cdn.lazada.vn/kf/Sfa4db0368f334c40aaee700e32d617c9O.jpg,,//www.lazada.vn/products/pdp-i2922708154.html
1432,HCHC Phong cách Trung Quốc Giỏ tre Tự nhiên Cổ điển Hộp bánh trung thu Hộp đóng gói lễ hội Dệt Hộp đựng trứng Lễ hội trung thu,3167291743_VNAMZ,No Brand,https://sg-test-11.slatic.net/p/0f45d2e27162d5377ccd7b7ada92ba35.jpg,,//www.lazada.vn/products/pdp-i3167291743.html
1433,GJURD Tự nhiên Giỏ tre Dệt Phong cách Trung Quốc Giỏ đựng trứng Hộp đóng gói lễ hội Thanh lịch Giỏ bánh trung thu Lễ hội trung thu,3167356631_VNAMZ,No Brand,https://sg-test-11.slatic.net/p/6a750307aeb578880dc17eb529ef56e5.jpg,,//www.lazada.vn/products/pdp-i3167356631.html
1434,XIELISA Phong cách Trung Quốc Hộp quà trung thu Cao cấp 6/8 lưới Hộp đóng gói giòn lòng đỏ trứng Hộp di động Hộp rỗng Hộp bánh trung thu Tặng quà,3167336965_VNAMZ,No Brand,https://sg-test-11.slatic.net/p/43b1c8117d10aaf38cc019a9bcbd47f7.jpg,,//www.lazada.vn/products/pdp-i3167336965.html
1435,OOC 12 hạt Hộp quà tặng lễ hội trung thu Phong cách Trung Quốc Hộp rỗng Hộp đóng gói giòn lòng đỏ trứng Sáng tạo Sang trọng Hộp bánh trung thu Tặng quà,3167440072_VNAMZ,No Brand,https://sg-test-11.slatic.net/p/537fee709b351a207d7e90c761da9e58.jpg,,//www.lazada.vn/products/pdp-i3167440072.html
1436,jdtyjdt decor trung thu lồng đèn trung thu 2025 Tự nhiên Giỏ tre Dệt Phong cách Trung Quốc Giỏ đựng trứng Hộp đóng gói lễ hội Cầm tay Giỏ đựng bánh mì Lễ hội trung thu,3167834503_VNAMZ,No Brand,https://sg-test-11.slatic.net/p/ab2fe4fdeb86f6627841a02fd7a343ec.jpg,,//www.lazada.vn/products/pdp-i3167834503.html
1437,ETHTY Lễ hội trung thu Đồ chơi nhồi bông hình bánh trung thu Tương tác Bông xốp Gối hình trung thu mô phỏng 3D Ghế Sofa Futon Mềm mại Đồ chơi nhồi bông bánh trung thu Đồ dùng tiệc,3167409215_VNAMZ,No Brand,https://sg-test-11.slatic.net/p/c37f7d8cac8f0d22cf8bfa7351e2e4fd.jpg,,//www.lazada.vn/products/pdp-i3167409215.html
1438,NPIQL Phong cách Trung Quốc Giỏ tre Hai Lớp Tự nhiên Giỏ bánh trung thu Hộp đóng gói lễ hội Cầm tay Giỏ Dã Ngoại Bánh Trung Thu zongzi hạt,3167831459_VNAMZ,No Brand,https://sg-test-11.slatic.net/p/e8c06385d565489a5cf38ea90f91b49d.jpg,,//www.lazada.vn/products/pdp-i3167831459.html
1439,VBGG 5 Set Phong cách Trung Quốc Hộp quà trung thu 6/8 lưới Sang trọng Hộp quà giòn lòng đỏ trứng Hộp đựng Hộp rỗng Hộp đóng gói bánh ngọt Tặng quà,3167353621_VNAMZ,No Brand,https://sg-test-11.slatic.net/p/d59589d58250c78a6806627a7ada8a55.jpg,,//www.lazada.vn/products/pdp-i3167353621.html
1440,B3D1 Vuông/Tròn Bánh Trung Thu mô phỏng PU Mềm Bánh Trung Thu giả Sáng Tạo Trang trí Chế độ bánh trung thu Dành cho gia đình,3167314782_VNAMZ,No Brand,https://sg-test-11.slatic.net/p/98a0412f45e5408e29c67db6d4819aef.jpg,,//www.lazada.vn/products/pdp-i3167314782.html
1441,NJJU PU Bánh Trung Thu mô phỏng Vuông/Tròn Mềm Chế độ bánh trung thu Sáng Tạo Trang trí Trang trí thực phẩm cửa sổ Giữa Mùa Thu Dành cho gia đình,3167420149_VNAMZ,No Brand,https://sg-test-11.slatic.net/p/abad94319f5bfb511453f9f17a905ecd.jpg,,//www.lazada.vn/products/pdp-i3167420149.html
1442,Mô Hình Xe Máy Hai Bánh Đạp Chiến Tranh Thế Giới Thứ Hai Lắp Ráp Từ Bộ Đồ Chơi Khối Nhựa Trung Quốc Sản Xuất Cho Trẻ Em,2967289576_VNAMZ,No Brand,https://filebroker-cdn.lazada.vn/kf/S7bda178c46f548dc80ec00dbce7b7e1bu.jpg,,//www.lazada.vn/products/pdp-i2967289576.html
1443,JOTNTP Vuông/Tròn Bánh Trung Thu mô phỏng Trang trí Mềm Chế độ bánh trung thu Đạo cụ chụp ảnh PU Trang trí thực phẩm cửa sổ Giữa Mùa Thu Dành cho gia đình,3168219344_VNAMZ,No Brand,https://sg-test-11.slatic.net/p/4ab2757f8de354fbe56a0a278df76a09.jpg,,//www.lazada.vn/products/pdp-i3168219344.html
1444,EGRT Vuông/Tròn Bánh Trung Thu mô phỏng Mềm Trang trí Chế độ bánh trung thu Sáng Tạo PU Trang trí thực phẩm cửa sổ Giữa Mùa Thu Dành cho gia đình,3167403309_VNAMZ,No Brand,https://sg-test-11.slatic.net/p/f5634919d1e2dd19da7592a3b3352a35.jpg,,//www.lazada.vn/products/pdp-i3167403309.html
1445,UYDG Vuông/Tròn Bánh Trung Thu mô phỏng Mềm Trang trí Chế độ bánh trung thu Đạo cụ chụp ảnh PU Trang trí thực phẩm cửa sổ Giữa Mùa Thu Dành cho gia đình,3167408331_VNAMZ,No Brand,https://sg-test-11.slatic.net/p/f7b67acf879a19c1558889d3000f4f71.jpg,,//www.lazada.vn/products/pdp-i3167408331.html
1446,UNQCSA Mũ thỏ Kẹp Tóc Thỏ bánh trung thu Ngọt ngào Hài Hước Kẹp Tóc Thỏ cái nôi Thời trang Phong cách Trung Quốc Kẹp tóc bánh trung thu Lễ hội trung thu,3167613026_VNAMZ,No Brand,https://sg-test-11.slatic.net/p/e7e5908bec3fae6824dbdc8a9092559c.png,,//www.lazada.vn/products/pdp-i3167613026.html
1447,NHG PU Bánh Trung Thu mô phỏng Trang trí Mềm Trang trí thực phẩm cửa sổ Giữa Mùa Thu Sáng Tạo Vuông/Tròn Chế độ bánh trung thu Dành cho gia đình,3167372718_VNAMZ,No Brand,https://sg-test-11.slatic.net/p/6f3f299aa3561d57e13fb8bcdd87c3e8.jpg,,//www.lazada.vn/products/pdp-i3167372718.html
1448,HUA JIE Vuông/Tròn Bánh Trung Thu mô phỏng Mềm Trang trí Bánh Trung Thu giả Đạo cụ chụp ảnh PU Chế độ bánh trung thu Dành cho gia đình,3167280769_VNAMZ,No Brand,https://sg-test-11.slatic.net/p/d85c0fcd9740739f4c052d12bc5d314e.jpg,,//www.lazada.vn/products/pdp-i3167280769.html
1449,HXPUZM Vuông/Tròn Bánh Trung Thu mô phỏng PU Trang trí Chế độ bánh trung thu Đạo cụ chụp ảnh Mềm Trang trí thực phẩm cửa sổ Giữa Mùa Thu Dành cho gia đình,3167892647_VNAMZ,No Brand,https://sg-test-11.slatic.net/p/d45620d411770c589bc72209deca8b04.jpg,,//www.lazada.vn/products/pdp-i3167892647.html
1450,Compatible with LEGO Moc 75367 Venato r lớp Cộng hòa tấn công tàu tuần dương khối kit UCCS tàu vũ trụ sáng tạo đồ chơi trẻ em quà tặng người lớn,2508024316_VNAMZ,LEGO,https://sg-test-11.slatic.net/p/e3bc538269b9a08a519f6d76881ceb75.jpg,,//www.lazada.vn/products/pdp-i2508024316.html
1451,ETHTY Ngọt ngào Kẹp Tóc Thỏ bánh trung thu Mũ thỏ Hài Hước Kẹp tóc bánh trung thu Thời trang Khí chất Kẹp Tóc Thỏ cái nôi Lễ hội trung thu,3167415215_VNAMZ,No Brand,https://sg-test-11.slatic.net/p/db5193ad06c5e297bf31d95d5ea48a9e.jpg,,//www.lazada.vn/products/pdp-i3167415215.html
1452,OOC Mũ thỏ Kẹp Tóc Thỏ bánh trung thu Ngọt ngào Hài Hước Kẹp tóc bánh trung thu Sáng Tạo Kẹp tóc Kẹp tóc hoa Osmanthus Lễ hội trung thu,3167357656_VNAMZ,No Brand,https://sg-test-11.slatic.net/p/d2785b63ca9aa46a80d6799c6aba5e34.jpg,,//www.lazada.vn/products/pdp-i3167357656.html
1453,UAZGEO Ngọt ngào Kẹp Tóc Thỏ bánh trung thu Hài Hước Mũ thỏ Kẹp tóc hoa Osmanthus Thời trang Khí chất Kẹp tóc bánh trung thu Lễ hội trung thu,3167353598_VNAMZ,No Brand,https://sg-test-11.slatic.net/p/a671d443ba363b49b7b426716eb8917e.jpg,,//www.lazada.vn/products/pdp-i3167353598.html
1454,SDFHSFGA Ngọt ngào Kẹp Tóc Thỏ bánh trung thu Mũ thỏ Hài Hước Kẹp Tóc Thỏ cái nôi Sáng Tạo Kẹp tóc Kẹp tóc hoa Osmanthus Lễ hội trung thu,3167294657_VNAMZ,No Brand,https://sg-test-11.slatic.net/p/87436c358d792dd93f3709ccf0c5815d.jpg,,//www.lazada.vn/products/pdp-i3167294657.html
1455,FDHT 12 hạt Hộp quà tặng lễ hội trung thu Sang trọng Phong cách Trung Quốc Hộp đóng gói giòn lòng đỏ trứng Sáng tạo Hộp rỗng Hộp bánh trung thu di động Tặng quà,3167353628_VNAMZ,No Brand,https://sg-test-11.slatic.net/p/1656a424c89224c295d69bf2bf6b2307.jpg,,//www.lazada.vn/products/pdp-i3167353628.html
1456,DOI4RE Vuông/Tròn Bánh Trung Thu mô phỏng Trang trí PU Bánh Trung Thu giả Đạo cụ chụp ảnh Mềm Trang trí thực phẩm cửa sổ Giữa Mùa Thu Dành cho gia đình,3167429166_VNAMZ,No Brand,https://sg-test-11.slatic.net/p/5f5afefa445d2d79b46aee7007f1b215.jpg,,//www.lazada.vn/products/pdp-i3167429166.html
1457,TRASTO Phong cách Trung Quốc Hộp quà trung thu Cao cấp 6/8 lưới Hộp đóng gói giòn lòng đỏ trứng Hộp di động Sang trọng Hộp bánh trung thu Tặng quà,3167425251_VNAMZ,No Brand,https://sg-test-11.slatic.net/p/185cfc37a83be38391481641f89517e0.jpg,,//www.lazada.vn/products/pdp-i3167425251.html
1458,GJURD 12 hạt Hộp quà tặng lễ hội trung thu Hộp rỗng Phong cách Trung Quốc Hộp bánh trung thu di động Sáng tạo Sang trọng Hộp đóng gói giòn lòng đỏ trứng Tặng quà,3167431073_VNAMZ,No Brand,https://sg-test-11.slatic.net/p/2511b56cce6812352b325febce34b5ad.jpg,,//www.lazada.vn/products/pdp-i3167431073.html
1459,NHG 5 Set 6/8 lưới Hộp quà trung thu Sang trọng Phong cách Trung Quốc Hộp quà giòn lòng đỏ trứng Hộp bánh trung thu Hộp rỗng Hộp bánh trung thu Tặng quà,3167404376_VNAMZ,No Brand,https://sg-test-11.slatic.net/p/1c66ba0441b7bc86f20bc3cfa3993886.jpg,,//www.lazada.vn/products/pdp-i3167404376.html
1460,NPIQL Tự nhiên Giỏ tre Dệt Phong cách Trung Quốc Giỏ bánh trung thu Hộp đựng bánh mì Thanh lịch Giỏ Dã Ngoại Lễ hội trung thu,3167821582_VNAMZ,No Brand,https://sg-test-11.slatic.net/p/c4baa54f4a0c23ffbf8de1ce011f59c4.jpg,,//www.lazada.vn/products/pdp-i3167821582.html
1461,NHG 12 hạt Hộp quà tặng lễ hội trung thu Hộp rỗng Phong cách Trung Quốc Hộp đóng gói giòn lòng đỏ trứng Sáng tạo Sang trọng Hộp bánh trung thu di động Tặng quà,3167356707_VNAMZ,No Brand,https://sg-test-11.slatic.net/p/fc73000dc29005bed52f36ecdd984c90.jpg,,//www.lazada.vn/products/pdp-i3167356707.html
1462,KLJDED 5 Set 6/8 lưới Hộp quà trung thu Phong cách Trung Quốc Sang trọng Hộp quà giòn lòng đỏ trứng Hộp bánh trung thu Thỏ Hộp đóng gói bánh ngọt Tặng quà,3167242605_VNAMZ,No Brand,https://sg-test-11.slatic.net/p/c2a0f977e6c008b15c1fa5b3bd5eb329.jpg,,//www.lazada.vn/products/pdp-i3167242605.html
1463,GJURD PU Bánh Trung Thu mô phỏng Mềm Trang trí Trang trí thực phẩm cửa sổ Giữa Mùa Thu Sáng Tạo Vuông/Tròn Chế độ bánh trung thu Dành cho gia đình,3167364459_VNAMZ,No Brand,https://sg-test-11.slatic.net/p/ad639d84e515dc74e3152feef2b0c21f.jpg,,//www.lazada.vn/products/pdp-i3167364459.html
1464,DSFIF Phong cách Trung Quốc Hộp quà tặng lễ hội trung thu Hộp rỗng 12 hạt Hộp bánh trung thu Hộp đựng Sang trọng Hộp đóng gói giòn lòng đỏ trứng Tặng quà,3167397483_VNAMZ,No Brand,https://sg-test-11.slatic.net/p/ec6bee399bf5e9695cd7ae975a4238a7.jpg,,//www.lazada.vn/products/pdp-i3167397483.html
1465,DOI4RE 6/8 lưới Hộp quà trung thu Phong cách Trung Quốc Cao cấp Hộp đóng gói giòn lòng đỏ trứng Hộp bánh trung thu Sang trọng Hộp bánh trung thu Tặng quà,3167423167_VNAMZ,No Brand,https://sg-test-11.slatic.net/p/da580e6eee83fe530d8e8cf0e15d7880.jpg,,//www.lazada.vn/products/pdp-i3167423167.html
1466,IFYHIWEF Mũ thỏ Kẹp Tóc Thỏ bánh trung thu Hài Hước Ngọt ngào Kẹp Tóc Thỏ cái nôi Thời trang Phong cách Trung Quốc Kẹp tóc hoa Osmanthus Lễ hội trung thu,3167348603_VNAMZ,No Brand,https://sg-test-11.slatic.net/p/fabc1213de20a5cdb3cda168f2b7b64f.png,,//www.lazada.vn/products/pdp-i3167348603.html
1467,NCNC 5 Set 6/8 lưới Hộp quà trung thu Phong cách Trung Quốc Sang trọng Hộp đóng gói bánh ngọt Hộp đựng Thỏ Hộp quà giòn lòng đỏ trứng Tặng quà,3167784720_VNAMZ,NCNC,https://sg-test-11.slatic.net/p/2f70f5c5a43ffb908fc9f5db04c4d49c.jpg,,//www.lazada.vn/products/pdp-i3167784720.html
1468,B3D1 Phong cách Trung Quốc Giỏ tre Tự nhiên Dệt Giỏ bánh trung thu Hộp đóng gói lễ hội Cầm tay Giỏ đựng trứng Lễ hội trung thu,3167366060_VNAMZ,No Brand,https://sg-test-11.slatic.net/p/b2217bf844c608c0148fa06975ada3e8.jpg,,//www.lazada.vn/products/pdp-i3167366060.html
1469,IIU 5 Set 6/8 lưới Hộp quà trung thu Sang trọng Phong cách Trung Quốc Hộp quà giòn lòng đỏ trứng Hộp đựng Thỏ Hộp đóng gói bánh ngọt Tặng quà,3167418235_VNAMZ,No Brand,https://sg-test-11.slatic.net/p/a7d585626571dc98446ac166ccbb9240.jpg,,//www.lazada.vn/products/pdp-i3167418235.html
1470,KGASBT 100pcs Mờ Túi đóng gói bánh trung thu Chống ẩm Nhựa Túi dán tự dính Túi thực phẩm Cấp thực phẩm Túi quà thủ công Lễ hội mùa thu giữa năm,3167352636_VNAMZ,No Brand,https://sg-test-11.slatic.net/p/474748881ccd11574d67494a04e1b53a.jpg,,//www.lazada.vn/products/pdp-i3167352636.html
1471,DMEE Ngọt ngào Kẹp Tóc Thỏ bánh trung thu Hài Hước Mũ thỏ Kẹp tóc hoa Osmanthus Thời trang Khí chất Kẹp Tóc Thỏ cái nôi Lễ hội trung thu,3168207998_VNAMZ,No Brand,https://sg-test-11.slatic.net/p/77dd2ad17b323294daa762304b0a6b0c.jpg,,//www.lazada.vn/products/pdp-i3168207998.html
1472,XIELISA 5 Set 6/8 lưới Hộp quà trung thu Sang trọng Phong cách Trung Quốc Hộp đóng gói bánh ngọt Hộp bánh trung thu Hộp rỗng Hộp bánh trung thu Tặng quà,3167395358_VNAMZ,No Brand,https://sg-test-11.slatic.net/p/8caa51e05125f8973fd89a44e8b1e52e.jpg,,//www.lazada.vn/products/pdp-i3167395358.html
1473,DUGDS 6/8 lưới Hộp quà trung thu Cao cấp Phong cách Trung Quốc Hộp bánh trung thu Hộp di động Sang trọng Hộp đóng gói giòn lòng đỏ trứng Tặng quà,3167356641_VNAMZ,No Brand,https://sg-test-11.slatic.net/p/67544560e010286ca7ef09a7206b6cd8.jpg,,//www.lazada.vn/products/pdp-i3167356641.html
1474,IIU Phong cách Trung Quốc Hộp quà trung thu 6/8 lưới Cao cấp Hộp đóng gói giòn lòng đỏ trứng Hộp đựng Sang trọng Hộp bánh trung thu Tặng quà,3167394440_VNAMZ,No Brand,https://sg-test-11.slatic.net/p/51edf16f42b3bd7b97d155442911f386.jpg,,//www.lazada.vn/products/pdp-i3167394440.html
1475,MITULI Phong cách Trung Quốc Giỏ tre Tự nhiên Hai Lớp Giỏ đựng trứng Giỏ trái cây Có Nắp Giỏ đựng bánh mì Bánh Trung Thu zongzi hạt,3167296741_VNAMZ,No Brand,https://sg-test-11.slatic.net/p/3afcf5ca515017f9d3c7acdbf6fff36f.jpg,,//www.lazada.vn/products/pdp-i3167296741.html
1476,CRYSTAL Phong cách Trung Quốc Hộp quà đóng gói bánh trung thu Dễ thương Thỏ Hộp chiên lòng đỏ trứng Hộp di động 6 ô Hộp bánh trung thu Quà Tặng Lễ hội trung thu,3168365123_VNAMZ,No Brand,https://sg-test-11.slatic.net/p/19a1bc62edd17224691e6dd709abd04e.jpg,,//www.lazada.vn/products/pdp-i3168365123.html
1477,NRFYKYU 100pcs Nhựa Túi đóng gói bánh trung thu Chống ẩm Mờ Túi dán tự dính Túi thực phẩm Bán trong suốt Túi quà thủ công Lễ hội mùa thu giữa năm,3167338923_VNAMZ,No Brand,https://sg-test-11.slatic.net/p/d796b4a2996727378abd223a4348fe24.jpg,,//www.lazada.vn/products/pdp-i3167338923.html
1478,DUGDS Phong cách Trung Quốc Giỏ tre Dệt Tự nhiên Giỏ bánh trung thu Hộp đóng gói lễ hội Có Nắp Giỏ đựng trứng Lễ hội trung thu,3167433106_VNAMZ,No Brand,https://sg-test-11.slatic.net/p/e6b30c3f441adc4e684eabc2a054b1b7.png,,//www.lazada.vn/products/pdp-i3167433106.html
1479,OOG 12 hạt Hộp quà tặng lễ hội trung thu Phong cách Trung Quốc Sang trọng Hộp đóng gói giòn lòng đỏ trứng Sáng tạo Hộp rỗng Hộp bánh trung thu di động Tặng quà,3167368573_VNAMZ,No Brand,https://sg-test-11.slatic.net/p/2c406c3bcddcd2e38b3e26ec238a2c72.jpg,,//www.lazada.vn/products/pdp-i3167368573.html
1480,OOG Vuông/Tròn Bánh Trung Thu mô phỏng PU Trang trí Trang trí thực phẩm cửa sổ Giữa Mùa Thu Đạo cụ chụp ảnh Mềm Bánh Trung Thu giả Dành cho gia đình,3167380461_VNAMZ,No Brand,https://sg-test-11.slatic.net/p/2eb27db52226a67b47919e3b81415437.jpg,,//www.lazada.vn/products/pdp-i3167380461.html
1481,SHUI70300 PU Bánh Trung Thu mô phỏng Mềm Trang trí Trang trí thực phẩm cửa sổ Giữa Mùa Thu Đạo cụ chụp ảnh Vuông/Tròn Bánh Trung Thu giả Dành cho gia đình,3167333957_VNAMZ,No Brand,https://sg-test-11.slatic.net/p/43c2ac335043b07b285e53ccb3239e91.jpg,,//www.lazada.vn/products/pdp-i3167333957.html
1482,TFHDFHRG Vuông/Tròn Bánh Trung Thu mô phỏng Mềm Trang trí Trang trí thực phẩm cửa sổ Giữa Mùa Thu Sáng Tạo PU Bánh Trung Thu giả Dành cho gia đình,3167345695_VNAMZ,No Brand,https://sg-test-11.slatic.net/p/258d0c7b142392c950cf7768d33e1cce.jpg,,//www.lazada.vn/products/pdp-i3167345695.html
1483,NRFYKYU Vuông/Tròn Bánh Trung Thu mô phỏng Mềm PU Trang trí thực phẩm cửa sổ Giữa Mùa Thu Đạo cụ chụp ảnh Trang trí Chế độ bánh trung thu Dành cho gia đình,3167340907_VNAMZ,No Brand,https://sg-test-11.slatic.net/p/1acc522ef402c142aa2f40e64ff89dc2.jpg,,//www.lazada.vn/products/pdp-i3167340907.html
1484,DSIUY Ngọt ngào Kẹp Tóc Thỏ bánh trung thu Mũ thỏ Hài Hước Kẹp tóc bánh trung thu Dễ thương Phong cách Trung Quốc Kẹp Tóc Thỏ cái nôi Lễ hội trung thu,3167415263_VNAMZ,No Brand,https://sg-test-11.slatic.net/p/6c222e0a6dbd7c5068e4393f6eec87db.jpg,,//www.lazada.vn/products/pdp-i3167415263.html
1485,MITULI Phong cách Trung Quốc Giỏ tre Cổ điển Tự nhiên Giỏ đựng bánh mì Hộp đựng bánh mì Thanh lịch Hộp đựng trứng Lễ hội trung thu,3167308802_VNAMZ,No Brand,https://sg-test-11.slatic.net/p/cd0604485c4550698007bd8b63e8acd1.jpg,,//www.lazada.vn/products/pdp-i3167308802.html
1486,RYA3033 12 hạt Hộp quà tặng lễ hội trung thu Sang trọng Hộp rỗng Hộp bánh trung thu Sáng tạo Phong cách Trung Quốc Hộp bánh trung thu di động Tặng quà,3166572069_VNAMZ,No Brand,https://sg-test-11.slatic.net/p/bb504ef12a2d298052d26ff801b59475.jpg,,//www.lazada.vn/products/pdp-i3166572069.html
1487,BEIBEI 6/8 lưới Hộp quà trung thu Cao cấp Phong cách Trung Quốc Hộp đóng gói giòn lòng đỏ trứng Hộp di động Hộp rỗng Hộp bánh trung thu Tặng quà,3167332370_VNAMZ,No Brand,https://sg-test-11.slatic.net/p/d8fba899ba35de1631faef3d5665f523.jpg,,//www.lazada.vn/products/pdp-i3167332370.html
1488,Bộ Đồ Trà Gốm Thủ Công Trung Quốc Phong Cách Cổ Điển Thiết Kế Hình Chữ Nhật Đĩa Đựng Trà Đĩa Đựng Trái Cây Mái Hiên Ấm Trà Đĩa Đựng Bánh,2922493596_VNAMZ,No Brand,https://filebroker-cdn.lazada.vn/kf/S4ee35ad6155d41579a94bccfea9021c6G.jpg,,//www.lazada.vn/products/pdp-i2922493596.html
1489,IFYHIWEF Lễ hội trung thu Đồ chơi nhồi bông hình bánh trung thu Tương tác Bông xốp Gối hình trung thu mô phỏng 3D Búp bê ngủ cho bé Thủ công Đồ chơi nhồi bông bánh trung thu Đồ dùng tiệc,3167414210_VNAMZ,No Brand,https://sg-test-11.slatic.net/p/99cf40c5db9f8bda190892a889234bb3.jpg,,//www.lazada.vn/products/pdp-i3167414210.html
1490,SDFHSFGA Phong cách Trung Quốc Hộp quà trung thu 6/8 lưới Cao cấp Hộp bánh trung thu Hộp bánh trung thu Sang trọng Hộp đóng gói giòn lòng đỏ trứng Tặng quà,3167308831_VNAMZ,No Brand,https://sg-test-11.slatic.net/p/52d0f3f3674e41a0022a799d806c2482.jpg,,//www.lazada.vn/products/pdp-i3167308831.html
1491,PTOUTS 100pcs Phong cách Trung Quốc Túi đóng gói bánh trung thu Cấp thực phẩm Chống ẩm Túi đóng gói bánh quy Túi thực phẩm Nhựa Máy hàn túi Lễ hội mùa thu giữa năm,3167415277_VNAMZ,No Brand,https://sg-test-11.slatic.net/p/fb5ec00b474208b64754f3af67972476.jpg,,//www.lazada.vn/products/pdp-i3167415277.html
1492,BIGCOUSIN 6/8 lưới Hộp quà trung thu Cao cấp Phong cách Trung Quốc Hộp đóng gói giòn lòng đỏ trứng Hộp bánh trung thu Hộp rỗng Hộp bánh trung thu Tặng quà,3167384435_VNAMZ,No Brand,https://sg-test-11.slatic.net/p/68c5e5729f9d8ad0d097c6f8160602ce.jpg,,//www.lazada.vn/products/pdp-i3167384435.html
1493,IIE 100pcs Phong cách Trung Quốc Túi đóng gói bánh trung thu Chống ẩm Nhựa Túi đóng gói bánh quy Túi thực phẩm Cấp thực phẩm Máy hàn túi Lễ hội mùa thu giữa năm,3167386597_VNAMZ,No Brand,https://sg-test-11.slatic.net/p/602a14b4513fbefdc131ebfb2f1131cc.jpg,,//www.lazada.vn/products/pdp-i3167386597.html
1494,SDFHSFGA Tự nhiên Giỏ tre Dệt Phong cách Trung Quốc Giỏ bánh trung thu Hộp đóng gói lễ hội Có Nắp Giỏ đựng bánh mì Lễ hội trung thu,3167321644_VNAMZ,No Brand,https://sg-test-11.slatic.net/p/adfb45318c1cf5c2133a018759f79ee0.jpg,,//www.lazada.vn/products/pdp-i3167321644.html
1495,HCHC Phong cách Trung Quốc Hộp quà đóng gói bánh trung thu Thỏ Dễ thương Hộp chiên lòng đỏ trứng Hộp bánh trung thu Có cửa sổ Hộp bánh trung thu Quà Tặng Lễ hội trung thu,3167305734_VNAMZ,No Brand,https://sg-test-11.slatic.net/p/1360e50b5ec6df9b8560d9b431739c73.jpg,,//www.lazada.vn/products/pdp-i3167305734.html
1496,KGASBT Phong cách Trung Quốc Giỏ tre Tự nhiên Hai Lớp Giỏ đựng trứng Hộp đóng gói lễ hội Có Nắp Giỏ đựng bánh mì Bánh Trung Thu zongzi hạt,3167346904_VNAMZ,No Brand,https://sg-test-11.slatic.net/p/194378c26a31f0886fe2ed44c23ffe38.jpg,,//www.lazada.vn/products/pdp-i3167346904.html
1497,KGASBT 12 hạt Hộp quà tặng lễ hội trung thu Hộp rỗng Sang trọng Hộp bánh trung thu Sáng tạo Phong cách Trung Quốc Hộp đóng gói giòn lòng đỏ trứng Tặng quà,3167352641_VNAMZ,No Brand,https://sg-test-11.slatic.net/p/7fdc97f4e3b5d19250769a8d440377a5.jpg,,//www.lazada.vn/products/pdp-i3167352641.html
1498,OOG 6/8 lưới Hộp quà trung thu Cao cấp Phong cách Trung Quốc Hộp đóng gói giòn lòng đỏ trứng Hộp di động Sang trọng Hộp bánh trung thu Tặng quà,3167431184_VNAMZ,No Brand,https://sg-test-11.slatic.net/p/43a34461d5da5f3fcbda45fa0b50b2b2.jpg,,//www.lazada.vn/products/pdp-i3167431184.html
1499,XIELISA Phong cách Trung Quốc Hộp quà tặng lễ hội trung thu 12 hạt Hộp rỗng Hộp bánh trung thu Sáng tạo Sang trọng Hộp đóng gói giòn lòng đỏ trứng Tặng quà,3167339692_VNAMZ,No Brand,https://sg-test-11.slatic.net/p/88d274e4ecbacff08826690f3dce4a8a.jpg,,//www.lazada.vn/products/pdp-i3167339692.html
1500,SYXQUS 6/8 lưới Hộp quà trung thu Phong cách Trung Quốc Cao cấp Hộp đóng gói giòn lòng đỏ trứng Hộp di động Sang trọng Hộp bánh trung thu Tặng quà,3167379378_VNAMZ,No Brand,https://sg-test-11.slatic.net/p/5243224e3d13c5a3284265c5fd4aa885.jpg,,//www.lazada.vn/products/pdp-i3167379378.html
1501,EGRT Phong cách Trung Quốc Giỏ tre Hai Lớp Tự nhiên Giỏ đựng trứng Hộp thực phẩm Cầm tay Giỏ bánh trung thu Bánh Trung Thu zongzi hạt,3167394329_VNAMZ,No Brand,https://sg-test-11.slatic.net/p/e8c12a0f6754e6faecb6336ab86c1a56.jpg,,//www.lazada.vn/products/pdp-i3167394329.html
1502,IUYJN 5 Set 6/8 lưới Hộp quà trung thu Phong cách Trung Quốc Sang trọng Hộp đóng gói bánh ngọt Hộp đựng Thỏ Hộp quà giòn lòng đỏ trứng Tặng quà,3167218367_VNAMZ,No Brand,https://sg-test-11.slatic.net/p/d1175d09279db26b4adde3d8637c4934.jpg,,//www.lazada.vn/products/pdp-i3167218367.html
1503,FDHT 5 Set 6/8 lưới Hộp quà trung thu Phong cách Trung Quốc Sang trọng Hộp đóng gói bánh ngọt Hộp bánh trung thu Thỏ Hộp bánh trung thu Tặng quà,3167350918_VNAMZ,No Brand,https://sg-test-11.slatic.net/p/acf224efb8f61a6259e9052080546059.jpg,,//www.lazada.vn/products/pdp-i3167350918.html
1504,8GJGR Ngọt ngào Kẹp Tóc Thỏ bánh trung thu Mũ thỏ Hài Hước Kẹp tóc hoa Osmanthus Dễ thương Khí chất Kẹp tóc bánh trung thu Lễ hội trung thu,3167416208_VNAMZ,No Brand,https://sg-test-11.slatic.net/p/ea6e869b9f29100dcdf9ff8aff001485.png,,//www.lazada.vn/products/pdp-i3167416208.html
1505,MOUSSE Tự nhiên Giỏ tre Phong cách Trung Quốc Dệt Giỏ đựng trứng Hộp đựng bánh mì Thanh lịch Giỏ Dã Ngoại Lễ hội trung thu,3167611013_VNAMZ,No Brand,https://sg-test-11.slatic.net/p/cffe31d35d9e3e70d3055ecf6bf61571.jpg,,//www.lazada.vn/products/pdp-i3167611013.html
1506,SDFHSFGA Phong cách Trung Quốc Hộp quà đóng gói bánh trung thu Dễ thương Thỏ Hộp chiên lòng đỏ trứng Hộp bánh trung thu Thủ công Hộp bánh trung thu Quà Tặng Lễ hội trung thu,3167372039_VNAMZ,No Brand,https://sg-test-11.slatic.net/p/9c4f1e8d4c4383dc7a12f9bb0d1e3b08.jpg,,//www.lazada.vn/products/pdp-i3167372039.html
1507,DFJET Phong cách Trung Quốc Hộp quà trung thu 6/8 lưới Cao cấp Hộp bánh trung thu Hộp bánh trung thu Hộp rỗng Hộp đóng gói giòn lòng đỏ trứng Tặng quà,3167421127_VNAMZ,No Brand,https://sg-test-11.slatic.net/p/37d6d709ed5d63bb0f456c0d35ccbd49.jpg,,//www.lazada.vn/products/pdp-i3167421127.html
1508,MLS 5 Set 6/8 lưới Hộp quà trung thu Sang trọng Phong cách Trung Quốc Hộp quà giòn lòng đỏ trứng Hộp đựng Thỏ Hộp bánh trung thu Tặng quà,3167196537_VNAMZ,No Brand,https://sg-test-11.slatic.net/p/bc0d5075fbc2f345aec4e06daf2f8d85.jpg,,//www.lazada.vn/products/pdp-i3167196537.html
1509,8GJGR 100pcs Phong cách Trung Quốc Túi đóng gói bánh trung thu Chống ẩm Cấp thực phẩm Máy hàn túi Túi nướng Nhựa Túi quà thủ công Lễ hội mùa thu giữa năm,3167363500_VNAMZ,No Brand,https://sg-test-11.slatic.net/p/8ba6e55ed117466cdab8937116587e38.jpg,,//www.lazada.vn/products/pdp-i3167363500.html
1510,GJ56 Phong cách Trung Quốc Hộp quà trung thu Cao cấp 6/8 lưới Hộp bánh trung thu Hộp bánh trung thu Hộp rỗng Hộp đóng gói giòn lòng đỏ trứng Tặng quà,3167338863_VNAMZ,No Brand,https://sg-test-11.slatic.net/p/6c7e4a5896f6e366061bc963fe58090e.jpg,,//www.lazada.vn/products/pdp-i3167338863.html
1511,FDHT Tự nhiên Giỏ tre Phong cách Trung Quốc Dệt Giỏ đựng trứng Hộp đựng bánh mì Thanh lịch Giỏ bánh trung thu Lễ hội trung thu,3167391508_VNAMZ,No Brand,https://sg-test-11.slatic.net/p/ba26c4f67afdc71b1677af1685f81d60.jpg,,//www.lazada.vn/products/pdp-i3167391508.html
1512,EGRT Phong cách Trung Quốc Giỏ tre Dệt Tự nhiên Giỏ bánh trung thu Hộp đựng bánh mì Thanh lịch Giỏ đựng trứng Lễ hội trung thu,3167353562_VNAMZ,No Brand,https://sg-test-11.slatic.net/p/e1973a5655ab7f0aa52f31aef08c7359.jpg,,//www.lazada.vn/products/pdp-i3167353562.html
1513,DOI4RE 5 Set Phong cách Trung Quốc Hộp quà trung thu 6/8 lưới Sang trọng Hộp đóng gói bánh ngọt Hộp bánh trung thu Hộp rỗng Hộp quà giòn lòng đỏ trứng Tặng quà,3167397433_VNAMZ,No Brand,https://sg-test-11.slatic.net/p/189c860fb19d75cae654be9b8af1e7d2.jpg,,//www.lazada.vn/products/pdp-i3167397433.html
1514,UYDG Tự nhiên Giỏ tre Phong cách Trung Quốc Dệt Giỏ bánh trung thu Hộp đóng gói lễ hội Thanh lịch Giỏ đựng trứng Lễ hội trung thu,3167346985_VNAMZ,No Brand,https://sg-test-11.slatic.net/p/f118777e7dbe08ac1a5ddc7f65b68dc9.jpg,,//www.lazada.vn/products/pdp-i3167346985.html
1515,SHUI70300 Phong cách Trung Quốc Giỏ tre Tự nhiên Dệt Giỏ bánh trung thu Hộp đóng gói lễ hội Có Nắp Giỏ đựng trứng Lễ hội trung thu,3167359538_VNAMZ,No Brand,https://sg-test-11.slatic.net/p/e206342506d7c258e9af219db01c66ac.png,,//www.lazada.vn/products/pdp-i3167359538.html
1516,HUA JIE 6/8 lưới Hộp quà trung thu Cao cấp Phong cách Trung Quốc Hộp bánh trung thu Hộp bánh trung thu Sang trọng Hộp đóng gói giòn lòng đỏ trứng Tặng quà,3167274796_VNAMZ,No Brand,https://sg-test-11.slatic.net/p/edf486a789e1473fee364e46112ea218.jpg,,//www.lazada.vn/products/pdp-i3167274796.html
1517,JOTNTP 6/8 lưới Hộp quà trung thu Cao cấp Phong cách Trung Quốc Hộp bánh trung thu Hộp bánh trung thu Sang trọng Hộp đóng gói giòn lòng đỏ trứng Tặng quà,3168141870_VNAMZ,No Brand,https://sg-test-11.slatic.net/p/fef5e8720b6c7343f2afd3fbdc181292.jpg,,//www.lazada.vn/products/pdp-i3168141870.html
1518,DFJET Hai Lớp Giỏ tre Tự nhiên Phong cách Trung Quốc Giỏ đựng trứng Giỏ trái cây Cầm tay Giỏ đựng bánh mì Bánh Trung Thu zongzi hạt,3167392406_VNAMZ,No Brand,https://sg-test-11.slatic.net/p/8585609293b8fe0a6f9e832e87d596eb.jpg,,//www.lazada.vn/products/pdp-i3167392406.html
1519,SHUI70300 5 Set Phong cách Trung Quốc Hộp quà trung thu 6/8 lưới Sang trọng Hộp bánh trung thu Hộp đựng Thỏ Hộp quà giòn lòng đỏ trứng Tặng quà,3167404260_VNAMZ,No Brand,https://sg-test-11.slatic.net/p/f06576a9221173ed839666addec772c9.jpg,,//www.lazada.vn/products/pdp-i3167404260.html
1520,"Khuôn bánh trung thu uống truyền thống, máy ép bánh, dụng cụ làm bánh paddramatic, Executive mungo ban, khuôn bánh khô",2741674963_VNAMZ,No Brand,https://vn-live-01.slatic.net/p/0ef672e18d20f4a6f989ce4fbf2969f9.jpg_webp,,//www.lazada.vn/products/pdp-i2741674963.html
1521,"+HOT./. Khuôn Bánh Trung Thu Hình Vuông, Bánh Đậu Xanh, Bánh Tráng Miệng, Mô Hình Bánh Kem Kiểu Quảng Đông, In Hoa Dập Nổi Gia Dụng Ép Tay",2830868919_VNAMZ,No Brand,https://sg-test-11.slatic.net/p/cb1b46b5d16e68b7b30b706174ebb49d.jpg,,//www.lazada.vn/products/pdp-i2830868919.html
1522,QTNJVE Vuông/Tròn Bánh Trung Thu mô phỏng PU Mềm Chế độ bánh trung thu Đạo cụ chụp ảnh Trang trí Trang trí thực phẩm cửa sổ Giữa Mùa Thu Dành cho gia đình,3167430153_VNAMZ,No Brand,https://sg-test-11.slatic.net/p/db55fc23fecc35a3dae5d28815a8befd.jpg,,//www.lazada.vn/products/pdp-i3167430153.html
1523,"GC🍜🍅🌶 Ba chiều phôi Bánh đậu xanh khuôn 50 gram bánh trung thu nhỏ khuôn bánh ngọt Trung Quốc, bao gồm 1 khuôn và 4 tem",3150388163_VNAMZ,No Brand,https://sg-test-11.slatic.net/p/bc0c51d2a64dd2f1c83c27348e3daec6.jpg,,//www.lazada.vn/products/pdp-i3150388163.html
1524,BMFUEW Vuông/Tròn Bánh Trung Thu mô phỏng PU Trang trí Trang trí thực phẩm cửa sổ Giữa Mùa Thu Đạo cụ chụp ảnh Mềm Chế độ bánh trung thu Dành cho gia đình,3167347899_VNAMZ,No Brand,https://sg-test-11.slatic.net/p/0d4e9d6070866b9c33ac5e1c30d462fb.jpg,,//www.lazada.vn/products/pdp-i3167347899.html
1525,KGASBT 3D Khuôn bánh trung thu hoa Phong cách Trung Quốc Silicone Khuôn bánh ngọt lễ hội Khuôn nến Không dính Khuôn silicon hình hoa sen Lễ hội trung thu,3167391472_VNAMZ,No Brand,https://sg-test-11.slatic.net/p/9526a7bc65d71f388f0109b18aaf4efb.jpg,,//www.lazada.vn/products/pdp-i3167391472.html
1526,GJNGJNGG 3D Khuôn bánh trung thu hoa Silicone Phong cách Trung Quốc Khuôn bánh ngọt lễ hội Dụng cụ làm bánh Không dính Khuôn silicon hình hoa sen Lễ hội trung thu,3167399297_VNAMZ,No Brand,https://sg-test-11.slatic.net/p/83704258c7cdbf13a75cbb286d6195e4.jpg,,//www.lazada.vn/products/pdp-i3167399297.html
1527,DFJET Mũ thỏ Kẹp Tóc Thỏ bánh trung thu Hài Hước Ngọt ngào Kẹp tóc bánh trung thu Sáng Tạo Phong cách Trung Quốc Kẹp tóc hoa Osmanthus Lễ hội trung thu,3167372621_VNAMZ,No Brand,https://sg-test-11.slatic.net/p/de67b108ed15617740843b152cbfa5d3.jpg,,//www.lazada.vn/products/pdp-i3167372621.html
1528,OOC 3D Khuôn bánh trung thu hoa Phong cách Trung Quốc Silicone Khuôn đậu xanh Dụng cụ làm bánh Không dính Khuôn silicon hình hoa sen Lễ hội trung thu,3167429184_VNAMZ,No Brand,https://sg-test-11.slatic.net/p/f6d700f8a2e6eb914f200f70968c7809.jpg,,//www.lazada.vn/products/pdp-i3167429184.html
1529,"2025 Trận Chiến Khốc Liệt Bánh Xe Kỳ Lạ 3 Đồ Chơi Flame Lion King, Thần Thú, Bộ Đồ, Thần Biến Dạng, Robot Phù Hợp, Bánh Xe Chiến Đấu",2253847340_VNAMZ,No Brand,https://vn-live-01.slatic.net/p/d3ce90b8de3e433dd8a456cb6a085484.jpg_webp,,//www.lazada.vn/products/pdp-i2253847340.html
1530,"Khuôn bánh gỗ thân thiện với môi trường HeMu-Moule và khuôn bánh trung thu, khuôn bánh hoa động vật đa lưới, làm bánh kem ba chiều",3060675136_VNAMZ,No Brand,https://vn-live-01.slatic.net/p/609e4eeb6b40314ddb5614ac0a21bf63.jpg_webp,,//www.lazada.vn/products/pdp-i3060675136.html
1531,"Suitable for Poetry, Jade Accord, 7th and 8th generations, Songshitu, Honda HRV, Fengfan, wheel hub cover, center cover l Center Caps",3067971803_VNAMZ,No Brand,https://sg-test-11.slatic.net/p/a25cd9ed4da756a70bb8dc95e7e10adf.jpg,,//www.lazada.vn/products/pdp-i3067971803.html
1532,"Bát đặc biệt cho nồi chiên không khí, hộp giấy bạc, cốc bánh pudding, cốc giấy bạc chịu nhiệt cao, cốc bánh brioche, cốc phô mai, cốc bánh trung thu tuyết",3092143525_VNAMZ,No Brand,https://vn-live-01.slatic.net/p/a76e0ac3b8100c932dc1d2666d674a40.jpg_webp,,//www.lazada.vn/products/pdp-i3092143525.html
1533,Left+Right+Wire Steering Wheel Control Button For Nissan Tiida LIVINA Old Sylphy Volume Phone Button Switch,3036093324_VNAMZ,No Brand,https://sg-test-11.slatic.net/p/9622e69af1e8657a5f99c4cf9c9d0ca0.jpg,,//www.lazada.vn/products/pdp-i3036093324.html
1534,"Chuyển động đồng hồ 6M02 6P27 6P29 Phụ Kiện   Tay cầm   Cuộn Dây   Bảng Mạch   Bánh xe phụ, bánh xe trung tâm   Bánh xe chéo",3071950069_VNAMZ,No Brand,https://sg-test-11.slatic.net/p/7a036b7bd9dc7477d6faddc6f6a61612.jpg,,//www.lazada.vn/products/pdp-i3071950069.html
1535,JOTNTP 3D Khuôn bánh trung thu hoa Silicone Phong cách Trung Quốc Khuôn silicon hình hoa sen Thiết thực Mềm Khuôn đậu xanh Lễ hội trung thu,3168237251_VNAMZ,No Brand,https://sg-test-11.slatic.net/p/30785066ce5fe6f7839a6fac6051d2ba.jpg,,//www.lazada.vn/products/pdp-i3168237251.html
1536,"Bữa Tiệc Sáng Tạo, Bữa Tiệc, Giả Mạo Tương Tác, Không Khí Thú Vị Và Tốt Đẹp, Bánh Xe Roulette Nga, Đồ Chơi Cặp Đôi Khó",3002307473_VNAMZ,No Brand,https://vn-live-01.slatic.net/p/141537e2cff28114e3a48e06fd89762a.jpg_webp,,//www.lazada.vn/products/pdp-i3002307473.html
1537,PTOUTS Phong cách Trung Quốc Khuôn bánh trung thu hoa 3D Silicone Khuôn silicon hình hoa sen Khuôn nến Mềm Khuôn bánh ngọt lễ hội Lễ hội trung thu,3167357620_VNAMZ,No Brand,https://sg-test-11.slatic.net/p/42ad85c53951ddbe518f80ec2f950367.jpg,,//www.lazada.vn/products/pdp-i3167357620.html
1538,Dụng Cụ Làm Bánh   Khuôn Bánh Trung Thu Hình Vuông Trung Thu Tuyết   Khuôn Bánh Trung Thu Ép Tay 50g 6 Miếng Ép Hoa,2713962480_VNAMZ,No Brand,https://sg-test-11.slatic.net/p/42913a45ef22d988015925dccee97481.jpg,,//www.lazada.vn/products/pdp-i2713962480.html
1539,Đèn Bàn Thu Nhỏ Mới Trên Thị Trường LED Khối Lượng Không Khí Lớn Im Lặng USB Quạt   Quạt Tháp Học Sinh Cầm Tay Để Bàn Gia Đình,2704415648_VNAMZ,No Brand,https://vn-live-01.slatic.net/p/a5280967290a9158aa7bd3bc1eb566c8.jpg_webp,,//www.lazada.vn/products/pdp-i2704415648.html
1540,DFYER56 Phong cách Trung Quốc Khuôn bánh trung thu hoa Silicone 3D Khuôn bánh ngọt lễ hội Dụng cụ làm bánh Không dính Khuôn silicon hình hoa sen Lễ hội trung thu,3167357567_VNAMZ,No Brand,https://sg-test-11.slatic.net/p/ece621809ed972a9b4d514774f2e4b96.jpg,,//www.lazada.vn/products/pdp-i3167357567.html
1541,Tàu Hơi Nước điện phổ quát bánh xe phun đầu máy mô hình trẻ em cậu bé Đồ chơi xe bội thu xe 1-3 tuổi,2944752281_VNAMZ,No Brand,https://sg-test-11.slatic.net/p/f85b41bd5a4cb28ca48b0b213673a839.jpg,,//www.lazada.vn/products/pdp-i2944752281.html
1542,4 Inch Bánh Xe Trung Tâm 4.10/3.50-4 4.00-4 3.00-4 Nhôm Hợp Kim Vành Bánh Xe Cho  Xe Máy Điện Scooter Khí Xe Tay Ga ATV,2731411394_VNAMZ,No Brand,https://vn-live-01.slatic.net/p/3eb17e5c01c61e0710b8f5b1c4af457d.jpg_webp,,//www.lazada.vn/products/pdp-i2731411394.html
1543,MING1996 Phong cách Trung Quốc Khuôn bánh trung thu hoa 3D Silicone Khuôn silicon hình hoa sen Khuôn nến Không dính Khuôn đậu xanh Lễ hội trung thu,3167345671_VNAMZ,No Brand,https://sg-test-11.slatic.net/p/9127821956cac6403d6dc8d241178e34.jpg,,//www.lazada.vn/products/pdp-i3167345671.html
1544,10X2 FOR CHAOYANG Tyre 54-152 10 Inch Inner And Outer Tire Electric Vehicle Balancer Scooter Electric Wheelchair Baby Carriage,2358653822_VNAMZ,No Brand,https://my-live-02.slatic.net/p/196390af17d0985e15ed5918320a3a2d.jpg,,//www.lazada.vn/products/pdp-i2358653822.html
1545,Hồng ngoại ánh sáng đỏ điều trị cú đúp đầu gối 660nm & 850nm luminotpy sưởi ấm Vai Massager ấm Bọc đầu gối pad cơ bắp thư giãn,2927452275_VNAMZ,No Brand,https://sg-test-11.slatic.net/p/23dcd22a4660b9de94b43e75a5b99aec.jpg,,//www.lazada.vn/products/pdp-i2927452275.html
1546,SDFHSFGA Phong cách Trung Quốc Khuôn bánh trung thu hoa Silicone 3D Khuôn silicon hình hoa sen Dụng cụ làm bánh Không dính Khuôn đậu xanh Lễ hội trung thu,3167320661_VNAMZ,No Brand,https://sg-test-11.slatic.net/p/48ed672618a755e7670c5b4d19858e51.jpg,,//www.lazada.vn/products/pdp-i3167320661.html
1547,(HOT 431LIN) Unicorn Party Supply Balloons Happy Birthday Party Decoration Foil Letter Globos Balloon Accessories Baby Shower Balloons,3053883412_VNAMZ,No Brand,https://my-live-02.slatic.net/p/6fb5f211307c742160be80b1b7514d80.jpg,,//www.lazada.vn/products/pdp-i3053883412.html
1548,"Tinh chất đông trùng hạ thảo 20 ống đỏ Bio Apgold - Tăng thể lực, chống lão hóa, phòng ung thư",2079606104_VNAMZ,Bio Apgold,https://vn-live-01.slatic.net/p/bc93c5751add7543b02d79b4597514a5.jpg,,//www.lazada.vn/products/pdp-i2079606104.html
1549,Xe lăn bánh sau 12 inch PU đàn hồi lốp rắn 12 1/2x2 1/4 lốp không khí nén Phụ Kiện Xe lăn,2663953682_VNAMZ,No Brand,https://vn-live-01.slatic.net/p/3e14863306e8ec5f347554713e51c798.jpg_webp,,//www.lazada.vn/products/pdp-i2663953682.html
1550,MITULI 12 hạt Hộp quà tặng lễ hội trung thu Hộp rỗng Sang trọng Hộp bánh trung thu Sáng tạo Phong cách Trung Quốc Hộp đóng gói giòn lòng đỏ trứng Tặng quà,3167299670_VNAMZ,No Brand,https://sg-test-11.slatic.net/p/6d29af15cd4b5aa258f57998098a7d5a.jpg,,//www.lazada.vn/products/pdp-i3167299670.html
1551,ODJEB WLtoys 12428 2.4G 1:12 4WD Crawler Remote Control RC Car Crawler RTR 50km/H High Speed RC Off-road Buggy Vehicle Trucks Car Toys LCRHB,2668990601_VNAMZ,No Brand,https://sg-test-11.slatic.net/p/c4e3351c2af0749c1f4314dc3b1213f8.png,,//www.lazada.vn/products/pdp-i2668990601.html
1552,Women's Wedge Shoes High Quality Velvet Soft Sponge Cake Bottom 2023 New Joker One Pedal Platform Rocking Shoes Plus Size Casual Shoes,2322755296_VNAMZ,OEM,https://my-live-02.slatic.net/p/6cc56ec22aff685b4599caa50acfb5ce.jpg,,//www.lazada.vn/products/pdp-i2322755296.html
1553,4Pcs/Set 150g 200g Chinese Traditional Pattern Big Gram Moon Cake Mold Dragon Phoenix ABS Plastics Home DIY Pastry Baking Tools Baking Trays & Pans,3122950760_VNAMZ,No Brand,https://sg-test-11.slatic.net/p/e20f70dae96a6527539b0a81b1cfd4e4.jpg,,//www.lazada.vn/products/pdp-i3122950760.html
1554,B3D1 Phong cách Trung Quốc Hộp đóng gói bánh trung thu Hoạt hình 4/6 ô Hộp quà Hộp Kẹo Giấy Hộp chiên lòng đỏ trứng Quà Tặng Lễ hội trung thu,3167326499_VNAMZ,No Brand,https://sg-test-11.slatic.net/p/eab669051402179eaa3a232c11d6bc45.jpg,,//www.lazada.vn/products/pdp-i3167326499.html
1555,KUPJBZ 5 Set Phong cách Trung Quốc Hộp quà trung thu Sang trọng 6/8 lưới Hộp quà giòn lòng đỏ trứng Hộp bánh trung thu Thỏ Hộp đóng gói bánh ngọt Tặng quà,3166307980_VNAMZ,No Brand,https://sg-test-11.slatic.net/p/8347dd007e65e179ac32ccc853044e52.jpg,,//www.lazada.vn/products/pdp-i3166307980.html
1556,NHG Tự nhiên Giỏ tre Phong cách Trung Quốc Dệt Giỏ bánh trung thu Hộp đóng gói lễ hội Cầm tay Giỏ đựng trứng Lễ hội trung thu,3167387415_VNAMZ,No Brand,https://sg-test-11.slatic.net/p/3de7420087127fd6de0d3c5efed1add6.png,,//www.lazada.vn/products/pdp-i3167387415.html
1557,KGASBT 5 Set 6/8 lưới Hộp quà trung thu Phong cách Trung Quốc Sang trọng Hộp quà giòn lòng đỏ trứng Hộp di động Hộp rỗng Hộp bánh trung thu Tặng quà,3167382405_VNAMZ,No Brand,https://sg-test-11.slatic.net/p/a18ec321c8df29a999a61aaf2ed21cc6.jpg,,//www.lazada.vn/products/pdp-i3167382405.html
1558,QTNJVE 5 Set Phong cách Trung Quốc Hộp quà trung thu Sang trọng 6/8 lưới Hộp quà giòn lòng đỏ trứng Hộp di động Thỏ Hộp đóng gói bánh ngọt Tặng quà,3167352609_VNAMZ,No Brand,https://sg-test-11.slatic.net/p/7d3bc8740b64635abf7fcf0e7ece5303.jpg,,//www.lazada.vn/products/pdp-i3167352609.html
1559,[khog] 10x2/2.125 Original Butyl Rubber Tire Pneumatic 10x2 10x2.125 Camera With 10 Inch Inner Tube For Electric Scooter Balance Bike,2737038592_VNAMZ,No Brand,https://sg-test-11.slatic.net/p/8eeb0353c6eb151e28dce430361c4f75.jpg,,//www.lazada.vn/products/pdp-i2737038592.html
1560,KGASBT Vuông/Tròn Bánh Trung Thu mô phỏng Mềm Trang trí Bánh Trung Thu giả Sáng Tạo PU Trang trí thực phẩm cửa sổ Giữa Mùa Thu Dành cho gia đình,3167408261_VNAMZ,No Brand,https://sg-test-11.slatic.net/p/40081085d73a061375fd0ffb7d32e482.jpg,,//www.lazada.vn/products/pdp-i3167408261.html
1561,WENQI PU Bánh Trung Thu mô phỏng Trang trí Vuông/Tròn Bánh Trung Thu giả Sáng Tạo Mềm Trang trí thực phẩm cửa sổ Giữa Mùa Thu Dành cho gia đình,3167339666_VNAMZ,No Brand,https://sg-test-11.slatic.net/p/d25210d12e355d249fb0009642c07850.jpg,,//www.lazada.vn/products/pdp-i3167339666.html
1562,Vườn Hoa Hồng Giả Thủ Công Vách Hoa Cưới Hoa Tươi Bằng Vải Nhung Hoa Giả Đầu DIY Trang Trí Bánh Kẹo Trang Trí Nhà Trung Quốc Đại Lục,2966017223_VNAMZ,No Brand,https://filebroker-cdn.lazada.vn/kf/S409381d3b01f4b919ce7b2e333535c683.jpg,,//www.lazada.vn/products/pdp-i2966017223.html
1563,NSITOT Vuông/Tròn Bánh Trung Thu mô phỏng PU Mềm Trang trí thực phẩm cửa sổ Giữa Mùa Thu Đạo cụ chụp ảnh Trang trí Bánh Trung Thu giả Dành cho gia đình,3167621594_VNAMZ,No Brand,https://sg-test-11.slatic.net/p/08581a439e5f4effcb59eca60a82f1de.jpg,,//www.lazada.vn/products/pdp-i3167621594.html
1564,IIU Ngọt ngào Kẹp Tóc Thỏ bánh trung thu Mũ thỏ Hài Hước Kẹp tóc bánh trung thu Dễ thương Khí chất Kẹp tóc hoa Osmanthus Lễ hội trung thu,3167407349_VNAMZ,No Brand,https://sg-test-11.slatic.net/p/a892d0ee735d7bbee5c18b32d340c4ad.png,,//www.lazada.vn/products/pdp-i3167407349.html
1565,BEIBEI Ngọt ngào Kẹp Tóc Thỏ bánh trung thu Hài Hước Mũ thỏ Kẹp Tóc Thỏ cái nôi Thời trang Kẹp tóc Kẹp tóc hoa Osmanthus Lễ hội trung thu,3167309786_VNAMZ,No Brand,https://sg-test-11.slatic.net/p/2ef77883968800f9d7a65260f0dfe63d.png,,//www.lazada.vn/products/pdp-i3167309786.html
1566,EGRT Ngọt ngào Kẹp Tóc Thỏ bánh trung thu Mũ thỏ Hài Hước Kẹp tóc bánh trung thu Sáng Tạo Kẹp tóc Kẹp Tóc Thỏ cái nôi Lễ hội trung thu,3167430105_VNAMZ,No Brand,https://sg-test-11.slatic.net/p/c6406f2da345b68dd4caaf65afd2f9d1.png,,//www.lazada.vn/products/pdp-i3167430105.html
1567,OOC Phong cách Trung Quốc Giỏ tre Dệt Tự nhiên Giỏ bánh trung thu Hộp đựng bánh mì Thanh lịch Giỏ đựng trứng Lễ hội trung thu,3167387420_VNAMZ,No Brand,https://sg-test-11.slatic.net/p/70c08a7d280a832b1d7706393236df2d.png,,//www.lazada.vn/products/pdp-i3167387420.html
1568,Bộ Trà Trung Hoa Phong Cách Hiện Đại Sang Trọng Đĩa Đựng Trà Pha Khô Đĩa Đựng Trà Gongfu Cao Cấp Đĩa Đựng Trà Bằng Tre Thủ Công,2923312992_VNAMZ,No Brand,https://filebroker-cdn.lazada.vn/kf/S38950e248af441588935e43a093d204er.jpg,,//www.lazada.vn/products/pdp-i2923312992.html
1569,DFJET Tự nhiên Giỏ tre Phong cách Trung Quốc Dệt Giỏ bánh trung thu Hộp đựng bánh mì Có Nắp Giỏ đựng trứng Lễ hội trung thu,3167414191_VNAMZ,No Brand,https://sg-test-11.slatic.net/p/0bc2697deefb46d9b7d1dc2399ba9b03.png,,//www.lazada.vn/products/pdp-i3167414191.html
1570,SRHFGNGN 5 Set Phong cách Trung Quốc Hộp quà trung thu 6/8 lưới Sang trọng Hộp bánh trung thu Hộp đựng Thỏ Hộp quà giòn lòng đỏ trứng Tặng quà,3166396178_VNAMZ,No Brand,https://sg-test-11.slatic.net/p/d48e5df7df9f0dc9516683c95323ba28.jpg,,//www.lazada.vn/products/pdp-i3166396178.html
1571,JOTNTP Phong cách Trung Quốc Hộp quà tặng lễ hội trung thu Hộp rỗng Sang trọng Hộp đóng gói giòn lòng đỏ trứng Hộp đựng 12 hạt Hộp bánh trung thu di động Tặng quà,3168266521_VNAMZ,No Brand,https://sg-test-11.slatic.net/p/234b189ff341f1c289c9bb460001dcef.jpg,,//www.lazada.vn/products/pdp-i3168266521.html
1572,ELLIER Phong cách Trung Quốc Hộp quà trung thu Cao cấp 6/8 lưới Hộp đóng gói giòn lòng đỏ trứng Hộp bánh trung thu Sang trọng Hộp bánh trung thu Tặng quà,3167218887_VNAMZ,No Brand,https://sg-test-11.slatic.net/p/65d36131149689f4799f0e15cdee4f35.jpg,,//www.lazada.vn/products/pdp-i3167218887.html
1573,RFHSFGED 5 Set 6/8 lưới Hộp quà trung thu Sang trọng Phong cách Trung Quốc Hộp đóng gói bánh ngọt Hộp bánh trung thu Thỏ Hộp bánh trung thu Tặng quà,3167328478_VNAMZ,No Brand,https://sg-test-11.slatic.net/p/7668d782e56759f9d09a9f3beb4a145f.jpg,,//www.lazada.vn/products/pdp-i3167328478.html
1574,DSIUY 6/8 lưới Hộp quà trung thu Phong cách Trung Quốc Cao cấp Hộp đóng gói giòn lòng đỏ trứng Hộp di động Sang trọng Hộp bánh trung thu Tặng quà,3167383600_VNAMZ,No Brand,https://sg-test-11.slatic.net/p/d3712909ef32c75b035f2da2a0bca851.jpg,,//www.lazada.vn/products/pdp-i3167383600.html
1575,NHG Phong cách Trung Quốc Giỏ tre Tự nhiên Hai Lớp Giỏ đựng trứng Hộp đựng bánh mì Dệt Giỏ bánh trung thu Bánh Trung Thu zongzi hạt,3167421218_VNAMZ,No Brand,https://sg-test-11.slatic.net/p/7ba34e786849e4f9a41f1188af31c1b5.jpg,,//www.lazada.vn/products/pdp-i3167421218.html
1576,KGASBT 6/8 lưới Hộp quà trung thu Cao cấp Phong cách Trung Quốc Hộp bánh trung thu Hộp bánh trung thu Sang trọng Hộp đóng gói giòn lòng đỏ trứng Tặng quà,3167340935_VNAMZ,No Brand,https://sg-test-11.slatic.net/p/f8726b819d0abb3c557daabb316686c0.jpg,,//www.lazada.vn/products/pdp-i3167340935.html
1577,"[Hàng mới] 100g Bánh sữa dâu nhuộm matcha, khoai lang tím, dâu tây, mè đen hạnh nhân/bánh sữa mè đen mềm ngon dưỡng chất tốt cho sức khỏe",2814188572_VNAMZ,No Brand,https://vn-live-01.slatic.net/p/d3dd529a4bcc82781e27c42dbb542323.jpg,,//www.lazada.vn/products/pdp-i2814188572.html
1578,NJJU Phong cách Trung Quốc Giỏ tre Tự nhiên Hai Lớp Giỏ bánh trung thu Hộp thực phẩm Có Nắp Giỏ đựng trứng Bánh Trung Thu zongzi hạt,3167422149_VNAMZ,No Brand,https://sg-test-11.slatic.net/p/a1f97521853b356a2dd0f8b2504c4e52.jpg,,//www.lazada.vn/products/pdp-i3167422149.html
1579,DISFUNNY 12 hạt Hộp quà tặng lễ hội trung thu Hộp rỗng Phong cách Trung Quốc Hộp bánh trung thu di động Hộp đựng Sang trọng Hộp bánh trung thu Tặng quà,3168150197_VNAMZ,No Brand,https://sg-test-11.slatic.net/p/7368b60faa9f9dd282ca24c8f3cc328a.jpg,,//www.lazada.vn/products/pdp-i3168150197.html
1580,NJJU 5 Set 6/8 lưới Hộp quà trung thu Phong cách Trung Quốc Sang trọng Hộp bánh trung thu Hộp bánh trung thu Thỏ Hộp đóng gói bánh ngọt Tặng quà,3167409250_VNAMZ,No Brand,https://sg-test-11.slatic.net/p/76345c352abc5b78b5d433336dee9633.jpg,,//www.lazada.vn/products/pdp-i3167409250.html
1581,50pcs 63/100g Square Moon Cake Trays Mooncake Package Box Container Holder Mid-autumn Festival Gift,3164989824_VNAMZ,No Brand,http://lazada-images-e.oss-cn-hongkong.aliyuncs.com/eston/f267f6aa-7d87-4788-ac87-7b310f394027.jpg,,//www.lazada.vn/products/pdp-i3164989824.html
1582,ZANWIT Ngọt ngào Kẹp Tóc Thỏ bánh trung thu Hài Hước Mũ thỏ Kẹp tóc bánh trung thu Thời trang Kẹp tóc Kẹp Tóc Thỏ cái nôi Lễ hội trung thu,3167437053_VNAMZ,No Brand,https://sg-test-11.slatic.net/p/7af75972a29c16a03b6bd7c1628cba6e.jpg,,//www.lazada.vn/products/pdp-i3167437053.html
1583,XIELISA Phong cách Trung Quốc Giỏ tre Hai Lớp Tự nhiên Giỏ đựng trứng Hộp thực phẩm Cầm tay Giỏ Dã Ngoại Bánh Trung Thu zongzi hạt,3167386516_VNAMZ,No Brand,https://sg-test-11.slatic.net/p/076c9ed35c58e04725efb3d652448144.jpg,,//www.lazada.vn/products/pdp-i3167386516.html
1584,NCNC decor trung thu lồng đèn trung thu 2025 Tự nhiên Giỏ tre Dệt Phong cách Trung Quốc Giỏ đựng trứng Hộp đựng bánh mì Thanh lịch Giỏ đựng bánh mì Lễ hội trung thu,3167870172_VNAMZ,NCNC,https://sg-test-11.slatic.net/p/c609fd0559d1753b6565f20c186c945b.jpg,,//www.lazada.vn/products/pdp-i3167870172.html
1585,DSFYG 100pcs Phong cách Trung Quốc Túi đóng gói bánh trung thu Cấp thực phẩm Chống ẩm Máy hàn túi Túi thực phẩm Nhựa Túi đóng gói bánh quy Lễ hội mùa thu giữa năm,3167335983_VNAMZ,No Brand,https://sg-test-11.slatic.net/p/3ffd1d0568f926dcb88d8df61fbca406.jpg,,//www.lazada.vn/products/pdp-i3167335983.html
1586,[ Vị cực ngon ] Combo 1000g khổ qua sấy giòn/ mướp đắng sấy giòn ăn liền/ mướp đắng sấy thăng hoa giòn ngon,2946094494_VNAMZ,No Brand,https://vn-live-01.slatic.net/p/7092416468d48d1a8386e10f48fce034.jpg,,//www.lazada.vn/products/pdp-i2946094494.html
1587,MOUSSE Phong cách Trung Quốc Hộp quà đóng gói bánh trung thu Dễ thương Thỏ Hộp chiên lòng đỏ trứng Hộp di động Thủ công Hộp bánh trung thu Quà Tặng Lễ hội trung thu,3167614026_VNAMZ,No Brand,https://sg-test-11.slatic.net/p/75de6144ce6091b864d2b292dcd286e0.jpg,,//www.lazada.vn/products/pdp-i3167614026.html
1588,NJJU Tự nhiên Giỏ tre Dệt Phong cách Trung Quốc Giỏ bánh trung thu Hộp đựng bánh mì Cầm tay Giỏ Dã Ngoại Lễ hội trung thu,3167351869_VNAMZ,No Brand,https://sg-test-11.slatic.net/p/13dfcaac4157a99bd142228dbc309ad1.jpg,,//www.lazada.vn/products/pdp-i3167351869.html
1589,"Cao hắc sâm đông trùng hạ thảo hũ đôi - Cao sâm hàn quốc - Tăng đề kháng, chống lão hóa, phòng ung thư - tranglinh",2060738378_VNAMZ,Korea Ginseng,https://vn-live-01.slatic.net/p/1878a368f7945836f8b31944234ec25c.png,,//www.lazada.vn/products/pdp-i2060738378.html
1590,NHG 6/8 lưới Hộp quà trung thu Cao cấp Phong cách Trung Quốc Hộp đóng gói giòn lòng đỏ trứng Hộp di động Sang trọng Hộp bánh trung thu Tặng quà,3167352657_VNAMZ,No Brand,https://sg-test-11.slatic.net/p/4efffbf8125b51ebaa5bf41f85bb10d0.jpg,,//www.lazada.vn/products/pdp-i3167352657.html
1591,TAZ1345 5 Set Phong cách Trung Quốc Hộp quà trung thu 6/8 lưới Sang trọng Hộp quà giòn lòng đỏ trứng Hộp bánh trung thu Hộp rỗng Hộp bánh trung thu Tặng quà,3166407598_VNAMZ,No Brand,https://sg-test-11.slatic.net/p/995f8fdb3af03a88f58d6d6139962a30.jpg,,//www.lazada.vn/products/pdp-i3166407598.html
1592,DSIUY Phong cách Trung Quốc Giỏ tre Hai Lớp Tự nhiên Giỏ đựng trứng Hộp thực phẩm Có Nắp Giỏ đựng bánh mì Bánh Trung Thu zongzi hạt,3167428166_VNAMZ,No Brand,https://sg-test-11.slatic.net/p/5705c94435956ad5f198cc25f07531b3.jpg,,//www.lazada.vn/products/pdp-i3167428166.html
1593,JDTYJDT Phong cách Trung Quốc Hộp quà đóng gói bánh trung thu Thỏ Dễ thương Hộp chiên lòng đỏ trứng Hộp bánh trung thu 6 ô Hộp bánh trung thu Quà Tặng Lễ hội trung thu,3167799816_VNAMZ,No Brand,https://sg-test-11.slatic.net/p/07d8efb42ae6a7025cf6876146532d3c.jpg,,//www.lazada.vn/products/pdp-i3167799816.html
1594,VBGG 100pcs Phong cách Trung Quốc Túi đóng gói bánh trung thu Nhựa Cấp thực phẩm Máy hàn túi Túi nướng Chống ẩm Túi quà thủ công Lễ hội mùa thu giữa năm,3167387336_VNAMZ,No Brand,https://sg-test-11.slatic.net/p/aa398d88f37e0560ef18fe715a622f1b.jpg,,//www.lazada.vn/products/pdp-i3167387336.html
1595,Combo 5 Gói Bánh Snack Kinh Đô Vị Cua Gói X 29G,2602419135_VNAMZ,Kinh Đô,https://filebroker-cdn.lazada.vn/kf/S17e07918d7884d2eb73ac304efed550fA.jpg,,//www.lazada.vn/products/pdp-i2602419135.html
1596,BMFUEW Ngọt ngào Kẹp Tóc Thỏ bánh trung thu Mũ thỏ Hài Hước Kẹp Tóc Thỏ cái nôi Thời trang Kẹp tóc Kẹp tóc bánh trung thu Lễ hội trung thu,3167415225_VNAMZ,No Brand,https://sg-test-11.slatic.net/p/5a274deabc4bcc51e8d72332d4fd1a78.jpg,,//www.lazada.vn/products/pdp-i3167415225.html
1597,Y7RAN7 Ngọt ngào Kẹp Tóc Thỏ bánh trung thu Hài Hước Mũ thỏ Kẹp Tóc Thỏ cái nôi Sáng Tạo Kẹp tóc Kẹp tóc hoa Osmanthus Lễ hội trung thu,3167370748_VNAMZ,No Brand,https://sg-test-11.slatic.net/p/70ab501a9e00ace01e612fec8cb78db2.jpg,,//www.lazada.vn/products/pdp-i3167370748.html
1598,HCHC 100Pcs Mô Hình hoa cúc Món quà Warpping Nguồn Cung Cấp Kẹo Cookie Bánh Biscuit Bao bì Túi Bánh Trung Thu Container Nguồn Cung Cấp bên Cookie Kẹo Túi Bánh Túi,3167346215_VNAMZ,No Brand,https://sg-test-11.slatic.net/p/75821a96a22fe01e5c413e4a0e4eab18.jpg,,//www.lazada.vn/products/pdp-i3167346215.html
1599,ECFRDR 100pcs Phong cách Trung Quốc Túi đóng gói bánh trung thu Chống ẩm Nhựa Túi đóng gói bánh quy Túi nướng Cấp thực phẩm Túi quà thủ công Lễ hội mùa thu giữa năm,3167407267_VNAMZ,No Brand,https://sg-test-11.slatic.net/p/73ae706d0e4542dea2794eee19fb9583.jpg,,//www.lazada.vn/products/pdp-i3167407267.html
1600,ELLIER PU Bánh Trung Thu mô phỏng Vuông/Tròn Trang trí Trang trí thực phẩm cửa sổ Giữa Mùa Thu Sáng Tạo Mềm Bánh Trung Thu giả Dành cho gia đình,3167298552_VNAMZ,No Brand,https://sg-test-11.slatic.net/p/9846710b1050865bbe6ea5f00a138060.jpg,,//www.lazada.vn/products/pdp-i3167298552.html
1601,CRYSTAL Ngọt ngào Kẹp Tóc Thỏ bánh trung thu Hài Hước Mũ thỏ Kẹp Tóc Thỏ cái nôi Dễ thương Phong cách Trung Quốc Kẹp tóc hoa Osmanthus Lễ hội trung thu,3168384007_VNAMZ,No Brand,https://sg-test-11.slatic.net/p/8d9e3b45aeb9af6f6fe1331627721cbb.jpg,,//www.lazada.vn/products/pdp-i3168384007.html
1602,Mô Hình Xe Bốn Bánh Bốn Bánh Từ Trung Quốc Đại Lục Phụ Kiện Lắp Ráp Bộ Dụng Cụ Cắt Thủ Công Phụ Kiện Xe Bốn Bánh,2947641512_VNAMZ,No Brand,https://filebroker-cdn.lazada.vn/kf/Sc4d85327da83452cbf5e0e724e5ca310i.jpg,,//www.lazada.vn/products/pdp-i2947641512.html
1603,NCNC Lễ hội trung thu Đồ chơi nhồi bông hình bánh trung thu Bông xốp Tương tác Đồ chơi nhồi bông bánh trung thu Đệm ghế Bộ sưu tập Gối hình trung thu mô phỏng 3D Đồ dùng tiệc,3167776841_VNAMZ,NCNC,https://sg-test-11.slatic.net/p/ce255baf5ebe77f4c76d03c6b375aa85.jpg,,//www.lazada.vn/products/pdp-i3167776841.html
1604,LOPU Mũ thỏ Kẹp Tóc Thỏ bánh trung thu Ngọt ngào Hài Hước Kẹp Tóc Thỏ cái nôi Dễ thương Khí chất Kẹp tóc hoa Osmanthus Lễ hội trung thu,3167843542_VNAMZ,No Brand,https://sg-test-11.slatic.net/p/9ee9f140fcb08dd080243dda3127af0d.png,,//www.lazada.vn/products/pdp-i3167843542.html
1605,Chinese Style Mooncake Packaging Box Egg Yolk Paste Pastry Box Grid Design Bread Gift Box Traditional Chinese Dessert Box,3167500139_VNAMZ,No Brand,https://filebroker-cdn.lazada.vn/kf/S14b7654fcd40470191f1f35174e7137bi.jpg,,//www.lazada.vn/products/pdp-i3167500139.html
1606,NCNC decor trung thu lồng đèn trung thu 2025 Phong cách Trung Quốc Giỏ tre Tự nhiên Hai Lớp Giỏ bánh trung thu Giỏ trái cây Cầm tay Giỏ Dã Ngoại Bánh Trung Thu zongzi hạt,3167843697_VNAMZ,NCNC,https://sg-test-11.slatic.net/p/dbaf185c873855c2b18285b97d13fbb0.jpg,,//www.lazada.vn/products/pdp-i3167843697.html
1607,KGASBT Mũ thỏ Kẹp Tóc Thỏ bánh trung thu Ngọt ngào Hài Hước Kẹp tóc bánh trung thu Dễ thương Khí chất Kẹp Tóc Thỏ cái nôi Lễ hội trung thu,3167429160_VNAMZ,No Brand,https://sg-test-11.slatic.net/p/bc130961534c80e0263f9182ee0f859e.png,,//www.lazada.vn/products/pdp-i3167429160.html
1608,🥪 LECHU🍟 Trung Quốc baozi khuôn DIY Pastry Pie bánh bao làm khuôn nhà bếp thực phẩm lớp tiện ích Baking Pastry công cụ Bánh Trung Thu làm khuôn,3167045571_VNAMZ,No Brand,https://sg-test-11.slatic.net/p/b83da89ddec105de8a4e4f65b44ae506.jpg,,//www.lazada.vn/products/pdp-i3167045571.html
1609,WENQI Phong cách Trung Quốc Giỏ tre Dệt Tự nhiên Giỏ bánh trung thu Hộp đựng bánh mì Có Nắp Giỏ Dã Ngoại Lễ hội trung thu,3167367662_VNAMZ,No Brand,https://sg-test-11.slatic.net/p/0f1661f5617a48b83f628bb4f1e9e84c.jpg,,//www.lazada.vn/products/pdp-i3167367662.html
1610,Xe ô tô chở rác cỡ lớn tỉ lệ 1:12 bằng nhựa cao cấp có đèn và âm thanh,1040122579_VNAMZ,No Brand,https://vn-live-01.slatic.net/p/838e47bdbd36d43575fb1bd029016fd2.png,,//www.lazada.vn/products/pdp-i1040122579.html
1611,"Nước đông trùng hạ thảo Nonghyup chính hãng, hộp 30 gói x 70ml - Tăng thể lực, giảm stress, phòng ung thư",2079787622_VNAMZ,NONGHYUP HAN QUOC,https://vn-live-01.slatic.net/p/120d144e316b03fbe2428d8b74c259df.jpg,,//www.lazada.vn/products/pdp-i2079787622.html
1612,"Combo 2 bánh xà bông trắng da chiết xuất từ ngũ hoa hạt giúp giảm mụn, mờ vết thâm, an toàn cho da, thân thiện môi trường Handmade Cocosavon Healthcare.shop",1764646060_VNAMZ,Cocosavon,https://vn-live-01.slatic.net/p/fb6b2f11ed1acf5d3c9ae4e0b05e8e4b.jpg,,//www.lazada.vn/products/pdp-i1764646060.html
1613,"Thiên sâm đông trùng hạ thảo hàn quốc, hộp 180 viên - Hoàng thiên sâm thượng hạng tăng đề kháng, phòng ung thư - tranglinhkorea",2051123203_VNAMZ,khác - Ap,https://vn-live-01.slatic.net/p/665595347ded918072a44228b1931867.jpg,,//www.lazada.vn/products/pdp-i2051123203.html
1614,"Đông trùng hạ thảo hàn quốc hộp gỗ đen Kanghwa chính hãng, hộp 60 viên - Tăng thể lực, ổn định huyết áp, phòng ung thư, tranglinhkorea",502694331_VNAMZ,Kanghwa,https://vn-live-01.slatic.net/p/b3b6e7b9f96a96325d5006033aa11d52.jpg,,//www.lazada.vn/products/pdp-i502694331.html
1615,Dụng cụ Bơm hơi đạp chân 58PSI Foot Pump Truper Pretul BOPE-P 21693 Bơm xe máy bơm xe đạp bơm xe hơi,2247848624_VNAMZ,Truper,https://vn-live-01.slatic.net/p/faf709edc219b94a446c5e864d99e660.jpg,,//www.lazada.vn/products/pdp-i2247848624.html
1616,BOTHHY Mũ thỏ Kẹp Tóc Thỏ bánh trung thu Hài Hước Ngọt ngào Kẹp tóc bánh trung thu Thời trang Kẹp tóc Kẹp Tóc Thỏ cái nôi Lễ hội trung thu,3167382414_VNAMZ,No Brand,https://sg-test-11.slatic.net/p/b840c41d2e93ecfe8c3dcf958d09a36e.jpg,,//www.lazada.vn/products/pdp-i3167382414.html
1617,CRICUSD Mũ thỏ Kẹp Tóc Thỏ bánh trung thu Ngọt ngào Hài Hước Kẹp tóc hoa Osmanthus Sáng Tạo Phong cách Trung Quốc Kẹp Tóc Thỏ cái nôi Lễ hội trung thu,3167375662_VNAMZ,No Brand,https://sg-test-11.slatic.net/p/bd0630d823dbc894970862415e6578e7.jpg,,//www.lazada.vn/products/pdp-i3167375662.html
1618,BEIBEI Phong cách Trung Quốc Hộp quà đóng gói bánh trung thu Thỏ Dễ thương Hộp bánh trung thu Hộp di động 6 ô Hộp chiên lòng đỏ trứng Quà Tặng Lễ hội trung thu,3167293846_VNAMZ,No Brand,https://sg-test-11.slatic.net/p/0dca20cb5d26edd52d944d363c3b6d4e.jpg,,//www.lazada.vn/products/pdp-i3167293846.html
1619,DISFUNNY 5 Set 6/8 lưới Hộp quà trung thu Phong cách Trung Quốc Sang trọng Hộp đóng gói bánh ngọt Hộp đựng Thỏ Hộp quà giòn lòng đỏ trứng Tặng quà,3168145255_VNAMZ,No Brand,https://sg-test-11.slatic.net/p/b1087aeb2adfa8351b2e998afbcd2f69.jpg,,//www.lazada.vn/products/pdp-i3168145255.html
1620,T6JOB1 100pcs Phong cách Trung Quốc Túi đóng gói bánh trung thu Cấp thực phẩm Chống ẩm Máy hàn túi Túi thực phẩm Nhựa Túi đóng gói bánh quy Lễ hội mùa thu giữa năm,3167394345_VNAMZ,No Brand,https://sg-test-11.slatic.net/p/7ba9ce58b9445fce9b1f04b77a23ac36.jpg,,//www.lazada.vn/products/pdp-i3167394345.html
1621,DSIUY Phong cách Trung Quốc Giỏ tre Tự nhiên Dệt Giỏ đựng trứng Hộp đóng gói lễ hội Có Nắp Giỏ đựng bánh mì Lễ hội trung thu,3167390500_VNAMZ,No Brand,https://sg-test-11.slatic.net/p/754a2bb8ab7a82cc02388f71ab2113ee.jpg,,//www.lazada.vn/products/pdp-i3167390500.html
1622,DSFYG Lễ hội trung thu Đồ chơi nhồi bông hình bánh trung thu Bông xốp Tương tác Gối hình trung thu mô phỏng 3D Đệm ghế Phim hoạt hình Đồ chơi nhồi bông bánh trung thu Đồ dùng tiệc,3167379393_VNAMZ,No Brand,https://sg-test-11.slatic.net/p/d858d977f337237e91bde09cc9f22ae1.jpg,,//www.lazada.vn/products/pdp-i3167379393.html
1623,CRICUSD 100pcs Phong cách Trung Quốc Túi đóng gói bánh trung thu Nhựa Cấp thực phẩm Máy hàn túi Chống ẩm Chống ẩm Túi quà thủ công Lễ hội mùa thu giữa năm,3167369543_VNAMZ,No Brand,https://sg-test-11.slatic.net/p/7da5ba53b60eb2e841a887a55d87ba15.jpg,,//www.lazada.vn/products/pdp-i3167369543.html
1624,SYXQUS Phong cách Trung Quốc Giỏ tre Hai Lớp Tự nhiên Giỏ bánh trung thu Hộp đóng gói lễ hội Có Nắp Giỏ Dã Ngoại Bánh Trung Thu zongzi hạt,3167346822_VNAMZ,No Brand,https://sg-test-11.slatic.net/p/3acb30be0c632815d9bd70b04ff04583.jpg,,//www.lazada.vn/products/pdp-i3167346822.html
1625,NSITOT Tự nhiên Giỏ tre Dệt Phong cách Trung Quốc Giỏ bánh trung thu Hộp đựng bánh mì Cầm tay Giỏ đựng trứng Lễ hội trung thu,3167498770_VNAMZ,No Brand,https://sg-test-11.slatic.net/p/a8b8fdea61080f85a615ad13b0bcfa85.png,,//www.lazada.vn/products/pdp-i3167498770.html
1626,WENQI 12 hạt Hộp quà tặng lễ hội trung thu Phong cách Trung Quốc Hộp rỗng Hộp bánh trung thu di động Sáng tạo Sang trọng Hộp đóng gói giòn lòng đỏ trứng Tặng quà,3167351853_VNAMZ,No Brand,https://sg-test-11.slatic.net/p/3e09da830fcb5524446691e161415a21.jpg,,//www.lazada.vn/products/pdp-i3167351853.html
1627,NJJU Phong cách Trung Quốc Hộp quà trung thu 6/8 lưới Cao cấp Hộp bánh trung thu Hộp di động Sang trọng Hộp đóng gói giòn lòng đỏ trứng Tặng quà,3167401309_VNAMZ,No Brand,https://sg-test-11.slatic.net/p/0c57f6ef5c80e3959ab5d36d0a45aef3.jpg,,//www.lazada.vn/products/pdp-i3167401309.html
1628,HCHC Lòng Đỏ trứng Sắc Nét Nhựa Bánh Biscuit TỰ LÀM Con Dấu Hot Túi Kẹo Cookie Bánh Túi Cookie Kẹo Túi Bánh Trung Thu Container Nguồn Cung Cấp bên,3167268703_VNAMZ,No Brand,https://sg-test-11.slatic.net/p/e814abd5dac1f213995b24eaf4855b29.jpg,,//www.lazada.vn/products/pdp-i3167268703.html
1629,VBGG Mũ thỏ Kẹp Tóc Thỏ bánh trung thu Ngọt ngào Hài Hước Kẹp tóc hoa Osmanthus Dễ thương Phong cách Trung Quốc Kẹp Tóc Thỏ cái nôi Lễ hội trung thu,3167377432_VNAMZ,No Brand,https://sg-test-11.slatic.net/p/3f10864534ab0941446d84b127b501bd.jpg,,//www.lazada.vn/products/pdp-i3167377432.html
1630,BOTHHY Lễ hội trung thu Đồ chơi nhồi bông hình bánh trung thu Bông xốp Tương tác Gối hình trung thu mô phỏng 3D Ghế Sofa Futon Bộ sưu tập Đồ chơi nhồi bông bánh trung thu Đồ dùng tiệc,3167403395_VNAMZ,No Brand,https://sg-test-11.slatic.net/p/a872b31d89f60ac95c06a0cb9d147824.jpg,,//www.lazada.vn/products/pdp-i3167403395.html
1631,Bát Đựng Trái Cây Bằng Gốm Trang Trí Đám Cưới Phong Cách Trung Hoa Cổ Điển Dùng Để Đựng Bánh Cưới Và Tráng Miệng Bát Đựng Trái Cây Hình Lá Phong Thủ Công,2922510965_VNAMZ,No Brand,https://filebroker-cdn.lazada.vn/kf/S75683d0e79f749e38ddf96337b0c11c6i.jpg,,//www.lazada.vn/products/pdp-i2922510965.html
1632,CRICUSD Lễ hội trung thu Đồ chơi nhồi bông hình bánh trung thu Tương tác Bông xốp Đồ chơi nhồi bông bánh trung thu Ghế Sofa Futon Thoải mái Gối hình trung thu mô phỏng 3D Đồ dùng tiệc,3167432135_VNAMZ,No Brand,https://sg-test-11.slatic.net/p/4da2dded374f2bb5f59025b460d6285e.jpg,,//www.lazada.vn/products/pdp-i3167432135.html
1633,Y7RAN7 100pcs Phong cách Trung Quốc Túi đóng gói bánh trung thu Nhựa Chống ẩm Máy hàn túi Túi thực phẩm Cấp thực phẩm Túi quà thủ công Lễ hội mùa thu giữa năm,3167346940_VNAMZ,No Brand,https://sg-test-11.slatic.net/p/329eedcac14b2c144c1161334c08e585.jpg,,//www.lazada.vn/products/pdp-i3167346940.html
1634,DUGDS Lễ hội trung thu Đồ chơi nhồi bông hình bánh trung thu Tương tác Bông xốp Gối hình trung thu mô phỏng 3D Búp bê nhồi bông Thủ công Đồ chơi nhồi bông bánh trung thu Đồ dùng tiệc,3167369542_VNAMZ,No Brand,https://sg-test-11.slatic.net/p/48a3e89c368b95fcd7fbb69f00eac1ee.jpg,,//www.lazada.vn/products/pdp-i3167369542.html
1635,RFHSFGED Ngọt ngào Kẹp Tóc Thỏ bánh trung thu Hài Hước Mũ thỏ Kẹp tóc bánh trung thu Dễ thương Phong cách Trung Quốc Kẹp tóc hoa Osmanthus Lễ hội trung thu,3167279969_VNAMZ,No Brand,https://sg-test-11.slatic.net/p/4478eacae0d4ba0a50903a614442b4ba.jpg,,//www.lazada.vn/products/pdp-i3167279969.html
1636,"Cát động lực, cát dẻo, cát vi sinh, cát sinh học, bộ đồ chơi cát tạo hình các loại bánh Motion Sand MS-37",301006242_VNAMZ,No Brand,https://vn-live-01.slatic.net/p/024405c200951486b488166fcb324138.jpg,,//www.lazada.vn/products/pdp-i301006242.html
1637,NPIQL Phong cách Trung Quốc Hộp đóng gói bánh trung thu Hoạt hình 4/6 ô Hộp quà Hộp Kẹo Thanh lịch Hộp chiên lòng đỏ trứng Quà Tặng Lễ hội trung thu,3167789738_VNAMZ,No Brand,https://sg-test-11.slatic.net/p/17ad9d8104805b4ceb712fb0caf3b5a3.jpg,,//www.lazada.vn/products/pdp-i3167789738.html
1638,G23UW 100pcs Phong cách Trung Quốc Túi đóng gói bánh trung thu Nhựa Chống ẩm Túi quà thủ công Túi nướng Cấp thực phẩm Túi đóng gói bánh quy Lễ hội mùa thu giữa năm,3167390383_VNAMZ,No Brand,https://sg-test-11.slatic.net/p/d94e681686baaf33ca31438c6dc1df19.jpg,,//www.lazada.vn/products/pdp-i3167390383.html
1639,Nước hồng sâm baby trẻ em Hàn Quốc Chong Kun Dang,KO869TBAA4JFU6VNAMZ,No Brand,https://vn-live-01.slatic.net/p/15a795a17555f747b29a9e9762f308cf.jpg,,//www.lazada.vn/products/pdp-i103541548.html
1640,NJJU Mũ thỏ Kẹp Tóc Thỏ bánh trung thu Hài Hước Ngọt ngào Kẹp tóc hoa Osmanthus Thời trang Phong cách Trung Quốc Kẹp tóc bánh trung thu Lễ hội trung thu,3167387369_VNAMZ,No Brand,https://sg-test-11.slatic.net/p/5b96eaded5a19a84946555b1146cb2e2.jpg,,//www.lazada.vn/products/pdp-i3167387369.html
1641,DSFYG Mũ thỏ Kẹp Tóc Thỏ bánh trung thu Hài Hước Ngọt ngào Kẹp tóc hoa Osmanthus Thời trang Khí chất Kẹp tóc bánh trung thu Lễ hội trung thu,3167445014_VNAMZ,No Brand,https://sg-test-11.slatic.net/p/f97385e6e440fe478b0655bc94ea9d12.jpg,,//www.lazada.vn/products/pdp-i3167445014.html
1642,Mùa Hè 2024 Trung Quốc Tô Châu Quà Tặng Bánh Mứt Dứa Thủ Công Truyền Thống Hộp Sắt Đặc Sản Trà Chiều Bánh Ngọt,3015916098_VNAMZ,No Brand,https://filebroker-cdn.lazada.vn/kf/S0ce07fffed9e442cbb6632e684292cc64.jpg,,//www.lazada.vn/products/pdp-i3015916098.html
1643,IIU 100pcs Phong cách Trung Quốc Túi đóng gói bánh trung thu Cấp thực phẩm Chống ẩm Túi đóng gói bánh quy Chống ẩm Nhựa Túi quà thủ công Lễ hội mùa thu giữa năm,3167390498_VNAMZ,No Brand,https://sg-test-11.slatic.net/p/a9be4af252e3bde7eb9dcf04d020c82b.jpg,,//www.lazada.vn/products/pdp-i3167390498.html
1644,OOG Lễ hội trung thu Đồ chơi nhồi bông hình bánh trung thu Tương tác Bông xốp Đồ chơi nhồi bông bánh trung thu Ghế Sofa Futon Phim hoạt hình Gối hình trung thu mô phỏng 3D Đồ dùng tiệc,3167423177_VNAMZ,No Brand,https://sg-test-11.slatic.net/p/8e118366e3fb49e10ad0ec11d63bbf2c.jpg,,//www.lazada.vn/products/pdp-i3167423177.html
1645,OOG Phong cách Trung Quốc Giỏ tre Tự nhiên Hai Lớp Giỏ bánh trung thu Hộp đựng bánh mì Cầm tay Giỏ đựng trứng Bánh Trung Thu zongzi hạt,3167361567_VNAMZ,No Brand,https://sg-test-11.slatic.net/p/5068be05c1ab531d23a610d14637ab97.jpg,,//www.lazada.vn/products/pdp-i3167361567.html
1646,BEIBEI Lễ hội trung thu Đồ chơi nhồi bông hình bánh trung thu Bông xốp Tương tác Đồ chơi nhồi bông bánh trung thu Ghế Sofa Futon Thoải mái Gối hình trung thu mô phỏng 3D Đồ dùng tiệc,3167336285_VNAMZ,No Brand,https://sg-test-11.slatic.net/p/35a647d0820d6736bc940e87f6dbfdc6.jpg,,//www.lazada.vn/products/pdp-i3167336285.html
1647,SHANGZE1 Trung Quốc baozi khuôn DIY Pastry Pie bánh bao làm khuôn nhà bếp thực phẩm lớp tiện ích Baking Pastry công cụ Bánh Trung Thu làm khuôn,3167046853_VNAMZ,No Brand,https://sg-test-11.slatic.net/p/25908879d128f20dabc55076403355c9.jpg,,//www.lazada.vn/products/pdp-i3167046853.html
1648,LOPU Phong cách Trung Quốc Hộp đóng gói bánh trung thu 4/6 ô Hoạt hình Hộp chiên lòng đỏ trứng Hộp bánh trung thu Thanh lịch Hộp quà Quà Tặng Lễ hội trung thu,3167851434_VNAMZ,No Brand,https://sg-test-11.slatic.net/p/909b47e24052c27a9a64c1dd4f0c27b2.jpg,,//www.lazada.vn/products/pdp-i3167851434.html
1649,SHUI70300 Ngọt ngào Kẹp Tóc Thỏ bánh trung thu Hài Hước Mũ thỏ Kẹp Tóc Thỏ cái nôi Sáng Tạo Kẹp tóc Kẹp tóc bánh trung thu Lễ hội trung thu,3167395326_VNAMZ,No Brand,https://sg-test-11.slatic.net/p/aa51cb9333d5b3199c9da2b5b05275f7.jpg,,//www.lazada.vn/products/pdp-i3167395326.html
1650,DELICACY 100pcs Phong cách Trung Quốc Túi đóng gói bánh trung thu Cấp thực phẩm Nhựa Máy hàn túi Túi nướng Chống ẩm Túi đóng gói bánh quy Lễ hội mùa thu giữa năm,3167431063_VNAMZ,No Brand,https://sg-test-11.slatic.net/p/1206630ffe51905b293818b99a41b3ee.jpg,,//www.lazada.vn/products/pdp-i3167431063.html
1651,JDTYJDT Phong cách Trung Quốc Hộp đóng gói bánh trung thu Hoạt hình 4/6 ô Hộp quà Hộp bánh trung thu Giấy Hộp chiên lòng đỏ trứng Quà Tặng Lễ hội trung thu,3167863433_VNAMZ,No Brand,https://sg-test-11.slatic.net/p/a97810ae172d1ab982383d34343703ca.jpg,,//www.lazada.vn/products/pdp-i3167863433.html
1652,DELICACY Lễ hội trung thu Đồ chơi nhồi bông hình bánh trung thu Bông xốp Tương tác Gối hình trung thu mô phỏng 3D Đệm ghế Mềm mại Đồ chơi nhồi bông bánh trung thu Đồ dùng tiệc,3167429083_VNAMZ,No Brand,https://sg-test-11.slatic.net/p/3a0176640951addfc2f886773bb47965.jpg,,//www.lazada.vn/products/pdp-i3167429083.html
1653,TAADD Mũ thỏ Kẹp Tóc Thỏ bánh trung thu Hài Hước Ngọt ngào Kẹp tóc bánh trung thu Sáng Tạo Phong cách Trung Quốc Kẹp Tóc Thỏ cái nôi Lễ hội trung thu,3167429152_VNAMZ,No Brand,https://sg-test-11.slatic.net/p/a7c4f4b6b76f9641ad320f42b79fc5b6.jpg,,//www.lazada.vn/products/pdp-i3167429152.html
1654,IFYHIWEF 100pcs Phong cách Trung Quốc Túi đóng gói bánh trung thu Nhựa Chống ẩm Túi quà thủ công Túi thực phẩm Cấp thực phẩm Máy hàn túi Lễ hội mùa thu giữa năm,3167374480_VNAMZ,No Brand,https://sg-test-11.slatic.net/p/8134e86fd172ac459655a41a9b197cf4.jpg,,//www.lazada.vn/products/pdp-i3167374480.html
1655,CEMOMEF Phong cảnh Mô Hình Tinh Tế Trung Thu Lễ Hội Kẹo Cookie Món quà Warpping Nguồn Cung Cấp Sô cô la Bánh Biscuit Bánh Trung Thu Container Nguồn Cung Cấp bên Bánh Túi Cookie Kẹo Túi,3167314791_VNAMZ,No Brand,https://sg-test-11.slatic.net/p/139ee343269647bcb4cbbfe42684cde6.jpg,,//www.lazada.vn/products/pdp-i3167314791.html
1656,CXUPGE 5 Set Phong cách Trung Quốc Hộp quà trung thu 6/8 lưới Sang trọng Hộp đóng gói bánh ngọt Hộp đựng Hộp rỗng Hộp quà giòn lòng đỏ trứng Tặng quà,3166364754_VNAMZ,No Brand,https://sg-test-11.slatic.net/p/5558796890c75f2ea511badd2a932a10.jpg,,//www.lazada.vn/products/pdp-i3166364754.html
1657,CEMOMEF Lễ hội trung thu Đồ chơi nhồi bông hình bánh trung thu Tương tác Bông xốp Gối hình trung thu mô phỏng 3D Búp bê ngủ cho bé Thoải mái Đồ chơi nhồi bông bánh trung thu Đồ dùng tiệc,3167293852_VNAMZ,No Brand,https://sg-test-11.slatic.net/p/45bcc90880e9e477cb11abe5874019bf.jpg,,//www.lazada.vn/products/pdp-i3167293852.html
1658,BEIBEI Mô Hình hoa cúc Frosted Món quà Warpping Nguồn Cung Cấp Kẹo Cookie Sô cô la Bánh Biscuit Nguồn Cung Cấp bên Bánh Túi Bánh Trung Thu Container Cookie Kẹo Túi,3167307801_VNAMZ,No Brand,https://sg-test-11.slatic.net/p/394c1145249a5c0ebe12dd35cdfff405.jpg,,//www.lazada.vn/products/pdp-i3167307801.html
1659,JOTNTP Phong cách Trung Quốc Hộp quà đóng gói bánh trung thu Dễ thương Thỏ Hộp bánh trung thu Hộp bánh trung thu 6 ô Hộp chiên lòng đỏ trứng Quà Tặng Lễ hội trung thu,3168201930_VNAMZ,No Brand,https://sg-test-11.slatic.net/p/5f09a3f9d9c54b0eb1241f08e6a569bf.jpg,,//www.lazada.vn/products/pdp-i3168201930.html
1660,JOTNTP 5 Set Phong cách Trung Quốc Hộp quà trung thu Sang trọng 6/8 lưới Hộp bánh trung thu Hộp đựng Hộp rỗng Hộp quà giòn lòng đỏ trứng Tặng quà,3168231811_VNAMZ,No Brand,https://sg-test-11.slatic.net/p/58fad3bb80f1875238855eadf03d98fd.jpg,,//www.lazada.vn/products/pdp-i3168231811.html
1661,RD5BA7 100pcs Phong cách Trung Quốc Túi đóng gói bánh trung thu Chống ẩm Nhựa Máy hàn túi Túi nướng Cấp thực phẩm Túi quà thủ công Lễ hội mùa thu giữa năm,3167420160_VNAMZ,No Brand,https://sg-test-11.slatic.net/p/f4d1ae233235956d34b48648ec037f97.jpg,,//www.lazada.vn/products/pdp-i3167420160.html
1662,MÁY NƯỚNG LÀM BÁNH HÌNH THÚ 7 KHUÔN CHỐNG DÍNH TỐT DỄ DÀNG SỬ DỤNG CÔNG SUẤT 1000W - MÁY LÀM BÁNH ĐƠN GIẢN TẠI NHÀ LOẠI TỐT AN TOÀN,2333638986_VNAMZ,No Brand,https://vn-live-01.slatic.net/p/f4c318c3213b05759d04f29b2eb44bab.jpg,,//www.lazada.vn/products/pdp-i2333638986.html
1663,ECFRDR Ngọt ngào Kẹp Tóc Thỏ bánh trung thu Hài Hước Mũ thỏ Kẹp tóc bánh trung thu Dễ thương Phong cách Trung Quốc Kẹp Tóc Thỏ cái nôi Lễ hội trung thu,3167355612_VNAMZ,No Brand,https://sg-test-11.slatic.net/p/4d4ba86621c9573d6bbce17a4b57e2ae.png,,//www.lazada.vn/products/pdp-i3167355612.html
1664,DSFIF 100pcs Phong cách Trung Quốc Túi đóng gói bánh trung thu Nhựa Cấp thực phẩm Túi quà thủ công Túi thực phẩm Chống ẩm Túi đóng gói bánh quy Lễ hội mùa thu giữa năm,3167339758_VNAMZ,No Brand,https://sg-test-11.slatic.net/p/fdc601e4a54953471aafde8b45d4142e.jpg,,//www.lazada.vn/products/pdp-i3167339758.html
1665,TRASTO Lễ hội trung thu Đồ chơi nhồi bông hình bánh trung thu Bông xốp Tương tác Gối hình trung thu mô phỏng 3D Ghế Sofa Futon Mềm mại Đồ chơi nhồi bông bánh trung thu Đồ dùng tiệc,3167394452_VNAMZ,No Brand,https://sg-test-11.slatic.net/p/9071a4628b7caf3a724fa142a80238c8.jpg,,//www.lazada.vn/products/pdp-i3167394452.html
1666,HCHC Lễ hội trung thu Đồ chơi nhồi bông hình bánh trung thu Tương tác Bông xốp Đồ chơi nhồi bông bánh trung thu Ghế Sofa Futon Bộ sưu tập Gối hình trung thu mô phỏng 3D Đồ dùng tiệc,3167301623_VNAMZ,No Brand,https://sg-test-11.slatic.net/p/158aa8ee193082fa3d594d0cb18c5a43.jpg,,//www.lazada.vn/products/pdp-i3167301623.html
1667,HCHC 100pcs Phong cách Trung Quốc Túi đóng gói bánh trung thu Cấp thực phẩm Nhựa Túi quà thủ công Túi nướng Chống ẩm Túi đóng gói bánh quy Lễ hội mùa thu giữa năm,3167282720_VNAMZ,No Brand,https://sg-test-11.slatic.net/p/b857a2b0429d35cd4b4273944b5d7e00.jpg,,//www.lazada.vn/products/pdp-i3167282720.html
1668,[HCM]500g Hà thủ ô đỏ - LOẠI CAO CẤP,339710256_VNAMZ,No Brand,https://vn-live-01.slatic.net/p/163bcb8c9cd3b35301be59701b858b87.jpg,,//www.lazada.vn/products/pdp-i339710256.html
1669,"Nước hồng sâm đông trùng hạ thảo Nonghyup chính hãng, hộp 30 gói x 70ml - Tăng thể lực, giảm stress, phòng ung thư",2079790874_VNAMZ,NONGHYUP HAN QUOC,https://vn-live-01.slatic.net/p/d8db0508cd6021c3bccdf8eb91fcd579.jpg,,//www.lazada.vn/products/pdp-i2079790874.html
1670,JDTYJDT Ngọt ngào Kẹp Tóc Thỏ bánh trung thu Hài Hước Mũ thỏ Kẹp tóc bánh trung thu Sáng Tạo Khí chất Kẹp Tóc Thỏ cái nôi Lễ hội trung thu,3167877174_VNAMZ,No Brand,https://sg-test-11.slatic.net/p/82152ed203a75db9b0ff16838784b3d9.jpg,,//www.lazada.vn/products/pdp-i3167877174.html
1671,HUA JIE Hai Lớp Giỏ tre Phong cách Trung Quốc Tự nhiên Giỏ bánh trung thu Giỏ trái cây Có Nắp Giỏ đựng trứng Bánh Trung Thu zongzi hạt,3167304821_VNAMZ,No Brand,https://sg-test-11.slatic.net/p/50c6e4a97d25b203e5e4d5f48a37146f.jpg,,//www.lazada.vn/products/pdp-i3167304821.html
1672,BEIBEI Phong cách Trung Quốc Giỏ tre Tự nhiên Hai Lớp Giỏ bánh trung thu Hộp thực phẩm Cầm tay Giỏ đựng trứng Bánh Trung Thu zongzi hạt,3167365042_VNAMZ,No Brand,https://sg-test-11.slatic.net/p/5cd8de027d3e4b26ae6e15957da51bb4.jpg,,//www.lazada.vn/products/pdp-i3167365042.html
1673,DSFGRST 100pcs Phong cách Trung Quốc Túi đóng gói bánh trung thu Cấp thực phẩm Chống ẩm Túi quà thủ công Chống ẩm Nhựa Máy hàn túi Lễ hội mùa thu giữa năm,3167414169_VNAMZ,No Brand,https://sg-test-11.slatic.net/p/a23d14c08a6c3a3b077d6350cc8c6f79.jpg,,//www.lazada.vn/products/pdp-i3167414169.html
1674,GJURD Lễ hội trung thu Đồ chơi nhồi bông hình bánh trung thu Tương tác Bông xốp Gối hình trung thu mô phỏng 3D Ghế Sofa Futon Mềm mại Đồ chơi nhồi bông bánh trung thu Đồ dùng tiệc,3167387341_VNAMZ,No Brand,https://sg-test-11.slatic.net/p/9aa8d5a6759ea1f87eee7969e73bbfef.jpg,,//www.lazada.vn/products/pdp-i3167387341.html
1675,BMFUEW Lễ hội trung thu Đồ chơi nhồi bông hình bánh trung thu Bông xốp Tương tác Gối hình trung thu mô phỏng 3D Đệm ghế Thoải mái Đồ chơi nhồi bông bánh trung thu Đồ dùng tiệc,3167417193_VNAMZ,No Brand,https://sg-test-11.slatic.net/p/8a99a460506cf1907b4d2165f19f7305.jpg,,//www.lazada.vn/products/pdp-i3167417193.html
1676,"Combo 2kg củ hà thủ ô đỏ phơi khô, hà thủ ô, giúp xanh tóc đẹp da,  hàng chất lượng cao, rất tốt cho người hay rụng tóc bạc tóc hói đầu HN",2483311412_VNAMZ,No Brand,https://vn-live-01.slatic.net/p/1bbe5fac991c6831e261325bc73d405e.jpg,,//www.lazada.vn/products/pdp-i2483311412.html
1677,RFHSFGED 100pcs Phong cách Trung Quốc Túi đóng gói bánh trung thu Cấp thực phẩm Chống ẩm Túi quà thủ công Chống ẩm Nhựa Túi đóng gói bánh quy Lễ hội mùa thu giữa năm,3167328464_VNAMZ,No Brand,https://sg-test-11.slatic.net/p/6dbb2c4c23ddfa7f7c6e9ddf57f75834.jpg,,//www.lazada.vn/products/pdp-i3167328464.html
1678,TAADD Lễ hội trung thu Đồ chơi nhồi bông hình bánh trung thu Bông xốp Tương tác Gối hình trung thu mô phỏng 3D Đệm ghế Thủ công Đồ chơi nhồi bông bánh trung thu Đồ dùng tiệc,3167408274_VNAMZ,No Brand,https://sg-test-11.slatic.net/p/a925420c545294b97fab01e3ff3d434f.jpg,,//www.lazada.vn/products/pdp-i3167408274.html
1679,XDFLD Phong cách Trung Quốc Giỏ tre Tự nhiên Hai Lớp Giỏ bánh trung thu Hộp đóng gói lễ hội Cầm tay Giỏ Dã Ngoại Bánh Trung Thu zongzi hạt,3167348573_VNAMZ,No Brand,https://sg-test-11.slatic.net/p/ed390435108ac6facddfb773d81116a5.jpg,,//www.lazada.vn/products/pdp-i3167348573.html
1680,NCNC Ngọt ngào Kẹp Tóc Thỏ bánh trung thu Mũ thỏ Hài Hước Kẹp tóc hoa Osmanthus Dễ thương Phong cách Trung Quốc Kẹp Tóc Thỏ cái nôi Lễ hội trung thu,3167873068_VNAMZ,NCNC,https://sg-test-11.slatic.net/p/e821d4b42acd4307bd4f06a6a24b6cc3.png,,//www.lazada.vn/products/pdp-i3167873068.html
1681,WENQI Mũ thỏ Kẹp Tóc Thỏ bánh trung thu Ngọt ngào Hài Hước Kẹp tóc hoa Osmanthus Dễ thương Khí chất Kẹp Tóc Thỏ cái nôi Lễ hội trung thu,3167387355_VNAMZ,No Brand,https://sg-test-11.slatic.net/p/af52958bd5d493183c408423e1c0958a.jpg,,//www.lazada.vn/products/pdp-i3167387355.html
1682,GJ56 Mũ thỏ Kẹp Tóc Thỏ bánh trung thu Hài Hước Ngọt ngào Kẹp tóc hoa Osmanthus Dễ thương Kẹp tóc Kẹp tóc bánh trung thu Lễ hội trung thu,3167357581_VNAMZ,No Brand,https://sg-test-11.slatic.net/p/a7824f8e83806ec6f8f7b635acddfb0c.png,,//www.lazada.vn/products/pdp-i3167357581.html
1683,Chinese Style Mooncake Packaging Box Sticker Nine Grids 4 Pieces 6 Pieces Egg Yolk Crisp Pick Flower Crisp Brown Paper,3164730818_VNAMZ,No Brand,https://filebroker-cdn.lazada.vn/kf/Sc31c8cbdfb8d43b7927921e082884b3fA.jpg,,//www.lazada.vn/products/pdp-i3164730818.html
1684,IIU Lễ hội trung thu Đồ chơi nhồi bông hình bánh trung thu Bông xốp Tương tác Gối hình trung thu mô phỏng 3D Búp bê nhồi bông Bộ sưu tập Đồ chơi nhồi bông bánh trung thu Đồ dùng tiệc,3167351985_VNAMZ,No Brand,https://sg-test-11.slatic.net/p/8b00d50cd43267274e8fa88bb3b2662b.jpg,,//www.lazada.vn/products/pdp-i3167351985.html
1685,B3D1 Mũ thỏ Kẹp Tóc Thỏ bánh trung thu Hài Hước Ngọt ngào Kẹp tóc bánh trung thu Thời trang Phong cách Trung Quốc Kẹp tóc hoa Osmanthus Lễ hội trung thu,3167328502_VNAMZ,No Brand,https://sg-test-11.slatic.net/p/cbc48355fa6c69fabe49d2429154e436.jpg,,//www.lazada.vn/products/pdp-i3167328502.html
1686,UNQCSA Phong cách Trung Quốc Hộp đóng gói bánh trung thu Hoạt hình 4/6 ô Hộp chiên lòng đỏ trứng Hộp Kẹo Thanh lịch Hộp quà Quà Tặng Lễ hội trung thu,3167594430_VNAMZ,No Brand,https://sg-test-11.slatic.net/p/18fc5632874932f8d1277f3185dcccb8.jpg,,//www.lazada.vn/products/pdp-i3167594430.html
1687,EODKUS Mũ thỏ Kẹp Tóc Thỏ bánh trung thu Hài Hước Ngọt ngào Kẹp tóc bánh trung thu Dễ thương Phong cách Trung Quốc Kẹp Tóc Thỏ cái nôi Lễ hội trung thu,3167391513_VNAMZ,No Brand,https://sg-test-11.slatic.net/p/6c4a390af8e298440c8fedbabfbc91e5.png,,//www.lazada.vn/products/pdp-i3167391513.html
1688,BIGCOUSIN Lễ hội trung thu Đồ chơi nhồi bông hình bánh trung thu Bông xốp Tương tác Đồ chơi nhồi bông bánh trung thu Búp bê ngủ cho bé Bộ sưu tập Gối hình trung thu mô phỏng 3D Đồ dùng tiệc,3167417176_VNAMZ,No Brand,https://sg-test-11.slatic.net/p/53a3138c4864f34eca25b685ebb254dc.jpg,,//www.lazada.vn/products/pdp-i3167417176.html
1689,MITULI Nhựa Trung Thu Lễ Hội Kẹo Cookie TỰ LÀM Bao bì Túi Bánh Biscuit Bánh Trung Thu Container Cookie Kẹo Túi Nguồn Cung Cấp bên Bánh Túi,3167248883_VNAMZ,No Brand,https://sg-test-11.slatic.net/p/0f8fef022fbd93123de49c559157b012.jpg,,//www.lazada.vn/products/pdp-i3167248883.html
1690,QTNJVE Phong cách Trung Quốc Giỏ tre Dệt Tự nhiên Giỏ bánh trung thu Hộp đóng gói lễ hội Cầm tay Giỏ Dã Ngoại Lễ hội trung thu,3167385501_VNAMZ,No Brand,https://sg-test-11.slatic.net/p/1a6ecfaf4ea58befe775c9294d613664.jpg,,//www.lazada.vn/products/pdp-i3167385501.html
1691,EODKUS 100pcs Phong cách Trung Quốc Túi đóng gói bánh trung thu Cấp thực phẩm Chống ẩm Máy hàn túi Túi nướng Nhựa Túi đóng gói bánh quy Lễ hội mùa thu giữa năm,3167348594_VNAMZ,No Brand,https://sg-test-11.slatic.net/p/92b9432093230f6dd3b3a937454c3eff.jpg,,//www.lazada.vn/products/pdp-i3167348594.html
1692,HCHC Handmade Phong cảnh Mô Hình Tinh Tế Sô cô la Bánh Biscuit TỰ LÀM Bao bì Túi Cookie Kẹo Túi Nguồn Cung Cấp bên Bánh Trung Thu Container Bánh Túi,3167360089_VNAMZ,No Brand,https://sg-test-11.slatic.net/p/d269e9182d858423c8d686d42e7007b9.jpg,,//www.lazada.vn/products/pdp-i3167360089.html
1693,SDFHSFGA Frosted Mô Hình hoa cúc Bánh Biscuit Kẹo Cookie Sô cô la Món quà Warpping Nguồn Cung Cấp Nguồn Cung Cấp bên Bánh Trung Thu Container Bánh Túi Cookie Kẹo Túi,3167329403_VNAMZ,No Brand,https://sg-test-11.slatic.net/p/438d9ea3d24a262c933b63d18c43966f.jpg,,//www.lazada.vn/products/pdp-i3167329403.html
1694,WENQI 5 Set 6/8 lưới Hộp quà trung thu Phong cách Trung Quốc Sang trọng Hộp quà giòn lòng đỏ trứng Hộp di động Hộp rỗng Hộp đóng gói bánh ngọt Tặng quà,3167333955_VNAMZ,No Brand,https://sg-test-11.slatic.net/p/3dbc7fd8b642016cebe7bf01fac1f705.jpg,,//www.lazada.vn/products/pdp-i3167333955.html
1695,UYDG Lễ hội trung thu Đồ chơi nhồi bông hình bánh trung thu Tương tác Bông xốp Đồ chơi nhồi bông bánh trung thu Đệm ghế Thoải mái Gối hình trung thu mô phỏng 3D Đồ dùng tiệc,3167438099_VNAMZ,No Brand,https://sg-test-11.slatic.net/p/c00d0485bb291405233947291c1505f3.jpg,,//www.lazada.vn/products/pdp-i3167438099.html
1696,NPIQL Mũ thỏ Kẹp Tóc Thỏ bánh trung thu Hài Hước Ngọt ngào Kẹp tóc bánh trung thu Thời trang Phong cách Trung Quốc Kẹp Tóc Thỏ cái nôi Lễ hội trung thu,3167835556_VNAMZ,No Brand,https://sg-test-11.slatic.net/p/ec97262fc95ce54010d70fb003b0b83d.png,,//www.lazada.vn/products/pdp-i3167835556.html
1697,DUGDS 100pcs Phong cách Trung Quốc Túi đóng gói bánh trung thu Nhựa Chống ẩm Túi quà thủ công Chống ẩm Cấp thực phẩm Máy hàn túi Lễ hội mùa thu giữa năm,3167346877_VNAMZ,No Brand,https://sg-test-11.slatic.net/p/54272693da1945e773d6ac4d2fa4ff40.jpg,,//www.lazada.vn/products/pdp-i3167346877.html
1698,Bát Đựng Trà Bằng Gốm Sứ Trung Hoa Cổ Điển Thanh Lịch Bát Đựng Trái Cây Bát Đựng Bánh Tráng Phục Vụ Trong Phòng Khách Bát Đựng Đồ Ăn Nhẹ Thủ Công,2922504554_VNAMZ,No Brand,https://filebroker-cdn.lazada.vn/kf/S65538679b0074749b5bf11cb6ce6ac27P.jpg,,//www.lazada.vn/products/pdp-i2922504554.html
1699,SDFHSFGA Lễ hội trung thu Đồ chơi nhồi bông hình bánh trung thu Tương tác Bông xốp Gối hình trung thu mô phỏng 3D Búp bê nhồi bông Phim hoạt hình Đồ chơi nhồi bông bánh trung thu Đồ dùng tiệc,3167280770_VNAMZ,No Brand,https://sg-test-11.slatic.net/p/e4b28afb8fe5c4b615eb224266515423.jpg,,//www.lazada.vn/products/pdp-i3167280770.html
1700,RD5BA7 Lễ hội trung thu Đồ chơi nhồi bông hình bánh trung thu Bông xốp Tương tác Gối hình trung thu mô phỏng 3D Búp bê nhồi bông Bộ sưu tập Đồ chơi nhồi bông bánh trung thu Đồ dùng tiệc,3167432114_VNAMZ,No Brand,https://sg-test-11.slatic.net/p/86e25324fb40b691652a21883ddc9707.jpg,,//www.lazada.vn/products/pdp-i3167432114.html
1701,DFYER56 Mũ thỏ Kẹp Tóc Thỏ bánh trung thu Hài Hước Ngọt ngào Kẹp tóc hoa Osmanthus Dễ thương Phong cách Trung Quốc Kẹp Tóc Thỏ cái nôi Lễ hội trung thu,3167362534_VNAMZ,No Brand,https://sg-test-11.slatic.net/p/aad7c16fef9fe23a32dcbf3168c4de83.png,,//www.lazada.vn/products/pdp-i3167362534.html
1702,RFHSFGED Handmade Nhựa Bánh Biscuit Kẹo Cookie Con Dấu Hot Túi Món quà Warpping Nguồn Cung Cấp Cookie Kẹo Túi Bánh Trung Thu Container Nguồn Cung Cấp bên Bánh Túi,3167243850_VNAMZ,No Brand,https://sg-test-11.slatic.net/p/3be88d80f0731b3e2f19642179ffba29.jpg,,//www.lazada.vn/products/pdp-i3167243850.html
1703,OOG 100pcs Phong cách Trung Quốc Túi đóng gói bánh trung thu Nhựa Cấp thực phẩm Máy hàn túi Chống ẩm Chống ẩm Túi quà thủ công Lễ hội mùa thu giữa năm,3167404380_VNAMZ,No Brand,https://sg-test-11.slatic.net/p/9b83abd9e32e173a51fc0b42e785ffb7.jpg,,//www.lazada.vn/products/pdp-i3167404380.html
1704,GJURD Mũ thỏ Kẹp Tóc Thỏ bánh trung thu Ngọt ngào Hài Hước Kẹp tóc hoa Osmanthus Dễ thương Khí chất Kẹp tóc bánh trung thu Lễ hội trung thu,3167425138_VNAMZ,No Brand,https://sg-test-11.slatic.net/p/b60ac7c9307f9b4505a72992cb8e255b.png,,//www.lazada.vn/products/pdp-i3167425138.html
1705,DOI4RE Lễ hội trung thu Đồ chơi nhồi bông hình bánh trung thu Tương tác Bông xốp Gối hình trung thu mô phỏng 3D Ghế Sofa Futon Thủ công Đồ chơi nhồi bông bánh trung thu Đồ dùng tiệc,3167376671_VNAMZ,No Brand,https://sg-test-11.slatic.net/p/3746896602a156d0f9d82ecfad9ac320.jpg,,//www.lazada.vn/products/pdp-i3167376671.html
1706,ELLIER Lễ hội trung thu Đồ chơi nhồi bông hình bánh trung thu Tương tác Bông xốp Đồ chơi nhồi bông bánh trung thu Búp bê nhồi bông Bộ sưu tập Gối hình trung thu mô phỏng 3D Đồ dùng tiệc,3167330298_VNAMZ,No Brand,https://sg-test-11.slatic.net/p/2b3f365040701f72da8c69bd7839b478.jpg,,//www.lazada.vn/products/pdp-i3167330298.html
1707,NHG Lễ hội trung thu Đồ chơi nhồi bông hình bánh trung thu Bông xốp Tương tác Đồ chơi nhồi bông bánh trung thu Búp bê ngủ cho bé Thủ công Gối hình trung thu mô phỏng 3D Đồ dùng tiệc,3167378478_VNAMZ,No Brand,https://sg-test-11.slatic.net/p/324efadaf8fbe86d9cd0b4ea50f86dbe.jpg,,//www.lazada.vn/products/pdp-i3167378478.html
1708,JOTNTP Phong cách Trung Quốc Giỏ tre Dệt Tự nhiên Giỏ bánh trung thu Hộp đựng bánh mì Cầm tay Giỏ Dã Ngoại Lễ hội trung thu,3168254072_VNAMZ,No Brand,https://sg-test-11.slatic.net/p/50764d0e70338efeedd0a1c96e1240e8.jpg,,//www.lazada.vn/products/pdp-i3168254072.html
1709,G23UW Mũ thỏ Kẹp Tóc Thỏ bánh trung thu Hài Hước Ngọt ngào Kẹp Tóc Thỏ cái nôi Thời trang Khí chất Kẹp tóc bánh trung thu Lễ hội trung thu,3167373446_VNAMZ,No Brand,https://sg-test-11.slatic.net/p/094b232e9587db04c88c8f56cb983290.jpg,,//www.lazada.vn/products/pdp-i3167373446.html
1710,SDFHSFGA Handmade In ấn Kẹo Cookie Món quà Warpping Nguồn Cung Cấp Sô cô la TỰ LÀM Bánh Túi Nguồn Cung Cấp bên Cookie Kẹo Túi Bánh Trung Thu Container,3167369059_VNAMZ,No Brand,https://sg-test-11.slatic.net/p/b27e2e03afc44e94ecae42c743622c7d.jpg,,//www.lazada.vn/products/pdp-i3167369059.html
1711,QTNJVE 100pcs Phong cách Trung Quốc Túi đóng gói bánh trung thu Cấp thực phẩm Nhựa Túi quà thủ công Túi thực phẩm Chống ẩm Máy hàn túi Lễ hội mùa thu giữa năm,3167416206_VNAMZ,No Brand,https://sg-test-11.slatic.net/p/fd62fc386784ac5ff3dd97bde91fad3b.jpg,,//www.lazada.vn/products/pdp-i3167416206.html
1712,MITULI Lễ hội trung thu Đồ chơi nhồi bông hình bánh trung thu Bông xốp Tương tác Gối hình trung thu mô phỏng 3D Ghế Sofa Futon Thủ công Đồ chơi nhồi bông bánh trung thu Đồ dùng tiệc,3167367087_VNAMZ,No Brand,https://sg-test-11.slatic.net/p/714898690fd1e791c8743f772c0d0c65.jpg,,//www.lazada.vn/products/pdp-i3167367087.html
1713,"Nước đông trùng hạ thảo hàn quốc chính hãng, hộp đỏ 60 gói - Tăng đề kháng, sức khỏe, phòng ung thư - tranglinh",2060433231_VNAMZ,Korea Ginseng,https://vn-live-01.slatic.net/p/7a39d2ef7cc1ec1e03422690e11859a6.jpg,,//www.lazada.vn/products/pdp-i2060433231.html
1714,Hand-Pressure Moon Cake Mold Lion/Latches Shape Cookie Stamps Moon Cake Makers MidAutumn Festival DIY Cookie Pastry Tool,3167572957_VNAMZ,No Brand,https://sg-test-11.slatic.net/p/b52e23096eda031a0f93f99454989bae.jpg,,//www.lazada.vn/products/pdp-i3167572957.html
1715,DOI4RE Ngọt ngào Kẹp Tóc Thỏ bánh trung thu Hài Hước Mũ thỏ Kẹp tóc hoa Osmanthus Thời trang Khí chất Kẹp tóc bánh trung thu Lễ hội trung thu,3167363567_VNAMZ,No Brand,https://sg-test-11.slatic.net/p/563e34e23dee5a7f1d5b69d8dc130044.jpg,,//www.lazada.vn/products/pdp-i3167363567.html
1716,DSFGRST Mũ thỏ Kẹp Tóc Thỏ bánh trung thu Hài Hước Ngọt ngào Kẹp tóc hoa Osmanthus Dễ thương Phong cách Trung Quốc Kẹp Tóc Thỏ cái nôi Lễ hội trung thu,3167348574_VNAMZ,No Brand,https://sg-test-11.slatic.net/p/ae0e4d0a0874a6e229b4c640e81be6e8.jpg,,//www.lazada.vn/products/pdp-i3167348574.html
1717,Dr. Trung – Đông Trùng Hạ Thảo dạng bột | Tiện Lợi – Dễ hấp thụ – Giàu dưỡng chất,1032150845_VNAMZ,Dr. Trung,https://vn-live-01.slatic.net/p/2df2470257239159d11c91e8be96f14c.png,,//www.lazada.vn/products/pdp-i1032150845.html
1718,HUA JIE Phong cách Trung Quốc Hộp đóng gói bánh trung thu Hoạt hình 4/6 ô Hộp quà Hộp di động Thanh lịch Hộp chiên lòng đỏ trứng Quà Tặng Lễ hội trung thu,3167325441_VNAMZ,No Brand,https://sg-test-11.slatic.net/p/b8601e6dada1b798a9323d3477c335ab.jpg,,//www.lazada.vn/products/pdp-i3167325441.html
1719,ELLIER Ngọt ngào Kẹp Tóc Thỏ bánh trung thu Hài Hước Mũ thỏ Kẹp tóc bánh trung thu Sáng Tạo Khí chất Kẹp tóc hoa Osmanthus Lễ hội trung thu,3167315620_VNAMZ,No Brand,https://sg-test-11.slatic.net/p/7c093d7641d8e08cb6425ff231448203.jpg,,//www.lazada.vn/products/pdp-i3167315620.html
1720,JOTNTP Ngọt ngào Kẹp Tóc Thỏ bánh trung thu Mũ thỏ Hài Hước Kẹp Tóc Thỏ cái nôi Thời trang Phong cách Trung Quốc Kẹp tóc hoa Osmanthus Lễ hội trung thu,3168204836_VNAMZ,No Brand,https://sg-test-11.slatic.net/p/08f398a4947c276bf6a9d00912969590.jpg,,//www.lazada.vn/products/pdp-i3168204836.html
1721,OOG Mũ thỏ Kẹp Tóc Thỏ bánh trung thu Ngọt ngào Hài Hước Kẹp tóc hoa Osmanthus Dễ thương Phong cách Trung Quốc Kẹp tóc bánh trung thu Lễ hội trung thu,3167359594_VNAMZ,No Brand,https://sg-test-11.slatic.net/p/e927d07cb3ee0c640de00e8d3e3f046d.jpg,,//www.lazada.vn/products/pdp-i3167359594.html
1722,2025 New Premium Gift Box Hotel Mid-Autumn Mooncake Packaging Box Iron Box Pastry Empty Box High-End Paper Material,3166377574_VNAMZ,No Brand,https://filebroker-cdn.lazada.vn/kf/Sef9726364a404a3e95722369dbc0b18f2.jpg,,//www.lazada.vn/products/pdp-i3166377574.html
1723,GJ56 100pcs Phong cách Trung Quốc Túi đóng gói bánh trung thu Cấp thực phẩm Nhựa Máy hàn túi Chống ẩm Chống ẩm Túi đóng gói bánh quy Lễ hội mùa thu giữa năm,3167338872_VNAMZ,No Brand,https://sg-test-11.slatic.net/p/6eea853cf5d4f76177320d4b8aa45d59.jpg,,//www.lazada.vn/products/pdp-i3167338872.html
1724,UYDG Mũ thỏ Kẹp Tóc Thỏ bánh trung thu Ngọt ngào Hài Hước Kẹp Tóc Thỏ cái nôi Sáng Tạo Khí chất Kẹp tóc bánh trung thu Lễ hội trung thu,3167382445_VNAMZ,No Brand,https://sg-test-11.slatic.net/p/899f600f69fbf481c121fdb1e50faf0b.jpg,,//www.lazada.vn/products/pdp-i3167382445.html
1725,UNQCSA Lễ hội trung thu Đồ chơi nhồi bông hình bánh trung thu Tương tác Bông xốp Đồ chơi nhồi bông bánh trung thu Ghế Sofa Futon Thoải mái Gối hình trung thu mô phỏng 3D Đồ dùng tiệc,3167650052_VNAMZ,No Brand,https://sg-test-11.slatic.net/p/e4a27bfb522e035eddac46455893af72.jpg,,//www.lazada.vn/products/pdp-i3167650052.html
1726,MITULI Ngọt ngào Kẹp Tóc Thỏ bánh trung thu Mũ thỏ Hài Hước Kẹp Tóc Thỏ cái nôi Thời trang Phong cách Trung Quốc Kẹp tóc hoa Osmanthus Lễ hội trung thu,3167317720_VNAMZ,No Brand,https://sg-test-11.slatic.net/p/2ba2f3f9ae2112c2c16b5d8be0d76205.png,,//www.lazada.vn/products/pdp-i3167317720.html
1727,DFJET Lễ hội trung thu Đồ chơi nhồi bông hình bánh trung thu Tương tác Bông xốp Gối hình trung thu mô phỏng 3D Búp bê ngủ cho bé Bộ sưu tập Đồ chơi nhồi bông bánh trung thu Đồ dùng tiệc,3167425130_VNAMZ,No Brand,https://sg-test-11.slatic.net/p/5391e5a753f3af2f8be08977e34992eb.jpg,,//www.lazada.vn/products/pdp-i3167425130.html
1728,MITULI Cần cẩu Trung Thu Lễ Hội Con Dấu Hot Túi Món quà Warpping Nguồn Cung Cấp Kẹo Cookie Bao bì Túi Bánh Trung Thu Container Nguồn Cung Cấp bên Cookie Kẹo Túi Bánh Túi,3167285668_VNAMZ,No Brand,https://sg-test-11.slatic.net/p/66850d65d64df762a8bf5e4a191fe4bc.jpg,,//www.lazada.vn/products/pdp-i3167285668.html
1729,BVNJD 5 Set 6/8 lưới Hộp quà trung thu Phong cách Trung Quốc Sang trọng Hộp đóng gói bánh ngọt Hộp đựng Hộp rỗng Hộp quà giòn lòng đỏ trứng Tặng quà,3166505587_VNAMZ,No Brand,https://sg-test-11.slatic.net/p/35e1fe76296a9e45336cd4914f88dbf2.jpg,,//www.lazada.vn/products/pdp-i3166505587.html
1730,"Cao hồng sâm đông trùng hạ thảo 365 Hàn Quốc hộp 4 lọ x 240gr - BỒI BỔ CƠ THỂ, THƯ GIÃN TINH THẦN",2247088351_VNAMZ,365,https://vn-live-01.slatic.net/p/2d7e16e1f30b42bb840fb641309b02f9.jpg,,//www.lazada.vn/products/pdp-i2247088351.html
1731,Giày Trắng Đệm Khí Cho Nam Và Nữ,2809732254_VNAMZ,No Brand,https://vn-live-01.slatic.net/p/35cb313fe25c0df1f984fc4e929f37fa.jpg_webp,,//www.lazada.vn/products/pdp-i2809732254.html
1732,(5-9 Con nhỏ) Set trải nghiệm Đông Trùng Hạ Thảo Tây Tạng loại tự nhiên dãy Hymalaya hợp để thử trước chất lượng,2657915670_VNAMZ,No Brand,https://vn-live-01.slatic.net/p/60c0e631084d4b0e3d45a43c7b38c935.jpg,,//www.lazada.vn/products/pdp-i2657915670.html
1733,"Nấm Đông trùng hạ thảo Huy Cương sấy khô thăng hoa loại thượng hạng, Nấm Đông trùng hạ thảo sấy lạnh, hỗ trợ người bị ung thư ( Lọ 10g - 20g - 25g).",2312162542_VNAMZ,Huy Cương,https://vn-live-01.slatic.net/p/ce7a7610af65ef520de3ac2bfa8f20c7.jpg_1500x1500q80.jpg,,//www.lazada.vn/products/pdp-i2312162542.html
1734,HUA JIE Lễ hội trung thu Đồ chơi nhồi bông hình bánh trung thu Bông xốp Tương tác Đồ chơi nhồi bông bánh trung thu Đệm ghế Thủ công Gối hình trung thu mô phỏng 3D Đồ dùng tiệc,3167285687_VNAMZ,No Brand,https://sg-test-11.slatic.net/p/d1bf81b96a26f91d2f6b7adf486405c1.jpg,,//www.lazada.vn/products/pdp-i3167285687.html
1735,NRFYKYU Lễ hội trung thu Đồ chơi nhồi bông hình bánh trung thu Tương tác Bông xốp Đồ chơi nhồi bông bánh trung thu Búp bê nhồi bông Thoải mái Gối hình trung thu mô phỏng 3D Đồ dùng tiệc,3167372631_VNAMZ,No Brand,https://sg-test-11.slatic.net/p/e5b55d2303ea94d39a8bceca883fe8a1.jpg,,//www.lazada.vn/products/pdp-i3167372631.html
1736,SHUI70300 Lễ hội trung thu Đồ chơi nhồi bông hình bánh trung thu Bông xốp Tương tác Gối hình trung thu mô phỏng 3D Đệm ghế Phim hoạt hình Đồ chơi nhồi bông bánh trung thu Đồ dùng tiệc,3167429118_VNAMZ,No Brand,https://sg-test-11.slatic.net/p/a451aa6bbcd7a76a12d37462f1091602.jpg,,//www.lazada.vn/products/pdp-i3167429118.html
1737,Moon Cake Mold Tulip-Cookie Moon Cake Mold Hand Pressure Moon Cake Mould for Mid-Autumn Festival Plum Mooncake Mold,3168333234_VNAMZ,No Brand,https://sg-test-11.slatic.net/p/21d8816dc139aad5d825eb743454e06c.jpg,,//www.lazada.vn/products/pdp-i3168333234.html
1738,Moon Cake Mold Set Animal Cake Mold Mid-Autumn Festival Cookie Stamps Mold DIY Tortoise Impressions-Tool Mooncake Maker,3168300713_VNAMZ,No Brand,https://sg-test-11.slatic.net/p/33041ab0181b6f9048bbd757677ac71a.jpg,,//www.lazada.vn/products/pdp-i3168300713.html
1739,SHUI70300 100pcs Phong cách Trung Quốc Túi đóng gói bánh trung thu Nhựa Chống ẩm Máy hàn túi Túi thực phẩm Cấp thực phẩm Túi đóng gói bánh quy Lễ hội mùa thu giữa năm,3167391398_VNAMZ,No Brand,https://sg-test-11.slatic.net/p/fa10f92488b150c0d8480a8ac98caefb.jpg,,//www.lazada.vn/products/pdp-i3167391398.html
1740,XDFLD Lễ hội trung thu Đồ chơi nhồi bông hình bánh trung thu Tương tác Bông xốp Đồ chơi nhồi bông bánh trung thu Búp bê nhồi bông Thủ công Gối hình trung thu mô phỏng 3D Đồ dùng tiệc,3167366465_VNAMZ,No Brand,https://sg-test-11.slatic.net/p/835ba3ebb7fa9906693916e42216f78d.jpg,,//www.lazada.vn/products/pdp-i3167366465.html
1741,JOTNTP Phong cách Trung Quốc Hộp đóng gói bánh trung thu 4/6 ô Hoạt hình Hộp quà Hộp bánh trung thu Thanh lịch Hộp chiên lòng đỏ trứng Quà Tặng Lễ hội trung thu,3168217360_VNAMZ,No Brand,https://sg-test-11.slatic.net/p/d948735e706d0fdfdb75b3c7f41359e6.jpg,,//www.lazada.vn/products/pdp-i3168217360.html
1742,UCEPRO Ngọt ngào Kẹp Tóc Thỏ bánh trung thu Hài Hước Mũ thỏ Kẹp tóc bánh trung thu Sáng Tạo Khí chất Kẹp Tóc Thỏ cái nôi Lễ hội trung thu,3167339759_VNAMZ,No Brand,https://sg-test-11.slatic.net/p/8dc1af145d43ce564383e17b82e95ee1.png,,//www.lazada.vn/products/pdp-i3167339759.html
1743,"Đông trùng hạ thảo hàn quốc Biok thượng hạng, hộp 15 gói - Tăng thể lực, giảm stress, phòng ung thư - tranglinh",2060528022_VNAMZ,BioK,https://vn-live-01.slatic.net/p/2a674f903622d1f11226209eac44851c.jpg,,//www.lazada.vn/products/pdp-i2060528022.html
1744,"Nước hồng sâm Đông trùng hạ thảo Nonghyup thượng hạng, hộp 30 gói - Tăng thể lực, giảm stress, phòng ung thư - tranglinh",2060432060_VNAMZ,NONGHYUP HAN QUOC,https://vn-live-01.slatic.net/p/6907e5cd9eda6fd36e7624e134288723.jpg,,//www.lazada.vn/products/pdp-i2060432060.html
1745,SYXQUS Lễ hội trung thu Đồ chơi nhồi bông hình bánh trung thu Bông xốp Tương tác Đồ chơi nhồi bông bánh trung thu Đệm ghế Phim hoạt hình Gối hình trung thu mô phỏng 3D Đồ dùng tiệc,3167347883_VNAMZ,No Brand,https://sg-test-11.slatic.net/p/d14d472ff46bd9ba4a2c866be2815203.jpg,,//www.lazada.vn/products/pdp-i3167347883.html
1746,(1-3 Con to Vip) Set trải nghiệm Đông Trùng Hạ Thảo Tây Tạng loại tự nhiên dãy Hymalaya hợp để thử trước chất lượng,2657789805_VNAMZ,No Brand,https://vn-live-01.slatic.net/p/cbb55b6abb483b185e443ba592c19f57.jpg,,//www.lazada.vn/products/pdp-i2657789805.html
1747,RFHSFGED 100Pcs Mô Hình hoa cúc Bánh Biscuit TỰ LÀM Bao bì Túi Món quà Warpping Nguồn Cung Cấp Bánh Trung Thu Container Bánh Túi Cookie Kẹo Túi Nguồn Cung Cấp bên,3167243847_VNAMZ,No Brand,https://sg-test-11.slatic.net/p/b168f1ba18aa0de340f41e3052d69df7.jpg,,//www.lazada.vn/products/pdp-i3167243847.html
1748,Máy làm bánh trứng gà non công nghiệp,2489807246_VNAMZ,No Brand,https://sg-test-11.slatic.net/p/42e5356f3b84ce5ee714d5441de1ba74.jpg,,//www.lazada.vn/products/pdp-i2489807246.html
1749,RD5BA7 Ngọt ngào Kẹp Tóc Thỏ bánh trung thu Hài Hước Mũ thỏ Kẹp Tóc Thỏ cái nôi Sáng Tạo Phong cách Trung Quốc Kẹp tóc bánh trung thu Lễ hội trung thu,3167346962_VNAMZ,No Brand,https://sg-test-11.slatic.net/p/810f8772b2823fcaf7affb79241e4b1d.png,,//www.lazada.vn/products/pdp-i3167346962.html
1750,WENQI 100pcs Phong cách Trung Quốc Túi đóng gói bánh trung thu Nhựa Chống ẩm Túi đóng gói bánh quy Chống ẩm Cấp thực phẩm Túi quà thủ công Lễ hội mùa thu giữa năm,3167412190_VNAMZ,No Brand,https://sg-test-11.slatic.net/p/124eaedaf56ca0c1a7dedf2535be9190.jpg,,//www.lazada.vn/products/pdp-i3167412190.html
1751,(Set trải nghiệm) 1-3 Con vừa Đông Trùng Hạ Thảo Tây Tạng loại tự nhiên dãy Hymalaya hợp để thử trước chất lượng,2657805431_VNAMZ,No Brand,https://vn-live-01.slatic.net/p/7f840ea59222ceb277e58595ebefafd4.jpg,,//www.lazada.vn/products/pdp-i2657805431.html
1752,Various Type Mooncake Mold Mid-Autumn Festival Mooncake Mould DIY Hand Pressure Fondant Decorations Tools Moon Cake Mol,3167593431_VNAMZ,No Brand,https://sg-test-11.slatic.net/p/ab358c17c4a261dbd810bcc6c429d169.jpg,,//www.lazada.vn/products/pdp-i3167593431.html
1753,bhuuno 4 Pieces Chinese Kung Fu Tea Cup Drinkware Colored Glaze Unique Texture Design for Family Friends Portable Business Gifts,3162590877_VNAMZ,No Brand,https://sg-test-11.slatic.net/p/c940a898f39d4cb2d9a9609039672e50.jpg,,//www.lazada.vn/products/pdp-i3162590877.html
1754,SYXQUS Ngọt ngào Kẹp Tóc Thỏ bánh trung thu Hài Hước Mũ thỏ Kẹp Tóc Thỏ cái nôi Sáng Tạo Kẹp tóc Kẹp tóc hoa Osmanthus Lễ hội trung thu,3167415181_VNAMZ,No Brand,https://sg-test-11.slatic.net/p/bd8bb541baf6efe9b76ade422824d529.png,,//www.lazada.vn/products/pdp-i3167415181.html
1755,FDHT Mũ thỏ Kẹp Tóc Thỏ bánh trung thu Hài Hước Ngọt ngào Kẹp tóc hoa Osmanthus Sáng Tạo Khí chất Kẹp Tóc Thỏ cái nôi Lễ hội trung thu,3167417230_VNAMZ,No Brand,https://sg-test-11.slatic.net/p/5a93b01eb9f8fac352e638fdf15c5005.png,,//www.lazada.vn/products/pdp-i3167417230.html
1756,Mooncake Press Mold Cookie Stamps Chinese Mid-Autumn Moon Cake Makers Cherry Blossom Decoration Tool for DIY Cookie,3167570936_VNAMZ,No Brand,https://sg-test-11.slatic.net/p/285459b5a266f072d2c1df2f9b13e991.jpg,,//www.lazada.vn/products/pdp-i3167570936.html
1757,HUA JIE Handmade In ấn Bánh Biscuit Món quà Warpping Nguồn Cung Cấp Kẹo Cookie Sô cô la Bánh Túi Cookie Kẹo Túi Bánh Trung Thu Container Nguồn Cung Cấp bên,3167253840_VNAMZ,No Brand,https://sg-test-11.slatic.net/p/a83540f1a3430973a00a62852018fd47.jpg,,//www.lazada.vn/products/pdp-i3167253840.html
1758,2025 New Moon Cake Packaging Box 4 6 Pieces 80g Ancient Style Fresh Meat Ice Skin Flowing Yolk Crisp Pastry Empty Box,3167567574_VNAMZ,No Brand,https://filebroker-cdn.lazada.vn/kf/S38b778fd0ed24691983ee6504d2d859bj.jpg,,//www.lazada.vn/products/pdp-i3167567574.html
1759,NRFYKYU Mũ thỏ Kẹp Tóc Thỏ bánh trung thu Ngọt ngào Hài Hước Kẹp tóc bánh trung thu Dễ thương Khí chất Kẹp tóc hoa Osmanthus Lễ hội trung thu,3167393412_VNAMZ,No Brand,https://sg-test-11.slatic.net/p/71e9de6599a9428c2442f58a22995502.jpg,,//www.lazada.vn/products/pdp-i3167393412.html
1760,NHG Ngọt ngào Kẹp Tóc Thỏ bánh trung thu Hài Hước Mũ thỏ Kẹp Tóc Thỏ cái nôi Thời trang Khí chất Kẹp tóc hoa Osmanthus Lễ hội trung thu,3167406355_VNAMZ,No Brand,https://sg-test-11.slatic.net/p/dc2188045777bee617d2cb2080350bf8.png,,//www.lazada.vn/products/pdp-i3167406355.html
1761,XDFLD Mũ thỏ Kẹp Tóc Thỏ bánh trung thu Hài Hước Ngọt ngào Kẹp Tóc Thỏ cái nôi Thời trang Khí chất Kẹp tóc hoa Osmanthus Lễ hội trung thu,3167390376_VNAMZ,No Brand,https://sg-test-11.slatic.net/p/c83c6d966e4dce53c8e8073185c950f2.png,,//www.lazada.vn/products/pdp-i3167390376.html
1762,WENQI Lễ hội trung thu Đồ chơi nhồi bông hình bánh trung thu Tương tác Bông xốp Gối hình trung thu mô phỏng 3D Búp bê ngủ cho bé Phim hoạt hình Đồ chơi nhồi bông bánh trung thu Đồ dùng tiệc,3167362529_VNAMZ,No Brand,https://sg-test-11.slatic.net/p/9bb3feba075848aeadc4c7203fc51e26.jpg,,//www.lazada.vn/products/pdp-i3167362529.html
1763,Bánh Kem DIY Blind Box Bánh Kem Làm Từ Bơ Thủ Công Cho Trẻ Em Đồ Chơi Nấu Ăn Cho Bé Gái Đồ Chơi Mô Hình PVC Tủ Trưng Bày Mô Hình,2965270666_VNAMZ,No Brand,https://filebroker-cdn.lazada.vn/kf/S1a78740d52e04d4fa9d72c6b7780abaa3.jpg,,//www.lazada.vn/products/pdp-i2965270666.html
1764,KGASBT 100pcs Phong cách Trung Quốc Túi đóng gói bánh trung thu Nhựa Cấp thực phẩm Túi đóng gói bánh quy Chống ẩm Chống ẩm Túi quà thủ công Lễ hội mùa thu giữa năm,3167339716_VNAMZ,No Brand,https://sg-test-11.slatic.net/p/b5e96ee6a5ae0d2cba4c10d87e9b5f9b.jpg,,//www.lazada.vn/products/pdp-i3167339716.html
1765,EGRT Lễ hội trung thu Đồ chơi nhồi bông hình bánh trung thu Tương tác Bông xốp Gối hình trung thu mô phỏng 3D Búp bê ngủ cho bé Thủ công Đồ chơi nhồi bông bánh trung thu Đồ dùng tiệc,3167439066_VNAMZ,No Brand,https://sg-test-11.slatic.net/p/6ee98cfa59229e72d51ae968ecd711ee.jpg,,//www.lazada.vn/products/pdp-i3167439066.html
1766,Happy Mid-Autumn Festival Greeting Card Traditional Chinese Design Mooncake Tea Gift Box Decoration Hanging Card Business Gift,3166683786_VNAMZ,No Brand,https://filebroker-cdn.lazada.vn/kf/S1f3880e180a040a899fe79d005bbd069Y.jpg,,//www.lazada.vn/products/pdp-i3166683786.html
1767,TFHDFHRG 100pcs Phong cách Trung Quốc Túi đóng gói bánh trung thu Nhựa Cấp thực phẩm Máy hàn túi Túi thực phẩm Chống ẩm Túi quà thủ công Lễ hội mùa thu giữa năm,3167383492_VNAMZ,No Brand,https://sg-test-11.slatic.net/p/d09111c6ba62176f7d39c6a650e868f5.jpg,,//www.lazada.vn/products/pdp-i3167383492.html
1768,NJJU Lễ hội trung thu Đồ chơi nhồi bông hình bánh trung thu Bông xốp Tương tác Gối hình trung thu mô phỏng 3D Đệm ghế Phim hoạt hình Đồ chơi nhồi bông bánh trung thu Đồ dùng tiệc,3167361564_VNAMZ,No Brand,https://sg-test-11.slatic.net/p/4a5e582a47993bb70733613b9cf9622e.jpg,,//www.lazada.vn/products/pdp-i3167361564.html
1769,QTNJVE Mũ thỏ Kẹp Tóc Thỏ bánh trung thu Hài Hước Ngọt ngào Kẹp tóc hoa Osmanthus Thời trang Phong cách Trung Quốc Kẹp Tóc Thỏ cái nôi Lễ hội trung thu,3167361493_VNAMZ,No Brand,https://sg-test-11.slatic.net/p/a0adb4f2236926292931ed188ee0b2c1.png,,//www.lazada.vn/products/pdp-i3167361493.html
1770,"Đông trùng hạ thảo hàn quốc thượng hạng, hộp gỗ vàng 60 viên - Tăng đề kháng, thể lực, phòng ung thư",2184797199_VNAMZ,Kanghwa,https://vn-live-01.slatic.net/p/743e1fa7fe74183cabfa93258f9ea3dc.jpg,,//www.lazada.vn/products/pdp-i2184797199.html
1771,"[Đặc Biệt] Đông trùng hạ thảo hàn quốc hộp gỗ ông cụ 60 viên - Tăng thể lực, ổn định huyết áp, phòng ung thư - tranglinh",2060445424_VNAMZ,Korea Ginseng,https://vn-live-01.slatic.net/p/c32d8ebb1c34a1478d6bfe8f36ed661b.jpg,,//www.lazada.vn/products/pdp-i2060445424.html
1772,"Viên đông trùng hạ thảo hàn quốc Kanghwa chính hãng, hộp gỗ 60 viên - Tăng thể lực, ổn định huyết áp, phòng ung thư",2079293494_VNAMZ,Kanghwa,https://vn-live-01.slatic.net/p/0a4d5bc2b2804e748003269c0bf54750.jpg,,//www.lazada.vn/products/pdp-i2079293494.html
1773,"Đông trùng hạ thảo Biok hàn quốc, hộp 15 gói x 70ml - Nước đông trùng Biok - Tăng thể lực, giảm stress, phòng ung thư",2079826440_VNAMZ,BioK,https://vn-live-01.slatic.net/p/c63de996fa54b7da9a1b04f6a46590b7.jpg,,//www.lazada.vn/products/pdp-i2079826440.html
1774,"Cao linh chi đông trùng Pocheon hàn quốc cô đặc 100% hộp 5 lọ - Tăng đề kháng, Sức khỏe, Giải độc gan, Phòng ngừa ung thư, tranglinh",1258871976_VNAMZ,Pocheon,https://vn-live-01.slatic.net/p/27b0c90742e1953c2bd0d34779f2c718.png,,//www.lazada.vn/products/pdp-i1258871976.html
1775,HUA JIE Cần cẩu Lòng Đỏ trứng Sắc Nét TỰ LÀM Kẹo Cookie Bánh Biscuit Con Dấu Hot Túi Cookie Kẹo Túi Bánh Túi Nguồn Cung Cấp bên Bánh Trung Thu Container,3167250860_VNAMZ,No Brand,https://sg-test-11.slatic.net/p/c97c4c1195402a2859dc6a17c8ddbba7.jpg,,//www.lazada.vn/products/pdp-i3167250860.html
1776,Mid-Autumn Festival Barrel Mooncake Mold DIY 30g Gourd-Shape Stamp-Cookie Cutter-Mold Hand Press Green Bean Pastry Mold,3167596316_VNAMZ,No Brand,https://sg-test-11.slatic.net/p/090e1ddb46fb0786aa6998489329f905.jpg,,//www.lazada.vn/products/pdp-i3167596316.html
1777,Flower Mooncake Mold Mid-Autumn Festival Mooncake Mould DIY Hand Pressure Fondant Decorations Tools Moon Cake Mold,3167617012_VNAMZ,No Brand,https://sg-test-11.slatic.net/p/9471f8d8b3d63ac6c849601f7e6daaf0.jpg,,//www.lazada.vn/products/pdp-i3167617012.html
1778,Snow Lotus Flower Moon Cake Mold Mid-Autumn Festival Mooncake Makers Cookie Stamps Hand Pressure Mooncake Baking Tool,3167580867_VNAMZ,No Brand,https://sg-test-11.slatic.net/p/f87593acc572fa2d7b5ae5a446387c87.jpg,,//www.lazada.vn/products/pdp-i3167580867.html
1779,"Tinh chất đông trùng hạ thảo 20 ống Bio Apgold - Tăng thể lực, chống lão hóa, phòng ung thư",2079504410_VNAMZ,Bio Apgold,https://vn-live-01.slatic.net/p/b6275c5b55b470a0311abc30e23e1397.jpg,,//www.lazada.vn/products/pdp-i2079504410.html
1780,Dessert Transparent Plastic Tray Egg Yolk Pastry Base Tray Mooncake Bag Blister Inner Tray Blister Container 100 Baking,3165212289_VNAMZ,No Brand,https://my-live-02.slatic.net/p/6c7f02c507fbf7016ff544db19db6a1f.jpg_webp,,//www.lazada.vn/products/pdp-i3165212289.html
1781,Tóc Trung Quốc Bánh Bun Headdress Sweet Glazed Orchid Tóc Đũa Pin với tua cho Cheongsam Han Quần áo mặc trà TF-Ais-VN,3141098410_VNAMZ,luxfacigoo,https://sg-test-11.slatic.net/p/eb0ace6b4a6e3a0910d9f25fd084d786.jpg,,//www.lazada.vn/products/pdp-i3141098410.html
1782,(Set trải nghiệm) 4-5 Con vừa Đông Trùng Hạ Thảo Tây Tạng loại tự nhiên dãy Hymalaya hợp để thử trước chất lượng,2657985265_VNAMZ,No Brand,https://vn-live-01.slatic.net/p/3203f20be372519c1c1da6dd6d0c7818.jpg,,//www.lazada.vn/products/pdp-i2657985265.html
1783,Dewi nest 100% pure animal clean nest box combo with luxurious golden bird's nest four corners.,2599903582_VNAMZ,DEWIS NEST,https://vn-live-01.slatic.net/p/7a5e40103385abd4206181dde7f80c2d.png,,//www.lazada.vn/products/pdp-i2599903582.html
1784,HUA JIE Ngọt ngào Kẹp Tóc Thỏ bánh trung thu Mũ thỏ Hài Hước Kẹp tóc bánh trung thu Thời trang Kẹp tóc Kẹp Tóc Thỏ cái nôi Lễ hội trung thu,3167290922_VNAMZ,No Brand,https://sg-test-11.slatic.net/p/4c21542445cb071f243292d623bbdb57.png,,//www.lazada.vn/products/pdp-i3167290922.html
1785,Moon Cake Mold Set Rabbit-Mid-Autumn Festival Cookie Stamp-Mold DIY Flower Impressions-Tool Mooncake Maker New Year Gift,3167617008_VNAMZ,No Brand,https://sg-test-11.slatic.net/p/cb99eccdc04202dc94729302065b8229.jpg,,//www.lazada.vn/products/pdp-i3167617008.html
1786,60 pack premium bio wooden box Cordyceps with copper buckles-boost fitness room-trangolinkorea,2052155291_VNAMZ,Bio Apgold,https://vn-live-01.slatic.net/p/ec2d94892cb359e7d8ff81786ef255c4.jpg,,//www.lazada.vn/products/pdp-i2052155291.html
1787,Đĩa Gốm Sứ 8 Inch Màu Đỏ Trung Hoa Dùng Trong Lò Vi Sóng Đĩa Đựng Cơm Và Bánh Bao Đĩa Tròn Thủ Công Họa Tiết Hoa Cúc,2922629308_VNAMZ,No Brand,https://filebroker-cdn.lazada.vn/kf/Sf1e7e59542574d7dbffdf031aeea3ae8o.jpg,,//www.lazada.vn/products/pdp-i2922629308.html
1788,Artist Gather Steel Center Differential Gear Kit 15T 17T 19T Gear Component Sturdy RC Differential Gear for Hoss 4x4 Slash 4x4 1:10 Parts,3166715149_VNAMZ,No Brand,https://sg-test-11.slatic.net/p/0157e9a57f21102dee7aaa5bcbb2a93e.jpg,,//www.lazada.vn/products/pdp-i3166715149.html
1789,KGASBT Lễ hội trung thu Đồ chơi nhồi bông hình bánh trung thu Bông xốp Tương tác Đồ chơi nhồi bông bánh trung thu Búp bê ngủ cho bé Thoải mái Gối hình trung thu mô phỏng 3D Đồ dùng tiệc,3167415231_VNAMZ,No Brand,https://sg-test-11.slatic.net/p/d2324d93e950c633bfa2445896a1fc77.jpg,,//www.lazada.vn/products/pdp-i3167415231.html
1790,"Đông trùng hạ thảo hàn quốc hộp gỗ Kanghwa 60 gói - Tăng đề kháng, sức khỏe, phòng ung thư",2801990977_VNAMZ,Kanghwa,https://vn-live-01.slatic.net/p/33016fac0158c046e158d37e63a1fd92.png,,//www.lazada.vn/products/pdp-i2801990977.html
1791,Presale SW 1:64 Civic loại r eg6 muỗng Diecast diorama Xe Mô Hình Bộ sưu tập thu nhỏ carros đồ chơi,2513488943_VNAMZ,No Brand,https://vn-live-01.slatic.net/p/fca3fce5a9d47cc7bfdb8309df145e2b.jpg_webp,,//www.lazada.vn/products/pdp-i2513488943.html
1792,(1-4 Con nhỏ) Set trải nghiệm Đông Trùng Hạ Thảo Tây Tạng loại tự nhiên dãy Hymalaya hợp để thử trước chất lượng,2657902346_VNAMZ,No Brand,https://vn-live-01.slatic.net/p/f4f554ba49a20a3687c427fb9584d422.jpg,,//www.lazada.vn/products/pdp-i2657902346.html
1793,Hand Press Cookie Stamp-Moon Cake-Decor Mould Barrel Mooncake Mold 30g DIY Leaf-Shape Hand Pressure Mould-Decor Tool,3167588487_VNAMZ,No Brand,https://sg-test-11.slatic.net/p/bca46aebb3b8cad47b9b960a9ca6a970.jpg,,//www.lazada.vn/products/pdp-i3167588487.html
1794,"Đông trùng hạ thảo hữu cơ cao cấp sấy thăng hoa Trung Nhân x3 Premium chống ung thư, lão hoá, tăng cường sức khoẻ, giảm mỡ máu, đẹp da - Hộp 10gr",1930951821_VNAMZ,Trung Nhân,https://vn-live-01.slatic.net/p/f2b8a41e25aa63f4b3e6b0f064af9c2b.jpg,,//www.lazada.vn/products/pdp-i1930951821.html
1795,LiYu Children LED Lights Shoes Heelys Double-wheeled Luminous Roller Skates Boys and Girls Roller Skating Outdoor Sneakers Skates Colorful Flashing Shoes Kids Shoes Size 27-40,1284445990_VNAMZ,LiYu,https://my-live-02.slatic.net/p/b6a37025d758e0ac39d299d6164f96cd.png,,//www.lazada.vn/products/pdp-i1284445990.html
1796,DSIUY Lễ hội trung thu Đồ chơi nhồi bông hình bánh trung thu Bông xốp Tương tác Đồ chơi nhồi bông bánh trung thu Búp bê nhồi bông Phim hoạt hình Gối hình trung thu mô phỏng 3D Đồ dùng tiệc,3167424203_VNAMZ,No Brand,https://sg-test-11.slatic.net/p/456cdeb25d4167a14c4327069948c2ee.jpg,,//www.lazada.vn/products/pdp-i3167424203.html
1797,Đĩa Đựng Trái Cây Bằng Gốm Thủ Công in Hình Hoa Sen Cổ Điển Đài Bắc Trung Quốc Đĩa Đựng Trái Cây Cá Nhân Hóa Cho Gia Đình,2922612525_VNAMZ,No Brand,https://filebroker-cdn.lazada.vn/kf/Sd8e9dc6739a949c8a009188ff2fa0d44t.jpg,,//www.lazada.vn/products/pdp-i2922612525.html
1798,Hand Pressed Mooncakes Mold Festival Dessert Making Molds Pumpkin Shaped Traditional Pastries Moulds for Baking Lover,3160525862_VNAMZ,No Brand,https://sg-test-11.slatic.net/p/84d2dac71cd669e2c4d9643200903e6e.jpg,,//www.lazada.vn/products/pdp-i3160525862.html
1799,"Đông trùng hạ thảo hồng sâm hoàng đế thượng hạng, hộp 30 viên - Tăng thể lực, ổn định huyết áp, phòng ung thư, tranglinhkorea",502742367_VNAMZ,Kanghwa,https://vn-live-01.slatic.net/p/d461f1b0b2191a2758f0e5f7cbe25f2b.jpg,,//www.lazada.vn/products/pdp-i502742367.html
1800,Tóc Trung Quốc Bánh Bun Headdress Sweet Gardenia Fringe Alloy Hair Đũa cho Cheongsam Han váy quần áo TF-Hom-VN,3140915073_VNAMZ,OPK,https://sg-test-11.slatic.net/p/5a64671ed6af58d0e5ecb62429a34e54.jpg,,//www.lazada.vn/products/pdp-i3140915073.html
1801,Tóc Trung Quốc Bánh Bun Headdress Sweet Glazed Orchid Tóc Đũa Pin với tua cho Cheongsam Han Quần áo mặc trà TF-Hom-VN,3141156694_VNAMZ,OPK,https://sg-test-11.slatic.net/p/669298c30fcf5c9f58875e2aeccab526.jpg,,//www.lazada.vn/products/pdp-i3141156694.html
1802,Tóc Trung Quốc Bánh Búi Bánh Bellflowers Tóc Tóc làm tóc làm phụ kiện cho tóc DIY Phong cách làm tóc TF-Hom-VN,3140838143_VNAMZ,OPK,https://sg-test-11.slatic.net/p/59784ba7a5b47cbfdcbccb9a01e9bd95.jpg,,//www.lazada.vn/products/pdp-i3140838143.html
1803,Real Egg Shaped for Diverse Crafting and Culinary Projects,3160460658_VNAMZ,OEM,https://sg-test-11.slatic.net/p/4ed265d10b0dcb94f28c25360cff5323.jpg,,//www.lazada.vn/products/pdp-i3160460658.html
1804,Mid-Autumn Festival Mooncake Mold Set Bowknot Mooncake Press Molds Heart Rose Floral Mold Set Press Mold Tool DIY Crafts,3165803228_VNAMZ,No Brand,https://sg-test-11.slatic.net/p/bf5d33ed8bf822094ff24f1c9c85c74c.jpg,,//www.lazada.vn/products/pdp-i3165803228.html
1805,Hand Press Cookie Dessert Cutter Convenient Dragon Phoenixes Pattern Mooncakes Embosser Molds for Pastries Decorations,3161978336_VNAMZ,No Brand,https://sg-test-11.slatic.net/p/6919607cd3f02c3bcbae139b620fa6bc.jpg,,//www.lazada.vn/products/pdp-i3161978336.html
1806,Bát Tròn Thủ Công Phong Cách Trung Hoa Mới Bát Đựng Trái Cây Và Bánh Bát Sứ Jingdezhen Bát Đựng Thức Ăn Mỹ Nghệ,2922524511_VNAMZ,No Brand,https://filebroker-cdn.lazada.vn/kf/S7acf845812124fc290de4fc23c1f526bI.jpg,,//www.lazada.vn/products/pdp-i2922524511.html
1807,Hand Pressure Moon Cake Molds Traditional Lion Cookie Moon Cake Maker MidAutumn Festival Cookie Pastries Tool,3163583070_VNAMZ,No Brand,https://sg-test-11.slatic.net/p/6c170e6cdec0607edd46443ad17550ba.jpg,,//www.lazada.vn/products/pdp-i3163583070.html
1808,23x23In Board Game Table Covers Magician Daily Pad Tarot Tablecloth Rune Divination Altar Tarot Patch Table Cloth,3168330117_VNAMZ,No Brand,https://sg-test-11.slatic.net/p/5e89547af56a514532c2a337e315b6a0.jpg,,//www.lazada.vn/products/pdp-i3168330117.html
1809,MidAutumn Festival Moon Cake Maker Baking Tool 3D Traditional Lion Moon Cake Molds Hand Press Mold Plungers Pastry Tool,3163361416_VNAMZ,No Brand,https://sg-test-11.slatic.net/p/fd89895d44f974605c26207d3267353f.jpg,,//www.lazada.vn/products/pdp-i3163361416.html
1810,Đĩa Gỗ Hình Chữ Nhật Trung Hoa Dùng Trong Tiệc Cưới Đĩa Đựng Đồ Ăn Trang Trí Phòng Khách Đĩa Đựng Cốc Nước Đĩa Đựng Trà Thủ Công,2969147252_VNAMZ,No Brand,https://filebroker-cdn.lazada.vn/kf/Sfa01e8b805b94dc988912975c2a21ac4s.png,,//www.lazada.vn/products/pdp-i2969147252.html
1811,Mooncakes and Green Bean Cake Molds Unique Flower Patterned Treat Crafting Molds Manual Mooncakes Press Embosser,3166063189_VNAMZ,No Brand,https://sg-test-11.slatic.net/p/2d6ded5e9a008798dd3df77ab526709c.jpg,,//www.lazada.vn/products/pdp-i3166063189.html
1812,Giày trượt Patin phát sáng sport trẻ em - Batin người lớn- Tặng 2 thanh cờ cê tháo lốp+ Bộ bảo hộ 6 phụ kiện,2581284998_VNAMZ,No Brand,https://sg-test-11.slatic.net/p/265d20244449388e17e6fea25de6632d.jpg,,//www.lazada.vn/products/pdp-i2581284998.html
1813,"[Tem Chính Hãng] Viên đông trùng hạ thảo hàn quốc Kanghwa, hộp gỗ 60 viên - Tăng thể lực, ổn định huyết áp, phòng ung thư",2079270666_VNAMZ,Kanghwa,https://vn-live-01.slatic.net/p/510fc5373043fab73f8356ed76f67af2.jpg,,//www.lazada.vn/products/pdp-i2079270666.html
1814,"Đông trùng hạ thảo hộp gỗ Hanil 60 gói thượng hạng - Tăng thể lực, ổn định huyết áp, phòng ung thư, tranglinhkorea",1245295194_VNAMZ,Hanil,https://vn-live-01.slatic.net/p/57d293f82e005461bac27342dae01e26.jpg,,//www.lazada.vn/products/pdp-i1245295194.html
1815,Esports BenQ Zowie U2 Wireless Gaming Mouse (wireless) custom designed for claw-grip 24 steps roller-Original,2663077901_VNAMZ,BENQ,https://vn-live-01.slatic.net/p/ced6acd0d954a71a5e0aa4ae8d871cbb.jpg,,//www.lazada.vn/products/pdp-i2663077901.html
1816,Esports BenQ Zowie ec1-cw Wireless Gaming Mouse ergonomic 24 steps roller cam/sp006254-authentic,2663058988_VNAMZ,BENQ,https://vn-live-01.slatic.net/p/cc68318120630fba039b03a9c959d16e.jpg,,//www.lazada.vn/products/pdp-i2663058988.html
1817,( Quà biếu) Đông Trùng Hạ Thảo Khang Thịnh khô - 10g,273688356_VNAMZ,No Brand,https://vn-live-01.slatic.net/p/9dc1e270301d306618ba89d7f1fb8cdf.jpg,,//www.lazada.vn/products/pdp-i273688356.html
1818,Esports BenQ Zowie ec3-cw Wireless Gaming Mouse ergonomic 24 steps roller cam/sp00tell 8-authentic,2663268246_VNAMZ,BENQ,https://vn-live-01.slatic.net/p/fff0cc295f6a2d16bd2bc72fa56ee7d2.jpg,,//www.lazada.vn/products/pdp-i2663268246.html
1819,"Tủ trưng bày hâm nóng giữ nóng thực phẩm, gà rán KFC,bánh mì loại 1 khay màu đỏ giá rẻ - BẢO HÀNH 12 THÁNG",2489977759_VNAMZ,No Brand,https://sg-test-11.slatic.net/p/c18d24f2e92b57b77acaf64d676386c8.jpg,,//www.lazada.vn/products/pdp-i2489977759.html
1820,Đĩa Hoa Sứ Trung Quốc Thủ Công Lớn Trung Hoa Cổ Điển Đĩa Trà Đĩa Trang Trí Trái Cây Đĩa Đựng Thức Ăn Đĩa Sứ Thủ Công Lớn,2922732125_VNAMZ,No Brand,https://filebroker-cdn.lazada.vn/kf/S4f13f6c1647947bdb3a2b18c048ead948.jpg,,//www.lazada.vn/products/pdp-i2922732125.html
1821,Esports BenQ Zowie ec2-cw Wireless Gaming Mouse ergonomic 24 steps roller cam/sp006141-authentic,2663108792_VNAMZ,BENQ,https://vn-live-01.slatic.net/p/059f7ee22fc5ee6226499b786a2dae67.jpg,,//www.lazada.vn/products/pdp-i2663108792.html
1822,"Ecolifestore - Đông trùng hạ thảo hộp gỗ đen 2 tem, khóa rùa chính hãng - Tăng đề kháng, ổn định huyết áp, phòng ngừa ung thư",1587550378_VNAMZ,Kanghwa,https://vn-live-01.slatic.net/p/fe56de4e88ff169a216bef75475737fd.jpg,,//www.lazada.vn/products/pdp-i1587550378.html
1823,"Ecolifestore - Đông trùng hạ thảo hộp gỗ vàng 60 gói, khóa rùa chính hãng - Tăng đề kháng, ổn định huyết áp, phòng ngừa ung thư",1587567454_VNAMZ,Korea gingseng Bio,https://vn-live-01.slatic.net/p/efbc8f4d4b19ed38344862f5824fe4f4.jpg,,//www.lazada.vn/products/pdp-i1587567454.html
1824,"[CHÍNH HÃNG] Cao hắc sâm đông trùng hạ thảo Korean Black Ginseng Hàn Quốc hộp 4 lọ x 240gr - Giúp giảm căng thẳng, mệt mỏi, phòng chống tiểu đường, ung thư",1944221682_VNAMZ,No Brand,https://vn-live-01.slatic.net/p/fd5d75fc9c9f086f646f1110ef2e59c8.jpg,,//www.lazada.vn/products/pdp-i1944221682.html
1825,"Đông trùng hạ thảo Hồng sâm hoàng đế hộp 30 viên - Tăng thể lực, ổn định huyết áp, phòng ung thư - tranglinh",1260673330_VNAMZ,Kanghwa,https://vn-live-01.slatic.net/p/3fb03b2a74129f94555888e8659efc2a.png,,//www.lazada.vn/products/pdp-i1260673330.html
1826,+HOT./. Khuôn Làm Bánh Trung Thu Mới Bánh Trung Thu Ép Tay Không Dính Bánh Đậu Xanh Bánh Tráng Miệng Bánh Ngọt Gia Dụng,2830528548_VNAMZ,No Brand,https://sg-test-11.slatic.net/p/555380e64021dda4a928d010de3cff8c.jpg,,//www.lazada.vn/products/pdp-i2830528548.html
1827,"+HOT./. Nhà Máy Bán Buôn Khuôn Bánh Trung Thu Bằng Gỗ Con Dấu Bánh Trung Thu Kiểu Su   Dụng Cụ Làm Bánh Mì, Bánh Mì Hấp, Bánh Ngọt, In",2830756210_VNAMZ,No Brand,https://vn-live-01.slatic.net/p/cc135c8263285e170ed29f617d90050b.jpg_webp,,//www.lazada.vn/products/pdp-i2830756210.html
1828,"2025 Máy ép tay gia đình Blueberry, máy đóng gói túi nhôm thương mại, máy đóng gói bánh trung thu, trà, máy đóng gói thực phẩm",3034958062_VNAMZ,No Brand,https://vn-live-01.slatic.net/p/81d668a3225c7ceb1a1a35e36da1ef29.jpg_webp,,//www.lazada.vn/products/pdp-i3034958062.html
1829,Hộp quà bánh trung thu USB Lõi ghi âm tích hợp chức năng ghi âm Lễ hội Thuyền Rồng Hộp quà cao cấp Bán chạy,3164843611_VNAMZ,No Brand,https://vn-live-01.slatic.net/p/25da0e9214ba085a280b8374f93b3047.jpg_webp,,//www.lazada.vn/products/pdp-i3164843611.html
1830,👉Hot Sale ToyTreasureTrove Khuôn bánh trung thu 71g Khuôn bánh trung thu hoa áp lực trung thu khuôn tự làm dụng cụ trang trí Kẹo mềm áp lực bánh trung thu,3157690736_VNAMZ,No Brand,https://sg-test-11.slatic.net/p/2d87f715d5db0495a2b24bce3a085ea7.jpg,,//www.lazada.vn/products/pdp-i3157690736.html
1831,"[ Thiết kế hai lớp ] Giỏ hoa hai tầng kiểu Trung Quốc, giỏ cầm tay, giỏ trái cây khô, giỏ bánh trung thu, hộp quà, giỏ tre, hộp quà phong cách rừng",3151121963_VNAMZ,No Brand,https://sg-test-11.slatic.net/p/71c080a097b09ab9b9f0d4ab5c24124c.jpg,,//www.lazada.vn/products/pdp-i3151121963.html
1832,"+HOT./.5N Mẫu Mới 30g Khuôn Bánh Đậu Xanh   Dụng Cụ Ép Để Làm Bánh , Bánh Trung Thu Khắc Tên Địa Danh Vuông",2830953735_VNAMZ,No Brand,https://vn-live-01.slatic.net/p/7529f7bee7db24bce3b7bfbd62167817.jpg_webp,,//www.lazada.vn/products/pdp-i2830953735.html
1833,"Bộ quà tặng sô cô la nhà búp bê 1:12, hộp bánh trung thu, mô hình cảnh bếp thu nhỏ, trang trí nhà, phụ kiện búp bê, quà tặng đồ chơi",3064457905_VNAMZ,No Brand,https://vn-live-01.slatic.net/p/863c34ed8e32fec2a160e64ad0f248de.jpg_webp,,//www.lazada.vn/products/pdp-i3064457905.html
1834,Mold Khuôn Tráng Men Mộc Hạt Đỏ Tròn Chữ Phúc Hai Vui Lòng Chữ Thọ Mùa Thu Món Ăn Đường Tự Làm Trung Quốc Mould Bánh Trung Thu,3014563478_VNAMZ,No Brand,https://filebroker-cdn.lazada.vn/kf/S795c23eb905945e2958cd758dc9c757al.jpg,,//www.lazada.vn/products/pdp-i3014563478.html
1835,"Khuôn bánh trung thu hình hoa sen Vctitil, khuôn áp lực tay hình lục giác, tem bánh trung thu, dụng cụ trang trí bánh ngọt, với 4 tem, 50-65g",3048694882_VNAMZ,No Brand,https://sg-test-11.slatic.net/p/65ee25740a4c64a96f1dfa20ff5b41d8.jpg,,//www.lazada.vn/products/pdp-i3048694882.html
1836,TCHIRR 3D Khuôn bánh trung thu hoa Phong cách Trung Quốc Silicone Khuôn đậu xanh Khuôn nến Mềm Khuôn bánh ngọt lễ hội Lễ hội trung thu,3167347966_VNAMZ,No Brand,https://sg-test-11.slatic.net/p/0f8a17e55c8ffd8aa29b70c57179db87.jpg,,//www.lazada.vn/products/pdp-i3167347966.html
1837,PWD0442 3D Khuôn bánh trung thu hoa Phong cách Trung Quốc Silicone Khuôn đậu xanh Thiết thực Không dính Khuôn bánh ngọt lễ hội Lễ hội trung thu,3167404357_VNAMZ,No Brand,https://sg-test-11.slatic.net/p/05a4c053609e033b34703806dd4e3439.jpg,,//www.lazada.vn/products/pdp-i3167404357.html
1838,VBGG 3D Khuôn bánh trung thu hoa Silicone Phong cách Trung Quốc Khuôn bánh ngọt lễ hội Dụng cụ làm bánh Mềm Khuôn đậu xanh Lễ hội trung thu,3167386514_VNAMZ,No Brand,https://sg-test-11.slatic.net/p/254e12372d374610537275d12a391308.jpg,,//www.lazada.vn/products/pdp-i3167386514.html
1839,MOUSSE 3D Khuôn bánh trung thu hoa Silicone Phong cách Trung Quốc Khuôn đậu xanh Thiết thực Không dính Khuôn bánh ngọt lễ hội Lễ hội trung thu,3167479788_VNAMZ,No Brand,https://sg-test-11.slatic.net/p/b9cc2e54fd92a42e764d3675c551c7ec.jpg,,//www.lazada.vn/products/pdp-i3167479788.html
1840,BIGCOUSIN 3D Khuôn bánh trung thu hoa Silicone Phong cách Trung Quốc Khuôn bánh ngọt lễ hội Dụng cụ làm bánh Mềm Khuôn đậu xanh Lễ hội trung thu,3167336945_VNAMZ,No Brand,https://sg-test-11.slatic.net/p/a757b7e9c19953bfacbba26a810b801f.jpg,,//www.lazada.vn/products/pdp-i3167336945.html
1841,TFHDFHRG Mũ thỏ Kẹp Tóc Thỏ bánh trung thu Ngọt ngào Hài Hước Kẹp tóc hoa Osmanthus Thời trang Khí chất Kẹp Tóc Thỏ cái nôi Lễ hội trung thu,3138694346_VNAMZ,No Brand,https://sg-test-11.slatic.net/p/f151d8b0e63e2922e8bedc13f72dfb3c.jpg,,//www.lazada.vn/products/pdp-i3138694346.html
1842,Buy 2 get 2% 5IN1 đậu dán bánh khuôn Hoa Tình Yêu handmade Pastry khuôn nhà bếp bánh trung thu nướng khuôn lễ hội tay ép Pastry Maker,3166891909_VNAMZ,No Brand,https://sg-test-11.slatic.net/p/7161f2322f8997958e2a6a0732881823.jpg,,//www.lazada.vn/products/pdp-i3166891909.html
1843,FDHT 3D Khuôn bánh trung thu hoa Phong cách Trung Quốc Silicone Khuôn đậu xanh Thiết thực Không dính Khuôn bánh ngọt lễ hội Lễ hội trung thu,3167444007_VNAMZ,No Brand,https://sg-test-11.slatic.net/p/2c1a25cc15fa4ebd24f5cf01dfbc5ca5.jpg,,//www.lazada.vn/products/pdp-i3167444007.html
1844,JVKISX 3D Khuôn bánh trung thu hoa Phong cách Trung Quốc Silicone Khuôn bánh ngọt lễ hội Khuôn nến Mềm Khuôn đậu xanh Lễ hội trung thu,3167436062_VNAMZ,No Brand,https://sg-test-11.slatic.net/p/2d57a2670838fc08714a1bb8d1345b91.jpg,,//www.lazada.vn/products/pdp-i3167436062.html
1845,"【CC shop】 Gốm Men Ngọc Long Tuyền, Lò Nung, Bánh Răng Sắt, Bánh Răng Cá Nhân Thủ Công, Bánh Răng Chủ Nhân, Cốc Trà Gốm Sứ Kiểu Trung Quốc, Cốc Đơn Cao Cấp",3112701683_VNAMZ,No Brand,https://sg-test-11.slatic.net/p/5d420276ef3d3dcf10593c67f67d353e.jpg,,//www.lazada.vn/products/pdp-i3112701683.html
1846,EGRT 3D Khuôn bánh trung thu hoa Silicone Phong cách Trung Quốc Khuôn bánh ngọt lễ hội Khuôn nến Không dính Khuôn đậu xanh Lễ hội trung thu,3167392395_VNAMZ,No Brand,https://sg-test-11.slatic.net/p/f88be692a85ca5c7b0cba05cef695b3a.jpg,,//www.lazada.vn/products/pdp-i3167392395.html
1847,TAADD 3D Khuôn bánh trung thu hoa Silicone Phong cách Trung Quốc Khuôn silicon hình hoa sen Thiết thực Không dính Khuôn đậu xanh Lễ hội trung thu,3167389448_VNAMZ,No Brand,https://sg-test-11.slatic.net/p/3bc438a5c70e2623bfdc724dd38d351e.jpg,,//www.lazada.vn/products/pdp-i3167389448.html
1848,"1/64 Audi R8 Coupe V10, 1:64 Diecast Siêu Thể Thao Đồ Chơi Xe Hơi Mô Hình 3 ''Hot Bánh Xe Thu Nhỏ, Kẽm Hợp Kim Kim Loại Quà Tặng Cho Trẻ Em Kid",2737071247_VNAMZ,No Brand,https://vn-live-01.slatic.net/p/83e313e67dd5851d89aabbc1634eb8e6.jpg_webp,,//www.lazada.vn/products/pdp-i2737071247.html
1849,SWEOLQ 5 Set Phong cách Trung Quốc Hộp quà trung thu 6/8 lưới Sang trọng Hộp bánh trung thu Hộp bánh trung thu Thỏ Hộp đóng gói bánh ngọt Tặng quà,3155610631_VNAMZ,No Brand,https://sg-test-11.slatic.net/p/244b2aa1df70b772ddf1b24519c0932b.jpg,,//www.lazada.vn/products/pdp-i3155610631.html
1850,"Sự miêu tả:Cô gái Rampage Shoes,Hai bánh xe kính thiên văn trẻ em đèn pin trượt băng,Cô gái thể thao trượt băng phiên bản mùa thu,Giày đi bộ web phổ biến,,",2471661084_VNAMZ,No Brand,https://sg-test-11.slatic.net/p/e98c834d29cecdda36c5dfa63d3ddd8c.jpg,,//www.lazada.vn/products/pdp-i2471661084.html
1851,IFYHIWEF 3D Khuôn bánh trung thu hoa Phong cách Trung Quốc Silicone Khuôn đậu xanh Dụng cụ làm bánh Mềm Khuôn silicon hình hoa sen Lễ hội trung thu,3167406278_VNAMZ,No Brand,https://sg-test-11.slatic.net/p/f43045da324b6f43e143cfabbc60ad6b.jpg,,//www.lazada.vn/products/pdp-i3167406278.html
1852,CEMOMEF 3D Khuôn bánh trung thu hoa Phong cách Trung Quốc Silicone Khuôn bánh ngọt lễ hội Dụng cụ làm bánh Không dính Khuôn silicon hình hoa sen Lễ hội trung thu,3167374006_VNAMZ,No Brand,https://sg-test-11.slatic.net/p/2e11f41f650b3055214fe83444acaa7a.jpg,,//www.lazada.vn/products/pdp-i3167374006.html
1853,HUA JIE 3D Khuôn bánh trung thu hoa Phong cách Trung Quốc Silicone Khuôn silicon hình hoa sen Khuôn nến Không dính Khuôn bánh ngọt lễ hội Lễ hội trung thu,3167368069_VNAMZ,No Brand,https://sg-test-11.slatic.net/p/2de1be40913193f2427ecab568c35d6a.jpg,,//www.lazada.vn/products/pdp-i3167368069.html
1854,"Quả bóng thể dục mềm silicone, trị liệu điểm kích hoạt giảm đau cổ và ngón tay, máy massage đốt sống cổ, bánh xe bụng",3040669420_VNAMZ,No Brand,https://vn-live-01.slatic.net/p/e4131a1b4c4bd3c6199e624b316759bd.jpg_webp,,//www.lazada.vn/products/pdp-i3040669420.html
1855,QTNJVE 3D Khuôn bánh trung thu hoa Phong cách Trung Quốc Silicone Khuôn bánh ngọt lễ hội Dụng cụ làm bánh Không dính Khuôn đậu xanh Lễ hội trung thu,3167415173_VNAMZ,No Brand,https://sg-test-11.slatic.net/p/5aa47bb7cec9fdd30a4b829c40273115.jpg,,//www.lazada.vn/products/pdp-i3167415173.html
1856,Car styling buttons FOR Nissan LIVINA & FOR Nissan TIIDA & For SYLPHY steering wheel control buttons with red backlight,3035839998_VNAMZ,No Brand,https://sg-test-11.slatic.net/p/9cbd2a9c0a4894d4ab59fe69f39627d0.jpg,,//www.lazada.vn/products/pdp-i3035839998.html
1857,Bánh xe nóng 1:64 Forza Porsche Ford Shelby GT500 BUGATTI VEYRON Lamborghini Aston Martin Audi gdg44 thu thập Mô Hình HợP Kim Diecast,2867041045_VNAMZ,No Brand,https://sg-test-11.slatic.net/p/755c1c6e8ec548f9c4728d8a32023bb8.jpg,,//www.lazada.vn/products/pdp-i2867041045.html
1858,Original LC Racing l6261 mùa xuân thép diff outdrive Cup (2 cái) cho RC LC cho EMB-WRC EMB-RA EMB-1 EMB-SC EMB-DT EMB-TC E,2663993376_VNAMZ,No Brand,https://sg-test-11.slatic.net/p/7c633cf766d8603aa60a1beaa6e9603c.jpg,,//www.lazada.vn/products/pdp-i2663993376.html
1859,Steering Wheel Cruise Control Cruise Switch For Nissan Sentra Livina Almera Cube Versa Button Switch,3036177640_VNAMZ,No Brand,https://sg-test-11.slatic.net/p/e5ff9a89d1e0fa4da60eb4cae9ec3755.jpg,,//www.lazada.vn/products/pdp-i3036177640.html
1860,PUREGLOW Phong cách Trung Quốc Khuôn bánh trung thu hoa Silicone 3D Khuôn đậu xanh Dụng cụ làm bánh Không dính Khuôn bánh ngọt lễ hội Lễ hội trung thu,3167411328_VNAMZ,No Brand,https://sg-test-11.slatic.net/p/40bc254fe098f6936dca6985e08743c2.jpg,,//www.lazada.vn/products/pdp-i3167411328.html
1861,CRYSTAL Phong cách Trung Quốc Khuôn bánh trung thu hoa Silicone 3D Khuôn silicon hình hoa sen Khuôn nến Không dính Khuôn đậu xanh Lễ hội trung thu,3168304509_VNAMZ,No Brand,https://sg-test-11.slatic.net/p/715743b4da42caa4bfa88457db3a2455.jpg,,//www.lazada.vn/products/pdp-i3168304509.html
1862,UAZGEO Phong cách Trung Quốc Khuôn bánh trung thu hoa 3D Silicone Khuôn bánh ngọt lễ hội Dụng cụ làm bánh Không dính Khuôn silicon hình hoa sen Lễ hội trung thu,3167363543_VNAMZ,No Brand,https://sg-test-11.slatic.net/p/aaa097260cec095980d9a8ef5a6771b1.jpg,,//www.lazada.vn/products/pdp-i3167363543.html
1863,Chúng tôi TV bạn bè chủ đề dành cho người lớn sinh nhật bên bóng biểu ngữ Nền Bánh Topper trang trí nguồn cung cấp Quà Tặng thu thập đạo cụ chụp ảnh,2970662028_VNAMZ,No Brand,https://sg-test-11.slatic.net/p/f61190582f3c0386387dba5bb9c3117f.jpg,,//www.lazada.vn/products/pdp-i2970662028.html
1864,WSRYHDFE Phong cách Trung Quốc Khuôn bánh trung thu hoa 3D Silicone Khuôn đậu xanh Dụng cụ làm bánh Mềm Khuôn silicon hình hoa sen Lễ hội trung thu,3167332992_VNAMZ,No Brand,https://sg-test-11.slatic.net/p/4d0da0b5e9d6623dfbb9bc05351b132d.jpg,,//www.lazada.vn/products/pdp-i3167332992.html
1865,"1/6 Người Lính Thu Nhỏ Nhỏ Súng Mô Hình Vũ Khí Sa Mạc Đại Bàng P92 Colt Bánh Xe Bên Trái Glock Python Cho 12 ""Hành Động Hình Cơ Thể Búp Bê Toy1.14",2665128065_VNAMZ,No Brand,https://vn-live-01.slatic.net/p/ff574dccfa03e7f429fa0436c559b047.jpg_webp,,//www.lazada.vn/products/pdp-i2665128065.html
1866,DMEE Phong cách Trung Quốc Khuôn bánh trung thu hoa Silicone 3D Khuôn đậu xanh Khuôn nến Không dính Khuôn silicon hình hoa sen Lễ hội trung thu,3168159754_VNAMZ,No Brand,https://sg-test-11.slatic.net/p/d587aac9405dfbbe9e76ff6c5bd19d3c.jpg,,//www.lazada.vn/products/pdp-i3168159754.html
1867,LOPU Phong cách Trung Quốc Khuôn bánh trung thu hoa 3D Silicone Khuôn bánh ngọt lễ hội Dụng cụ làm bánh Không dính Khuôn silicon hình hoa sen Lễ hội trung thu,3167842480_VNAMZ,No Brand,https://sg-test-11.slatic.net/p/cf9d10513b1750456cf9a061d939e321.jpg,,//www.lazada.vn/products/pdp-i3167842480.html
1868,[GOOD] Phim Hoạt Hình Dễ Thương Trung Thu Bánh Trung Thu Gối Ôm Gối Ngủ Trưa Quà Tặng Công Ty Gối Đệm Đồ Chơi Sang Trọng Quà Tặng Cho Bé Gái,2809829393_VNAMZ,No Brand,https://vn-live-01.slatic.net/p/999d00cdaa43672544431b1a0010d7b3.jpg_webp,,//www.lazada.vn/products/pdp-i2809829393.html
1869,ECFRDR Phong cách Trung Quốc Khuôn bánh trung thu hoa Silicone 3D Khuôn silicon hình hoa sen Khuôn nến Mềm Khuôn đậu xanh Lễ hội trung thu,3167422179_VNAMZ,No Brand,https://sg-test-11.slatic.net/p/6f77232817a21cf4745f75250f88ee3b.jpg,,//www.lazada.vn/products/pdp-i3167422179.html
1870,TWCEJE168 Phong cách Trung Quốc Khuôn bánh trung thu hoa 3D Silicone Khuôn đậu xanh Dụng cụ làm bánh Mềm Khuôn silicon hình hoa sen Lễ hội trung thu,3167414218_VNAMZ,No Brand,https://sg-test-11.slatic.net/p/883698254aea0f5af8def3163b341e47.jpg,,//www.lazada.vn/products/pdp-i3167414218.html
1871,"2025 Bộ phận chuyển động của đồng hồ  NH37 NH38 NH39A Bánh xe thứ hai, bánh xe phút, bánh xe giờ, bánh xe trung tâm   Phụ Kiện Hoàn Toàn Mới",3034679256_VNAMZ,No Brand,https://vn-live-01.slatic.net/p/a67219a5e704a4c8d8f5f961fad249ea.jpg_webp,,//www.lazada.vn/products/pdp-i3034679256.html
1872,tjRRchghg SeaKnight Sea Knight Archer Second Generation Luya Fishing Line Wheel Long throw Rocky Fishing Raft Fishing Handbrake Spinning Wheel Fishing Wheel,2351521445_VNAMZ,No Brand,https://my-live-02.slatic.net/p/06f333b79a1731c753ea9007114ff6c8.jpg,,//www.lazada.vn/products/pdp-i2351521445.html
1873,"32Mm 1-1/4 ""Sáng Phôi Nhôm Racing Bore Bánh Xe Phía Sau Trung Tâm 1/4"" Bu Lông Cho Racing Đi Kart Giỏ Hàng Trôi Trike",2979069425_VNAMZ,No Brand,https://sg-test-11.slatic.net/p/d2172446234c38e6b9b80f4e14c9bd57.jpg,,//www.lazada.vn/products/pdp-i2979069425.html
1874,"Sáng phôi nhôm đua 1 ""25mm phía sau bánh xe trung tâm 1/4"" bu lông cho đua đi Kart trôi Trike",2775851005_VNAMZ,No Brand,https://sg-test-11.slatic.net/p/ab36c94cf59854ce41d5c7d7d3ff5eee.jpg,,//www.lazada.vn/products/pdp-i2775851005.html
1875,1/64 Subaru STI WRX thu nhỏ Mô hình đồ chơi xe diecast kim loại hợp kim 1:64 jkm siêu xe đua bánh xe miễn phí Bộ sưu tập quà tặng,2785844543_VNAMZ,No Brand,https://sg-test-11.slatic.net/p/9ecec523b6dc83cc29731715169d01d9.jpg,,//www.lazada.vn/products/pdp-i2785844543.html
1876,PPRVAU Phong cách Trung Quốc Khuôn bánh trung thu hoa Silicone 3D Khuôn bánh ngọt lễ hội Khuôn nến Mềm Khuôn đậu xanh Lễ hội trung thu,3167429096_VNAMZ,No Brand,https://sg-test-11.slatic.net/p/f1b7ffb511e364d86b3da6519336ff63.jpg,,//www.lazada.vn/products/pdp-i3167429096.html
1877,＜1225＞  Bước Vào Nhà Máy Bluetooth Gấp Thế Hệ Thứ Hai Weisoft Thế Hệ Thứ Hai   Nâng Cấp Bluetooth  Arc Touch  Quang Điện Cảm Ứng Không Dây,2942857302_VNAMZ,OEM,https://vn-live-01.slatic.net/p/77e8684250c0a60d55cf8e77cdc63366.jpg_webp,,//www.lazada.vn/products/pdp-i2942857302.html
1878,XAVINU Phong cách Trung Quốc Khuôn bánh trung thu hoa Silicone 3D Khuôn silicon hình hoa sen Dụng cụ làm bánh Mềm Khuôn đậu xanh Lễ hội trung thu,3167409183_VNAMZ,No Brand,https://sg-test-11.slatic.net/p/454796a668acf02e89ac1b525ea1b3c2.jpg,,//www.lazada.vn/products/pdp-i3167409183.html
1879,"50Th, Glitter Cupcake Topper Rhinestone 50 Dessert Toppers Picks Cake For 50Th Birthday Anniversary Wedding Party S",2471174922_VNAMZ,No Brand,https://sg-test-11.slatic.net/p/c87c19ff9143b8aacd7c00072aa35095.jpg,,//www.lazada.vn/products/pdp-i2471174922.html
1880,Máy làm bánh trứng gà non 30 lỗ công nghiệp [ BH - 12 Tháng] 1 đổi 1 trong 10 ngày chính hãng,2630178606_VNAMZ,No Brand,https://sg-test-11.slatic.net/p/0b530dd97bdf0587ca29ad6afa365d5c.jpg,,//www.lazada.vn/products/pdp-i2630178606.html
1881,"2025 Seiko NH05 NH06 Bánh Xe Ngựa, Bánh Xe Tự Động, Bánh Xe Ô Tự Động, Bánh Xe Bốn Bánh, Bánh Xe Thứ Hai, Bánh Xe Thời Gian, Bánh Xe Trung Tâm",3034758173_VNAMZ,No Brand,https://vn-live-01.slatic.net/p/eaf907e72866117c70421f2a7a282186.jpg_webp,,//www.lazada.vn/products/pdp-i3034758173.html
1882,IIU Phong cách Trung Quốc Khuôn bánh trung thu hoa Silicone 3D Khuôn bánh ngọt lễ hội Dụng cụ làm bánh Mềm Khuôn đậu xanh Lễ hội trung thu,3167389519_VNAMZ,No Brand,https://sg-test-11.slatic.net/p/d94780bb6cfefd5001d403b178b4764d.jpg,,//www.lazada.vn/products/pdp-i3167389519.html
1883,B3D1 Phong cách Trung Quốc Khuôn bánh trung thu hoa 3D Silicone Khuôn bánh ngọt lễ hội Dụng cụ làm bánh Mềm Khuôn đậu xanh Lễ hội trung thu,3167326517_VNAMZ,No Brand,https://sg-test-11.slatic.net/p/27e9d7b56dd67c2098c9d3a7c307e292.jpg,,//www.lazada.vn/products/pdp-i3167326517.html
1884,AMELY Phong cách Trung Quốc Giỏ tre Cổ điển Tự nhiên Hộp bánh trung thu Hộp đóng gói lễ hội Cầm tay Giỏ Dã Ngoại Lễ hội trung thu,3103806227_VNAMZ,No Brand,https://sg-test-11.slatic.net/p/3cf1f3bb893526577e9ffb8a37da668e.jpg,,//www.lazada.vn/products/pdp-i3103806227.html
1885,Siku Siêu Thể Thao Racing Xe Máy Xe Hơi Đồ Chơi Cho Trẻ Em 1/55 Diecast Thu Nhỏ Mô Hình Miễn Phí Bánh Xe Cảnh Sát Máy Bay Bộ Sưu Tập Quà Tặng Cậu Bé,2616583477_VNAMZ,No Brand,https://vn-live-01.slatic.net/p/118a643abdb629ebe5c618a0152bde03.jpg_webp,,//www.lazada.vn/products/pdp-i2616583477.html
1886,OOG Phong cách Trung Quốc Khuôn bánh trung thu hoa 3D Silicone Khuôn silicon hình hoa sen Thiết thực Không dính Khuôn đậu xanh Lễ hội trung thu,3167378479_VNAMZ,No Brand,https://sg-test-11.slatic.net/p/0a38100f87a43f90fb51068c4e17efbe.jpg,,//www.lazada.vn/products/pdp-i3167378479.html
1887,GJ56 Phong cách Trung Quốc Khuôn bánh trung thu hoa Silicone 3D Khuôn silicon hình hoa sen Khuôn nến Không dính Khuôn đậu xanh Lễ hội trung thu,3167329991_VNAMZ,No Brand,https://sg-test-11.slatic.net/p/b4fcb063e1794122818f3ace1a8053d1.jpg,,//www.lazada.vn/products/pdp-i3167329991.html
1888,3F Ul Gear Outdoor Sleeping Bag Pack Compression Stuff Sack High Quality Storage Carry Bag For Camping Hiking Mountain,2293682279_VNAMZ,No Brand,https://my-live-02.slatic.net/p/8f0e237c629dd8e389a84aacd3f4a801.jpg,,//www.lazada.vn/products/pdp-i2293682279.html
1889,BEIBEI Phong cách Trung Quốc Khuôn bánh trung thu hoa 3D Silicone Khuôn đậu xanh Thiết thực Không dính Khuôn bánh ngọt lễ hội Lễ hội trung thu,3167368049_VNAMZ,No Brand,https://sg-test-11.slatic.net/p/2d787d7b2b6eefcab84d2a7ec19f452f.jpg,,//www.lazada.vn/products/pdp-i3167368049.html
1890,Miễn phí vận chuyển 12x1.75 bánh xe trung tâm sử dụng 1/2x2 1/4 1/2x2.75 lốp bên trong ống phù hợp với nhiều khí điện xe tay ga e-bike 'vành,2731252726_VNAMZ,No Brand,https://sg-test-11.slatic.net/p/cd53689e865c899da3c26c0f34cff20c.jpg,,//www.lazada.vn/products/pdp-i2731252726.html
1891,#GRAF Giày Trượt Patin Đất Khô Bóng Cong Giày Trượt Băng Bánh Xe Đàn Hồi Cao Hấp Thụ Sốc Thiết Kế Độ Cứng Kép 4 Đóng Gói,2857277505_VNAMZ,No Brand,https://vn-live-01.slatic.net/p/3b71310eca42156e91cdc859b83180f6.jpg_webp,,//www.lazada.vn/products/pdp-i2857277505.html
1892,[MDJT] 20g Mini Flower Moon Cake Mold Mung Bean Cake Daisy Sunflower Lotus Shape Cookie Stamp Mid-Autumn Festival Hand Pressed Pastry,2730512192_VNAMZ,No Brand,https://sg-test-11.slatic.net/p/10e6ee6bcca3e9cbef8d8093c12b6016.jpg,,//www.lazada.vn/products/pdp-i2730512192.html
1893,SYXQUS Phong cách Trung Quốc Khuôn bánh trung thu hoa Silicone 3D Khuôn bánh ngọt lễ hội Thiết thực Không dính Khuôn silicon hình hoa sen Lễ hội trung thu,3167412164_VNAMZ,No Brand,https://sg-test-11.slatic.net/p/240b024543efa5d2356514b9980cd54f.jpg,,//www.lazada.vn/products/pdp-i3167412164.html
1894,RD5BA7 Phong cách Trung Quốc Khuôn bánh trung thu hoa 3D Silicone Khuôn bánh ngọt lễ hội Khuôn nến Mềm Khuôn silicon hình hoa sen Lễ hội trung thu,3167425214_VNAMZ,No Brand,https://sg-test-11.slatic.net/p/caefbc15ea845dc8b274266bf6dd4b83.jpg,,//www.lazada.vn/products/pdp-i3167425214.html
1895,DOI4RE Phong cách Trung Quốc Khuôn bánh trung thu hoa Silicone 3D Khuôn đậu xanh Thiết thực Không dính Khuôn silicon hình hoa sen Lễ hội trung thu,3167443003_VNAMZ,No Brand,https://sg-test-11.slatic.net/p/704562f089e39996c18ed4d8b85b610b.jpg,,//www.lazada.vn/products/pdp-i3167443003.html
1896,DSFYG Phong cách Trung Quốc Khuôn bánh trung thu hoa 3D Silicone Khuôn bánh ngọt lễ hội Thiết thực Không dính Khuôn silicon hình hoa sen Lễ hội trung thu,3167423190_VNAMZ,No Brand,https://sg-test-11.slatic.net/p/95e7167e7ceb0dc9f391a2204e0c63c2.jpg,,//www.lazada.vn/products/pdp-i3167423190.html
1897,13 inch 4.10-6 inch trung tâm lốp xe tuyết cày bướm lốp 47cc cho 49cc nhỏ ATV đi Kart  Quad Xe đạp trượt tuyết bánh xe các bộ phận,2765455410_VNAMZ,No Brand,https://sg-test-11.slatic.net/p/9069ea21e85890791184b9f59e5440a8.jpg,,//www.lazada.vn/products/pdp-i2765455410.html
1898,Q683 Motorcycle Umbrella Canopy Three wheeled Electric Vehicle Sunshade Umbrella Sun Umbrella Extra Large Thick Canopy jigerby,2609144066_VNAMZ,No Brand,https://sg-test-11.slatic.net/p/47435f3cb58397dd2b41667b6c93df51.jpg,,//www.lazada.vn/products/pdp-i2609144066.html
1899,BMFUEW Phong cách Trung Quốc Khuôn bánh trung thu hoa 3D Silicone Khuôn đậu xanh Dụng cụ làm bánh Mềm Khuôn bánh ngọt lễ hội Lễ hội trung thu,3167376646_VNAMZ,No Brand,https://sg-test-11.slatic.net/p/7c6c2e34e305afff6ab0dd4008fc9023.jpg,,//www.lazada.vn/products/pdp-i3167376646.html
1900,PHRTE Hand-Pressed Stuffing Machine Mooncake Stuffing Separator Peach Pastry Divider Dough Quantitative Baking Mold Kitchen Tools ERJEH,2631144740_VNAMZ,No Brand,https://sg-test-11.slatic.net/p/d1fa104ce63dba57b2d0840a8594527e.jpg,,//www.lazada.vn/products/pdp-i2631144740.html
1901,Quạt đứng fc104 cho cho milwaukee M18 Ryobi cho thợ thủ công Decker màu đen cho Makita Dewalt với pin lithium 14.4-18V,2395483962_VNAMZ,No Brand,https://vn-live-01.slatic.net/p/ea10e285428a607fb412735d8390075c.jpg_webp,,//www.lazada.vn/products/pdp-i2395483962.html
1902,"(BBLL) Gốm Men Ngọc Long Tuyền, Lò Nung, Bánh Răng Sắt, Bánh Răng Cá Nhân Thủ Công, Bánh Răng Chủ Nhân, Cốc Trà Gốm Sứ Kiểu Trung Quốc, Cốc Đơn Cao Cấp",3087198225_VNAMZ,No Brand,https://sg-test-11.slatic.net/p/5d420276ef3d3dcf10593c67f67d353e.jpg,,//www.lazada.vn/products/pdp-i3087198225.html
1903,100*280Cm Trẻ Em Của Căng Đu Trong Nhà Trị Liệu Đu Cảm Giác Điều Trị Đàn Hồi Đu Tuyệt vời Cho Tự kỉ Điều Trị Đu,2484399400_VNAMZ,No Brand,https://sg-test-11.slatic.net/p/d865c658dda638f5a99e47620bf316c7.jpg,,//www.lazada.vn/products/pdp-i2484399400.html
1904,JiaShuo Baby Toy Mô hình tủ trưng bày bánh thu nhỏ Nhà búp bê 1:12 phụ kiện trang trí thủ công,3108954668_VNAMZ,JiaShuo Baby,https://sg-test-11.slatic.net/p/631ee24d0fba831beabc168ce29b3a30.jpg,,//www.lazada.vn/products/pdp-i3108954668.html
1905,"Lốp 12 Inch 12 1/2 X 2 1/4/2.40, lốp bên trong phù hợp với nhiều xe máy điện cho ST1201 ST1202 e-Bike 12 1/2X2 1/4 12 1/2x2.75",3026159867_VNAMZ,No Brand,https://vn-live-01.slatic.net/p/bc56e33134a615f898a3ab4de25c0106.jpg_webp,,//www.lazada.vn/products/pdp-i3026159867.html
1906,ZYEarth Premium Mountain Bike Handlebar Grips for Optimal Riding Performance,3159783882_VNAMZ,No Brand,https://sg-test-11.slatic.net/p/5d96acec07cdeb8deb499a71a1b79f39.jpg,,//www.lazada.vn/products/pdp-i3159783882.html
1907,WENQI Phong cách Trung Quốc Khuôn bánh trung thu hoa 3D Silicone Khuôn bánh ngọt lễ hội Dụng cụ làm bánh Không dính Khuôn đậu xanh Lễ hội trung thu,3167424122_VNAMZ,No Brand,https://sg-test-11.slatic.net/p/74d44df4e428f29d6803649e625e26bc.jpg,,//www.lazada.vn/products/pdp-i3167424122.html
1908,(HOT 431LIN) Sailored Moon Girl Birthday Party Decoration Balloon Princess Girl Birthday Shower Flag Banner Cake Toppers Party Supplies,3053721850_VNAMZ,No Brand,https://my-live-02.slatic.net/p/0900bfb343566f0979f61664749e7dca.jpg,,//www.lazada.vn/products/pdp-i3053721850.html
1909,"（Chen） Gốm Men Ngọc Long Tuyền, Lò Nung, Bánh Răng Sắt, Bánh Răng Cá Nhân Thủ Công, Bánh Răng Chủ Nhân, Cốc Trà Gốm Sứ Kiểu Trung Quốc, Cốc Đơn Cao Cấp",3095025252_VNAMZ,No Brand,https://sg-test-11.slatic.net/p/5d420276ef3d3dcf10593c67f67d353e.jpg,,//www.lazada.vn/products/pdp-i3095025252.html
1910,Mooncake mold household w center to make Bean paste cake model non stick Cantonese emed ice crust Dim sum printing tool pastry Xiru Baking Trays & Pans,3048518913_VNAMZ,No Brand,https://sg-test-11.slatic.net/p/ab54545a2b6e5b16200ad16d263d19e7.jpg,,//www.lazada.vn/products/pdp-i3048518913.html
1911,"Wedding Red Umbrella, Wedding Lace and Lace Embroidery, Chinese Wedding Long handled Umbrella, Bride's Joyful Umbrella jigerby",2609141979_VNAMZ,No Brand,https://sg-test-11.slatic.net/p/e537c877d5c70367e89bb6f6a9ae5356.jpg,,//www.lazada.vn/products/pdp-i2609141979.html
1912,Wltoys 124007 1/12 RC Xe Phụ Tùng Ban Đầu Bộ Hoàn Chỉnh Vỏ Xe Sốc Hấp Thụ Lốp Con Chó Xương Động Cơ Khác Biệt Receiver,2791455216_VNAMZ,No Brand,https://sg-test-11.slatic.net/p/f6273c04fb4b9c262807f657ef8a940b.jpg,,//www.lazada.vn/products/pdp-i2791455216.html
1913,"Vận chuyển từ Trung Quốc [2025]I0332  Quà tặng sinh viên sáng tạo, trang trí đồng hồ cát hình bánh xe đu quay retro   Đồ trang trí và thủ công trang trí nh",3045211758_VNAMZ,No Brand,https://vn-live-01.slatic.net/p/64f62316d516c48aadaff307074d1733.jpg_webp,,//www.lazada.vn/products/pdp-i3045211758.html
1914,Senior Trang Phục Bánh Mì Nướng Phong Cách Trung Quốc Cô Dâu Hiện Đại 2024 Váy Dạ Hội Kiểu Trung Quốc Sườn Xám Đỏ Mẫu Thu Trang Phục Cưới Tôn Dáng Gầy Cho,2959267650_VNAMZ,No Brand,https://vn-live-01.slatic.net/p/16e8f24c62aed2a8b98066711f6f126d.jpg_webp,,//www.lazada.vn/products/pdp-i2959267650.html
1915,Chanmoo 1/10 off-road Buggy Lốp bánh xe lốp 12mm Hex cho RC xe srx2 srx4 TEKNO yokomo Mô hình đồ chơi phụ kiện Serpentine,2788307193_VNAMZ,No Brand,https://sg-test-11.slatic.net/p/c8fa8930f99b28c40f8d7cba4f141b53.jpg,,//www.lazada.vn/products/pdp-i2788307193.html
1916,8 cái/bộ Trung Quốc In Ấn Cổ Điển Bánh Xe Mô Giấy Treo Người Quạt Hoa Thủ Công Cho Sinh Nhật Đảng Wedding Bé Tắm Trang Trí,2973896954_VNAMZ,No Brand,https://vn-live-01.slatic.net/p/6343007481b8a91859487c0cea374a63.jpg_webp,,//www.lazada.vn/products/pdp-i2973896954.html
1917,"Chongqing's Notorious Lure, Black Cake White Carp, Big Fat Head, Sea Pole, Flower Basket, Throwing Rod Bait, Nest Material Ashqarodahl-Cb",2952785381_VNAMZ,No Brand,https://sg-test-11.slatic.net/p/7766a34c8fcd39d5d57cff4bac3e5179.jpg,,//www.lazada.vn/products/pdp-i2952785381.html
1918,TFHDFHRG Phong cách Trung Quốc Khuôn bánh trung thu hoa Silicone 3D Khuôn đậu xanh Khuôn nến Mềm Khuôn bánh ngọt lễ hội Lễ hội trung thu,3167428107_VNAMZ,No Brand,https://sg-test-11.slatic.net/p/1fcf0120a572f6dc996f6af9f115f3e3.jpg,,//www.lazada.vn/products/pdp-i3167428107.html
1919,DIY 50g Moon Cake Mold W/6 Stamps Mid Autumn Festival Decoration Press,3149471294_VNAMZ,No Brand,https://my-live-02.slatic.net/p/46c450cb96e3f5bafb7ac457cb1c5487.jpg,,//www.lazada.vn/products/pdp-i3149471294.html
1920,Người hâm mộ người hâm mộ Trung Quốc Đũa Pin Người phụ nữ retro Kim loại Bánh mì có mặt dây chuyền cho Cheongsam Han Quần áo mặc trà TF-Hom-VN,3141049040_VNAMZ,OPK,https://sg-test-11.slatic.net/p/a3840b3eba9b8f20a8ef36b3325cf669.jpg,,//www.lazada.vn/products/pdp-i3141049040.html
1921,TRYJUV 3D Khuôn bánh trung thu hoa Phong cách Trung Quốc Silicone Khuôn silicon hình hoa sen Dụng cụ làm bánh Mềm Khuôn đậu xanh Lễ hội trung thu,3167349830_VNAMZ,No Brand,https://sg-test-11.slatic.net/p/a5ef0c9f89f93fe8d6168182b8a557b9.jpg,,//www.lazada.vn/products/pdp-i3167349830.html
1922,DFJET Phong cách Trung Quốc Khuôn bánh trung thu hoa Silicone 3D Khuôn bánh ngọt lễ hội Khuôn nến Mềm Khuôn silicon hình hoa sen Lễ hội trung thu,3167413210_VNAMZ,No Brand,https://sg-test-11.slatic.net/p/63e32614c30fd9d9e1d7fb15c257f0f1.jpg,,//www.lazada.vn/products/pdp-i3167413210.html
1923,Wltoys 12429 RC Xe phụ tùng động cơ nhận được Board điều khiển từ xa khác biệt bánh kéo cánh tay ổ trục cản trước vv.,2824599891_VNAMZ,No Brand,https://vn-live-01.slatic.net/p/058dd79f2ee9a9e2b2cec07098293180.jpg_webp,,//www.lazada.vn/products/pdp-i2824599891.html
1924,Trải nghiệm bóng bánh răng in 3D - Đồ chơi thần tài hình cầu bánh răng thú vị để giảm căng thẳng và tập trung - Hoàn hảo cho sinh viên và học sinh,3048748323_VNAMZ,No Brand,https://vn-live-01.slatic.net/p/8c3682cca999114c8bc9941486ed8f3e.jpg_webp,,//www.lazada.vn/products/pdp-i3048748323.html
1925,16cm 1:400 B757-200 mô hình DHL chuyển phát nhanh các hãng hàng không W cơ sở hợp kim máy bay máy bay thu hiển thị Mô hình bộ sưu tập,2712210612_VNAMZ,No Brand,https://vn-live-01.slatic.net/p/338e3f2d9fed01086c742084bbc6d348.jpg_webp,,//www.lazada.vn/products/pdp-i2712210612.html
1926,Giày trắng satin phong cách Trung Quốc mới cho phụ nữ 2024 Giày thể thao mùa thu mới thoáng khí xu hướng quốc gia cho sinh viên giày thể thao đế dày đa năn,3006746489_VNAMZ,No Brand,https://vn-live-01.slatic.net/p/ff58c10bc052982889965a6d099d819d.jpg_webp,,//www.lazada.vn/products/pdp-i3006746489.html
1927,Hotrc HT-8A điều khiển từ xa 2.4G 8CH 4.5-9V PWM FHSS Transmitter với F-08A Receiver cho RC FPV  máy bay xe tàu Tank,2478627236_VNAMZ,No Brand,https://vn-live-01.slatic.net/p/5ac3d54abec460f8d366dde06ef821ca.jpg_webp,,//www.lazada.vn/products/pdp-i2478627236.html
1928,"Shougong and Shoupo cake decoration ornaments for the elderly, birthday celebration fans, plum blossom longevity peaches, plug-in accessories shan1583129191648@hqccs.com-CB",2565711830_VNAMZ,No Brand,https://sg-test-11.slatic.net/p/0254350804bfb791d359c99ed99575ef.jpg,,//www.lazada.vn/products/pdp-i2565711830.html
1929,【Special price】🎁LC 1:12 quầy bánh thu nhỏ bằng gỗ tủ trưng bày đồ trang trí nhà búp bê,2800205796_VNAMZ,No Brand,https://sg-test-11.slatic.net/p/b23b4baaa53ac0d15654350111c8bc8f.jpg,,//www.lazada.vn/products/pdp-i2800205796.html
1930,"[cheapest] Vận Chuyển Trung Quốc XXXXXXXXXXX Mẫu Nổ   Súng Fascia, Thiết Bị Thư Giãn Cơ Thể Thao, Rung Cầm Tay Cầm Tay, Nới Lỏng Và Sạc Di Động",2807803775_VNAMZ,No Brand,https://vn-live-01.slatic.net/p/7f908e4325db55028b4230273f904b4b.jpg_webp,,//www.lazada.vn/products/pdp-i2807803775.html
1931,Thickened three-dimensional household Bean paste ice skin moon Dim sum cake mid-autumn baking press mold Baking Trays & Pans,3048726287_VNAMZ,No Brand,https://sg-test-11.slatic.net/p/cee42150b8ffc2401356a0388bf08146.jpg,,//www.lazada.vn/products/pdp-i3048726287.html
1932,"Mô hình xe tăng Mecca IV điều khiển từ xa Henglong 3958-1, phụ kiện đường ray nhựa, bánh xe đường dẫn động cảm ứng",2985687772_VNAMZ,No Brand,https://sg-test-11.slatic.net/p/f7a97d4e8447ce3aaff9043e6650b467.jpg,,//www.lazada.vn/products/pdp-i2985687772.html
1933,Ngoài Trời Thiết Kế Ban Đầu Giày Sầu Riêng Đế Dày 2023 Mùa Thu Mới Đế Bánh Xốp Giày Thể Thao Leo Núi Siêu Hot,2530792981_VNAMZ,No Brand,https://vn-live-01.slatic.net/p/76d8c9866e4cef72fd04858962506bf5.jpg_webp,,//www.lazada.vn/products/pdp-i2530792981.html
1934,Artist Gather Baby Push Walker Stable Structure Adjustable Speed for Toddlers Activity Center,2851984695_VNAMZ,No Brand,https://sg-test-11.slatic.net/p/5407b775eb3ed6c970299caf5498cfcf.jpg,,//www.lazada.vn/products/pdp-i2851984695.html
1935,"1/64 Lamborghini Aventador Sv Coupe LP750-4, 1:64 Diecast Siêu Đồ Chơi Xe Hơi Mô Hình 3 ''Bánh Xe Nóng Thu Nhỏ, Hợp Kim Quà Tặng Cho Trẻ Em",2785910363_VNAMZ,No Brand,https://vn-live-01.slatic.net/p/b87af7a7997d7f790af5e8013ea910e6.jpg_webp,,//www.lazada.vn/products/pdp-i2785910363.html
1936,"New mooncake music, chess, calligraphy, painting, 50g hand press for Mid Autumn Festival pastries, pineapple cakes, resin mold Baking Trays & Pans",3048476969_VNAMZ,No Brand,https://sg-test-11.slatic.net/p/f077a2079c3f3c3f48c620465a4d4e24.jpg,,//www.lazada.vn/products/pdp-i3048476969.html
1937,"Vận chuyển từ Trung Quốc [2025] Máy mát xa vai cổ Chigo mới, máy mát xa vai cổ, áo massage sưởi ấm vai, áo massage có thể sạc lại, thư giãn cổ 317",3069349243_VNAMZ,No Brand,https://vn-live-01.slatic.net/p/dfb6f0841d0537f2da9dbbd3f0361035.jpg_webp,,//www.lazada.vn/products/pdp-i3069349243.html
1938,"Xe Máy M7 Hệ Thống Phát Hiện Áp Suất Lốp, Cảm Biến Bên Ngoài, Màn Hình Áp Suất Lốp Đặc Biệt Cho Xe Hai Bánh, Báo Động Màu Đỏ",3043618485_VNAMZ,No Brand,https://vn-live-01.slatic.net/p/6c116f78e9f9b5d6fb56f9695c035f32.jpg_webp,,//www.lazada.vn/products/pdp-i3043618485.html
1939,Ban đầu nóng bánh xe cao cấp SUPER Mario Kart Bros mô hình thu nhỏ xe diecast 1/64 trở lại tương lai Hotwheels xe hotweheels,2864699478_VNAMZ,No Brand,https://vn-live-01.slatic.net/p/205dc6053cb499a4808c926069870358.jpg_webp,,//www.lazada.vn/products/pdp-i2864699478.html
1940,Bánh Điêu Khắc Polymer Công Cụ Đất Sét Bánh Điêu Khắc Với 20 Lời Khuyên Đất Sét Thủ Công Hoàn Hảo Rose Gold Đường Dán Đùn Fondant,3070639147_VNAMZ,No Brand,https://vn-live-01.slatic.net/p/8895426ceb665c04e77b99c3e60b21ae.jpg_webp,,//www.lazada.vn/products/pdp-i3070639147.html
1941,Wltoys bê tông cốt thép Điều khiển từ xa Xe phụ tùng nguyên bản 124017 124016 144001 124008 khung gầm 1/12 bánh răng chó xương chỉ đạo cốc,2841807076_VNAMZ,No Brand,https://vn-live-01.slatic.net/p/87bb3d9b690194f63e69e3cdddfd7780.jpg_webp,,//www.lazada.vn/products/pdp-i2841807076.html
1942,Wltoys 1/12 124007 RC Xe Ban Đầu Phụ Tùng Bộ Hoàn Chỉnh Khác Biệt Vỏ Xe Sốc Hấp Thụ Lốp Con Chó Xương Động Cơ Receiver,2788431359_VNAMZ,No Brand,https://sg-test-11.slatic.net/p/a8414dcf47f209a7d25cbc8799c4e003.jpg,,//www.lazada.vn/products/pdp-i2788431359.html
1943,Bộ bánh răng truyền động đua MOFO CAIZHUANGSHI 19x39T 15x42T 16x42T cho xe tay ga Honda DIO ZX 50 AF18 AF28 AF34 AF35,3049719076_VNAMZ,No Brand,https://vn-live-01.slatic.net/p/69cde384fae34c010ac0f169dbbb2192.jpg_webp,,//www.lazada.vn/products/pdp-i3049719076.html
1944,Electric Scooter Warehouse Car Tires Inner Tube Fit Electric Tricycle Trolley 10 Inch 4.10/3.50-4 Tyre 430/350-4 Outer,2409008305_VNAMZ,No Brand,https://sg-test-11.slatic.net/p/7b525403cd5f1370d4f4d98925fc5008.jpg,,//www.lazada.vn/products/pdp-i2409008305.html
1945,"New mooncake mould, fortune making, Bean paste cake, hand pressed, national style, Guangdong style ice cream 50g, 7g Baking Trays & Pans",3048722402_VNAMZ,No Brand,https://sg-test-11.slatic.net/p/860f19ecde6b0ad617174af741eea0dc.jpg,,//www.lazada.vn/products/pdp-i3048722402.html
1946,Miễn Phí Vận Chuyển 2Pcs 5.5 Inch 140Mm Lốp Rim Rắn Urethane Lốp Cho Xe Điện Bé Xe Đẩy Giỏ Hàng Bánh Xe,2731315858_VNAMZ,No Brand,https://sg-test-11.slatic.net/p/5e0141be7f9b738bd9ac578372ddd102.jpg,,//www.lazada.vn/products/pdp-i2731315858.html
1947,Cute little chesut big mung bean frosted moon cake mold small shell nut hand diy tool Baking Trays & Pans,3123087518_VNAMZ,No Brand,https://sg-test-11.slatic.net/p/7b2c245a366c6954f881f8a3d5ac40c8.jpg,,//www.lazada.vn/products/pdp-i3123087518.html
1948,"MJX Hyper Go RC xe 16208 16209 16210 h16h, h16e, h16p sửa đổi phụ tùng vỏ xe thành phần tương thích với MJX 1/16",2791298852_VNAMZ,No Brand,https://sg-test-11.slatic.net/p/5ff92c097209acda8c2e5bcaa6e59859.jpg,,//www.lazada.vn/products/pdp-i2791298852.html
1949,Vòng Tròn của thứ năm Bánh Xe Guitar Hợp Âm Bánh Xe Hợp Kim Nhôm Giai Điệu Công Cụ Nhạc Cụ Phụ Kiện Hợp Âm Bánh Xe Cho Các Nhạc sĩ,2907609023_VNAMZ,No Brand,https://vn-live-01.slatic.net/p/4f9e8c04bae30d48d6b9f408b6c2f66e.jpg_webp,,//www.lazada.vn/products/pdp-i2907609023.html
1950,Mooncake household Bean paste pressing mold cake model printing tool embossing hand pressed dream of making ice-cream Dim sum Baking Trays & Pans,3048774112_VNAMZ,No Brand,https://sg-test-11.slatic.net/p/0065bbc9a3d971c0d0678e186a71e291.jpg,,//www.lazada.vn/products/pdp-i3048774112.html
1951,Purple xuan Chinese cabbage seeds purple Ye Xiaobai rapeseed vegetables rapeseed leaf purple peasant rural vegetables away,1550442200_VNAMZ,No Brand,https://my-live-02.slatic.net/p/f4653a4c79297fa36bdea90e934b615a.jpg,,//www.lazada.vn/products/pdp-i1550442200.html
1952,"Sáng phôi nhôm đua 1 ""25mm phía sau bánh xe trung tâm 1/4"" bu lông cho đi Kart trôi Trike",2979019788_VNAMZ,No Brand,https://sg-test-11.slatic.net/p/4237ba596701978776b1d5dd635a85f5.jpg,,//www.lazada.vn/products/pdp-i2979019788.html
1953,"9x3.50-4 khí nén lốp bánh xe cho điện khí xe tay ga, Túi xe đạp, máy cắt, đi Kart 9*3.50-4 bánh xe lốp",2730465581_VNAMZ,No Brand,https://sg-test-11.slatic.net/p/d4651eba4ea479633713eb1281601a58.jpg,,//www.lazada.vn/products/pdp-i2730465581.html
1954,[2024] Lô Hàng Trung Quốc Được Lựa Chọn Cẩn Thận 2024 Giày Thể Thao Mùa Thu Cho Trẻ Em Màn Hình Hổ Giày Trắng Chống Đá Cho Học Sinh Nam Và Nữ Giày Bánh Quy,2819599096_VNAMZ,No Brand,https://vn-live-01.slatic.net/p/20b4b95a867bb5d03e25bf19521390b5.jpg_webp,,//www.lazada.vn/products/pdp-i2819599096.html
1955,🔥 Line fire according to jade flashlight identification special strong light professional to see emerald jewelry text play purple light money inspection light pen,2174467290_VNAMZ,No Brand,https://my-live-02.slatic.net/p/9ccfe31061c083baeb133f0105e123b5.jpg,,//www.lazada.vn/products/pdp-i2174467290.html
1956,AERERA Children's Candy Color Low-top Canvas Sneakers with Velcro Closure 2024 New Style for Boys and Girls - Malaysia,2873408432_VNAMZ,OEM,https://sg-test-11.slatic.net/p/f407cf585301d39c7d360033251cd320.jpg,,//www.lazada.vn/products/pdp-i2873408432.html
1957,Most Powerful LED Flashlights USB Rechargeable XHP360 Flashlight High Power Tactical Lantern Super Bright Camping Portable Torch,2495127952_VNAMZ,No Brand,https://sg-test-11.slatic.net/p/435dbb556cc376c255e110a95dab84e4.jpg,,//www.lazada.vn/products/pdp-i2495127952.html
1958,10 inch 10x2 Inflatable bánh xe lốp 10x2-6.1 dày bên trong lốp bên ngoài với Vành hợp kim cho  MIJIA M365 điện xe tay ga,2730553370_VNAMZ,No Brand,https://sg-test-11.slatic.net/p/5e321acd75b44a40c77bc0b7ee75849a.jpg,,//www.lazada.vn/products/pdp-i2730553370.html
1959,2023 Handmade Paper Kite Prop Kite DIY Set Fenglao Era Mini Boutique Sand Swallow Kite Adultgo7gj3,2379409720_VNAMZ,No Brand,https://sg-test-11.slatic.net/p/7b88571bdbd23f4bc69a50cfebac48e6.jpg,,//www.lazada.vn/products/pdp-i2379409720.html
1960,Máy làm bánh trứng gà non 30 lỗ công nghiệp [ BH - 12 Tháng] 1 đổi 1 trong 10 ngày chính hãng,2481011186_VNAMZ,No Brand,https://sg-test-11.slatic.net/p/bea3d8b23284562e31f0343ec00d2831.jpg,,//www.lazada.vn/products/pdp-i2481011186.html
1961,8 5 lốp rắn với trung tâm không khí chống nổ thay thế bánh xe phía sau RIM & Lốp cao su hấp thụ sốc,3130369260_VNAMZ,Yosoo,https://sg-test-11.slatic.net/p/d967892d40364174936facc9947847c7.jpg,,//www.lazada.vn/products/pdp-i3130369260.html
1962,1/12 KAWASAKI hợp kim 400 mô hình xe máy Đồ chơi xe mô phỏng cao với bánh sau nhẹ kéo trở lại chức năng xe máy thu thập Quà Tặng,2616219056_VNAMZ,No Brand,https://vn-live-01.slatic.net/p/f72ed5a67841aa3cc1b1399cfb0baf29.jpg_webp,,//www.lazada.vn/products/pdp-i2616219056.html
1963,Original Replacement Spare Parts For MJX Hyper Go H16H H16E H16P 16207 16208 16209 16210 RC Car Accessories,2371478985_VNAMZ,No Brand,https://my-live-02.slatic.net/p/8bc3ca47c1d468c47f922047f7c7c2e2.jpg,,//www.lazada.vn/products/pdp-i2371478985.html
1964,[op041] WLtoys 12428 2.4G 1:12 4WD Crawler Remote Control RC Car Crawler RTR 50km/H High Speed RC Off-road Buggy Vehicle Trucks Car Toys,2785167810_VNAMZ,No Brand,https://sg-test-11.slatic.net/p/5e3446dee89d0e6e8267083ce9966b68.png,,//www.lazada.vn/products/pdp-i2785167810.html
1965,TEMPTAZA Solid Color Mesh Sneakers Children's Set Low-cut Biscuit Shoes Men's and Women's【Malaysia】s,2873380400_VNAMZ,OEM,https://sg-test-11.slatic.net/p/0debb3648fc4e6bfb88fa89c346754fb.jpg,,//www.lazada.vn/products/pdp-i2873380400.html
1966,Women's Wedge Shoes Hand-sewn Leather 5cm Soft Sponge Cake Bottom Casual Shoes 2023 New One-pedal Comfortable Mother Shoes with Women's Shoes,2322765218_VNAMZ,OEM,https://my-live-02.slatic.net/p/19fb069409f4b46dfc49a810fb6d8556.jpg,,//www.lazada.vn/products/pdp-i2322765218.html
1967,MJX Hyper Go RC xe 16207 16208 16209 16210 ban đầu phụ tùng cánh tay bánh trước ghế giảm xóc khác biệt khung gầm lốp,2791379417_VNAMZ,No Brand,https://sg-test-11.slatic.net/p/3e0412193532e88762eec8c239d4ca0d.jpg,,//www.lazada.vn/products/pdp-i2791379417.html
1968,Hot Bánh Xe Màu Shifters Thay Đổi Thu Nhỏ Xe Mô Hình Đồ Chơi Cho Bé Trai 1:64 Hotwheels Quà Tặng 1/64 Quà Tặng Hotweheels Bhr15 Hoteelws,2864640217_VNAMZ,No Brand,https://vn-live-01.slatic.net/p/b3c38ce3ef6be120b49f6963bbbc824a.jpg_webp,,//www.lazada.vn/products/pdp-i2864640217.html
1969,1:12 HONDA cb400x xe máy hợp kim xe máy xe mô hình Diecast kim loại xe mô hình cao cấp trẻ em Đồ chơi cậu bé Quà Tặng thu thập bánh xe nóng,2814795546_VNAMZ,No Brand,https://vn-live-01.slatic.net/p/15072fad1bf60e734b371bf6bf522d6d.jpg_webp,,//www.lazada.vn/products/pdp-i2814795546.html
1970,Bushcraft Auger cờ lê sinh tồn ngoài trời tay khoan dụng cụ sinh tồn ngoài trời thể thao rừng thủ công cắm trại phụ kiện bushcraft,2679353264_VNAMZ,No Brand,https://vn-live-01.slatic.net/p/3f53deaed8b335195b396fa1ff642cdf.jpg_webp,,//www.lazada.vn/products/pdp-i2679353264.html
1971,MJX Hyper Go RC xe 16208 16209 16210 sửa đổi phụ tùng vỏ xe thành phần tương thích với MJX 1/16,2864722445_VNAMZ,No Brand,https://vn-live-01.slatic.net/p/5df8b3208e51f99d4be64cb13449085d.jpg_webp,,//www.lazada.vn/products/pdp-i2864722445.html
1972,KDUVR 1/14 Scale Front Spotlight Lamp for Tamiya RC Dump Truck SCANIA 770S 6X4 56368 8X4 56371 Car Accessories VIKGE,2668619337_VNAMZ,No Brand,https://sg-test-11.slatic.net/p/90aa15fbadcc02ef245fcde0da33d505.png,,//www.lazada.vn/products/pdp-i2668619337.html
1973,《Fine grapefruit》Suomy Motorcycle Half Finger Gloves Protection Men Motorcycle Fingerless GlovesBiker Motocross Gloves Motorcyclist Summer,3022122591_VNAMZ,No Brand,https://my-live.slatic.net/p/6c11b3c97c836b97c2625c87768dddd6.jpg,,//www.lazada.vn/products/pdp-i3022122591.html
1974,TM In Stock 1:64 LBWK MINI R56 Energy Beverage Coating Alloy Diorama Car Model Collection Miniature Carros Toys,2502244987_VNAMZ,No Brand,https://sg-test-11.slatic.net/p/62daab08e08dc20afd16303beebe8f75.jpg,,//www.lazada.vn/products/pdp-i2502244987.html
1975,"sonhuang Ceramic Home Use, Non-Stick Wok, Egg Pancake Pan, Suitable for Induction Cooker and Gas Stove, Steak Frying Pan",3126092277_VNAMZ,No Brand,https://sg-test-11.slatic.net/p/8e958c24213a18c9380eb828ea9772a2.jpg,,//www.lazada.vn/products/pdp-i3126092277.html
1976,(HOT 431LIN) Eleven Things ST Theme Balloon Cake Insert Banner Set Latex Balloons Stranger Things Birthday Party Decor Baby Shower Balloons,3053636952_VNAMZ,No Brand,https://my-live-02.slatic.net/p/9a1a3d82be3e94bf66d2e20fb5697fd2.jpg,,//www.lazada.vn/products/pdp-i3053636952.html
1977,Mjx Hyper Go RC xe h16h h16e h16p ban đầu phụ tùng vỏ cánh tay bánh xe ghế khác biệt khung gầm lốp động cơ truyền trục,2791124925_VNAMZ,No Brand,https://sg-test-11.slatic.net/p/b49cf0e0db3bcc2dfe6e784093761cd9.jpg,,//www.lazada.vn/products/pdp-i2791124925.html
1978,4Pcs/Set 75g Mooncake Ten-petal Lotus Chinese Tradition Home DIY Festival Pastry Decoration Tools Kitchen Baking Mold Baking Trays & Pans,3123126633_VNAMZ,No Brand,https://sg-test-11.slatic.net/p/1534fd646aff25045319badfbad96aeb.jpg,,//www.lazada.vn/products/pdp-i3123126633.html
1979,(HOT 431LIN) 1 set Beauty and the beast Foil Balloon 32inch Number Latex Balloons Cake baby 1 2 3st Birthday Party Decoration Kids Toy Globos,3053636982_VNAMZ,No Brand,https://my-live-02.slatic.net/p/ed4d7368eea97011a04466d11fac52e2.jpg,,//www.lazada.vn/products/pdp-i3053636982.html
1980,Mantou concave bottom hollow surface deep round wood mould bean paste steamed bun Soviet style moon cake egg yolk crisp dough Xu Xiao Baking Trays & Pans,3048765129_VNAMZ,No Brand,https://sg-test-11.slatic.net/p/4403662f8193eae5c3b68077b19cab13.jpg,,//www.lazada.vn/products/pdp-i3048765129.html
1981,HIDORO Wooden Mooncake Mold Flower Shape DIY Festival Pastry Mould Tool Mini Baking Tray,2838214364_VNAMZ,OEM,https://my-test-11.slatic.net/p/8750194ebeb505099702908a7a21aeeb.jpg,,//www.lazada.vn/products/pdp-i2838214364.html
1982,Vgr Hair Salon 3-Gear Temperature Regulating Hair Dryer High-Power Cold And Hot High Wind Constant Temperature Hair Dryer V-433,1876287316_VNAMZ,No Brand,https://my-live-02.slatic.net/p/e471aa02ba0592779335ec8b8ce9f8a6.jpg,,//www.lazada.vn/products/pdp-i1876287316.html
1983,Button Switch For Hyundai Elantra 1.6L 2016 2017 2018 Cruise Control Multifunction Steering Wheel car accessories Right,3032247016_VNAMZ,No Brand,https://sg-test-11.slatic.net/p/80effd4eecb348080c6b59ba11a9040a.jpg,,//www.lazada.vn/products/pdp-i3032247016.html
1984,"Bánh xe trượt tuyết, ván trượt tuyết, ván trượt bãi biển, phù hợp với xe đẩy, xe đạp cân bằng, xe lăn cho người khuyết tật, xe đẩy thú cưng",3068981647_VNAMZ,No Brand,https://vn-live-01.slatic.net/p/3b7a0cbd7f11fd87fc7808b9fbebf1f2.jpg_webp,,//www.lazada.vn/products/pdp-i3068981647.html
1985,8 Key Multi-function Steering Wheel Switch Button Control Kit For Mercedes Benz W164 W245 W251 ML GL 300 350 400 450 2006-2009,3043552425_VNAMZ,No Brand,https://sg-test-11.slatic.net/p/bcb9c2b6da5444c4bddc27f37f3fe4bd.jpg,,//www.lazada.vn/products/pdp-i3043552425.html
1986,FDQCH Front 21'' Rear 18'' Motorcycle Wheel Hub Reflective Rim Stickers Decals Accessories for HONDA CRF1100L Africa Twin crf 1100 l NGULW,2738890229_VNAMZ,No Brand,https://sg-test-11.slatic.net/p/9fcc36d8ffabd7852b4f4a3338c454bd.png,,//www.lazada.vn/products/pdp-i2738890229.html
1987,Wooden printing/mooncake mold/three hole pumpkin wooden mold/crystal cake printing mold/baking mold Baking Trays & Pans,3002317626_VNAMZ,No Brand,https://sg-test-11.slatic.net/p/27a6f1b0d95f163fe534b395fdd1545b.jpg,,//www.lazada.vn/products/pdp-i3002317626.html
1988,Wltoys 124016 124017 1/12 RC Xe Phụ Tùng Ban Đầu Động Cơ Không Chổi Than Receiver ESC Đu Cánh Tay Khác Biệt Hộp Số Lắp Ráp Lốp,2864698723_VNAMZ,No Brand,https://vn-live-01.slatic.net/p/5ff7dc001b3e277515b25a60f9b51d76.jpg_webp,,//www.lazada.vn/products/pdp-i2864698723.html
1989,5Pcs Mooncake Boxes Craft Paper Cookies Egg Yolk Crisp Cake Box Packaging Baking Gift Paper Box Christmas Wedding Party Favor,2041745142_VNAMZ,No Brand,https://my-live-02.slatic.net/p/a94ba12d25f7fba2d7cffa97ac045e33.jpg,,//www.lazada.vn/products/pdp-i2041745142.html
1990,12PCS 4 Style Petals Templates Moon Cake Mould Round Square Mooncake Tool,3149452429_VNAMZ,No Brand,https://my-live-02.slatic.net/p/badfe16b776b8661fffe290bcb473bc7.jpg,,//www.lazada.vn/products/pdp-i3149452429.html
1991,50pcs Square Moon Cake Trays Mooncake Package Box Holder,2328737607_VNAMZ,OEM,https://ph-live-02.slatic.net/p/0eb73eab73ec0eb6735310c3a13fe9b2.jpg,,//www.lazada.vn/products/pdp-i2328737607.html
1992,Hand-Pressure Moon Cake Mold Dragon Shape Cookie Stamps Moon Cake Makers MidAutumn Festival DIY Cookie Pastry Tool,3144224807_VNAMZ,No Brand,https://sg-test-11.slatic.net/p/54c7b345e1c4dc7ee28e3b8fce36b132.jpg,,//www.lazada.vn/products/pdp-i3144224807.html
1993,"Khối xây dựng xe tăng kỹ thuật nhẹ FT-17 của Pháp trong Thế chiến thứ hai, mô hình xe tăng bánh xích R35, đồ chơi trẻ em",2989303135_VNAMZ,No Brand,https://vn-live-01.slatic.net/p/cd29477d2c35d3abdb8c4cc90439fae9.jpg_webp,,//www.lazada.vn/products/pdp-i2989303135.html
1994,20g/50g/75g Osmanthus Shaped DIY Pastry Molds Mould Mooncake Stamps Hand Pressure Tools Plastic Material Baking Baking Trays & Pans,3122984825_VNAMZ,No Brand,https://sg-test-11.slatic.net/p/ce9db9df322405d0f10878a0f4fafaa1.jpg,,//www.lazada.vn/products/pdp-i3122984825.html
1995,2Pcs/Set 50g Rose 3D Flower Shape Mooncake Mold Mid-Autumn Festival DIY Hand Press Plungers Pastry Reble Kitchen Baking Tool Baking Trays & Pans,3123253216_VNAMZ,No Brand,https://sg-test-11.slatic.net/p/0e6dc1b851bcef6cb21f596b78ff88c1.jpg,,//www.lazada.vn/products/pdp-i3123253216.html
1996,Wltoys 1/10 104019 104016 104018 không chổi than RC Xe ban đầu phụ tùng bánh răng/Vỏ/chống va chạm/vi sai/nhận/động cơ/cánh tay,2791313897_VNAMZ,No Brand,https://sg-test-11.slatic.net/p/2d19b9e726c4b92db1bfd387c7914d9c.jpg,,//www.lazada.vn/products/pdp-i2791313897.html
1997,"Phụ tùng bánh xe thứ năm Lesu 1/14 kim loại cho xe tải kéo Tamiya Rc, xe điều khiển từ xa, mẫu Toucan Th02503-Smt82.1",3030838709_VNAMZ,No Brand,https://vn-live-01.slatic.net/p/2d2e32fe6bbe9c6efc5b6c929804944e.jpg_webp,,//www.lazada.vn/products/pdp-i3030838709.html
1998,Uốn sắc tố  sâm banh sáo Thiết kế bất thường Kính tail cốc  Sherry bên drinkware bar phục vụ phụ kiện,2617570150_VNAMZ,No Brand,https://sg-test-11.slatic.net/p/10e0f9cc576f210137f955d57f0a5f25.jpg,,//www.lazada.vn/products/pdp-i2617570150.html
1999,1 Set Stamps 30g/ 50g /75g/100g/125g/150g Square wer Moon Cake Mold Mould Pastry Mooncake Hand DIY Tool,3060288603_VNAMZ,No Brand,https://sg-test-11.slatic.net/p/b8bbe57df2bc593790e27dc9712d18b6.jpg,,//www.lazada.vn/products/pdp-i3060288603.html
2000,Tóc Trung Quốc Bánh Bun Headdress Handmade Flower Talsel Phụ kiện cho Ngày lễ tình nhân quà tặng Giáng sinh ELE-VN,3147468183_VNAMZ,OEM,https://sg-test-11.slatic.net/p/97036d74a8ffc7c9fde8d0cd68a46099.jpg,,//www.lazada.vn/products/pdp-i3147468183.html
2001,Trang Phục Tóc Hoa Cài Đầu Sườn Xám Kiểu Trung Quốc Trang Phục Cưới Cô Dâu Trang Phục Bánh Mì Nướng Màu Đỏ Trang Trí Tóc Trang Trí Tóc Ren Thủ Công,2837213621_VNAMZ,No Brand,https://vn-live-01.slatic.net/p/e5e7ac5547cf6cbf52e72148afcb1a1e.jpg_webp,,//www.lazada.vn/products/pdp-i2837213621.html
2002,Cca 1/64 Loạt Pagani zonda Revolucion Racing Đồ Chơi Mô Hình Xe Diecast Thu Nhỏ Miễn Phí Bánh Xe Bộ Sưu Tập Quà Tặng Cho Trẻ Em Bé Trai Kid,2966919876_VNAMZ,No Brand,https://sg-test-11.slatic.net/p/0c552fb084160cd87d5d9652cb4f58e3.jpg,,//www.lazada.vn/products/pdp-i2966919876.html
2003,4pcs bánh xe cao su lốp lốp cho wpl D12 Mini 1/16 RC drift xe tải xe phụ tùng phụ kiện,2566646021_VNAMZ,No Brand,https://sg-test-11.slatic.net/p/577c68480c2e1bd04cdab7c785b9b591.jpg,,//www.lazada.vn/products/pdp-i2566646021.html
2004,[ufxk] Wedding Party Magic Lotus Flower Candle Decor Blossom Musical Rotating Creative Birthday Cake Decor For Diy Cake Kids Gift,2733701901_VNAMZ,No Brand,https://sg-test-11.slatic.net/p/74dfe8cb49c69aba20e2c6cddca200e2.jpg,,//www.lazada.vn/products/pdp-i2733701901.html
2005,"Đĩa trà gốm retro Trung Quốc, đĩa ăn nhẹ, đĩa trái cây sấy khô, đĩa trái cây cao cấp, đĩa bánh ngọt tinh xảo, đĩa tráng miệng cao cấp, thủ công",3132421521_VNAMZ,No Brand,https://sg-test-11.slatic.net/p/3b3c751146b841bcd84bd180fc06beb0.jpg,,//www.lazada.vn/products/pdp-i3132421521.html
2006,Quy Mô 1:12 Diecast Xe Máy Mô Hình Đồ Chơi BMW S1000RR Thể Thao Xe Đạp Thu Nhỏ Bản Sao Với Phụ Kiện Bánh Xe,2814267866_VNAMZ,No Brand,https://sg-test-11.slatic.net/p/5772aa022ed9f7c3e2ef208898ad49c7.jpg,,//www.lazada.vn/products/pdp-i2814267866.html
2007,HOTRC DS-600 6CH 2.4Ghz Radio System Transmitter Remote Controller With DS 600 PWM 6 Channel Receiver For RC Boat,2374515231_VNAMZ,No Brand,https://my-live-02.slatic.net/p/3b7046e93073876a163628f336ea25b9.jpg,,//www.lazada.vn/products/pdp-i2374515231.html
2008,Plastic Mooncake Moulds 3D Chinese Words Shaped Moon Cake Moulds DIY Kitchen Baking Accessories for Mid-Autumn Festival,3150454513_VNAMZ,No Brand,https://sg-test-11.slatic.net/p/ae7bf8055c2bcb97714dc261cbcf1735.jpg,,//www.lazada.vn/products/pdp-i3150454513.html
2009,Haodun Bánh Xe Nhỏ Giọt Thu Hút Hoàn Toàn Bằng Kim Loại Quăng Dây Chống Nổ Làm Đen Ống Chỉ Sâu Vật Thể Siêu Nhỏ Ống Chỉ Nhẹ Bánh Xe Câu Cá Bánh Xe Câu Cá SEF-VN,2810927417_VNAMZ,OEM,https://sg-test-11.slatic.net/p/eedb8ee1e8687a60d39baeaf40370aca.jpg,,//www.lazada.vn/products/pdp-i2810927417.html
2010,Chất Lượng Cao 8 Inch Điện Scooter Phía Trước Bánh Xe Thủy Lực Mùa Xuân Sốc Hấp Thụ Nhôm Sốc Hấp Thụ Phụ Kiện,2909491232_VNAMZ,No Brand,https://vn-live-01.slatic.net/p/68d974f83281c489244e80558cc9c5a9.jpg_webp,,//www.lazada.vn/products/pdp-i2909491232.html
2011,32 bánh răng Mini Massage súng cho cơ bắp tập thể dục tần số cao Vibrator điện trở lại và cổ massager fascial Súng tập thể dục,2541475416_VNAMZ,No Brand,https://vn-live-01.slatic.net/p/d196d132436483473953950bbf340276.jpg_webp,,//www.lazada.vn/products/pdp-i2541475416.html
2012,JP Hobby Bộ điều khiển rút lại er150 V1 & V2 cho máy bay cánh cố định điều khiển từ xa thiết bị hạ cánh rút 12-17 kg JP,2828752002_VNAMZ,No Brand,https://sg-test-11.slatic.net/p/ee95f26889070ec793d6ae804dc9426a.jpg,,//www.lazada.vn/products/pdp-i2828752002.html
2013,Red Umbrella Bridal Umbrella Embroidered Lace Wedding Umbrella Chinese Wedding Umbrella Wedding Umbrella Long handled Wedding Umbrella jigerby,2609227359_VNAMZ,No Brand,https://sg-test-11.slatic.net/p/0f3273a4448f7ff6c81e25a2bd174c37.jpg,,//www.lazada.vn/products/pdp-i2609227359.html
2014,4pc 3D Flower Shape Plastic Mooncake Mold 125g Square Plungers Set DIY Hand Pressure Fondant Mould Chinese Cake Baking Tool Baking Trays & Pans,3123060293_VNAMZ,No Brand,https://sg-test-11.slatic.net/p/19122f25690c0abfa18945551f82878a.jpg,,//www.lazada.vn/products/pdp-i3123060293.html
2015,Bánh xe nóng cao cấp xe văn hóa 2024 kỳ lạ ghen tị các loại HotWheels 1/64 Xe mô hình diecasts & đồ chơi xe FPY86-959G hotweheels,2735014334_VNAMZ,No Brand,https://vn-live-01.slatic.net/p/17368d9a04f47e6de81453e4fbddcef2.jpg_webp,,//www.lazada.vn/products/pdp-i2735014334.html
2016,Injora RC xe 54mm 12LED mái ánh sáng bội đèn pha cho 1/10 RC Bánh Xích trục SCX10 90046 trx4 RC phụ tùng xe tải,2830635662_VNAMZ,No Brand,https://vn-live-01.slatic.net/p/89543d2d2475e0967d8d92d07c33cc20.jpg_webp,,//www.lazada.vn/products/pdp-i2830635662.html
2017,12428 phần ban đầu 0090-0129 WLtoys 12427 12423 RC xe phụ tùng mang/vít/vi sai/servo/Nut/động cơ/USB sạc/ánh sáng,2791257837_VNAMZ,No Brand,https://sg-test-11.slatic.net/p/d1acdf233870016074912372e62ef134.jpg,,//www.lazada.vn/products/pdp-i2791257837.html
2018,Hot Bánh Xe Cao Cấp Star Wars Xe Đồ Chơi 1:64 Mô Hình Xe Hotwheels Đồ Chơi Xe Hơi 1/64 Đồ Chơi Cho Bé Trai Xe Ô Tô  Diecasts & Đồ Chơi Xe,2734788812_VNAMZ,No Brand,https://sg-test-11.slatic.net/p/6224ddea072d449801ac6da8d19ae6e7.jpg,,//www.lazada.vn/products/pdp-i2734788812.html
2019,ali Bữa Tiệc Hoạt Hình 10 Hộp Bất Ngờ Mù Trang Trí Bàn Làm Việc Quà Tặng Sinh Nhật Học Sinh Trang Trí Giao Hàng Trực Tiếp,2846252984_VNAMZ,OEM,https://vn-live-01.slatic.net/p/34eab4a10df0b29b1e531863d4bacbc9.jpg_webp,,//www.lazada.vn/products/pdp-i2846252984.html
2020,200x40 Xe máy điện Scooter rắn lốp 8 inch gấp xe đạp lốp pram bánh xe phụ kiện không săm,2721993472_VNAMZ,No Brand,https://vn-live-01.slatic.net/p/68dfe29e39a0f35dc4f3cf445b2e74ca.jpg_webp,,//www.lazada.vn/products/pdp-i2721993472.html
2021,CM 1:64 Mclaren P1 GTR Senna Racing Commemorates League Painting Diorama Super Car Model Collection Miniature Toys,1860683924_VNAMZ,No Brand,https://my-live-02.slatic.net/p/7b98ff7fdf6a07f9153623de606f0398.jpg,,//www.lazada.vn/products/pdp-i1860683924.html
2022,8pcs 608 2RS Hybrid Ceramic Ball Bearing 8*22*7mm ABEC-11 High Speed Roller Skate Skateboard Wheel Miniature Longboard Bearings,3081449848_VNAMZ,No Brand,https://sg-test-11.slatic.net/p/a331029f0143cb3952473c042d53f0ff.jpg,,//www.lazada.vn/products/pdp-i3081449848.html
2023,1/32 Toyota Hiace H200 Đồ chơi xe diecast kim loại van MPV thu nhỏ mô hình miễn phí bánh xe âm thanh & ánh sáng Bộ sưu tập quà tặng cho bé trai trẻ em,2830587037_VNAMZ,No Brand,https://vn-live-01.slatic.net/p/9732ba7a0d14be1852c0e5884feec2bb.jpg_webp,,//www.lazada.vn/products/pdp-i2830587037.html
2024,[WFDRESS] 25H 55t 65t 68t 70t 80t 92t Tooth 29/54/55MM Rear Sprocket for 47CC 49CC Mini Moto ATV Quad Dirt Pit Pocket Bike ✬✫✩,2731501013_VNAMZ,No Brand,https://sg-test-11.slatic.net/p/7f733def2143d317bd4f0b90c9625aec.jpg,,//www.lazada.vn/products/pdp-i2731501013.html
2025,"Chăn thực tế vui nhộn cho trẻ em và người lớn, hình thức ăn như bánh tortilla, pizza, burrito, bánh mì, bánh ngọt, họa tiết thực phẩm khổng lồ, chăn flanne",3012362899_VNAMZ,No Brand,https://vn-live-01.slatic.net/p/1c06e8bcaff0500ce0bf019fc9b2e416.jpg_webp,,//www.lazada.vn/products/pdp-i3012362899.html
2026,IVOPQ 12 Gears Electric Scraping Massaging Board Red Bian Stone Vibration Hot Compress Dredging Meridian Fatigue Muscle Soreness Relax LKIJU,2676190804_VNAMZ,No Brand,https://sg-test-11.slatic.net/p/8e3f4463ef90f3b36dba5ccf3b13a9d2.png,,//www.lazada.vn/products/pdp-i2676190804.html
2027,"4pcs/set Continental GT Flying Spur Elegant Wheel Hub Cap Tire Center Mark Bentley Emblem Car Cover for Cars Hubcaps, Centercaps & Trim Rings",3126027597_VNAMZ,No Brand,https://sg-test-11.slatic.net/p/b0463fe3698bbde84b8d0be75cbfbbbe.jpg,,//www.lazada.vn/products/pdp-i3126027597.html
2028,50g DIY Mooncake Mold Set Dragon Shaped Exquisite Chinese Dessert Molds Baking Accessories Suitable for Festival Baking,3150498126_VNAMZ,No Brand,https://sg-test-11.slatic.net/p/36c8f1a4775ede64911f3ed3a7308b47.jpg,,//www.lazada.vn/products/pdp-i3150498126.html
2029,INNO In Stock 1:64 SKYLINE GTR R33 Saitama Police Diecast Diorama Car Model Collection Miniature Carros Toys,2284068471_VNAMZ,No Brand,https://my-live-02.slatic.net/p/e7373b53af5b1eb264e0559d633eb8a9.jpg,,//www.lazada.vn/products/pdp-i2284068471.html
2030,40-41 non-slip sole outdoor shoes Rock shoes climbing shoes hiking shoes men hiking sneakers sport type overseas trending ydx2,2843614027_VNAMZ,No Brand,https://sg-test-11.slatic.net/p/3e6a31970e7e5f10fe94411f947fe19e.jpg,,//www.lazada.vn/products/pdp-i2843614027.html
2031,[MIGOUD] 4th of July Patriotic Linen Table Runner Blue Buffalo Check Cake American Independence Day Holiday Decor Dining Party Decoration ☆,2840058487_VNAMZ,No Brand,https://sg-test-11.slatic.net/p/07d226593cbd660b808099ea8ad92550.png,,//www.lazada.vn/products/pdp-i2840058487.html
2032,Chinese Cookie Moon Cake Mold Wooden Biscuit Model Baking Wood Bakeware Home Kitchen Dining Bar Pastry Tools DIY Flower Mooncake Baking Trays & Pans,3123138721_VNAMZ,No Brand,https://sg-test-11.slatic.net/p/ff021ecbbb904afe2d997f0ab9afa3e4.jpg,,//www.lazada.vn/products/pdp-i3123138721.html
2033,Chinese Mold DIY Baozi Maker hine Baking Tool Moon Cake Kitchen Pastry Pie Dumpling Making Mould Baking Trays & Pans,3122976937_VNAMZ,No Brand,https://sg-test-11.slatic.net/p/511b4ce7a1e5c5844101019bb660b182.jpg,,//www.lazada.vn/products/pdp-i3122976937.html
2034,Hand Press Cookie Dessert Cutter Convenient Dragon Phoenixes Pattern Mooncakes Embosser Molds for Pastries Decorations,3150361855_VNAMZ,No Brand,https://sg-test-11.slatic.net/p/35f05027e8ade7963f73e5b970a13c94.jpg,,//www.lazada.vn/products/pdp-i3150361855.html
2035,2Pcs/Set New Year Mooncake Mold Lucky Cat Mung Bean Pastry Pine Cake Baking Tools Home DIY Kitchen Accessories Baking Trays & Pans,3123108800_VNAMZ,No Brand,https://sg-test-11.slatic.net/p/5603d3623e7c3fa62bf1ecd88744cd6a.jpg,,//www.lazada.vn/products/pdp-i3123108800.html
2036,Xe điều khiển từ xa 1:12 WLtoys 12427/12428/12423/12429 bay qua bộ giảm xóc thủy lực kim loại nói chung (32),2665670320_VNAMZ,No Brand,https://vn-live-01.slatic.net/p/ae5035df4f374b3f8b3dd9c0ab9d6338.jpg_webp,,//www.lazada.vn/products/pdp-i2665670320.html
2037,Ulip 2 chiếc 8 1/2x2 dày bên trong ống 8.5x2 inch 50-134 cho vsett8 9 9 /Zero 8 9/kugoo G2 Pro E-Scooter & 8.5x3 bên ngoài lốp,2765395583_VNAMZ,No Brand,https://vn-live-01.slatic.net/p/1452370db1045e8bca2561d6e41af303.jpg_webp,,//www.lazada.vn/products/pdp-i2765395583.html
2038,Wltoys 1/12 124016 124017 RC gốc động cơ không chổi than ESC sốc hấp thụ lốp lắp ráp máy chủ vít Nut Kit Xe phụ tùng Bộ,2791392456_VNAMZ,No Brand,https://sg-test-11.slatic.net/p/96a3166a37e10d6a4a6083752530ac06.jpg,,//www.lazada.vn/products/pdp-i2791392456.html
2039,Bánh xe tập đi tập thể dục chạy nhỏ chinchilla im lặng largehedgehog guinea ratgerbil kim loại thú cưng yên tĩnh S động vật,2645480211_VNAMZ,No Brand,https://vn-live-01.slatic.net/p/1a07d65fd56db76dcef5bb0f18311c4e.jpg_webp,,//www.lazada.vn/products/pdp-i2645480211.html
2040,"Trận Chiến Khốc Liệt Bánh Xe Kỳ Lạ 3 Đồ Chơi Flame Lion King, Thần Thú, Bộ Đồ, Thần Biến Dạng, Robot Phù Hợp, Bánh Xe Chiến Đấu",2236850023_VNAMZ,No Brand,https://vn-live-01.slatic.net/p/454137da370e8dc3d3370c6428e5be77.jpg_webp,,//www.lazada.vn/products/pdp-i2236850023.html
2041,"Bánh Hawaii lớn, bánh mì nướng, phục hồi chậm, đồ chơi nhồi bông giảm căng thẳng, quà tặng thư giãn tay",3128140933_VNAMZ,No Brand,https://sg-test-11.slatic.net/p/75cb88281eed07bd225d3f9aa0469750.jpg,,//www.lazada.vn/products/pdp-i3128140933.html
2042,Ban đầu nóng bánh xe Exotics Bugatti bolide 1/64 Xe Mô Hình trẻ em Đồ chơi bé trai HotWheels 1:64 diecasts & đồ chơi xe quà tặng đồ chơi xe hơi,2864725360_VNAMZ,No Brand,https://vn-live-01.slatic.net/p/c036a003c9e23688cadee0c92fdb68e5.jpg_webp,,//www.lazada.vn/products/pdp-i2864725360.html
2043,Giày nữ 2023 Giày cao gót lông thật cầu vồng màu hồng nóng bỏng Giày xăng đan cho nữ,2631374225_VNAMZ,No Brand,https://vn-live-01.slatic.net/p/8fd98336379b0587fc105815d46646f6.jpg_webp,,//www.lazada.vn/products/pdp-i2631374225.html
2044,Fynom Children's Candy Color Low-Top Sneakers with Velcro 2024 New Style Boys and Girls Biscuit Shoes,2873638277_VNAMZ,OEM,https://sg-test-11.slatic.net/p/72798d77fba82e2a4c7774b9033f41b4.jpg,,//www.lazada.vn/products/pdp-i2873638277.html
2045,2025ttttWEIENIN Bông tai thời trang đá Shoushan ngọc trai nước ngọt tự nhiên 2025 phong cách mới,3149436254_VNAMZ,OEM,https://sg-test-11.slatic.net/p/73a345f53f6be619a6421ae4a1863ef5.jpg,,//www.lazada.vn/products/pdp-i3149436254.html
2046,Dễ thương cân bằng lợn đồ chơi mới lạ tightrope đi bộ Tumbler bánh xe đạp Đồ chơi điện Câu Đố cân bằng trò chơi xoay Robot đồ chơi cho trẻ em,2683834407_VNAMZ,No Brand,https://sg-test-11.slatic.net/p/ba1116afaa1ad247591b36f7ca0a14cc.jpg,,//www.lazada.vn/products/pdp-i2683834407.html
2047,INjora Vua Trekker siêu mềm dính 1.0 bánh xe lốp tất cả các địa hình cho 1/18 1/24 RC Crawler trục scx24 ax24 FMS fcx24 (t1014) 4.1,2619367941_VNAMZ,No Brand,https://vn-live-01.slatic.net/p/906b640777f14c50d61e0ea4fd4db3c7.jpg_webp,,//www.lazada.vn/products/pdp-i2619367941.html
2048,Realistic Artificial Fake Cake Cupcake Model Cup Display Photography Props Crafts Home Decoration N24 20 Dropshipping,2141750351_VNAMZ,OEM,https://my-live-02.slatic.net/p/7367bcec7b18fa1472078fe508efdf0f.jpg,,//www.lazada.vn/products/pdp-i2141750351.html
2049,Flower Mooncake Press Molds Mid-Autumn Festival Mooncake Mold Set 180g Moon Cake Mold with Reusable Stamps (White),3168306745_VNAMZ,No Brand,https://sg-test-11.slatic.net/p/d3f62bf77677c7cb47191722dbde18c9.jpg,,//www.lazada.vn/products/pdp-i3168306745.html
2050,TM In Stock 1:64 LBWK MINI R56 Energy Beverage Coating Alloy Diorama Car Model Collection Miniature Carros Toys,2424759042_VNAMZ,No Brand,https://sg-test-11.slatic.net/p/c13f26f4f70e6a671aba2d17261730e2.jpg,,//www.lazada.vn/products/pdp-i2424759042.html
2051,"4 cái lốp xe tải YSIDO 110mm 1/10, bánh xe với đầu lục giác 12mm cho xe Slash Arrma Senton HuanQi 727 Vkar 10sc Hpi Rc",3065785916_VNAMZ,No Brand,https://vn-live-01.slatic.net/p/a3a990328c4b52304d7dfe92e450dd45.jpg_webp,,//www.lazada.vn/products/pdp-i3065785916.html
2052,HKM In Stock 1:64 Rocket Bunny CIVIC Type R EG6 Japanese Police Red White Alloy Diorama Car Model Collection Miniature Carros,2284015962_VNAMZ,No Brand,https://my-live-02.slatic.net/p/753e797478d1b3917bf65c06e4ce1ebf.jpg,,//www.lazada.vn/products/pdp-i2284015962.html
2053,rockible Handwoven Bamboo Basket Box Picnic Basket with Lid Home Decor Egg Container Versatile Gift Packing Basket for Park Mooncake,3131166489_VNAMZ,No Brand,https://sg-test-11.slatic.net/p/02115510787a701d41e7b45d7c63797c.jpg,,//www.lazada.vn/products/pdp-i3131166489.html
2054,Perfeclan Party Cupcake Stand Decorative Display Plate Stand Fruit Snack Plates Stand for Birthday Housewarming Parties Wedding Decor,3128791171_VNAMZ,Perfeclan,https://sg-test-11.slatic.net/p/acd6c25aeaf6c596ad274eeeef84745b.jpg,,//www.lazada.vn/products/pdp-i3128791171.html
2055,SW In Stock 1:64 LBWK GTR ER34 Silhouette Hood Open Alloy Diorama Car Model Collection Miniature Carros Toys Street Weapon,2387236746_VNAMZ,No Brand,https://my-live-02.slatic.net/p/18e485422cd8326d2573763b06c8d2e4.jpg,,//www.lazada.vn/products/pdp-i2387236746.html
2056,[Happy baking] Wooden Cold Cover Qingming Pie Moon Cake Green Bean Cake Pasta Pumpkin Pie Creatively-Shaped Steamed Bun Baking Mold Household Mold,3046336927_VNAMZ,No Brand,https://sg-test-11.slatic.net/p/ee76682511f0f17c85a7dc8c466c687b.jpg,,//www.lazada.vn/products/pdp-i3046336927.html
2057,"Gà Ruding, Gốm Sứ, Chim Cút, Hoa Mẫu Đơn, Vẹt, Máng Ăn, Chậu Đựng Thức Ăn, Vật Nuôi Bò, Côn Trùng Bánh Mì, Chống Thoát",2930643971_VNAMZ,No Brand,https://vn-live-01.slatic.net/p/ba05c856a66895e032b3c3819afdfa2b.jpg_webp,,//www.lazada.vn/products/pdp-i2930643971.html
2058,[Happy baking] Wooden Moon Cake Seal Steamed Bread Dessert Su-Style Pastry Pasta Xi Character Fu Character Small Fresh Meat Food Flower Baking Mold,3046281125_VNAMZ,No Brand,https://my-live.slatic.net/p/fd24ca65216d7b712152cd6bb7321604.jpg_webp,,//www.lazada.vn/products/pdp-i3046281125.html
2059,Original MJX Hyper Go 14301 14302 RC Car Accessories Ruer TPR On Road Wheels With Sponge 1/14 Slip Drift Wheel,2715630671_VNAMZ,No Brand,https://sg-test-11.slatic.net/p/a554e051ede1e7953cd28339bcd4dee0.jpg,,//www.lazada.vn/products/pdp-i2715630671.html
2060,HDIER 4PCS/lot 12mm Hex Monster Truck Wheel Tires for SCY 16101 Pro 16102 Pro 1:16 Off Road RC Car Upgrade Parts 6034 UJEBD,2667924256_VNAMZ,No Brand,https://sg-test-11.slatic.net/p/1ccfd6c86b7ec48ca5af9fa19c4b7356.jpg,,//www.lazada.vn/products/pdp-i2667924256.html
2061,"Jaycreer 6.5 Inch Aluminum Rim Wheel Replacement For Wheelchairs, Rollators, Walkers And More",2358675908_VNAMZ,No Brand,https://my-live-02.slatic.net/p/42ed8bc20f31bad9089ea96816962258.jpg,,//www.lazada.vn/products/pdp-i2358675908.html
2062,[A HOT] Portable Mini Fan Handheld Dormitory Desktop Fan 3 Speed Wind Draaibare Outdoor Mini Folding Electric Fan Gift Dropshipping,2182108176_VNAMZ,No Brand,https://my-live-02.slatic.net/p/0155d1ef9d29bb96f7902b67d9157947.jpg,,//www.lazada.vn/products/pdp-i2182108176.html
2063,"Two hole wooden mooncake Qingtuan Mid Autumn mold, baking mold Baking Trays & Pans",3002270940_VNAMZ,No Brand,https://sg-test-11.slatic.net/p/a785193130dc6a96601182b1c375bef4.jpg,,//www.lazada.vn/products/pdp-i3002270940.html
2064,Bánh cóc tewindsor vải nhung lông hình voi dễ thương cho em bé chăn trò chơi thú nhồi bông ngọt ngào khăn và bơ cho trẻ sơ sinh 0-12 tháng tuổi,2963901311_VNAMZ,No Brand,https://vn-live-01.slatic.net/p/6184789c4f5f72d7783afbbc9bd2a123.jpg_webp,,//www.lazada.vn/products/pdp-i2963901311.html
2065,Moon Cake Mould Cookie Stamps For Baking Bows Pattern For Mid-autumn Festival Hand-Pressure Mung Bean Cake Mold,3150472438_VNAMZ,No Brand,https://sg-test-11.slatic.net/p/e1253256df21456e90dc165ca936e80b.jpg,,//www.lazada.vn/products/pdp-i3150472438.html
2066,Ban đầu nóng bánh xe cao cấp 1:64 Pop văn hóa kim loại xe Hotwheels Diecast Đồ chơi xe Quà tặng 1:64 Mô hình xe 1/64 GTR 34 Gran Turismo,2734844698_VNAMZ,No Brand,https://sg-test-11.slatic.net/p/125640d552d69c7b0197d9bfec2b66f6.jpg,,//www.lazada.vn/products/pdp-i2734844698.html
2067,[A Fond Party]♙▧ 22pcs/set Two Sweet Donut Theme Balloon Party Decorations Banner Macaron Latex Set Birthday Needs,3058154870_VNAMZ,No Brand,https://my-live.slatic.net/p/3ff14af449c8a21fc0d7c4b546ec665f.jpg,,//www.lazada.vn/products/pdp-i3058154870.html
2068,chenxi Đồng Hồ Cơ Tự Động Bánh Đà Rỗng Vũ Trụ Dawn Galaxy 8872,2821403533_VNAMZ,No Brand,https://vn-live-01.slatic.net/p/fe64927a5f09f84f62887a4465d2e63c.jpg_webp,,//www.lazada.vn/products/pdp-i2821403533.html
2069,Cst10x3.00-6 Tubeless Tire For Electric Scooter 10 Inch 10X3.0-6 CST Wear Resistant Vacuum Tyre 10 Front Wheel,2358672976_VNAMZ,No Brand,https://my-live-02.slatic.net/p/2ce165beb43296e4d65065492336aea8.jpg,,//www.lazada.vn/products/pdp-i2358672976.html
2070,SW In Stock 1:64 1965 Mustang Hoonicorn RTR 1977 F150 Hoonitruck Ken Block Car Model Collection Miniature Carro Street Weapon,2391889961_VNAMZ,No Brand,https://sg-test-11.slatic.net/p/62470f81f8669016a32e9544d00336fe.jpg,,//www.lazada.vn/products/pdp-i2391889961.html
2071,4Pcs/Set 150g/200g Square Mooncake Mold Hand-Pressure Moon Cake Mould DIY Decoration Baking Tools for Mid-Autumn Festival Baking Trays & Pans,3122963882_VNAMZ,No Brand,https://sg-test-11.slatic.net/p/4e26a3bc2a2d727cc4e705c7b58dbb04.jpg,,//www.lazada.vn/products/pdp-i3122963882.html
2072,1:12 Mô hình xe máy S1000RR Kawazaki NINJA H2R Đồ chơi hợp kim diecast âm thanh ánh sáng hấp thụ sốc mô phỏng quà tặng cho bé trai,3068058053_VNAMZ,No Brand,https://vn-live-01.slatic.net/p/4424fc9885b647aa637d48dbef571a3c.jpg_webp,,//www.lazada.vn/products/pdp-i3068058053.html
2073,75g Lucky Cat Plastic Mooncake Molds DIY Baking Accessories Kitchen Gadgets for Mid-Autumn Fest D7WE Baking Trays & Pans,3123193450_VNAMZ,No Brand,https://ae01.alicdn.com/kf/Sc6332dbfc6194c1780ba0b6eddcec72dJ.jpg,,//www.lazada.vn/products/pdp-i3123193450.html
2074,1:400 Scale B737-700 PR-GEJ Plane Model Airplanes Brasil GOL Airlines Alloy Aircraft Plane Collectible Display Model Collection,2929531226_VNAMZ,No Brand,https://sg-test-11.slatic.net/p/9110fc968bf39e4b4b9ef3f945a5dce1.jpg,,//www.lazada.vn/products/pdp-i2929531226.html
2075,Rose Flower Shape Moon Cake Mold MidAutumn Festival Mooncake Makers Cookie Stamps Hand Pressure Mooncake Baking Tool,3150399602_VNAMZ,No Brand,https://sg-test-11.slatic.net/p/e17d6ba41bccf24e627490fe7d512975.jpg,,//www.lazada.vn/products/pdp-i3150399602.html
2076,3D Mini Flower Mung Bean Cake Mould Set Suitable for Diy Mould Accessories in Mid-autumn Festival Used for Cake Cookie,3150489256_VNAMZ,No Brand,https://sg-test-11.slatic.net/p/84ac8f10dc924c0d599e211023bfccb0.jpg,,//www.lazada.vn/products/pdp-i3150489256.html
2077,50/63-80/100g Square Moon Cake Trays Package Box Container Holder Mid-Autumn Festival,2328594840_VNAMZ,OEM,https://ph-live-02.slatic.net/p/0eb73eab73ec0eb6735310c3a13fe9b2.jpg,,//www.lazada.vn/products/pdp-i2328594840.html
2078,Mold Mid-Autumn Festival Hand-Pressure Flower Moon Cake Mould DIY Hand Mooncake Pressure Fondant Decoration Tools Baking Trays & Pans,3123083862_VNAMZ,No Brand,https://sg-test-11.slatic.net/p/8c0602cf2ae400b3dfdfecc58f73b6ac.jpg,,//www.lazada.vn/products/pdp-i3123083862.html
2079,[Happy baking]V9D Guofeng Xiangyun Moon Cake Mold Tradition 30 Hand-Pressed Wide-Style Cold Cover Taoshan Green Bean Cake Production,3046385772_VNAMZ,No Brand,https://sg-test-11.slatic.net/p/168414dad2d785b7ead5832018492a2c.jpg,,//www.lazada.vn/products/pdp-i3046385772.html
2080,Tóc Trung Quốc Bánh Bun Headdress Sweet Glazed Orchid Tóc Đũa Pin với tua cho Cheongsam Han Quần áo mặc trà HE-VN,3115379860_VNAMZ,LBORHIG,https://sg-test-11.slatic.net/p/6f693f365b3a69723a083e1ac5bdc343.jpg,,//www.lazada.vn/products/pdp-i3115379860.html
2081,Hand Pressed Mooncakes Pastries Mold Convenient Ice Skin Square Cake Mold Household Baking Tool for Dessert Enthusiasts,3153820537_VNAMZ,No Brand,https://sg-test-11.slatic.net/p/8d5650f8adc4ac74720bb3fe22a08ac2.jpg,,//www.lazada.vn/products/pdp-i3153820537.html
2082,Giày Cưới Nữ Giày Cô Dâu Đế Bằng 2020 Giày Xiuhe Màu Đỏ Mùa Xuân Cho Bà Bầu Giày Đỏ Bánh Mì Nướng Giày Cưới Kiểu Trung Quốc Cỡ Lớn,2821070912_VNAMZ,No Brand,https://vn-live-01.slatic.net/p/ebf82befec569e1f56f0604925b404ae.jpg_webp,,//www.lazada.vn/products/pdp-i2821070912.html
2083,"Công cụ giai điệu gỗ, bánh xe hợp âm, bánh xe năm thứ năm, biểu đồ hợp âm guitar, lý thuyết âm nhạc cho người mới, quà tặng cho những người yêu âm nhạc",2988098666_VNAMZ,No Brand,https://vn-live-01.slatic.net/p/bb8cc77185414e5c87ed9dd05ae39779.jpg_webp,,//www.lazada.vn/products/pdp-i2988098666.html
2084,3 Sizes Options Tarots Table Altar Cloth Mysterious Board Game Mats Pendulum Divinations Tablecloth Board Game Pad,3161128758_VNAMZ,No Brand,https://sg-test-11.slatic.net/p/cc79b080df1080598980e62af91e21d7.jpg,,//www.lazada.vn/products/pdp-i3161128758.html
2085,"Vận chuyển từ Trung Quốc [2025] Ô tô điều khiển từ xa cho bé trai, ô tô địa hình cho trẻ em, ô tô lăn hai mặt thú vị, ô tô đồ chơi dẫn động bốn bánh 3.8",3035135492_VNAMZ,No Brand,https://sg-test-11.slatic.net/p/43b93b53682cf46bfc610802a175b83e.jpg,,//www.lazada.vn/products/pdp-i3035135492.html
2086,12pcs/Set Studio Ghibli Totoro Mini Resin Action Figures Hayao Miyazaki Miniature Cake Toppers Figurines Dolls Garden Decoration{Toys & Games &gt; Action Figures & Collectibles &gt; Action Figures},3030179982_VNAMZ,No Brand,https://my-live.slatic.net/p/abd9880e36ad26eca078cdb850224d05.jpg,,//www.lazada.vn/products/pdp-i3030179982.html
2087,Bẩn Bện Dây Gai Phá Hủy Giày Bánh Mì Ren Nam ins Giày Trượt Ván Đế Thấp Phù Hợp Với Màu Sắc Phù Hợp Với Xu Hướng 2023 Mùa Hè,2630454810_VNAMZ,OEM,https://vn-live-01.slatic.net/p/5cacd0ba1214b1d9269d6027f5dfe3ad.jpg_webp,,//www.lazada.vn/products/pdp-i2630454810.html
2088,708-A30 Giày Cưới Kiểu Trung Quốc Trang Phục Xiuhe Mẫu Mới Nữ Giày Cô Dâu Màu Đỏ Mũi Nhọn Da Cừu Trang Phục Bánh Mì Nướng Giày Cao Gót,2820932597_VNAMZ,No Brand,https://vn-live-01.slatic.net/p/d30e460d16914e750f5b0ffb46a8a38d.jpg_webp,,//www.lazada.vn/products/pdp-i2820932597.html
2089,Trận Chiến Khốc Liệt Bánh Xe Kỳ Lạ 3 Đồ Chơi 2 Máy Chiến Đấu Cưỡi Bánh Xe Lửa Vua Sư Tử Bùng Nổ Bộ Đồ Thần Rồng Xanh Thần Thú Chiến Binh Bánh Xe Kỳ Lạ 2025,2336032072_VNAMZ,No Brand,https://vn-live-01.slatic.net/p/e86b1c5f639519b563ee5e03f4017730.jpg_webp,,//www.lazada.vn/products/pdp-i2336032072.html
2090,50g Mooncake Mold Baking Mould Hand Pressure Moulds Dragon Shape Traditional Chinese Dessert Molds Gift for Loved Ones,3143590833_VNAMZ,No Brand,https://sg-test-11.slatic.net/p/9c26b406bd9b55f5fc27b3b056aa9517.jpg,,//www.lazada.vn/products/pdp-i3143590833.html
2091,1/64 Hummer H1 Military Army Vehicle Miniature Model Zinc Alloy Toy Car Free Wheels Diecast Metal Collection Gift For Kids,3027879553_VNAMZ,No Brand,https://sg-test-11.slatic.net/p/33465d99f5fda0966a12e7a2504fd0bf.jpg,,//www.lazada.vn/products/pdp-i3027879553.html
2092,MidAutumn Festival Moon Cake Maker Flower Pattern Moon Cake Molds Cookie Stamps Hand Press Cookie Dessert Cutter,3150489162_VNAMZ,No Brand,https://sg-test-11.slatic.net/p/44d07163b2335940cc3eb6702e0149df.jpg,,//www.lazada.vn/products/pdp-i3150489162.html
2093,10 Inch Electric Scooter Pneumatic Wheel Tire 410/350-4 4.10/3.50-4 4.10-4 410-4 3.50-4 350-4 Outer Tyre,2358710916_VNAMZ,No Brand,https://th-live-02.slatic.net/p/31c085c0460c921b4a6d38163e52b1b9.jpg,,//www.lazada.vn/products/pdp-i2358710916.html
2094,[1157 People Collection ]20g30g Chinese Style Knot Happiness Knot Green Bean Cake Mold Palace Style Chinese Knot Mid-Autumn Festival Mooncake Mold,3066623546_VNAMZ,No Brand,https://sg-test-11.slatic.net/p/046a77dee7e4e47342abe98ca5b846b5.jpg,,//www.lazada.vn/products/pdp-i3066623546.html
2095,[snag] ALZRC 450 V3 PRO Linkage Ball For Align Trex 450 RC Helicopter,2731650253_VNAMZ,No Brand,https://sg-test-11.slatic.net/p/57a5ba787ba44cb98993b16d956b3284.jpg,,//www.lazada.vn/products/pdp-i2731650253.html
2096,"Injora 27 gam/cái Brass bánh xe trọng lượng bên trong beadlock nhẫn phù hợp với 1.3 ""bánh xe rim cho 1/24 1/18 RC Crawler",2830566665_VNAMZ,No Brand,https://vn-live-01.slatic.net/p/e88cec7bbe723b81fcdf63f00836ac85.jpg_webp,,//www.lazada.vn/products/pdp-i2830566665.html
2097,1:64 TOYOTA Hilux Pickup Truck Miniature JKM 1/64 Toy Car Vehicle Premium Model Free Wheels Diecast Metal Alloy Collection Gift,2863589472_VNAMZ,No Brand,https://sg-test-11.slatic.net/p/e601b1728abd15e03128d8e9790dbf08.jpg,,//www.lazada.vn/products/pdp-i2863589472.html
2098,[Happy baking]1CNG Moon Cake Mold Hand-Pressed Cantonese Mid-Autumn Festival 100 Commercial 75 Ke Liu Xin 50g Five-nut 2023 Pressure 80,3046083884_VNAMZ,No Brand,https://sg-test-11.slatic.net/p/227b0ebae5b5749ece3264736d9e4af6.jpg,,//www.lazada.vn/products/pdp-i3046083884.html
2099,"Bốt Bông Mẫu Mới, Giày Vải Cũ, Trang Phục Cổ Trang Trẻ Em, Hán Phục, Giày Thêu Hoa, Bốt Thu Đông Cho Bé Gái, Bốt Năm Mới Lót Nhung Dân Tộc",2923223608_VNAMZ,No Brand,https://vn-live-01.slatic.net/p/fed6b093bb37b7f958a4f5e5dea53598.jpg_webp,,//www.lazada.vn/products/pdp-i2923223608.html
2100,Luxury Rivet Boots Men's Shoes Designer Sneakers Men Punk High Tops Gold Red Light Bottom Casual Platform Shoe Zapatillas Hombre,2970612918_VNAMZ,No Brand,https://sg-test-11.slatic.net/p/50da3f05286f387ffddfbbf9098b078d.jpg,,//www.lazada.vn/products/pdp-i2970612918.html
2101,Presale TPC 1:64 LBWK MINI R56 Gulf Alloy Diorama Car Model Collection Miniature Carros Toys For Children,2205780315_VNAMZ,No Brand,https://my-live-02.slatic.net/p/23a63f209f17f91b9f06138d327b9e9e.jpg,,//www.lazada.vn/products/pdp-i2205780315.html
2102,MidAutumn Festival Dessert Maker Square Flower Pattern Dessert Molds Cookie Molds Hand Press Cookie Dessert Cutter,3152771531_VNAMZ,No Brand,https://sg-test-11.slatic.net/p/860603247990db65d0a9db4c48e47ac3.jpg,,//www.lazada.vn/products/pdp-i3152771531.html
2103,Kawaii Cá Heo Đồ Chơi Sang Trọng Đáng Yêu Thú Nhồi Bông Mềm Động Vật Gối Bé Đi Cùng Búp Bê Cho Trẻ Em Cô Gái Ngủ Trở Lại Đệm Quà Tặng,2429004572_VNAMZ,No Brand,https://sg-test-11.slatic.net/p/9c233eff7ca56093b04dfc52042e529d.jpg,,//www.lazada.vn/products/pdp-i2429004572.html
2104,"1:12 Mô hình xe máy Kawasaki Ninja H2R S100RR, đồ chơi ô tô, mô hình thu nhỏ bằng hợp kim diecast có đèn, quà sinh nhật cho trẻ em",3069151620_VNAMZ,No Brand,https://vn-live-01.slatic.net/p/783d6667d3ddcb8b8ab7ab972a9c7074.jpg_webp,,//www.lazada.vn/products/pdp-i3069151620.html
2105,143 lắp ráp xe mô hình hợp kim đúc chết Liên Xô BTR-60 Bánh Xe Vận Tải bọc thép 1434avd trang trí bộ sưu tập,2434977924_VNAMZ,No Brand,https://vn-live-01.slatic.net/p/79f89e5f6caea6a5f72d3c2e5e7e92b3.jpg_webp,,//www.lazada.vn/products/pdp-i2434977924.html
2106,1/64 Volkswagen T6 Multivan MPV Van Miniature Model 1:64 Free Wheels Toy Car Vehicle Diecast Alloy Collection Gift For Boys Kid,3027937403_VNAMZ,No Brand,https://sg-test-11.slatic.net/p/d327be43c96771f6cf617c19fa2f739c.jpg,,//www.lazada.vn/products/pdp-i3027937403.html
2107,Customized Ceramic Moon Cake Tea Cup Home Kung Fu Tea Cup Gift Mid-Autumn Festival Gift Package for Elders logo,3043882082_VNAMZ,No Brand,https://my-live-02.slatic.net/p/67034281c243ba8add0d0f06e5b5d4f2.jpg_webp,,//www.lazada.vn/products/pdp-i3043882082.html
2108,Miniature Dollhouses Bakery Counter Display Case Set with Model Cake Figurine for Pretend Play Cooking Imaginative Play,3157215650_VNAMZ,No Brand,https://sg-test-11.slatic.net/p/7461a6f3ca7beefa45bb81bd7fc2f253.jpg,,//www.lazada.vn/products/pdp-i3157215650.html
2109,[Happy baking]X6RO Wooden Mooncake Mold Cold Cover Green Bean Cake Mid-Autumn Festival Mold Handmade Steamed Bread Large Size Old-Fashioned Home,3046534239_VNAMZ,No Brand,https://my-live.slatic.net/p/9602ab4a97bafef1c41c32912fa02bb7.jpg_webp,,//www.lazada.vn/products/pdp-i3046534239.html
2110,Bốn Bánh xe lăn Giày chàng trai cô gái đi bộ Giày thể thao ngoài trời giản dị trượt và thu nhỏ học sinh ròng rọc Giày Sneakers,2895187705_VNAMZ,No Brand,https://vn-live-01.slatic.net/p/4aeb93d22fac56bf72135681fa0dc5c2.jpg_webp,,//www.lazada.vn/products/pdp-i2895187705.html
2111,Newly listed Hot Wheels Barbie Extra 1/64 Model Car Diecast Toy Cars Tooned HCX32-M7C5 1:64 Hotwheels Car Model Toys Diecasts & Toy Vehicles,3069618731_VNAMZ,No Brand,https://sg-test-11.slatic.net/p/73363bf8339d8de2e30ad15f541ddf1c.jpg,,//www.lazada.vn/products/pdp-i3069618731.html
2112,Wltoys 124007 124016 124017 1/12 RC Xe ban đầu phụ tùng không chổi than nhận động cơ ESC Swing cánh tay khác biệt hộp số lốp,2841631587_VNAMZ,No Brand,https://vn-live-01.slatic.net/p/4cd9ed36e59729ca46a1a35060f3890d.jpg_webp,,//www.lazada.vn/products/pdp-i2841631587.html
2113,[tgrx] Chinese Style Lilies of The Valley Mooncake Mold Hand Pressed Moon Cake Mould Manual Pineapple Pastry Tools,2731484987_VNAMZ,No Brand,https://sg-test-11.slatic.net/p/4d1e7ee341897c044395afcd7eb92bca.jpg,,//www.lazada.vn/products/pdp-i2731484987.html
2114,"Bùn địa hình 1.9 ""bánh xe lốp Kraken Claw 122*42mm cho 1/10 RC Crawler xe trục SCX10 Capra utb18 trx4 Redcat SCX10 Pro (t1912)",2663949570_VNAMZ,No Brand,https://vn-live-01.slatic.net/p/b67f8dea320bcf0dca8a41270db55c43.jpg_webp,,//www.lazada.vn/products/pdp-i2663949570.html
2115,[Happy baking] Wooden Baking Snow Skin Mooncake Pastry Pumpkin Pie Green Dumpling Steamed Bread Pig Wooden Mold,3046442469_VNAMZ,No Brand,https://my-live.slatic.net/p/fecbcd5980a71789f01242475486c899.jpg_webp,,//www.lazada.vn/products/pdp-i3046442469.html
2116,Cars Pixar Kids Toys Tomica Takara Tomy Racing Miniature Diecast Alloy Free Wheels Anime Model Collection Toy For Boys,2480039114_VNAMZ,No Brand,https://sg-test-11.slatic.net/p/89d79ea8a6a27fed822f69da5be999aa.jpg,,//www.lazada.vn/products/pdp-i2480039114.html
2117,"Máy mát xa điệncầm tay, máy mát xa cơ bắp, thư giãn, rung, thể dục LCD",3043251742_VNAMZ,No Brand,https://vn-live-01.slatic.net/p/4db62fa8531f37cb86418bf64e722c16.jpg_webp,,//www.lazada.vn/products/pdp-i3043251742.html
2118,12 Inch 4.10/3.50-5 Tire And Inner Tube Thickened Non-Slip And Wear-Resistant Tyre For Mini Quad Dirt Bike Scooter ATV Buggy,2358905239_VNAMZ,No Brand,https://my-live-02.slatic.net/p/9f1b946ba1e4771d79c006253b8f92de.jpg,,//www.lazada.vn/products/pdp-i2358905239.html
2119,"[VLSAA] 8x1 1/4 Non Inflation Solid Tyre Puncture Proof Wheel Tire for Electric Scooter, Folding Bicycle Parts",2672916059_VNAMZ,No Brand,https://sg-test-11.slatic.net/p/46fb6474c20bb75eb05a1566680de4cb.png,,//www.lazada.vn/products/pdp-i2672916059.html
2120,Trung Quốc sườn xám bánh mì nướng Váy Cô Dâu dây OFF-The-vai cao cấp giá cả phải chăng sang trọng thích hợp Váy Đính hôn  vang đỏ,2781943882_VNAMZ,No Brand,https://sg-test-11.slatic.net/p/cd09792342aefcae2e63ea3cb12db637.jpg,,//www.lazada.vn/products/pdp-i2781943882.html
2121,Cute Dragon Shape Moon Cake Mold MidAutumn Festival Mooncake Makers Cookie Stamps Hand Pressure Mooncake Baking Tool,3153359224_VNAMZ,No Brand,https://sg-test-11.slatic.net/p/dc8e79d3b52e005dbdba2eefba334d34.jpg,,//www.lazada.vn/products/pdp-i3153359224.html
2122,Egg Boy Party Cute Trendy Play Together Picnic Series Bd Box Game Surrounding Cake Ornament Handmade for Children Blind box,3061590823_VNAMZ,No Brand,https://sg-test-11.slatic.net/p/c966c996544103eec4e2c56506983fbe.jpg,,//www.lazada.vn/products/pdp-i3061590823.html
2123,"Cung Cấp Giao N Xuyên Biên Giới, Giày Cao Gót Châu Âu Và Mỹ Tăng Miệng Cá T Đài Loan Catwalk Thời Trang Ngoài Trời Khóa Cộng Với Kích Thước Phong Cách Anh",2815594804_VNAMZ,No Brand,https://vn-live-01.slatic.net/p/7bc2849bdedf32522d1aa4fbd264a67d.jpg_webp,,//www.lazada.vn/products/pdp-i2815594804.html
2124,Ban đầu nóng bánh xe cao cấp 1:64 Pop văn hóa kim loại xe Hotwheels Diecast Đồ chơi xe hơi Quà tặng 1:64 Mô hình xe 1/64 Nissan khái niệm Gran,2836993593_VNAMZ,No Brand,https://vn-live-01.slatic.net/p/d398ad8a25a1d55f1a1cbc6fc863c29e.jpg_webp,,//www.lazada.vn/products/pdp-i2836993593.html
2125,KBGEI Gas Electric Scooter Brake Disc 90MM Outside diameter Plate forMotorcycle Mini Dirt Bike ATV Quad Mini Motorcycle FKUVH,2667677195_VNAMZ,No Brand,https://sg-test-11.slatic.net/p/937f2ce2994834650d62f3a8d81494cc.png,,//www.lazada.vn/products/pdp-i2667677195.html
2126,1/64 Bugatti Divo Chiron EB110 Centodieci La Voiture Noire Toy Car JKM Miniature Model Free Wheels Diecast Alloy Collection Gift,3028012280_VNAMZ,No Brand,https://sg-test-11.slatic.net/p/0546c04d69980ff140a5415f833b3365.jpg,,//www.lazada.vn/products/pdp-i3028012280.html
2127,Ban đầu HotWheels cao cấp Đại lộ thực tay đua trường hợp 956t Honda Accord diecasts & đồ chơi xe 1/64 bánh xe nóng Xe mô hình quà tặng,2735030285_VNAMZ,No Brand,https://sg-test-11.slatic.net/p/4233c7bc59433fdb7736933955590572.jpg,,//www.lazada.vn/products/pdp-i2735030285.html
2128,12 Inch Lốp 1/2x2 1/4 203 Cho Nhiều Khí Điện Xe Tay Ga Và E-Xe Đạp (1/2x2 1/4) Bánh Xe Lốp & Ống Bên Trong,2723260502_VNAMZ,No Brand,https://vn-live-01.slatic.net/p/e3aa71219cbace43a04036cf2aa4a5f4.jpg_webp,,//www.lazada.vn/products/pdp-i2723260502.html
2129,Dragon Ball Blind Box Childhood Wukong Bick Great Demon King Oolong Kobayashi Dumplings Wufan Twisting Egg Machine Handmade Ornament Action Figures,2977407209_VNAMZ,No Brand,https://sg-test-11.slatic.net/p/9a8638eecb11062c33e9019c33897776.jpg,,//www.lazada.vn/products/pdp-i2977407209.html
2130,"Vòng tay Bodhi muối biển chanh cho phụ nữ, chính hãng, vòng tay ngón tay mềm mại cho cặp đôi, vòng tay hạt Bodhi cho nam",3007035805_VNAMZ,No Brand,https://vn-live-01.slatic.net/p/d8453793971450d5cf30ac3f1ac76900.jpg_webp,,//www.lazada.vn/products/pdp-i3007035805.html
2131,Phụ Kiện Xe lăn lốp sau 16 inch 16x1.75 rắn lớn khí nén chung,2730636190_VNAMZ,No Brand,https://sg-test-11.slatic.net/p/6316add1d2b3f00f5075aa600741342a.jpg,,//www.lazada.vn/products/pdp-i2730636190.html
2132,12 Inches Wheelchair Wheel 12 1/2X2 1/4 Polyurethane Tire Free Wheel Manual Wheelchair Rear Wheel,2358784916_VNAMZ,No Brand,https://my-live-02.slatic.net/p/b9517f6e7b1624d935ee4a6e2bbff00d.jpg,,//www.lazada.vn/products/pdp-i2358784916.html
2133,[TXLP] Pack Of 50 Citronella Scented Tea Light Scented Candle Against Insect Insect Protection Candle Scented Light Party Supplies ✬✫✩,2730563030_VNAMZ,No Brand,https://sg-test-11.slatic.net/p/24a8602e6b4ef90d06beee29de8662b5.jpg,,//www.lazada.vn/products/pdp-i2730563030.html
2134,Size 28-40 LED Wheel Sneakers For Kids USB Charging Boys Girls Glowing Roller Skate Shoes With Lights Children Luminous Sneakers YCLIHAO,2999193069_VNAMZ,OEM,https://my-live-01.slatic.net/p/e3cb24b7ca2782cc119ca6263cb16ba4.jpg,,//www.lazada.vn/products/pdp-i2999193069.html
2135,H F Plastic Mooncake Mold 125/150g 3D Lotus Stamp Cookie Cutter Mould DIY Baking Accessories Mid Autumn Festival Kitchen Gadgets,1643054918_VNAMZ,No Brand,https://my-live-02.slatic.net/p/49f0eff2e315d3f0614a56c742f2481a.jpg,,//www.lazada.vn/products/pdp-i1643054918.html
2136,Wltoys 12402-a RC Xe phụ tùng 1/12 Phụ kiện ban đầu bánh/vỏ xe/lốp/chống va chạm/thành phần // vi sai/receiver,2791349546_VNAMZ,No Brand,https://vn-live-01.slatic.net/p/ff7f38697963a47ac6fd8357eacb7f6a.jpg_webp,,//www.lazada.vn/products/pdp-i2791349546.html
2137,IUYTG 10pcs 2x40mm 2x35mm Plastic Rubber Tire Aperture 2mm Dia 35/40mm Wheel for DIY Toys Handmade RC 4WD Car Wheels Rim HBGVF,2678441277_VNAMZ,No Brand,https://sg-test-11.slatic.net/p/90e6791a30e17723fda7b50b3a7ea8bd.png,,//www.lazada.vn/products/pdp-i2678441277.html
2138,4pcs Lốp bánh xe lốp cho MJX Hyper đi 16207 16208 16209 16210 H16 h16h h16e h16p 116 RC Xe phụ tùng,2433979113_VNAMZ,No Brand,https://sg-test-11.slatic.net/p/2085302d30bf23f09de9a37743bd026e.jpg,,//www.lazada.vn/products/pdp-i2433979113.html
2139,Nguyên bản Nhật Bản Kỷ Nguyên Mochi biển thỏ thỏ cửa hàng bánh tráng miệng cate viên nang Đồ chơi mô hình thu nhỏ tượng Anime gashapon,2955687719_VNAMZ,No Brand,https://vn-live-01.slatic.net/p/495ef38e65971c4414b61a62572c5c82.jpg_webp,,//www.lazada.vn/products/pdp-i2955687719.html
2140,Chinese Style Flower Mooncake Mold 180g DIY Hand Pressure Fondant Moon Cake Mould Press Cookie Cutters Baking Tool,3155860061_VNAMZ,No Brand,https://sg-test-11.slatic.net/p/4c9a979ad381aad9766037e959da158f.jpg,,//www.lazada.vn/products/pdp-i3155860061.html
2141,Original Hot Wheels Premium Car Pop Culture F/A-18E Super Hornet Boys Toy 1/64 Diecast Top Gun Moverick Alloy Model Collect Gift,3124096225_VNAMZ,No Brand,https://sg-test-11.slatic.net/p/7ac0415c7a48f99f89dac2cda4148bd0.jpg,,//www.lazada.vn/products/pdp-i3124096225.html
2142,[tbxl] 9 Gear Electric Heating Pad Physiotherapy Blanket for Abdomen Waist Back Pain Relief Winter Foot Hand Warmer Sheet Pad 58*29cm,2732973398_VNAMZ,No Brand,https://sg-test-11.slatic.net/p/962e3d45cf6e149b9a6e3bbad264090b.jpg,,//www.lazada.vn/products/pdp-i2732973398.html
2143,【A Hot】 Fall Outdoor Artificial Red Azalea Flowers Bushes High Quality UV Resistant Fake Flowers Home Decor Small Decorations For Garden,2007723642_VNAMZ,No Brand,https://my-live-02.slatic.net/p/f6825b67d65e9ea044a1a2bed71af4a7.jpg,,//www.lazada.vn/products/pdp-i2007723642.html
2144,Moon cake building blocks Toy Assembly Particle Boys And Girls Birthday Gifts Kids toys,3085620361_VNAMZ,No Brand,https://my-live-01.slatic.net/p/efe5e4d9790e01b62268f30a7cd91ad6.jpg,,//www.lazada.vn/products/pdp-i3085620361.html
2145,Hand Pressure Moon Cake Mold Flower Pattern Cookie Stamps Moon Cake Maker MidAutumn Festival Cookie Pastries Tool,3162548130_VNAMZ,No Brand,https://sg-test-11.slatic.net/p/1be05b1daa146493377f88c1d9bb5433.jpg,,//www.lazada.vn/products/pdp-i3162548130.html
2146,"IUYTG INJORA 58*24mm Swamp Stomper 1.0"" Wheel Tires for 1/24 1/18 RC Crawler Car SCX24 AX24 TRX4M FCX24 (T1015) HBGVF",2678438340_VNAMZ,No Brand,https://sg-test-11.slatic.net/p/dc02884d08c9e05de6c159d2bb7e04aa.jpg,,//www.lazada.vn/products/pdp-i2678438340.html
2147,"Chinese style children's headwear set, girls' Hanfu hair clip, ancient style hair clip, step shaking, super fairy tassel, butterfly hair accessory Hongqian",2492163099_VNAMZ,No Brand,https://sg-test-11.slatic.net/p/e2b24f77909592e76c40d0326bb90dc3.png,,//www.lazada.vn/products/pdp-i2492163099.html
2148,Siku Siêu Thể Thao Racing Xe Máy Xe Hơi Đồ Chơi Cho Trẻ Em 1/55 Diecast Thu Nhỏ Mô Hình Miễn Phí Bánh Xe Cảnh Sát Máy Bay Bộ Sưu Tập Quà Tặng Cậu Bé,2966953651_VNAMZ,No Brand,https://vn-live-01.slatic.net/p/b47d56cf7dc1401c11bb99fd0f27d866.jpg_webp,,//www.lazada.vn/products/pdp-i2966953651.html
2149,6X2 Solid Tire Without Inner Tube Tyre Electric Scooter Wheel Chair Truck Use 6 '' Tyre Fastwheel F0 Scooter Trolley Cart Tire,2358912206_VNAMZ,No Brand,https://my-live-02.slatic.net/p/b64d16639f5eb66d0a694d79fe9f42ea.jpg,,//www.lazada.vn/products/pdp-i2358912206.html
2150,Hand-Pressure Moon Cake Mold Flower Bird Pattern Cookie Stamps Moon Cake Makers MidAutumn Festival DIY Pastry Tool,3159348828_VNAMZ,No Brand,https://sg-test-11.slatic.net/p/4ab6b59a7f82f4905e97881456c93974.jpg,,//www.lazada.vn/products/pdp-i3159348828.html
2151,"1/64 Chevrolet Camaro, 1:64 Diecast siêu thể thao Đồ chơi xe mô hình 3 ''bánh xe nóng thu nhỏ, hợp kim kẽm Bộ sưu tập quà tặng cho trẻ em",2785837557_VNAMZ,No Brand,https://vn-live-01.slatic.net/p/d9d6f35cb0e18d4ca1fb6e916312ca08.jpg_webp,,//www.lazada.vn/products/pdp-i2785837557.html
2152,"IUYTG INJORA Swamp Claw 56*23mm 1.0"" Mud Terrain Wheel Tires for 1/18 1/24 RC Crawler Car SCX24 AX24 TRX4M FCX24 (T1021) HBGVF",2678119163_VNAMZ,No Brand,https://sg-test-11.slatic.net/p/659bd37709284a371314da9df84980a4.png,,//www.lazada.vn/products/pdp-i2678119163.html
2153,Máy Sấy Tóc Nam Châm Gấp   Thiết Bị Gia Dụng Ngoại Thương Máy Sấy Tóc Giá Trị Cao Máy Thổi Búa,2695321459_VNAMZ,No Brand,https://sg-test-11.slatic.net/p/c03b96fa9949b4f8aa25df9c26b9209b.jpg,,//www.lazada.vn/products/pdp-i2695321459.html
2154,[Happy baking]4SZ050 Keduanwu Gaoxiao Green Bean Cake Mold Triangle Hand Pressure Chinese Moon Cake Mold,3046525176_VNAMZ,No Brand,https://sg-test-11.slatic.net/p/48ca3dd097c82c5f62e3ee45a0301b72.jpg,,//www.lazada.vn/products/pdp-i3046525176.html
2155,"INJORA 1.9\"" Wheel Tires Super Large 122*48Mm For 1:10 RC Rock Buggy Crawler Car TRX4 Axial SCX10 90046 Capra",2374542073_VNAMZ,No Brand,https://my-live-02.slatic.net/p/7b2dd73e40e056b414d048c494019882.jpg,,//www.lazada.vn/products/pdp-i2374542073.html
2156,Giày Chunky Dành Cho Nữ Mẫu Mới Thoáng Khí Đi Bộ Đường Dài Ngoài Trời Thoải Mái Đế Dày Màu Trắng Thể Thao Mùa Hè Bạch Tuộc Châu Âu Bánh Bông Lan,2809794060_VNAMZ,No Brand,https://vn-live-01.slatic.net/p/419de8a5853faa9b6e060a10a4e261d5.jpg_webp,,//www.lazada.vn/products/pdp-i2809794060.html
2157,4Pcs 85Mm 12Mm Hex Cao Su Lốp Bánh Xe Cho Scy 16101 16102 16103 Pro Mjx Hyper Đi 14210 16210 1/14 1/16 RC Xe Tải Quái Vật Nâng Cấp,2679296909_VNAMZ,No Brand,https://sg-test-11.slatic.net/p/877fa1155cc22b9bf9742cc0cd26e033.jpg,,//www.lazada.vn/products/pdp-i2679296909.html
2158,50g Rabbit Shape Mooncake Moulds Mooncake Mold Mooncake Stamps Hand Pressure Plastic Material Kitchen Baking Accessories,3150394730_VNAMZ,No Brand,https://sg-test-11.slatic.net/p/5f000800e04b7f6c2934ca8b0d544477.jpg,,//www.lazada.vn/products/pdp-i3150394730.html
2159,CCA 1/64 Diecast Alloy Toy Car For Children Metal BMW Audi Benz Chevrolet Ford Toyota Lexus Miniature Free Wheels Collection,3027903539_VNAMZ,No Brand,https://sg-test-11.slatic.net/p/f9a254d8028c9b7f29a8240528270a89.jpg,,//www.lazada.vn/products/pdp-i3027903539.html
2160,XS1106LiYu Giày Đèn LED Trẻ Em Heelys Giày Trượt Patin Hai Bánh Phát Sáng Giày Trượt Patin Ngoài Trời Cho Bé Trai Và Bé Gái Giày Trượt Giày Nhấp Nháy Nhiều,2597461640_VNAMZ,OEM,https://sg-test-11.slatic.net/p/b6a37025d758e0ac39d299d6164f96cd.png,,//www.lazada.vn/products/pdp-i2597461640.html
2161,MidAutumn Festival Moon Cake Maker Bakings Tool Peach Flower Moon Cake Molds Hand Press Mold Plungers Pastry Tools,3150436396_VNAMZ,No Brand,https://sg-test-11.slatic.net/p/339fbe9fb479296c050f1c97bab1329d.jpg,,//www.lazada.vn/products/pdp-i3150436396.html
2162,Tóc Trung Quốc Bánh Bun Headdress Sweet Glazed Orchid Tóc Đũa Pin với tua cho Cheongsam Han Quần áo mặc trà JS-028-VN,3146882365_VNAMZ,OEM,https://sg-test-11.slatic.net/p/3deab0c1471688bd288ca572cb657240.jpg,,//www.lazada.vn/products/pdp-i3146882365.html
2163,＜107＞  Chính Hãng Sanrio Little Bee Concert Series Hộp Mù Đồ Chơi Hợp Thời Trang Quà Tặng Cô Gái Chó Kulomi Pacha,2961657797_VNAMZ,OEM,https://vn-live-01.slatic.net/p/492f5fd53e48aa527be49539ae5580cc.jpg_webp,,//www.lazada.vn/products/pdp-i2961657797.html
2164,Hand Pressure Moon Cake Molds Peach Flower Cookie Stamps Moon Cake Maker MidAutumn Festival making Cookie Pastries Tool,3143631007_VNAMZ,No Brand,https://sg-test-11.slatic.net/p/fe7c7b91b21cc45323645e3511629d62.jpg,,//www.lazada.vn/products/pdp-i3143631007.html
2165,Bánh xe cân bằng bên GPM cho LOSI 1/4 Promoto-MX RC TOY2.1,3030677570_VNAMZ,No Brand,https://vn-live-01.slatic.net/p/83e2a9a7cb8d210fb9f533b12541fb4f.jpg_webp,,//www.lazada.vn/products/pdp-i3030677570.html
2166,1/64 từ thu nhỏ Xe đồ chơi mô hình Volkswagen TOYOTA BMW Lamborghini Ford miễn phí bánh xe diecast Bộ sưu tập quà tặng tủ lạnh dán,2630478881_VNAMZ,No Brand,https://vn-live-01.slatic.net/p/deeecd19e659a5366cc870303043cc14.jpg_webp,,//www.lazada.vn/products/pdp-i2630478881.html
2167,qiaoneixie 1 đôi thời trang mùa đông chồn nhung năm ngón tay đầy đủ găng tay sang trọng ấm áp găng tay chống lạnh ngoài trời đi xe đạp màu rắn,3159623989_VNAMZ,No Brand,https://sg-test-11.slatic.net/p/a8363f57366c5facff5f5e5c72056415.jpg,,//www.lazada.vn/products/pdp-i3159623989.html
2168,Giày Đế Bằng Màu Đỏ Trung Quốc Mùa Xuân Rung Shop Giày Thể Thao Đế Dày Nam Giày Bánh Mì Đường Phố Thường Ngày Phong Cách Hàn Quốc Giày Thời Trang Học Sinh,2835556921_VNAMZ,No Brand,https://vn-live-01.slatic.net/p/c45274f88e02468d64d13b3da2f7c546.jpg_webp,,//www.lazada.vn/products/pdp-i2835556921.html
2169,1/64 Scania Transporter Playset Xe đồ chơi cho trẻ em Trailer Tow Truck mô hình thu nhỏ miễn phí bánh xe diecast kỹ thuật Quà Tặng chàng trai,2967113384_VNAMZ,No Brand,https://vn-live-01.slatic.net/p/1fae3857dc67c1f92c7eab6f082f9352.jpg_webp,,//www.lazada.vn/products/pdp-i2967113384.html
2170,Plastic Mooncake Mold Cookie Cutter with Stamps Hand Press Green Bean Pastry Mould DIY Bakeware,3150337824_VNAMZ,No Brand,https://sg-test-11.slatic.net/p/348f7767f26b8940229725f5f0ebdada.jpg,,//www.lazada.vn/products/pdp-i3150337824.html
2171,[ngsha] INJORA Brass 7mm Wheel Hex Thickness 4/5/6mm For 1/24 RC Crawler FMS FCX24 FCX18 Upgrade (FCX24-07),2826463407_VNAMZ,No Brand,https://sg-test-11.slatic.net/p/2ccc77779bba5e694725001963d919da.png,,//www.lazada.vn/products/pdp-i2826463407.html
2172,ICYSTORE70IC0 3 mức nhiệt Chăn sưởi điện USB Có thể giặt Đeo được Chăn sưởi ấm Thời trang Bọc chân Mùa đông,2908177642_VNAMZ,No Brand,https://sg-test-11.slatic.net/p/02959ba404ac5c9f5f54ae342d2ba49b.jpg,,//www.lazada.vn/products/pdp-i2908177642.html
2173,6X2 Solid Tire Without Inner Tube Tyre Electric Scooter Wheel Chair Truck Use 6 '' Tyre Fastwheel F0 Scooter Trolley Cart Tire,2358840460_VNAMZ,No Brand,https://my-live-02.slatic.net/p/d0270854574dd4f190ac50726598e660.jpg,,//www.lazada.vn/products/pdp-i2358840460.html
2174,"INJORA 4PCS 118*44Mm 2.2\"" Ruer Wheel Tires For 1:10 RC Crawler Car TRX4 TRX6 Axial SCX10 90046",2374381812_VNAMZ,No Brand,https://my-live-02.slatic.net/p/c9d37c54f4425b2b9268c3c4447daacc.jpg,,//www.lazada.vn/products/pdp-i2374381812.html
2175,6X2 Soild Wheel 6X2J 6 Inch Soild Tire M8 Aluminum Hub For Electric Scooter Wheelchair 6 Inch Solid Rear Wheel,2358872135_VNAMZ,No Brand,https://ph-live-02.slatic.net/p/406f4566a7e14927c7d88d7d72591013.jpg,,//www.lazada.vn/products/pdp-i2358872135.html
2176,Wooden Mantou Mooncake embossed pasta pastry Soviet style moon cake crisp Dim sum baking mold seal Baking Trays & Pans,3002464306_VNAMZ,No Brand,https://sg-test-11.slatic.net/p/543cc94a249b0f52521162c3605966c3.jpg,,//www.lazada.vn/products/pdp-i3002464306.html
2177,6X2 Solid Tire Without Inner Tube Tyre Electric Scooter Wheel Chair Truck Use 6 '' Tyre Fastwheel F0 Scooter Trolley Cart Tire,2358650995_VNAMZ,No Brand,https://my-live-02.slatic.net/p/62a1b59702abb7450dc98c50d9660ceb.jpg,,//www.lazada.vn/products/pdp-i2358650995.html
2178,1/64 Scania Xe Trailer Kéo Xe Tải Người Đàn Ông Tàu Chở Dầu Container Vận Chuyển Đồ Chơi Mô Hình Thu Nhỏ Miễn Phí Bánh Xe Diecast Kỹ Thuật Cậu Bé,2966955494_VNAMZ,No Brand,https://vn-live-01.slatic.net/p/ba8dccfb80012305c2c58fce79a6c4ab.jpg_webp,,//www.lazada.vn/products/pdp-i2966955494.html
2179,"IUYTG Multi Terrains 1.9"" Wheel Tire Comp Pins 120*35mm for 1/10 RC Crawler Rock Buggy TRX4 SCX10 Pro Capra Gen8 VS4-10 (T6502) HBGVF",2678102172_VNAMZ,No Brand,https://sg-test-11.slatic.net/p/26b6e4e071f892312196172a6050bda5.jpg,,//www.lazada.vn/products/pdp-i2678102172.html
2180,"Sensah 2x11 tốc độ, 22S đường Groupset, phẳng xử lý Shifter phía sau derailleurs phía trước derailleurs lực lượng đối thủ 5800, r7000 UT 105",2719008028_VNAMZ,No Brand,https://vn-live-01.slatic.net/p/ac211542b0a49bd89fff734c6f9e417a.jpg_webp,,//www.lazada.vn/products/pdp-i2719008028.html
2181,"Wooden cake Mid Autumn mooncake baking mold, wooden pastry mold Baking Trays & Pans",3002472025_VNAMZ,No Brand,https://sg-test-11.slatic.net/p/a295b8f070244bae8f0eb883ba888f1f.jpg,,//www.lazada.vn/products/pdp-i3002472025.html
2182,SCX10 RC4WD 1/10 RC bánh xích đá phụ kiện xe hơi RC dẫn ánh sáng kit đèn pha thiên thần mắt với 12 chế độ cho Traxxas TRX-4 trục,2966789561_VNAMZ,No Brand,https://vn-live-01.slatic.net/p/e1bd231f3c200e9b6a5f485be5461826.jpg_webp,,//www.lazada.vn/products/pdp-i2966789561.html
2183,CST 10 Inch 10X2 Inner Tube For Electric Scooter Balancing Car Tyre 10X2.125 10X2.25 10X2.50 10X3.0 Dualtron Kugoo M4 Wheel Tire,2358944116_VNAMZ,No Brand,https://vn-live-01.slatic.net/p/a166e3808413061da25a76dd0b34f197.jpg,,//www.lazada.vn/products/pdp-i2358944116.html
2184,Wheel Hub For 8'' 24-48V 250-350W Tire 8X2.00-5 BLDC Electric Bicycle Hub Motor Electric Wheelchair Wheel Motor,2358887091_VNAMZ,No Brand,https://my-live-02.slatic.net/p/12b902d2cc0ad58e22709cb69debfe70.jpg,,//www.lazada.vn/products/pdp-i2358887091.html
2185,Hợp kim máy bay chở khách Hogan 1: 500hg5507 B747-8 9k-gaa kuwait máy bay đặc biệt đơn vị mô hình thu nhỏ đồ chơi cho bé trai,2822433986_VNAMZ,No Brand,https://sg-test-11.slatic.net/p/5e9cedd9a7c4c93068b00fa9ce91422d.jpg,,//www.lazada.vn/products/pdp-i2822433986.html
2186,FGTRE Waterproof 45A 60A 80A 120A Brushless ESC Electric Speed Controller Dust-proof for 1/8 1/10 1/12 RC Car Crawler RC Boat Part BVHNM,2737609889_VNAMZ,No Brand,https://sg-test-11.slatic.net/p/c6ae5edd794042129cf4d76936a94971.png,,//www.lazada.vn/products/pdp-i2737609889.html
2187,8 Inch PU Tire 200 * 50Mm Electric Wheelchair Solid Tire Front Wheel,2358922260_VNAMZ,No Brand,https://sg-live-02.slatic.net/p/ad07eb8fa432f3ae3fe96dcebbe6c19c.jpg,,//www.lazada.vn/products/pdp-i2358922260.html
2188,Ban Đầu Hot Bánh Xe Cao Cấp Mario Bros 1:64 Mô Hình Xe Diecast Đồ Chơi Cho Bé Trai 1/64 Xe Đồ Chơi Trở Lại Tương Lai Hotwheels Đồ Chơi CarEIRU-2IJ,2731068585_VNAMZ,No Brand,https://sg-test-11.slatic.net/p/805213bbb366a52c06679e1704d633c7.jpg,,//www.lazada.vn/products/pdp-i2731068585.html
2189,SW In Stock 1:64 1965 Mustang Hoonicorn RTR 1977 F150 Hoonitruck Ken Block Car Model Collection Miniature Carro Street Weapon,2434767540_VNAMZ,No Brand,https://sg-test-11.slatic.net/p/555af3fa36a412964e526e2daeec1a23.jpg,,//www.lazada.vn/products/pdp-i2434767540.html
2190,[KURK] 6mm 8mm 10mm inner hole Good quality wheel 200x45 wheel 8 inch Castor Wheel with Tyre & Tube motorcycle parts electric scooter,2672647546_VNAMZ,No Brand,https://sg-test-11.slatic.net/p/452e803e3e5b5127958bfb6264e96900.png,,//www.lazada.vn/products/pdp-i2672647546.html
2191,Foxeer 2.4GHZ ELRS Lite Receiver ESP8285 & SX1280 Processor Withe RGB LED Indicator For FPV Freestyle Long Range Drone Diy,2808405551_VNAMZ,No Brand,https://sg-test-11.slatic.net/p/6ef69d7b3f3a65c8fb5a6b9d305acf16.jpg,,//www.lazada.vn/products/pdp-i2808405551.html
2192,6 Inch Solid Tire Wheel 6X2 Tire Inner Tube For Electric Scooter Wheelchair Truck F0 Pneumatic Wheel Trolley Cart Air Wheel Bike,2358931274_VNAMZ,No Brand,https://my-live-02.slatic.net/p/d6f4b7e25e30eb327bc43539ccb65f38.jpg,,//www.lazada.vn/products/pdp-i2358931274.html
2193,IUYTG Chanmoo 1/8 1/10 Short Course Truck Sand Tires Snow Tyres with 12 14 17mm Wheel Hex for RC Car TRAXXAS ARRMA SENTON Vkar SCTX10 HBGVF,2678257984_VNAMZ,No Brand,https://sg-test-11.slatic.net/p/575b136aea56f5a6182bfe20e3d21f72.png,,//www.lazada.vn/products/pdp-i2678257984.html
2194,"Xe ô tô nhào lộn RC Jjrc Q193, robot chó cơ khí 8 bánh, đèn cho trẻ em, điều khiển từ xa bằng cử chỉ, xe đồ chơi thú cưng điện tử điều khiển kép",3119499355_VNAMZ,No Brand,https://vn-live-01.slatic.net/p/4340b597d9b53a6962f43a1221f0b4eb.jpg_webp,,//www.lazada.vn/products/pdp-i3119499355.html
2195,8 Inch PU Tire 200 * 50Mm Electric Wheelchair Solid Tire Front Wheel,2358866740_VNAMZ,No Brand,https://my-live-02.slatic.net/p/240993ea4ca5af84bc29dad75b526390.jpg,,//www.lazada.vn/products/pdp-i2358866740.html
2196,【Fire】2023 Hot 12 Colors Foldable Shoes Ladies Japanned Leather Pocket Flats Bowtie Moccasin Round Toe Chassure Femme Roll Up Cake Ballet,2214473343_VNAMZ,No Brand,https://my-live-02.slatic.net/p/d768aa8b10580479c97298474e09ccd6.jpg,,//www.lazada.vn/products/pdp-i2214473343.html
2197,High-Quality 3.00-8 Tire 300-8 Scooter Tyre & Inner Tube For Mobility Scooters 4PLY Cruise Scooter Mini Motorcycle,2358840440_VNAMZ,No Brand,https://my-live-02.slatic.net/p/a5481505aae5f98b269e6e23880b1b01.jpg,,//www.lazada.vn/products/pdp-i2358840440.html
2198,"270x47-203 lốp bên trong và bên ngoài, thích hợp cho xe đẩy trẻ em, Xe ba bánh trẻ em, xe gấp điện, xe đạp , moto",2730629105_VNAMZ,No Brand,https://vn-live-01.slatic.net/p/f1fc15ff1ff2ea0eb9f8ad76965c7366.jpg_webp,,//www.lazada.vn/products/pdp-i2730629105.html
2199,Dacina Easy Folding Wheels Extension Telescopic Rod Haimen Rubber Folding Bike China Bike for Outdoor,3151311759_VNAMZ,No Brand,https://sg-test-11.slatic.net/p/af1162787c2f494dff40588564fc6090.jpg,,//www.lazada.vn/products/pdp-i3151311759.html
2200,UNQCSA Cửa hàng đồ ăn nhẹ Sách yên tĩnh trò chơi nhãn dán Bánh quế Lẩu cay Đồ chơi tự làm thủ công Hài Hước Bắp Cải Trung Quốc Sách bận rộn Quà Tặng Con Gái,3168304175_VNAMZ,No Brand,https://sg-test-11.slatic.net/p/a15dd5b6f4d8cbcd5bdb8d7d9eac8c01.jpg,,//www.lazada.vn/products/pdp-i3168304175.html
2201,Tóc Trung Quốc Bánh Bun Headdress Sweet Glazed Orchid Tóc Đũa Pin với tua cho Cheongsam Han Quần áo mặc trà DFR-VN,3146995536_VNAMZ,OEM,https://sg-test-11.slatic.net/p/eb0ace6b4a6e3a0910d9f25fd084d786.jpg,,//www.lazada.vn/products/pdp-i3146995536.html
2202,Hot Wheels Basic Car Mercedes-Benz 500E ride-on toy miniature car from 3 years old Green JFN67,3135118201_VNAMZ,Mattel,https://sg-test-11.slatic.net/p/acbef14777d5c6c5ab0d9f1308dd20c5.png,,//www.lazada.vn/products/pdp-i3135118201.html
2203,Eternal Sailor Moon Cake Ornaments Tsukino Usagi Action Figure Decoration Collection Doll Anime Model Toys For Birthday Gifts Action Figures,2371192159_VNAMZ,No Brand,https://my-live-02.slatic.net/p/a5373bd050d8702aa63244562f1e3ec5.jpg,,//www.lazada.vn/products/pdp-i2371192159.html
2204,Various Type Mooncake Mold Mid-Autumn Festival Mooncake Mould DIY Hand Pressure Fondant Decorations Tools Moon Cake Mol,3142563453_VNAMZ,No Brand,https://sg-test-11.slatic.net/p/cc9f100a6f51e7d2ad60534322012821.jpg,,//www.lazada.vn/products/pdp-i3142563453.html
2205,[KEENE] Lichtgewicht Lace-Up Sneakers Mannen Alle Merken Running Man Sneakers Sport Mannen Witte Sportschoenen Espadrilles Walkx Schoeisel 0201,2675246988_VNAMZ,No Brand,https://sg-test-11.slatic.net/p/5f3727b96d1610d581289c48f7899b73.png,,//www.lazada.vn/products/pdp-i2675246988.html
2206,[2024] Giao Hàng Từ Trung Quốc Khối Lập Phương Rồng Crown Yongjun   Vương Miện Rồng Thứ Ba Vương Miện Linh Hồn Tốc Độ Hai Bốn Năm 2345 Khối Lập Phương Rubi,2789257145_VNAMZ,No Brand,https://vn-live-01.slatic.net/p/1992abf93176c72ca76c3d4d9e44e537.jpg_webp,,//www.lazada.vn/products/pdp-i2789257145.html
2207,"Giày thể thao lót lông Beier 2024 Giày trắng mùa đông mới đa năng phong cách trường học, đế dày, giày nữ có vẻ ngoài cao cấp",2994826699_VNAMZ,No Brand,https://vn-live-01.slatic.net/p/3ceb76147dac782af5d43d8e5fd81879.jpg_webp,,//www.lazada.vn/products/pdp-i2994826699.html
2208,Siku Super Sport Racing Motorcycle Car Toy For Children 1/55 Diecast Miniature Model Free Wheel Police Plane Collection Gift Boy,2636361862_VNAMZ,No Brand,https://sg-test-11.slatic.net/p/f5cfac77b0e7508853354869eaa9c626.jpg,,//www.lazada.vn/products/pdp-i2636361862.html
2209,Giày Trắng Da Thật Đế Dày Giày Gấu Trúc Mẫu Mới Mùa Xuân Năm 2024 Cho Trẻ Em Giày Thể Thao Dễ Phối Đồ Thời Trang,2598128574_VNAMZ,OEM,https://sg-test-11.slatic.net/p/cac3461fbf3db2d4e0e0f6d2db5bc8fb.jpg,,//www.lazada.vn/products/pdp-i2598128574.html
2210,San Neng SN1312 Non stick Square Gold Plate 28x28 Ancient Breakfast Cake Roll Mooncake Baking Mold Baking Trays & Pans,3002328347_VNAMZ,No Brand,https://sg-test-11.slatic.net/p/73b7cdd155abfd2dce3d4a9d38cecf3b.jpg,,//www.lazada.vn/products/pdp-i3002328347.html
2211,3.00-4 ( 260X85'' 300-4 10''X3'' ) Tyres Inner Tube For Gas Scooter Bike Wheelchair Motorcycle 10''Electric Scooter Wheel Tires,2358744833_VNAMZ,No Brand,https://my-live-02.slatic.net/p/c7bf9ea7e6f085a4e9d446103e48281f.jpg,,//www.lazada.vn/products/pdp-i2358744833.html
2212,Free Shipping 10X2 54-152 Tire Inner Tube And Alloy Rims Hub Fits Electric Scooter Balance Car Wheelbarrow Wheelchair,2358993045_VNAMZ,No Brand,https://my-live-02.slatic.net/p/cee4e4470d2ceeeb50c3cb384ff8d294.jpg,,//www.lazada.vn/products/pdp-i2358993045.html
2213,12 1/2*2 1/4 12X2.125 Inner Tire Scooter Battery Car Tire Electric Wheelchair 62-203 Pneumatic Tire Electric Bicycle Accessorie,2358891540_VNAMZ,No Brand,https://my-live-02.slatic.net/p/0fd4a692af9c57b0d0c2a0875a142e7e.jpg,,//www.lazada.vn/products/pdp-i2358891540.html
2214,"4.10/3.50-4 Tires 4.10-4 3.50-4 Tyre And Inner Tube For Electric Tricycle, Trolley,Electric Scooter,Warehouse Car Tire Parts",2358904510_VNAMZ,No Brand,https://my-live-02.slatic.net/p/f8936cf9284d50c7881ff38d646bfd8a.jpg,,//www.lazada.vn/products/pdp-i2358904510.html
2215,Pudding Snack Pillow Cat Throw Pillow With Removable Stuffed Animal Toys Creative 8Pcs Snack Zipper Bag Decor Cushion For Girls,2373888445_VNAMZ,No Brand,https://my-live-02.slatic.net/p/9fa3c085203d86031bbebc5bd987a268.jpg,,//www.lazada.vn/products/pdp-i2373888445.html
2216,Hoy 1:64 Subaru Impreza STI WRX GC8 Rally Sport Alloy Diorama Car Model Collection Miniature Carros Toys In Stock,2362529250_VNAMZ,No Brand,https://my-live-02.slatic.net/p/ad31974a6a432de0abbe0bb7712e6311.jpg,,//www.lazada.vn/products/pdp-i2362529250.html
2217,"3.00-4 bên trong lốp và ra lốp 260x85 (10x3) cho Knobby xe tay ga, ATV đi Kart xe điện xe lăn xe cút kít",2730576618_VNAMZ,No Brand,https://sg-test-11.slatic.net/p/8cda20ffe80e53d695241ba04cc7a938.jpg,,//www.lazada.vn/products/pdp-i2730576618.html
2218,12 Inch 12X2.125 Pneumatic Tire Outer Tire And Inner Tire For Bike Stroller Urban Electric Scoote Tire 12*2.125 Tire,2358902341_VNAMZ,No Brand,https://my-live-02.slatic.net/p/ffd49f88f3b316e432448473d02dc398.jpg,,//www.lazada.vn/products/pdp-i2358902341.html
2219,Original Hot Wheels Car Culture Premium Drag Strip Mini Cars Hotwheels 1/64 Diecast Model Cars Hotwheels WILLYS Volkswagen Bug,2483125770_VNAMZ,No Brand,https://sg-test-11.slatic.net/p/0c55af178589746f509a08500b67e515.jpg,,//www.lazada.vn/products/pdp-i2483125770.html
2220,6 Inch Folding Electric Scooter Tyre 6X1.5 Tire + Inner Tube For E-Scooter Wheel Pocket Bike Utility Vehicle Chair Truck 6X1/2,2358631992_VNAMZ,No Brand,https://my-live-02.slatic.net/p/b11de782b772206562c525e5c98ee127.jpg,,//www.lazada.vn/products/pdp-i2358631992.html
2221,"Putian Shoes, Aigo, Converse, Les Classic 1970s  Giày Vải Đế Dày Tăng Chiều Cao Bên Trong Giày Tăng Chiều Cao Nam Nữ Đế Dày",2531788628_VNAMZ,OEM,https://vn-live-01.slatic.net/p/1a2bda01833990d72b5a824ef72129fd.jpg_webp,,//www.lazada.vn/products/pdp-i2531788628.html
2222,6X2 Solid Tire Without Inner Tube Tyre Electric Scooter Wheel Chair Truck Use 6 '' Tyre Fastwheel F0 Scooter Trolley Cart Tire,2358763563_VNAMZ,No Brand,https://my-live-02.slatic.net/p/fc17d62f93111ec08923c5884625e6d5.jpg,,//www.lazada.vn/products/pdp-i2358763563.html
2223,6 Inch 6X2 Tire Inner Tube Set Fit For Electric Scooter Wheel Pneumatic Wheel Trolley Cart Air Wheel Bike,2358968042_VNAMZ,No Brand,https://my-live-02.slatic.net/p/825dfaa62c08eaae5d358a79b80c46ce.jpg,,//www.lazada.vn/products/pdp-i2358968042.html
2224,10x3.0 không săm lốp 10*3.0 chân không lốp cho dualtron Speedway 10 inch động cơ điện Scooter đi Kart ATV Quad bánh xe các bộ phận,2637236002_VNAMZ,No Brand,https://sg-test-11.slatic.net/p/5cab73a9cc53ff7aeb9f3aa04b1bc1ca.jpg,,//www.lazada.vn/products/pdp-i2637236002.html
2225,Jinjiang Dachang Đi Dạo Giày Cô Gái 2023 Flash Hai Bánh Giày Trượt Patin Cho Bé Trai,2556512757_VNAMZ,OEM,https://vn-live-01.slatic.net/p/5b2f01bfa813f69fe1a8bd9a3f1cf23a.jpg_webp,,//www.lazada.vn/products/pdp-i2556512757.html
2226,1:32 TOYOTA HIACE xe đồ chơi mô hình Hợp kim 5 cửa mở lốp cao su thu nhỏ MPV bánh xe kéo trở lại van xe bé trai Bộ sưu tập vui vẻ,2967086547_VNAMZ,No Brand,https://sg-test-11.slatic.net/p/46473295854d4261a4994560bbde4130.jpg,,//www.lazada.vn/products/pdp-i2967086547.html
2227,1:64 Mitsubishi Lancer EX2000 Turbo Miniature Model Diecast Alloy Toy Car 1/64 JKM Classical Vehicle Free Wheels Collection Gift,2962671062_VNAMZ,No Brand,https://sg-test-11.slatic.net/p/4c758351a910eff57dea8090fec1618a.jpg,,//www.lazada.vn/products/pdp-i2962671062.html
2228,Japanese Anime Figure Sailor Moon Crystal Power Transformation Kawaii Girl Action Figure Pvc Girl Model Doll Toy Decor Kids Toys,2066230506_VNAMZ,No Brand,https://my-live-02.slatic.net/p/11719f41335d823453b340a68d78b8bf.jpg,,//www.lazada.vn/products/pdp-i2066230506.html
2229,200X50 (8 Inch)Tire Fit For Electric Gas Scooter & Electric Scooterd Wheelchair Wheel,2358717698_VNAMZ,No Brand,https://my-live-02.slatic.net/p/90e40232189652d128293c069156bb30.jpg,,//www.lazada.vn/products/pdp-i2358717698.html
2230,Đồng Hồ Cơ Bánh Đà Rỗng Mặt Trăng Dawn Galaxy Đồng Hồ Nam Đồng Hồ Đeo Tay Công Sở Trực Tiếp Phát Sáng Tự Động,2804385919_VNAMZ,OEM,https://vn-live-01.slatic.net/p/9851bf55a409010fe64e045bdbbe2e43.jpg_webp,,//www.lazada.vn/products/pdp-i2804385919.html
2231,YCYING Kids Shoes with LED Children Roller Skate Sneakers Wheels Glowing Led Light Up for Boys Girls Zapatillas Con Ruedas Size 27-40,2306417017_VNAMZ,No Brand,https://my-live-02.slatic.net/p/c1dbdc41d868015f6d789cf0ad09b959.jpg,,//www.lazada.vn/products/pdp-i2306417017.html
2232,Kids Shoes with Children Roller Skate Sneakers with Two Wheels glowing Up for Boys Girls Size 28-36,2913552038_VNAMZ,No Brand,https://my-live-02.slatic.net/p/45cfe32eb4cf4ebe534125ceb77fef50.jpg,,//www.lazada.vn/products/pdp-i2913552038.html
2233,Creative Magical Tumbler Unicycle Robot Electric Toy Tightrope Walker Balance Car Assembling Interesting Gifts For Boys Girls,2407984028_VNAMZ,No Brand,https://sg-test-11.slatic.net/p/0ad13d3a61502de1545bad1ec61cb812.jpg,,//www.lazada.vn/products/pdp-i2407984028.html
2234,Motorcycle 6X1 1/4 6 Inch Inner Outer Tire Tyres Tube For Electric Gas Scooter Inflation Wheel Pneumatic Wheelchair Durable,2358714686_VNAMZ,No Brand,https://my-live-02.slatic.net/p/7d29b299378ebac27f1329fa8a30cd09.jpg,,//www.lazada.vn/products/pdp-i2358714686.html
2235,Ban Đầu Hot Bánh Xe Cao Cấp Kim Loại Grumman F14 Tomcat Tom Cat Top Súng Diecast Mèo Mô Hình Máy Bay 1/64 Đồ Chơi Cho Nam Giới Chàng Trai Quà Tặng,2864604340_VNAMZ,No Brand,https://vn-live-01.slatic.net/p/b863ebd094dd5eac5c9017f6b549cde0.jpg_webp,,//www.lazada.vn/products/pdp-i2864604340.html
2236,DGJLI Mini Grandma Grandpa Figures Sweety Lovers Couple Old People Car Cake Desktop Ornament Figurines Miniature Home Decor Decoration VCUYJ,2735216512_VNAMZ,No Brand,https://sg-test-11.slatic.net/p/41dbdaf15bcc89efa4e12f1fb50675ed.png,,//www.lazada.vn/products/pdp-i2735216512.html
2237,PPI5OO 150g/200g Flower Shape Pastry Moulds Mooncake Mold Mooncake Mould Hand Pressure Tool Plastic Material Baking Accessories PP55I5,3089063839_VNAMZ,No Brand,https://sg-test-11.slatic.net/p/52266f14d1d10be679001792cd66c92c.jpg,,//www.lazada.vn/products/pdp-i3089063839.html
2238,4Pcs 90Mm Quái Vật Xe Tải Lốp Xe Off Road Buggy Bánh Xe Cao Su 12Mm Hex Hub Cho 1/14 Wltoys 144010 Mjx Hyper Đi 14209 14210 RC Xe,2679669320_VNAMZ,No Brand,https://sg-test-11.slatic.net/p/26ca751e89d90a57c9a86b50c0f3be3c.jpg,,//www.lazada.vn/products/pdp-i2679669320.html
2239,Children Two Wheels Luminous Glowing Sneakers Black Pink Led Light Roller Skate Shoes Kids Led Shoes Boys Girls USB Charging,2590599695_VNAMZ,No Brand,https://my-live-01.slatic.net/p/b36be15d3bff22407de2c898c624f306.jpg,,//www.lazada.vn/products/pdp-i2590599695.html
2240,"Combo 10 Bánh Trung Thu Truyền Thống Đủ Vị Nhân Bánh (Thập Cẩm, Đậu Xanh, Khoai Môn, Dừa, Trà Xanh)",2768682455_VNAMZ,TLP,https://vn-live-01.slatic.net/p/17268208ac554b9cbf76305bbd0e7e66.png,,//www.lazada.vn/products/pdp-i2768682455.html
2241,"Lạp Xưởng Tươi Mai Quế Lộ Hút Chân Không - 500gram { Bánh Trung Thu, Bánh Kẹo, Bánh Pía, Bánh Ăn Vặt, Lạp Xưởng, Đặc Sản Sóc Trăng }",2218633344_VNAMZ,Công Lập Thành,https://vn-live-01.slatic.net/p/a28e0d891bc0e6c5a433257edcc92236.jpg,,//www.lazada.vn/products/pdp-i2218633344.html
2242,Bánh Trung Thu Givral COMBO TÌNH THÂN hộp 4 bánh trọng lượng 150GR*4,1489314324_VNAMZ,No Brand,https://vn-live-01.slatic.net/p/381606252b97dd456957e85aa3d38aec.jpg,,//www.lazada.vn/products/pdp-i1489314324.html
2243,"1 GÓI BÁNH PÍA KHOAI MÔN ĐẶC SẢN SÓC TRĂNG{ Bánh Trung Thu, Bánh Kẹo, Bánh Pía, Lạp Xưởng, Đặc Sản Sóc Trăng }",3077898925_VNAMZ,Công Lập Thành,https://vn-test-11.slatic.net/p/f0c3aabb2904a2f2d3e6573cf432057d.jpg,,//www.lazada.vn/products/pdp-i3077898925.html
2244,"Máy điện cán bột bánh bao, bánh trung thu 20-22-24 tặng kèm lưỡi cắt sợi mì -Bảo hành 12 tháng",3059210263_VNAMZ,No Brand,https://vn-live-01.slatic.net/p/27ad374f461b2e6a1c832bd4a5da77f0.jpg,,//www.lazada.vn/products/pdp-i3059210263.html
2245,"Máy trộn bột bánh bao , bánh trung thu 10L . Máy trộn chuyên dụng 4kg 1 giờ",2425659153_VNAMZ,No Brand,https://vn-live-01.slatic.net/p/bcf44c9560b1d797c3bca66dc7eb4ec4.jpg,,//www.lazada.vn/products/pdp-i2425659153.html
2246,"Máy cán bột làm bánh bao, đế piza, bánh trung thu chạy điện Fkm200",1954061312_VNAMZ,No Brand,https://vn-live-01.slatic.net/p/e97744545c874a0a0e705b4cfbc2287a.jpg,,//www.lazada.vn/products/pdp-i1954061312.html
2247,"Máy cán bột mỳ làm vỏ bánh bao, bánh trung thu, piza chạy điện fkm200",1953945710_VNAMZ,No Brand,https://vn-live-01.slatic.net/p/a0e588456b91124454141acbe6ec9e57.jpg,,//www.lazada.vn/products/pdp-i1953945710.html
2248,Củ bạc hà núi lâu năm hàng tuyển 5kg trị ung thư,2413654387_VNAMZ,No Brand,https://filebroker-cdn.lazada.vn/kf/S4f70f88333a14b1aa9712044d94f1062D.jpg,,//www.lazada.vn/products/pdp-i2413654387.html
2249,"2025 Trận Chiến Khốc Liệt Bánh Xe Kỳ Lạ 3 Đồ Chơi Flame Lion King, Thần Thú, Bộ Đồ, Thần Biến Dạng, Robot Phù Hợp, Bánh Xe Chiến Đấu",2413106510_VNAMZ,No Brand,https://vn-live-01.slatic.net/p/540a81848b08135f462ee1d5387bebd6.jpg_webp,,//www.lazada.vn/products/pdp-i2413106510.html
2250,WLtoys 124016 124017 1/12 RC Car Original Spare Parts Brushless Engine Receiver ESC Swing Arm Differential Gear Tire Assembly,2841800037_VNAMZ,No Brand,https://my-live-02.slatic.net/p/ddf469af2cd01039c266602ef64b0694.jpg_webp,,//www.lazada.vn/products/pdp-i2841800037.html
2251,[Hobbymodel]WLtoys 1:12 điều khiển từ xa các bộ phận xe 12428 12429 bay trên các bộ phận nâng cấp kim loại trái và phải phía sau cánh tay xoay (16),2431401783_VNAMZ,No Brand,https://sg-test-11.slatic.net/p/5d73e5891c01fb08430b5051d3dff0d8.jpg,,//www.lazada.vn/products/pdp-i2431401783.html
2252,【Sophini mother and baby】 MINI GT 1:64 Elantra N Performance Blue Alloy Diorama Car Model Collection Miniature Carros Toys 404 In Stock,2545117069_VNAMZ,No Brand,https://my-live.slatic.net/p/d486416b69ccf9d6b1675366539353fe.jpg,,//www.lazada.vn/products/pdp-i2545117069.html
2253,BHGTY INJORA 57*22mm Super Soft Sticky 1.0 Wheel Tires for 1/18 1/24 RC Crawler Car TRX4M Axial SCX24 AX24 Upgrade (T1016) LOKMN,2678417278_VNAMZ,No Brand,https://sg-test-11.slatic.net/p/e500392d9cc5abd52200eaadf5a6dc9c.png,,//www.lazada.vn/products/pdp-i2678417278.html
2254,Hot Bánh Xe Cao Cấp Super Mario Bros Kart Thợ Sửa Ống Nước Van 1:64 Diecast Mô Hình Xe 1/64 Xe Đồ Chơi Hotwheels Diecasts & Đồ Chơi Xe Bé Trai,2864645460_VNAMZ,No Brand,https://vn-live-01.slatic.net/p/76c4affa75474896939f3a66e80d2213.jpg_webp,,//www.lazada.vn/products/pdp-i2864645460.html
2255,[ydmo] 170t Main Drive Gear For Trex 550 600 Helicopter,2734164111_VNAMZ,No Brand,https://sg-test-11.slatic.net/p/e2ebe358eb035948a2b008aabae60489.jpg,,//www.lazada.vn/products/pdp-i2734164111.html
2256,Hot Bánh Xe Cao Cấp Super Mario Bros Kart Thợ Sửa Ống Nước Van 1:64 Diecast Mô Hình Xe 1/64 Xe Đồ Chơi Hotwheels Diecasts & Đồ Chơi Xe Bé Trai,2735052091_VNAMZ,No Brand,https://vn-live-01.slatic.net/p/76c4affa75474896939f3a66e80d2213.jpg_webp,,//www.lazada.vn/products/pdp-i2735052091.html
2257,Ban Đầu Bánh Xe Nóng Văn Hóa Cao Cấp Kéo Dải  Xe Ô Tô Hotwheels 1/64 Diecast Mô Hình Xe Ô Tô Hotwheels Willys Volkswagen Bug,2734864973_VNAMZ,No Brand,https://sg-test-11.slatic.net/p/7ae0baf11956454e54a0987b441dd12b.jpg,,//www.lazada.vn/products/pdp-i2734864973.html
2258,【Funny Blind Box Store】12cm Sailor Moon Anime Action Figures Tsukino Usagi Hino Rei Cartoon Manga Statue PVC Collection Model Doll Kids Gift Toy,3030219733_VNAMZ,No Brand,https://my-live.slatic.net/p/343773b156aa23e19cfc32707b649d6f.jpg,,//www.lazada.vn/products/pdp-i3030219733.html
2259,"QAWSD INJORA Swamp Claw 70*27mm S5 Mud Terrain 1.3"" Wheel Tires for 1/18 1/24 RC Crawler Car (T1319) XCDFR",2677913998_VNAMZ,No Brand,https://sg-test-11.slatic.net/p/e58d2be00f6de4216766e98ef585267f.png,,//www.lazada.vn/products/pdp-i2677913998.html
2260,[ Hot selling ] [ Fast shipping ] Putian Giày Onizuka Tiger Tiger Giày Thể Thao Thường Ngày Dành Cho Cặp Đôi Nam Nữ Bước Lên Bề Mặt Da Buzz Lightyear,2677311277_VNAMZ,No Brand,https://vn-live-01.slatic.net/p/012086b95d466f7d7973050451fa354c.jpg_webp,,//www.lazada.vn/products/pdp-i2677311277.html
2261,"[48 Giao Hàng Theo Giờ ] Hộp mù trang phục bất ngờ Audi Double Diamond Balala Little Magic Fairy, thú cưng dễ thương, đèn ước nguyện phát sáng, thú cưng dễ",2991074061_VNAMZ,No Brand,https://sg-test-11.slatic.net/p/47f03af7ad40874781ee578774afb40d.jpg,,//www.lazada.vn/products/pdp-i2991074061.html
2262,Bánh Mâm Xôi 4B Tản Nhiệt Bằng Đồng Nguyên Chất   Tấm Đồng Dẫn Nhiệt Thụ Động Tổng Thể Raspberry pi 4B Băng Keo Làm Mát,3092909843_VNAMZ,No Brand,https://vn-live-01.slatic.net/p/c2edb3ee8fbe864d36932667a9a3c23d.jpg_webp,,//www.lazada.vn/products/pdp-i3092909843.html
2263,[NINECK] Mini Moto Clutch Gear Box Sprocket T8F Or 25H 6 Tooth For 2 Stroke 47cc 49cc Engine Chinese Pocket Bike Dirt ATV Quad 4 Wheeler,2731178314_VNAMZ,No Brand,https://sg-test-11.slatic.net/p/3a1c4d3df7e6bc4e611c3c89ff1ae417.jpg,,//www.lazada.vn/products/pdp-i2731178314.html
2264,Continental Xe Đạp Đường Trường Thương Hiệu Ngựa Đức Lốp Gấp Viền Vàng 28c Thế Hệ Thứ Ba Mới Của Lốp,2824787649_VNAMZ,No Brand,https://vn-live-01.slatic.net/p/c4e00cc7c4cf90b3dc46138cef855ec2.jpg_webp,,//www.lazada.vn/products/pdp-i2824787649.html
2265,Ô Dù Trẻ Em Mẫu Giáo Chấm Bi Màu Dễ Thương Ô Dù Cán Dài Mở Tay Dày Dễ Thương Ô Dù Trong Suốt Cho Bé,2705028075_VNAMZ,No Brand,https://vn-live-01.slatic.net/p/c8b23ee17013cb284d39778f8ee02357.jpg_webp,,//www.lazada.vn/products/pdp-i2705028075.html
2266,2023F Original Hot Wheels C4982 Dodge Pagahni Posche Mini Cars 1/64 Toy Car Hotwheels Gifts Diecast Car,2359762270_VNAMZ,No Brand,https://my-live-02.slatic.net/p/6d68a46a06cf1e2cdbb8c20523459096.jpg,,//www.lazada.vn/products/pdp-i2359762270.html
2267,Ô Dù Trẻ Em Mẫu Giáo Chấm Bi Màu Dễ Thương Ô Dù Cán Dài Mở Tay Dày Dễ Thương Ô Dù Trong Suốt Cho Bé,2695322456_VNAMZ,No Brand,https://vn-live-01.slatic.net/p/c8b23ee17013cb284d39778f8ee02357.jpg_webp,,//www.lazada.vn/products/pdp-i2695322456.html
2268,Original Hot Wheels 1/64 Car Model Civic Nissan Wagon Motorcycle Vehicle Toys For Boy Volkswagen Jaguar Ford Raptor 2024 Batch G,2811671544_VNAMZ,No Brand,https://sg-test-11.slatic.net/p/e5e7eb54f74602452dd5f597e0cd44eb.jpg,,//www.lazada.vn/products/pdp-i2811671544.html
2269,Sách Bộ sưu tập Huiyue Little My Card Fun Shadow Pack Phiên bản thứ ba Rainbow Pack chính thức 2 Thẻ Nhân Dân tệ CRSC Sản phẩm Pinkie Pie,3092278428_VNAMZ,No Brand,https://vn-live-01.slatic.net/p/a894b76ed95feacb7eb6423f420fc963.jpg_webp,,//www.lazada.vn/products/pdp-i3092278428.html
2270,DTNOW New 28-41 USB Charging Children Sneakers With 2 Wheels Girls Boys Led Shoes Kids Sneakers With Wheels Roller Skate Shoes,1656024967_VNAMZ,No Brand,https://my-live-02.slatic.net/p/e373837311c1f853246b23c64b847b73.jpg,,//www.lazada.vn/products/pdp-i1656024967.html
2271,"Giày Vải, Giày Trắng, Giày Hòa Tan Mihara Kangyu Cho Nam Và Nữ, Giày Platform Putian, Giày Hợp Thời Trang Phiên Bản Hàn Quốc Đế Dày Tăng Chiều Cao",2808911875_VNAMZ,No Brand,https://vn-live-01.slatic.net/p/a92a71e8b540034dcc60ea394e78e52d.jpg_webp,,//www.lazada.vn/products/pdp-i2808911875.html
2272,Hot Bánh Xe Cao Cấp Super Mario Kart 1:64 Diecast Mario Bros atura De Carros Hotwheels Xe Đồ Chơi Cho Cậu Bé Quà Tặng 1/64 Mô Hình Xe,2696597139_VNAMZ,No Brand,https://sg-test-11.slatic.net/p/b474f218db17986dfa8808ce55c81d55.jpg,,//www.lazada.vn/products/pdp-i2696597139.html
2273,Ban đầu nóng bánh xe Mario Kart 1:64 Die-cast bowser Daisy nhút nhát Guy Luigi xe Hotwheels đồ chơi cho bé trai quà tặng cao cấp 1/64 xe ô tô,2649438580_VNAMZ,No Brand,https://vn-live-01.slatic.net/p/612a858b42a6b72e79526806a2a8abd8.jpg_webp,,//www.lazada.vn/products/pdp-i2649438580.html
2274,IlliteracyStore38re2 Small Burgundy Cheongsam Toast Dress for Autumn Wedding Chinese Style Bride Fishtail Engagement Dress,3048838025_VNAMZ,OEM,https://sg-test-11.slatic.net/p/68a668e892bf2ac407282075b8799038.jpg,,//www.lazada.vn/products/pdp-i3048838025.html
2275,DTNOW Skate Shoes for Kids LED Lighted Wheels Sneakers with Double Wheels Children Glowing Roller Sneakers,1413012829_VNAMZ,OEM,https://my-live-02.slatic.net/p/6f51d05ed5631967404939761666652c.jpg,,//www.lazada.vn/products/pdp-i1413012829.html
2276,"Bánh xe người lớn, Giày thể thao cho bé trai và bé gái",2880946626_VNAMZ,No Brand,https://vn-live-01.slatic.net/p/7200720bdbb3998558eb12ae7295d8bc.jpg_webp,,//www.lazada.vn/products/pdp-i2880946626.html
2277,32Sgvgtskhv i8 Plus No Backlit 2.4GHz Mini Wireless Keyboard With Touchpad English Russian Air Mouse Remote Control For Android TV Box PC Gaming Keyboards,2739574372_VNAMZ,No Brand,https://sg-test-11.slatic.net/p/ff4d844e4ee373fd1756cea5b47c04b1.jpg,,//www.lazada.vn/products/pdp-i2739574372.html
2278,jgchjfg Sequin Stiletto Heels Wedding Shoes for Bride Chinese Wedding Dress Xiuhe Clothes Toast - Pumps,3046336143_VNAMZ,OEM,https://sg-test-11.slatic.net/p/8dcbbae51312915e92908f52fc185a1f.jpg,,//www.lazada.vn/products/pdp-i3046336143.html
2279,Hobby 1:64 Subaru Impreza STI WRX GC8 Rally Sport Alloy Diorama Car Model Collection Miniature Carros Toys In Stock,2096073417_VNAMZ,No Brand,https://my-live-02.slatic.net/p/5e0f3ddd4312d40f29ece74d2dc24091.jpg,,//www.lazada.vn/products/pdp-i2096073417.html
2280,Bánh Trung Thu truyền thống Bảo Phương Thụy Khuê xếp hàng. Bán quanh năm. Uy tín 60 năm. CHỈ SHIP CÁC TỈNH PHÍA BẮC DO DỊCH,1350131558_VNAMZ,No Brand,https://filebroker-cdn.lazada.vn/kf/S6421008bf88f4bd095016272b16f55509.jpg,,//www.lazada.vn/products/pdp-i1350131558.html
2281,[Chính Hãng] Bánh Trung Thu Kinh Đô Dòng Bánh Dẻo 0 Trứng_180gr Tặng Hộp,1952084999_VNAMZ,Kinh Đô,https://filebroker-cdn.lazada.vn/kf/S23ad54f894d245cbaa9c890784879cdcV.jpg,,//www.lazada.vn/products/pdp-i1952084999.html
2282,"Lạp Xưởng Khô Mai Quế Lộ - Công Lập Thành {500g} - Hút Chân Không{ Bánh Trung Thu, Bánh Kẹo, Bánh Pía, Bánh Ăn Vặt, Đặc Sản Sóc Trăng } SW",3145046770_VNAMZ,Công Lập Thành,https://vn-test-11.slatic.net/p/9579af90b28086f580ab7acc5e8010f0.jpg,,//www.lazada.vn/products/pdp-i3145046770.html
2283,Bánh Trung Thu Tân Dân Lợi Thập Cẩm Gà Quay Xá Xíu 2 Trứng 200gr,3093480411_VNAMZ,No Brand,https://vn-live-01.slatic.net/p/c50125862b0c3355def07403206bb88d.jpg,,//www.lazada.vn/products/pdp-i3093480411.html
2284,Bánh Trung Thu Nướng Mochi Khoai Môn Trứng Muối Chà Bông 300g B166 - Store Gia Ngân,2783691908_VNAMZ,No Brand,https://vn-live-01.slatic.net/p/c470bbbfca1029073eb053c56edcafd4.png,,//www.lazada.vn/products/pdp-i2783691908.html
2285,Mứt Chanh Xanh Dùng Làm Nhân Thập Cẩm Bánh Trung Thu,1364572757_VNAMZ,No Brand,https://vn-live-01.slatic.net/p/d0252fcbea486537fba174369049be07.jpg,,//www.lazada.vn/products/pdp-i1364572757.html
2286,"(2 TRỨNG 51K - DATE MỚI) Bánh Trung Thu TÂN DÂN LỢI 2025 - Ngọt Vừa Không Gắt, Vỏ Mỏng Giòn Tan, Nhân Mềm Dẻo 200G",2419622606_VNAMZ,No Brand,https://filebroker-cdn.lazada.vn/kf/S0258856072a74a8385bdb23206e0017cJ.jpg,,//www.lazada.vn/products/pdp-i2419622606.html
2287,"Bánh Pía Mini Kim Sa Dứa - CÔNG LẬP THÀNH - TÚI 500G - (luôn luôn có date mới){ Bánh Trung Thu, Bánh Kẹo, Bánh Pía, Lạp Xưởng, Đặc Sản Sóc Trăng }",3077943770_VNAMZ,Công Lập Thành,https://vn-test-11.slatic.net/p/0b8b0c5a1d9c7d30ad1720be6d9614f6.jpg,,//www.lazada.vn/products/pdp-i3077943770.html
2288,HÀNG MỚI VỀ - Máy cán bột cắt bột làm bánh trung thu FKM220,1948572730_VNAMZ,No Brand,https://vn-live-01.slatic.net/p/f916012b32093e6b3bc50e32f165e985.jpg,,//www.lazada.vn/products/pdp-i1948572730.html
2289,HÀNG MỚI VỀ - Máy cán bột cắt bột làm bánh trung thu FKM200,1950686162_VNAMZ,No Brand,https://vn-live-01.slatic.net/p/b8456447777958c078251e4ecd1204ad.jpg,,//www.lazada.vn/products/pdp-i1950686162.html
2290,Miễn Phí Vận Chuyển 100% Ban Đầu Bánh Xe Nóng Cam 94 Toyota Supra C4982 Xe Ô Tô Nhỏ 1:64 Hotwheels Quà Tặng Diecast Xe 1/64 Đồ Chơi Quà Tặng,2734960450_VNAMZ,No Brand,https://vn-live-01.slatic.net/p/c5f690e39beba0493cc015e4219e593a.jpg_webp,,//www.lazada.vn/products/pdp-i2734960450.html
2291,Clsswu Shop Sequin Stiletto Heels for Chinese Wedding Dress Toast Bride - 2023 New Bow Wedding Shoes - Pumps,3046112292_VNAMZ,OEM,https://sg-test-11.slatic.net/p/ad1ec75f49a28d34e34f777c07784554.jpg,,//www.lazada.vn/products/pdp-i3046112292.html
2292,Trẻ Em Của Hai Bánh Xe Sáng Phát Sáng Giày Thể Thao Gót Màu Hồng LED Ánh Sáng Con Lăn Skate Giày Trẻ Em LED Giày Chàng Trai Cô Gái USB Sạc,2716127580_VNAMZ,No Brand,https://vn-live-01.slatic.net/p/ac65911162f8dc9346fe6b7d01ff5cd6.jpg_webp,,//www.lazada.vn/products/pdp-i2716127580.html
2293,Runaway shoes high top children's luminous shoes double wings single wing pulley shoes LED luminous board shoes wheel shoes thgryje,2588542125_VNAMZ,No Brand,https://sg-test-11.slatic.net/p/0855d36405cd1d03646b52b8f292cb71.jpg,,//www.lazada.vn/products/pdp-i2588542125.html
2294,dfxjjcvl Bride Autumn Burgundy Cheongsam Toast Dress Chinese Style Wedding Fishtail Dress Long Skirt Back Door Engagement Dress Wedding Dress,3047679665_VNAMZ,OEM,https://sg-test-11.slatic.net/p/bb71597c3ebdffa44e4e77a2e73c4789.jpg,,//www.lazada.vn/products/pdp-i3047679665.html
2295,"Liên Minh Biến Hình 3 Đồ chơi robot ô tô biến hình siêu lớn God of War Pulix cho bé trai, King Kong kết hợp súng sấm",3043509146_VNAMZ,No Brand,https://sg-test-11.slatic.net/p/55297e1135fc4cff3f50b3c864aac89f.jpg,,//www.lazada.vn/products/pdp-i3043509146.html
2296,"TUSHIT Store ""2024 Spring Boys Long-Sleeved Cotton T-Shirt - Kids Casual Top""",2619630780_VNAMZ,OEM,https://sg-test-11.slatic.net/p/99192d63f594ce38f12775f8fa984142.png,,//www.lazada.vn/products/pdp-i2619630780.html
2297,Bánh Trung Thu Givral  (hộp 6 bánh TRỌNG LƯỢNG 150GR*6) COMBO NHƯ Ý,1489297285_VNAMZ,No Brand,https://vn-live-01.slatic.net/p/de40d468f90464769b4d2c7194edbfd2.jpg,,//www.lazada.vn/products/pdp-i1489297285.html
2298,Máy vo viên nhân bánh trung thu mini size 16/19/23mm,2637155972_VNAMZ,No Brand,https://vn-live-01.slatic.net/p/adc466a448204c0eafcca31676a9d771.jpg,,//www.lazada.vn/products/pdp-i2637155972.html
2299,"Bàn Bi a Mini Cỡ Lớn, Bàn Bi Da 6 lỗ Người Lớn, Bàn Bi Da Cho Bé, Giúp Bé Thông Minh, Giải Trí Sau Những Giờ Học Căng Thẳng, Sản Phẩm Trí Tuệ được Bán Tại Gia Dụng Minh Phát. - KOSLANT",2555778769_VNAMZ,KOSLANT,https://sg-test-11.slatic.net/p/4ac71dfb58406d4b8bd5ed4523bdbd80.jpg,,//www.lazada.vn/products/pdp-i2555778769.html
2300,Củ bạc hà núi 10kg trị ung thư đào ở thiên sơn núi Cấm,2413629575_VNAMZ,No Brand,https://filebroker-cdn.lazada.vn/kf/Sb7a2349494df4bcdae86bf709d3205c6j.jpg,,//www.lazada.vn/products/pdp-i2413629575.html
2301,WLtoys 124007 124016 124017 1/12 RC Car Original Spare Parts Brushless Engine Receiver ESC Swing Arm Differential Gear Tire,2841787370_VNAMZ,No Brand,https://sg-test-11.slatic.net/p/4cd9ed36e59729ca46a1a35060f3890d.jpg,,//www.lazada.vn/products/pdp-i2841787370.html
2302,"Máy cán bột làm bánh chạy điện, máy  cán bột làm bánh trung thu bánh bao chạy điện FKM220",1919360473_VNAMZ,No Brand,https://vn-live-01.slatic.net/p/812f51932465b06acf524fa9d372dc5e.jpg,,//www.lazada.vn/products/pdp-i1919360473.html
2303,"Trung Thu 4 mặt VÂN HOA Sen, Hoa Đồng Tiền, Cá Chép, Non bộ phong thuỷ. Khuôn Bánh nhấn lò xo tạo hình 3D Siêu Sắc. Đồ Gia Dụng nhà bếp pha chế làm bánh nguyên liệu làm bánh Truyền thống TIỆN LỢI 250gr/ 200gr/ 150gram",1400564718_VNAMZ,No Brand,https://vn-live-01.slatic.net/p/2409ea55d4300fd7ecd29973fa1b406f.jpg,,//www.lazada.vn/products/pdp-i1400564718.html
2304,Máy cán bột mỳ làm bánh trung thu chạy điện Fkm200,1954026551_VNAMZ,No Brand,https://vn-live-01.slatic.net/p/612ecdacd49f01c1a0e468891d3673dc.jpg,,//www.lazada.vn/products/pdp-i1954026551.html
2305,Bánh Trung Thu Nướng Mochi Khoai Môn Trứng Muối Chà Bông Cái To 300g B166 - BeeGin Food Shop,2783371957_VNAMZ,No Brand,https://vn-live-01.slatic.net/p/375cc3875b0e545f33b1ce4f8540bc8a.png,,//www.lazada.vn/products/pdp-i2783371957.html
2306,10 khuôn trung thu sen hồng khánh 3d đồng mây,1898070615_VNAMZ,No Brand,https://filebroker-cdn.lazada.vn/kf/S17de429419bb485b9601febe8bd496d2n.jpg,,//www.lazada.vn/products/pdp-i1898070615.html
2307,"Egg beater, electric household mini cake maker, automatic cream mixer, stirrer, baking tool, manual Mixers",3104603870_VNAMZ,No Brand,https://sg-test-11.slatic.net/p/75b0bac7b919b1e217c376acef5a4061.jpg,,//www.lazada.vn/products/pdp-i3104603870.html
2308,"M1 Khuôn Trung Thu 3D Siêu Sắc Nét I Hình THỎI VÀNG 4 mặt 50g, mẫu mới 2021. Đồ gia dụng Nhà Bếp Dụng cụ pha chế Nguyên liệu Thực Phẩm",2367660291_VNAMZ,No Brand,https://vn-live-01.slatic.net/p/78984016c1cc96627486a9e7c8a66a79.jpg,,//www.lazada.vn/products/pdp-i2367660291.html
2309,Plastic Mooncake Mold 75g Lion Stamps Biscuit Cookie Cutter Mould DIY Baking Tool for Mid-Autumn Festival,3147794110_VNAMZ,No Brand,https://sg-test-11.slatic.net/p/997ae61e3323858e6b71d8d50b80d727.jpg,,//www.lazada.vn/products/pdp-i3147794110.html
2310,Wltoys 1/10 104019 104016 104018 không chổi than RC Xe ban đầu phụ tùng bánh răng/Vỏ/chống va chạm/vi sai/nhận/động cơ/cánh tay,2791114978_VNAMZ,No Brand,https://vn-live-01.slatic.net/p/35a94a5afd8d606fe451a1d2031d459c.jpg_webp,,//www.lazada.vn/products/pdp-i2791114978.html
2311,Mẫu 2 con Đông Trùng Hạ Thảo Tây Tạng cao cấp size 5 - Thích hợp dùng thử hoặc test thử chất lượng,2385845989_VNAMZ,No Brand,https://vn-live-01.slatic.net/p/dbdb7623a842ab5b63ff455bd5a69872.jpg,,//www.lazada.vn/products/pdp-i2385845989.html
2312,6X2 Solid Tire Without Inner Tube Tyre Electric Scooter Wheel Chair Truck Use 6 '' Tyre Fastwheel F0 Scooter Trolley Cart Tire,2358832683_VNAMZ,No Brand,https://ph-live-02.slatic.net/p/bd7ffa5fe55eeb01c65a1bc4db2a3fe1.jpg,,//www.lazada.vn/products/pdp-i2358832683.html
2313,12 Inches Wheelchair Wheel 12 1/2X2 1/4 Polyurethane Tire Free Wheel Manual Wheelchair Rear Wheel,2358812909_VNAMZ,No Brand,https://my-live-02.slatic.net/p/0791d33ba10839060cac50000765e99f.jpg,,//www.lazada.vn/products/pdp-i2358812909.html
2314,GIVRAL-Bánh Trung thu Givral combo TẾT ĐOÀN VIÊN 1 (HỘP 4 BÁNH),849924711_VNAMZ,No Brand,https://vn-live-01.slatic.net/p/414acabf4be638efdccd7a6862424d33.jpg,,//www.lazada.vn/products/pdp-i849924711.html
2315,"[1kg]Củ tam thất bắc sấy khô Hazico giúp bồi bổ cơ thể, cầm máu, phục hồi sức khỏe cho  mẹ sau sinh, tăng cân, đẹp da, tốt cho người bị ung thư",654606088_VNAMZ,No Brand,https://vn-live-01.slatic.net/p/6abeeb1c7571d74fb9fa17880c387cbd.jpg,,//www.lazada.vn/products/pdp-i654606088.html
2316,"Máy thái thịt tươi sống, thái mỡ hạt lựu làm nhân bánh trung thu, cắt lát cá,... với công suất 1100W",2679366062_VNAMZ,No Brand,https://vn-live-01.slatic.net/p/6f33225b7f0cda5cd8c32ae4f5f60fe9.jpg,,//www.lazada.vn/products/pdp-i2679366062.html
2317,MJX Hyper Go RC xe 14301 14302 ban đầu phụ tùng cánh tay bánh trước ghế lốp khung gầm vỏ hộp số thành phần chống va chạm,2791433209_VNAMZ,No Brand,https://sg-test-11.slatic.net/p/62a83938929c45b342e6e4fc6abc2d95.jpg,,//www.lazada.vn/products/pdp-i2791433209.html
2318,6X2 Scooter Solid Tire 6'' Without Inner Tube Filling Solid Tyre Fit F0 Electric Scooter Wheel Chair Truck Trolley Cart,2358807922_VNAMZ,No Brand,https://my-live-02.slatic.net/p/38ae10ae590d1a7953bd8f3b578e30d5.jpg,,//www.lazada.vn/products/pdp-i2358807922.html
2319,"Xe đạp leo núi Laux Jack gấp gọn 26inch tốc độ thay đổi, gấp gọn, hấp thụ sốc, phanh đĩa , Kèm video, hình ảnh thực tế .",2930141096_VNAMZ,LAUXJACK,https://vn-live-01.slatic.net/p/d6cfe6f28bd9c4a579913b796f01ad38.jpg,,//www.lazada.vn/products/pdp-i2930141096.html
2320,BÁNH TRUNG THU VỊ GÀ QUAY SIZE LỚN 4 TRỨNG 600G TÂN DÂN LỢI,2732454530_VNAMZ,No Brand,https://filebroker-cdn.lazada.vn/kf/Sec6e6d6d38a54332840b97c0676c88d5F.jpg,,//www.lazada.vn/products/pdp-i2732454530.html
2321,NGUYÊN LIỆU LẺ LÀM NHÂN BÁNH TRUNG THU THẬP CẨM 100G,3132384713_VNAMZ,No Brand,https://filebroker-cdn.lazada.vn/kf/Sfccf007c2f224859aeb131afd6b4b4adh.jpg,,//www.lazada.vn/products/pdp-i3132384713.html
2322,Bánh Trung Thu nhân Gà quay 8 trứng 900g Tân Dân Lợi siêu ngon,2337764276_VNAMZ,No Brand,https://filebroker-cdn.lazada.vn/kf/Sb0ffa3ad04344e908907a49a5044bad8h.jpg,,//www.lazada.vn/products/pdp-i2337764276.html
2323,"Lạp Xưởng Tươi Mai Quế Lộ - Lạp Xưởng Tiêu {gói 500gr} CÔNG LẬP THÀNH {Bánh Trung Thu, Bánh Kẹo, Bánh Pía, Ăn Vặt, Đặc Sản Sóc Trăng} SW",3093625398_VNAMZ,Công Lập Thành,https://sg-test-11.slatic.net/p/ead0da23e4a054fcb2c17492658d61cc.jpg,,//www.lazada.vn/products/pdp-i3093625398.html
2324,"Lạp Xưởng Tươi Mai Quế Lộ Hút Chân Không - 500gram - { Bánh Trung Thu, Bánh Kẹo, Bánh Pía, Bánh Ăn Vặt, Đặc Sản Sóc Trăng }",2411598559_VNAMZ,Công Lập Thành,https://vn-live-01.slatic.net/p/a28e0d891bc0e6c5a433257edcc92236.jpg,,//www.lazada.vn/products/pdp-i2411598559.html
2325,SÉT 5 HỘP TRUNG THU MINI 4 và 6 Bánh 50-100gr,2378498410_VNAMZ,No Brand,https://filebroker-cdn.lazada.vn/kf/S45df704d73fb4b3f98ad519600c306a5n.jpg,,//www.lazada.vn/products/pdp-i2378498410.html
2326,[HCM]Combo 12 khuôn làm rau câu nghệ thuật rau câu 3D ấn xôi ép cơm bento tạo hình bánh trung thu đa năng tiện dụng (cỡ trung),245297758_VNAMZ,GOODCOM,https://vn-live-01.slatic.net/p/3c296639b48747cb34745099220589e1.jpg,,//www.lazada.vn/products/pdp-i245297758.html
2327,Máy trộn bột đảo nhân làm bánh trung thu,2412071710_VNAMZ,No Brand,https://vn-live-01.slatic.net/p/f560d19116dcc8695087f7fee3883428.jpg,,//www.lazada.vn/products/pdp-i2412071710.html
2328,High-End Mooncake Gift Box Egg Yolk Pastry Packaging Box for Mid-Autumn Festival Premium Paper Material Pastries Snacks Box,3167438807_VNAMZ,No Brand,https://filebroker-cdn.lazada.vn/kf/S67b88b208d0d4fc4b03e911c175013b6q.jpg,,//www.lazada.vn/products/pdp-i3167438807.html
2329,"Máy thái thịt tươi sống, máy thái mỡ hạt lựu làm nhân bánh trung thu dao rời năng suất 80 kg/h",3060238109_VNAMZ,No Brand,https://vn-live-01.slatic.net/p/df6be06b72da5369c9b2f259e80b720d.jpg,,//www.lazada.vn/products/pdp-i3060238109.html
2330,12 Inches Wheelchair Wheel 12 1/2X2 1/4 Polyurethane Tire Free Wheel Manual Wheelchair Rear Wheel,2358935038_VNAMZ,No Brand,https://my-live-02.slatic.net/p/6a3e0d0fb3e7a7673f3eb522dabcf1ef.jpg,,//www.lazada.vn/products/pdp-i2358935038.html
2331,50g Plastic Mooncake Mold Plum Blossom Shape DIY Mooncake Stamps Mooncake Moulds for Mid-Autumn Festival Baking Mooncake,3155215731_VNAMZ,No Brand,https://sg-test-11.slatic.net/p/e0e10ce490996473a07cd3e66a50aa1b.jpg,,//www.lazada.vn/products/pdp-i3155215731.html
2332,Anime vĩnh cửu Thủy Thủ Mặt Trăng hành động con số bánh đồ trang trí tsukino Usagi con số xe trang trí bộ sưu tập PVC Búp bê mô hình đồ chơi Quà tặng,2734996433_VNAMZ,No Brand,https://sg-test-11.slatic.net/p/69810793d506bd9c15b5eb5427a1faa3.jpg,,//www.lazada.vn/products/pdp-i2734996433.html
2333,"Máy xay đậu xanh làm nhân bánh trung thu, máy nghiền đậu xanh công suất 1100W - Bảo hành 12 tháng",2400381738_VNAMZ,No Brand,https://vn-live-01.slatic.net/p/dab35ea3d0cbbef5cfcd3764a61bb896.jpg,,//www.lazada.vn/products/pdp-i2400381738.html
2334,"[1kg]Củ tam thất bắc sấy khô Hazico loại 70 củ/kg giúp bồi bổ cơ thể, cầm máu, phục hồi sức khỏe cho  mẹ sau sinh, tăng cân, đẹp da, tốt cho người bị ung thư",1628264561_VNAMZ,No Brand,https://vn-live-01.slatic.net/p/6abeeb1c7571d74fb9fa17880c387cbd.jpg,,//www.lazada.vn/products/pdp-i1628264561.html
2335,Máy cán bột làm bánh bao bánh trung thu chạy điện (trục cán 22cm),1948188829_VNAMZ,No Brand,https://vn-live-01.slatic.net/p/e97744545c874a0a0e705b4cfbc2287a.jpg,,//www.lazada.vn/products/pdp-i1948188829.html
2336,Wltoys Mới RC Xe 124008 1/12 Ban Đầu Phụ Tùng Khung Xe Vỏ Lốp Xương Con Chó Động Cơ Không Chổi Than ESC Chống Va Chạm Thành Phần,2791315772_VNAMZ,No Brand,https://sg-test-11.slatic.net/p/76ac7fd9ff36eb93733d984698beb8da.jpg,,//www.lazada.vn/products/pdp-i2791315772.html
2337,Wltoys 104009 RC xe phụ tùng 1/10 bánh răng ban đầu/Vỏ/Lốp/chống va chạm/vi sai/nhận/động cơ/cánh tay/chỉ đạo cup Set,2791439225_VNAMZ,No Brand,https://sg-test-11.slatic.net/p/ec490a16a21bad74eaf591a0584d1c8a.jpg,,//www.lazada.vn/products/pdp-i2791439225.html
2338,[DV] Trung Thu 4 mặt HOA VĂN hình CHIM PHƯỢNG HOÀNG - Khuôn Trung thu tạo Hình 3D SẮC NÉT MẪU MỚI. Dụng cụ làm bánh TRUNG THU Khuôn nhấn có lò xo. Dụng cụ làm bánh Nướng hấp TRUYỀN THỐNG tiện Lợi - 200gr -250gram. Đồ Gia Dụng gia đình,1990036049_VNAMZ,No Brand,https://vn-live-01.slatic.net/p/1f357df42c5378c0dc3658ad17580ab1.jpg,,//www.lazada.vn/products/pdp-i1990036049.html
2339,"Máy cán bột mỳ làm vỏ bánh bao, vỏ bánh trung thu chạy điện",1950130741_VNAMZ,No Brand,https://vn-live-01.slatic.net/p/e97744545c874a0a0e705b4cfbc2287a.jpg,,//www.lazada.vn/products/pdp-i1950130741.html
2340,(4-5 Con to Vip) Set trải nghiệm Đông Trùng Hạ Thảo Tây Tạng loại tự nhiên dãy Hymalaya hợp để thử trước chất lượng,2657989112_VNAMZ,No Brand,https://vn-live-01.slatic.net/p/ac5e6f3b9e2147bbcbae7378ef6e09b8.jpg,,//www.lazada.vn/products/pdp-i2657989112.html
2341,"Máy thái lá chanh, chuyên phục vụ làm bánh trung thu",2388533246_VNAMZ,No Brand,https://vn-live-01.slatic.net/p/7dfd98b4d63e02f7af80854e01ff0fb3.jpg,,//www.lazada.vn/products/pdp-i2388533246.html
2342,"Máy Trộn Bột ngang, Chuyên trộn bột, Nhào Bột làm bánh Trung thu Bánh mỳ bánh Piza 5-8kg/mẻ",2725616067_VNAMZ,No Brand,https://vn-live-01.slatic.net/p/c669e69a094b23577c1bd16d6671707a.jpg,,//www.lazada.vn/products/pdp-i2725616067.html
2343,Ban đầu nóng bánh xe gdg44 H thu nhỏ xe máy bản sao 1/64 hoteelws xe ô tô HotWheels MOTOS Đồ chơi mô hình xe hoteelws hotweheels,2734984408_VNAMZ,No Brand,https://sg-test-11.slatic.net/p/1de04a13dc73165e720790ae1dfcf962.jpg,,//www.lazada.vn/products/pdp-i2734984408.html
2344,Hand Pressure Mooncakes Moulds Functional Moon Cakes Moulds with 6 Pattern Designs Bases for DIY Cookie Making,3131305149_VNAMZ,No Brand,https://sg-test-11.slatic.net/p/9b3d80186fb7c92aa76fed8f2a291467.jpg,,//www.lazada.vn/products/pdp-i3131305149.html
2345,[HOT] Khuôn trung thu lò xo 4 mặt 150g mẫu Phúc Lộc Thọ Tài mẫu 216,1366467563_VNAMZ,No Brand,https://filebroker-cdn.lazada.vn/kf/S925fdd15fea44b07abfb4508b36cd0f5n.jpg,,//www.lazada.vn/products/pdp-i1366467563.html
2346,"[DV] Khuôn Trung Thu 3D Siêu Sắc Nét - Hình THỎI VÀNG 4 mặt 50g , mẫu mới 2021. Đồ Gia Dụng nhà bếp pha chế làm bánh nguyên liệu",1991387104_VNAMZ,No Brand,https://vn-live-01.slatic.net/p/78984016c1cc96627486a9e7c8a66a79.jpg,,//www.lazada.vn/products/pdp-i1991387104.html
2347,1kg cây bán chi liên phơi khô - CAO CẤP,287584736_VNAMZ,No Brand,https://vn-live-01.slatic.net/p/d2b94c2de466fce08a846a65e3c4ee7f.jpg,,//www.lazada.vn/products/pdp-i287584736.html
2348,[Happy baking] Mid-Autumn Moon Cake Mold Moon Cake Household Old-Fashioned Embossed Printing Full Set Made Glutinous Rice Model Wood Pumpkin Pie Steamed Cake,3046286334_VNAMZ,No Brand,https://sg-test-11.slatic.net/p/c04edbaecbc8c790e49a3be8746a4bb6.jpg,,//www.lazada.vn/products/pdp-i3046286334.html
2349,[DV] Khuôn Trung Thu Siêu Sắc Nét - Hình 4 Chữ Phúc Lộc Thọ Tài 200g. Đồ Gia Dụng nhà bếp pha chế làm bánh nguyên liệu,1990004124_VNAMZ,No Brand,https://vn-live-01.slatic.net/p/a293881c905eb7c1e5230dd737ed002f.jpg,,//www.lazada.vn/products/pdp-i1990004124.html
2350,12 Inches Wheelchair Wheel 12 1/2X2 1/4 Polyurethane Tire Free Wheel Manual Wheelchair Rear Wheel,2358802620_VNAMZ,No Brand,https://my-live-02.slatic.net/p/259c07f76bec7bfed49dcd37df105f55.jpg,,//www.lazada.vn/products/pdp-i2358802620.html
2351,"Khuôn Trung Thu 3D Siêu Sắc Nét - Hình THỎI VÀNG 4 mặt 50g , mẫu mới 2021",1917038727_VNAMZ,No Brand,https://vn-live-01.slatic.net/p/78984016c1cc96627486a9e7c8a66a79.jpg,,//www.lazada.vn/products/pdp-i1917038727.html
2352,Cá trứng sấy dành cho chó mèo,3161091572_VNAMZ,No grand,https://vn-live-01.slatic.net/p/406c872398eac22f0fd00000b08054c0.jpg,,//www.lazada.vn/products/pdp-i3161091572.html
2353,"Máy cán bột mỳ tự động chạy điện làm vỏ bánh bao, bánh trung thu Fkm220",1953935969_VNAMZ,No Brand,https://vn-live-01.slatic.net/p/812f51932465b06acf524fa9d372dc5e.jpg,,//www.lazada.vn/products/pdp-i1953935969.html
2354,Củ bạc hà núi lâu năm hàng tuyển 10kg trị ung thư,2413651432_VNAMZ,No Brand,https://filebroker-cdn.lazada.vn/kf/S4f70f88333a14b1aa9712044d94f1062D.jpg,,//www.lazada.vn/products/pdp-i2413651432.html
2355,Mẫu 4 con Đông Trùng Hạ Thảo Tây Tạng cao cấp size 5 - Thích hợp dùng thử hoặc test thử chất lượng,2385890825_VNAMZ,No Brand,https://vn-live-01.slatic.net/p/92133edb44a21aef150ff5a0446a984d.jpg,,//www.lazada.vn/products/pdp-i2385890825.html
2356,"Khuôn Trung Thu 3D Siêu Sắc Nét - Hình THỎI VÀNG 4 mặt 50g , mẫu mới 2021",1348134736_VNAMZ,No Brand,https://vn-live-01.slatic.net/p/63ea15335b35f5f1e85839c6b43caf70.jpg,,//www.lazada.vn/products/pdp-i1348134736.html
2357,"Khuôn Trung Thu 3D Siêu Sắc Nét - Hình ĐẦU LÂN 150g , mẫu mới 2021",1323672910_VNAMZ,No Brand,https://vn-live-01.slatic.net/p/2008fa90f56ee8649f23afe13c105e25.jpg,,//www.lazada.vn/products/pdp-i1323672910.html
2358,Bánh xe nóng cao cấp Đại lộ tay đua thực sự Honda Civic ek9 diecasts & Xe đồ chơi 1/64 HotWheels Quà Tặng xe đồ chơi trở lại tương lai,2735017297_VNAMZ,No Brand,https://vn-live-01.slatic.net/p/a6c35a36d354053cad86512a7c7df429.jpg_webp,,//www.lazada.vn/products/pdp-i2735017297.html
2359,"Leadigol Khuôn bánh trung thu gỗ hình đào, tem bánh, khuôn làm bánh trung thu cho DIY làm bánh, bánh trung thu",3050100824_VNAMZ,No Brand,https://vn-live-01.slatic.net/p/a041c4e88293248aa1c009572cd9215b.jpg_webp,,//www.lazada.vn/products/pdp-i3050100824.html
2360,Bánh trung thu,2731275070_VNAMZ,No Brand,https://vn-live-01.slatic.net/p/5e06bb48d8853943ed1326be3e269c38.png,,//www.lazada.vn/products/pdp-i2731275070.html
2361,Bánh Trung Thu nhân Thập Cẩm Gà quay 5trứng 700g Tân Dân Lợi,2337701448_VNAMZ,No Brand,https://filebroker-cdn.lazada.vn/kf/S372f5d96041842cfb9884c241d0f678fd.jpg,,//www.lazada.vn/products/pdp-i2337701448.html
2362,Combo 5 Bánh Trung Thu Liu Pía Trứng Muối Tan Chảy B08 - STORE GIA NGÂN,2481292480_VNAMZ,No Brand,https://vn-live-01.slatic.net/p/986ed7e385835badc604d0d785894142.jpg,,//www.lazada.vn/products/pdp-i2481292480.html
2363,"Bánh trung thu ngọc bích, mã não, tủy ngọc, hoa trăng tròn, bánh trung thu đoàn viên, bánh trung thu ngọc thạch, năm bộ sưu tập quà tặng.",3116392709_VNAMZ,No Brand,https://sg-test-11.slatic.net/p/131498b358ca88142b9875d30059ec1e.jpg,,//www.lazada.vn/products/pdp-i3116392709.html
2364,"Máy trộn nhân bánh trung thu, máy trộn thực phẩm 5-25kg",2737256541_VNAMZ,No Brand,https://vn-live-01.slatic.net/p/cfed8a70cf41b36ed30c76c0b148697a.jpg,,//www.lazada.vn/products/pdp-i2737256541.html
2365,"Máy Trộn Bột ngang, Chuyên trộn bột, Nhào Bột làm bánh Trung thu Bánh mỳ bánh Piza 5-8kg/mẻ",2726092507_VNAMZ,No Brand,https://vn-live-01.slatic.net/p/c669e69a094b23577c1bd16d6671707a.jpg,,//www.lazada.vn/products/pdp-i2726092507.html
2366,Máy cán bột cắt bột làm bánh trung thu chạy điện FKM200,1948610217_VNAMZ,No Brand,https://vn-live-01.slatic.net/p/f916012b32093e6b3bc50e32f165e985.jpg,,//www.lazada.vn/products/pdp-i1948610217.html
2367,Máy vo viên đậu xanh làm nhân bánh trung thu mini size 16/19/23mm,2513801268_VNAMZ,No Brand,https://vn-live-01.slatic.net/p/e2d60d57285843eb4c3af85a3777c0e7.jpg,,//www.lazada.vn/products/pdp-i2513801268.html
2368,"Máy cán bột làm bánh bao, bánh trung thu chạy điện fkm200",1953972418_VNAMZ,No Brand,https://vn-live-01.slatic.net/p/500a8be68f46983ba2fa88c12151ae23.jpg,,//www.lazada.vn/products/pdp-i1953972418.html
2369,Nhân trung thu FARINA Luna/ Hola/ Taiwa/ Heka (3kg),1601805854_VNAMZ,No Brand,https://vn-live-01.slatic.net/p/2cd3b79b3b32be300a8ecf4c945050ae.jpg,,//www.lazada.vn/products/pdp-i1601805854.html
2370,[Combo 6 vị] Bánh thưởng cho thú cưng (Đồ ăn nhẹ cho chó mèo),1551281599_VNAMZ,No Brand,https://vn-live-01.slatic.net/p/8971e7cf8e9a3aea74e05c9283b95b7d.png,,//www.lazada.vn/products/pdp-i1551281599.html
2371,"Nước đông trùng hạ thảo Biok thượng hạng, hộp 30 gói - Tăng thể lực, giảm stress, phòng ung thư - tranglinh",2060472436_VNAMZ,BioK,https://vn-live-01.slatic.net/p/a31afe65cd05162d10fd3fc992290e40.jpg,,//www.lazada.vn/products/pdp-i2060472436.html
2372,"Khuôn Trung Thu 3D Siêu Sắc Nét - Hình ĐẦU LÂN 150g , mẫu mới 2021",1917020853_VNAMZ,No Brand,https://vn-live-01.slatic.net/p/2008fa90f56ee8649f23afe13c105e25.jpg,,//www.lazada.vn/products/pdp-i1917020853.html
2373,Wltoys RC Xe Xe Tải Màu Đỏ Tất Cả Các Kim Loại Nâng Cấp Các Bộ Phận Bánh Xe Ghế Lốp Giảm Xóc Cánh Tay Khung gầm Tăng Cường Cho 12402-A 104009,2791473079_VNAMZ,No Brand,https://vn-live-01.slatic.net/p/bc57fd1843c55be413bbdaa8996f6977.jpg_webp,,//www.lazada.vn/products/pdp-i2791473079.html
2374,14 bộ khuôn trung thu mẫu 217 đồng mây,1851622920_VNAMZ,No Brand,https://filebroker-cdn.lazada.vn/kf/S62d076157aad441b9de0f48d4d576eb28.jpg,,//www.lazada.vn/products/pdp-i1851622920.html
2375,Bánh Trung Thu Nướng Mochi Khoai Môn Trứng Muối Chà Bông Cái To 300g B166 - Chuyên Sỉ TPNK,2783604927_VNAMZ,No Brand,https://vn-live-01.slatic.net/p/375cc3875b0e545f33b1ce4f8540bc8a.png,,//www.lazada.vn/products/pdp-i2783604927.html
2376,"Máy Cán Bột Mì Làm Bánh Bao, Bánh Trung Thu, Piza Chạy Điện Fkm240",1960798321_VNAMZ,No Brand,https://vn-live-01.slatic.net/p/ae5f5d53ed82c180638a32288945cf70.jpg,,//www.lazada.vn/products/pdp-i1960798321.html
2377,3/5 cái bánh khói đầy màu sắc ma thuật bom khói sân khấu phòng thu đám cưới sương mù thuốc đạo cụ bầu không khí hiệu ứng hiển thị trang trí tiệc Halloween,2916568226_VNAMZ,No Brand,https://vn-live-01.slatic.net/p/2bd3d1adfd5419d77f9c006ff6ec1e47.jpg_webp,,//www.lazada.vn/products/pdp-i2916568226.html
2378,"Máy cán bột làm bánh bao, bánh trung thu chạy điện ( lô cán 22cm)",1950144733_VNAMZ,No Brand,https://vn-live-01.slatic.net/p/812f51932465b06acf524fa9d372dc5e.jpg,,//www.lazada.vn/products/pdp-i1950144733.html
2379,"Xe RC drift thú vị: xe điều khiển từ xa 2.4G, chó robot RC 8 bánh, chế độ RC 2-trung bình, xe điện RC xe đồ chơi trẻ em quà tặng hài hước",3048052810_VNAMZ,No Brand,https://vn-live-01.slatic.net/p/c9cf1cab4443e3e64eaea74f1e12c1be.jpg_webp,,//www.lazada.vn/products/pdp-i3048052810.html
2380,"Bàn Bi a Mini Cỡ Lớn, Bàn Bi Da 6 lỗ Người Lớn, Bàn Bi Da Cho Bé, Giúp Bé Thông Minh, Giải Trí Sau Những Giờ Học Căng Thẳng, Sản Phẩm Trí Tuệ được Bán Tại Gia Dụng Minh Phát. - KOSLANT",2555800413_VNAMZ,KOSLANT,https://sg-test-11.slatic.net/p/4c6823654a7639acaaeecf5e8b47e564.jpg,,//www.lazada.vn/products/pdp-i2555800413.html
2381,6 Inch 6X2 Wheel Set 8/10Mm Inner Hole Electric Scooter Wheelchair Suitable For 6 Inch Tire F0 Pneumatic Trolley,2358839338_VNAMZ,No Brand,https://my-live-02.slatic.net/p/3da4a8989138382b501d4a2cd1ec6314.jpg,,//www.lazada.vn/products/pdp-i2358839338.html
2382,"QAWSD INJORA Swamp Claw 64*24mm S5 Mud Terrain 1.0"" Wheel Tires for 1/18 1/24 RC Crawler Car (T1019) XCDFR",2678387926_VNAMZ,No Brand,https://sg-test-11.slatic.net/p/aaaecdddb353e5c731fd064d6b5e0d55.jpg,,//www.lazada.vn/products/pdp-i2678387926.html
2383,Combo 3 bags Motion sand MS-500G,460790903_VNAMZ,Motion Sand,https://vn-live-01.slatic.net/p/f3a71061da408815486ce49f422f395d.jpg,,//www.lazada.vn/products/pdp-i460790903.html
2384,"Máy cán bột mỳ làm vỏ bánh bao, bánh trung thu chạy điện",1948265103_VNAMZ,No Brand,https://vn-live-01.slatic.net/p/e2a1f0eaff2c17d64feb30c435f08620.jpg,,//www.lazada.vn/products/pdp-i1948265103.html
2385,Bánh Pía Mini Không Trứng Siêu Ngon 20 cái ăn chay được - cake food thức ăn vặt ngon,2751769737_VNAMZ,No Brand,https://vn-live-01.slatic.net/p/1d5715a05473b1d4516021cd2900d0e0.png,,//www.lazada.vn/products/pdp-i2751769737.html
2386,DIY 3D Mooncake Mold Gold Ingot Pattern Shape Moon Cake Plastic Moulds Press Safe Mooncake Molds for Mid-Autumn Festival,3147723883_VNAMZ,No Brand,https://sg-test-11.slatic.net/p/964fdb9f0963fec71c4fe540d86d329b.jpg,,//www.lazada.vn/products/pdp-i3147723883.html
2387,Mooncake household Bean paste pressing mold cake model printing tool embossing hand pressed Dim sum Baking Trays & Pans,3048704430_VNAMZ,No Brand,https://sg-test-11.slatic.net/p/0065bbc9a3d971c0d0678e186a71e291.jpg,,//www.lazada.vn/products/pdp-i3048704430.html
2388,"[MUA 3 BÁNH TẶNG 1] Combo Hộp bánh Trung Thu Cao cấp Rước Đèn, Bánh Trung Thu Truyền Thống Richy",2720493418_VNAMZ,Richy,https://vn-live-01.slatic.net/p/73f566ceb3b2b1149fb728571c64ba0a.jpg,,//www.lazada.vn/products/pdp-i2720493418.html
2389,Bánh Trung Thu Lễ Hội Sắc Thu,2747005344_VNAMZ,No Brand,https://filebroker-cdn.lazada.vn/kf/Saf138ea3810a4844a9942916d32cb62dK.jpg,,//www.lazada.vn/products/pdp-i2747005344.html
2390,BÁNH TRUNG THU KINH ĐÔ VỊ GÀ QUAY XỐT X.O - 4 TRỨNG [ 800G/CÁI],3130239101_VNAMZ,No Brand,https://filebroker-cdn.lazada.vn/kf/Sb0a5aa11cc924ec1a026555ca33fac0e5.jpg,,//www.lazada.vn/products/pdp-i3130239101.html
2391,"Hộp 6 Bánh Trung Thu thích hợp biếu quà ( Hộp kèm túi xách sang, Hộp 6 bánh 150gr/bánh )",2396788059_VNAMZ,No Brand,https://filebroker-cdn.lazada.vn/kf/S285e341bd41d45fb8aa2e9404930c621r.jpg,,//www.lazada.vn/products/pdp-i2396788059.html
2392,Bánh trung thu Thỏ Ngọc ( bánh 6 trứng gần 700gr kèm hộp túi xách xịn sò thích hợp biếu tặng ),2363373229_VNAMZ,No Brand,https://filebroker-cdn.lazada.vn/kf/S854a6828ebe640feb7c099f20950aadbj.jpg,,//www.lazada.vn/products/pdp-i2363373229.html
2393,Combo 10 Bánh Trung Thu Liu Pía Trứng Muối Tan Chảy B08 - Ăn Vặt BeeGin,2385151425_VNAMZ,No Brand,https://vn-live-01.slatic.net/p/5bf490ff0130a44486a8484fb5c5e016.jpg,,//www.lazada.vn/products/pdp-i2385151425.html
2394,Bánh trung thu Liu Xin Su - hộp 6 cái,2414774763_VNAMZ,No Brand,https://vn-live-01.slatic.net/p/6c95ef9903ec13dbeafc6e9cb66a36c3.jpg,,//www.lazada.vn/products/pdp-i2414774763.html
2395,Mua 3 tặng 1] Bánh Trung Thu Đồng Khánh 210g loại 2trứng 3cái vị đậu xanhtặng 1 vị vi cá gà quay,2379589581_VNAMZ,No Brand,https://filebroker-cdn.lazada.vn/kf/Sc23981a2eb7244ee965b08aeea00c7e1T.jpg,,//www.lazada.vn/products/pdp-i2379589581.html
2396,Hộp 2 bánh Trung thu Hữu Nghị,2545508936_VNAMZ,No Brand,https://sg-test-11.slatic.net/p/889ed7639feadbcce33e308a905c948c.jpg,,//www.lazada.vn/products/pdp-i2545508936.html
2397,Bánh Trung Thu Truyền Thống Thuận Phát,2403772793_VNAMZ,Thuận Phát,https://filebroker-cdn.lazada.vn/kf/S9f1d9ce69cc9451ea2fa5e48a23b2c5e6.jpg,,//www.lazada.vn/products/pdp-i2403772793.html
2398,Hộp 4 bánh Trung thu Hữu Nghị,2545687099_VNAMZ,No Brand,https://sg-test-11.slatic.net/p/1160dabfd90aadf909e4aa558d4c7d8a.jpg,,//www.lazada.vn/products/pdp-i2545687099.html
2399,[NEW] Bánh Trung Thu Family Reunion Nhân Trứng Muối Tan Chảy (PHUC THANH LONG),1987654645_VNAMZ,No Brand,https://filebroker-cdn.lazada.vn/kf/S3e60e4b1c7c14be8aec2ae14825959df2.jpg,,//www.lazada.vn/products/pdp-i1987654645.html
2400,"[ĐƠN 199K TẶNG ĐÈN LỒNG] Set Hộp Bánh Trung Thu Cao Cấp 2 Bánh Nướng Tự Chọn, Bánh Trung Thu Truyền Thống, Richy | HSD 60 ngày",2732057115_VNAMZ,Richy,https://vn-live-01.slatic.net/p/03dd956122b55c8406c50904977f32ee.jpg,,//www.lazada.vn/products/pdp-i2732057115.html
2401,"[ĐƠN 199K TẶNG ĐÈN LỒNG] Set Hộp Bánh Trung Thu Cao Cấp 2 Bánh Tự Chọn, Bánh Nướng, Richy | HSD 60 ngày",2730563672_VNAMZ,Richy,https://vn-live-01.slatic.net/p/873041a0833a39e1c1b3188484cbad9e.jpg,,//www.lazada.vn/products/pdp-i2730563672.html
2402,"[TẶNG ĐÈN LỒNG] Combo Hộp bánh Trung Thu 4 Bánh - Thỏ Ngọc, Bánh Trung Thu Truyền Thống Richy",2718799887_VNAMZ,Richy,https://vn-live-01.slatic.net/p/c7a962aabf948b1db02e2856d718c85c.jpg,,//www.lazada.vn/products/pdp-i2718799887.html
2403,"[TẶNG ĐÈN LỒNG] Hộp Bánh Trung Thu Ngư Hội Richy 4 bánh 150g, Bánh Trung Thu Truyền Thống",2706616562_VNAMZ,Richy,https://vn-live-01.slatic.net/p/91f4581c523110e442b996a1fbb26df1.jpg,,//www.lazada.vn/products/pdp-i2706616562.html
2404,5 bánh trung thu thập cẩm,1571961783_VNAMZ,Tường An,https://filebroker-cdn.lazada.vn/kf/S38a2e859fa434648bd092cf24799f64ch.jpg,,//www.lazada.vn/products/pdp-i1571961783.html
2405,"[TẶNG ĐÈN LỒNG] Hộp Bánh Trung Thu Phú Quý Richy (Đỏ) 4 bánh 150g, Bánh Trung Thu Truyền Thống",2706714238_VNAMZ,Richy,https://vn-live-01.slatic.net/p/05a04986b69ea9de52fc387582758b0b.jpg,,//www.lazada.vn/products/pdp-i2706714238.html
2406,"Combo 3 khuôn bánh trung thu , ấn xôi 200g",1524842131_VNAMZ,No Brand,https://vn-live-01.slatic.net/p/98ae85fa13e429c694b98a8d00d93a14.jpg,,//www.lazada.vn/products/pdp-i1524842131.html
2407,"Bánh Trung Thu Thập Cẩm Truyền Thống Thuận Phát 550g (4 trứng), 750g (6 trứng)",2403520393_VNAMZ,Thuận Phát,https://filebroker-cdn.lazada.vn/kf/Sebf001e63341462398c42cf30493a2635.jpg,,//www.lazada.vn/products/pdp-i2403520393.html
2408,BÁNH TRUNG THU MỚI 2022,801316608_VNAMZ,No Brand,https://filebroker-cdn.lazada.vn/kf/Sd2e6ea69b63f4d1fbcb63081dad52f07p.jpg,,//www.lazada.vn/products/pdp-i801316608.html
2409,Bánh Trung Thu Cao Cấp,2460827872_VNAMZ,No Brand,https://sg-test-11.slatic.net/p/d3fb41e38e63b7f0f235588cf65558f5.jpg,,//www.lazada.vn/products/pdp-i2460827872.html
2410,Bánh Trung Thu Liu Xin Su Trứng Chảy(Hộp 6 Bánh 330G),2672723055_VNAMZ,No Brand,https://filebroker-cdn.lazada.vn/kf/S98eaaf97b9ee489b9ca99889b31b78e5P.jpg,,//www.lazada.vn/products/pdp-i2672723055.html
2411,Set Bánh Trung Thu Song Thu (Hộp 2 Bánh),2737599418_VNAMZ,No Brand,https://vn-live-01.slatic.net/p/0a9b8d84cda1bb5902d1b587cb17b3e7.jpg,,//www.lazada.vn/products/pdp-i2737599418.html
2412,Hộp 2 bánh trung thu ORION tặng kèm túi xịn xò,2545598510_VNAMZ,No Brand,https://sg-test-11.slatic.net/p/da27fabb08677e875b6f6bd41e37b10f.jpg,,//www.lazada.vn/products/pdp-i2545598510.html
2413,Bánh Trung Thu Liu Pía Trứng Muối Tan Chảy Ngàn Lớp (lẻ 1 cái) B08C - Ăn vặt BeeGin,2385218042_VNAMZ,No Brand,https://vn-live-01.slatic.net/p/ad44dfbc93dffe42614cc274e17553a8.jpg,,//www.lazada.vn/products/pdp-i2385218042.html
2414,"Hộp 6 Bánh Trung Thu  LAVA Trứng Chảy, Liuxinsu Ngàn Lớp Béo Ngậy Thơm Ngon B91- BeeGin Food",2373079415_VNAMZ,No Brand,https://vn-live-01.slatic.net/p/9f1acd71688a5d136b0f9044f953f6a8.png,,//www.lazada.vn/products/pdp-i2373079415.html
2415,"[HỘP 2 CÁI 1 TRỨNG] Bánh trung thu hộp 2 cái ( gà quay 1 trứng 200g, đậu xanh 1 trứng 200g)",793502393_VNAMZ,No Brand,https://vn-live-01.slatic.net/p/adb74a2eff5232cc8b2a09094f561818.jpg,,//www.lazada.vn/products/pdp-i793502393.html
2416,"[TẶNG ĐÈN LỒNG] Hộp Bánh Trung Thu Phú Quý Richy (Xanh) 4 bánh 150g, Bánh Trung Thu Truyền Thống",2706632516_VNAMZ,Richy,https://vn-live-01.slatic.net/p/fa6ebb22ed6cc9a4728c28d0e38383ea.jpg,,//www.lazada.vn/products/pdp-i2706632516.html
2417,"[TẶNG ĐÈN LỒNG] Combo Hộp bánh Trung Thu 4 Bánh - Múa Lân, Bánh Trung Thu Truyền Thống Richy",2720579104_VNAMZ,Richy,https://vn-live-01.slatic.net/p/c7a962aabf948b1db02e2856d718c85c.jpg,,//www.lazada.vn/products/pdp-i2720579104.html
2418,KHUÔN GỖ BÁNH HÌNH KÊ KHUÔN BÁNH TRUNG THU 100gr,1652567071_VNAMZ,No Brand,https://vn-live-01.slatic.net/p/406a55bf5452ac8f04f9fe6362c09dd4.jpg,,//www.lazada.vn/products/pdp-i1652567071.html
2419,"Hôp Trung Thu Như Ý Cao Cấp ( Hộp 6 Bánh 200gr có trứng, Hộp kèm túi xách sang trọng )",2420862958_VNAMZ,No Brand,https://filebroker-cdn.lazada.vn/kf/S2e9d2db02c114cd6b1cb527048847d06l.jpg,,//www.lazada.vn/products/pdp-i2420862958.html
2420,"Hộp 6 Bánh Trung Thu LAVA, Liuxinsu Ngàn Lớp Béo Ngậy Thơm Ngon B91 - BeeGin Food Store",2438613062_VNAMZ,No Brand,https://vn-live-01.slatic.net/p/74ad4d5102bfea78a6968485e80e5284.png,,//www.lazada.vn/products/pdp-i2438613062.html
2421,"[TẶNG ĐÈN LỒNG] Combo Hộp bánh Trung Thu 4 Bánh - Chị Hằng, Bánh Trung Thu Truyền Thống Richy",2720454349_VNAMZ,Richy,https://vn-live-01.slatic.net/p/c7a962aabf948b1db02e2856d718c85c.jpg,,//www.lazada.vn/products/pdp-i2720454349.html
2422,HỘP 6 BÁNH - Bánh Trung Thu Trứng Muối Tan Chảy Liu Xin Su Trung Quốc - BÁNH TRUNG THU TRỨNG CHẢY,2655942799_VNAMZ,No Brand,https://vn-live-01.slatic.net/p/a131bc7f7a50477812e9a561c66b64a7.jpg,,//www.lazada.vn/products/pdp-i2655942799.html
2423,KHUÔN GỖ HÌNH HOA BÁNH TRUNG THU KHUÔN XÔI 150gr,1652554102_VNAMZ,No Brand,https://vn-live-01.slatic.net/p/d180f462bcaba2d59b5ac6360eacfde1.jpg,,//www.lazada.vn/products/pdp-i1652554102.html
2424,Bánh bông lan Trứng chảy ngàn lớp/ lavada trung thu/ Bánh cuối siêu hót,655292812_VNAMZ,No Brand,https://vn-live-01.slatic.net/p/eabcdae322bd475b9627b0dd351b4cc0.jpg,,//www.lazada.vn/products/pdp-i655292812.html
2425,[DATE MỚI]Bánh Trung Thu Ngàn Lớp Liu Xin Su Trứng Chảy Đài Loan Hộp 6 Bánh - 330 gram,2399481964_VNAMZ,No Brand,https://vn-live-01.slatic.net/p/330578248053edb49e21a82ebaa15502.jpg,,//www.lazada.vn/products/pdp-i2399481964.html
2426,[Tặng túi + thiệp] Hộp bánh trung thu nhân trứng muối chảy 7 vị cao cấp chính hãng LiuXinSu 330g làm quà tặng cực sang,1972804067_VNAMZ,No Brand,https://vn-live-01.slatic.net/p/fbd172ee410566794671ebe9ca26ba10.jpg,,//www.lazada.vn/products/pdp-i1972804067.html
2427,KHUÔN GỖ BÁNH TRUNG THU SONG NGƯ 200gr,1652457721_VNAMZ,No Brand,https://vn-live-01.slatic.net/p/b19ed7ca6509e67c268e925287389a38.jpg,,//www.lazada.vn/products/pdp-i1652457721.html
2428,Mua 3 tặng 1] Bánh Trung Thu Đồng Khánh 210g loại 2trứng 3cái vị dừa sữa tặng 1 vị  gà quay lạp xưởng,2379677243_VNAMZ,No Brand,https://filebroker-cdn.lazada.vn/kf/S88734170ba1348b2a4f4b142b045d73bL.jpg,,//www.lazada.vn/products/pdp-i2379677243.html
2429,KHUÔN BÁNH TRUNG THU PHÚC LỘC THỌ GỖ 200gr - KHUÔN XÔI PHƯỚC LỘC THỌ GỖ KHUÔN CHỮ HỶ,1652409984_VNAMZ,No Brand,https://vn-live-01.slatic.net/p/7b9492e9c82214b3cc62fd0d6615432c.jpg,,//www.lazada.vn/products/pdp-i1652409984.html
2430,[ mua 2 tặng 1 túi sách sịn sò] Bánh trung thu lixinsu 2025 mẫu mới nhất,839720661_VNAMZ,No Brand,https://filebroker-cdn.lazada.vn/kf/S86c3744ab7424c3da3cc68af84a5a4b9e.jpg,,//www.lazada.vn/products/pdp-i839720661.html
2431,KHUÔN BÁNH TRUNG THU HÌNH CÁ CHÉP KHUÔN GỖ BÁNH 300gr,1652564026_VNAMZ,No Brand,https://vn-live-01.slatic.net/p/60151c9e3ff8fcac054bbb3d8e4f6849.jpg,,//www.lazada.vn/products/pdp-i1652564026.html
2432,Khuôn bánh trung thu 3D 4 mặt Tứ Linh,1528244531_VNAMZ,No Brand,https://vn-live-01.slatic.net/p/b3fed77a84a6c14f059cb3958cb7ba6a.png,,//www.lazada.vn/products/pdp-i1528244531.html
2433,HỘP 12 BÁNH - Bánh Trung Thu Mini Lava Trứng Chảy Bibizan Nội Địa Trung Quốc,2668438781_VNAMZ,No Brand,https://vn-live-01.slatic.net/p/6abb6e3223798fea3c2fcbad0a41df93.jpg,,//www.lazada.vn/products/pdp-i2668438781.html
2434,Khuôn bánh trung thu 3D 200g - 4 mặt mẫu hoa 2022,1958902145_VNAMZ,No Brand,https://vn-live-01.slatic.net/p/e0812bdeb64cc9ecb6cbbd1d079a3ca1.jpg,,//www.lazada.vn/products/pdp-i1958902145.html
2435,20 khuôn trung thu và đồ làm bánh,1306844130_VNAMZ,OEM,https://vn-live-01.slatic.net/p/c7fa27551890a257e9ff87ec924c879e.jpg,,//www.lazada.vn/products/pdp-i1306844130.html
2436,Khuôn bánh trung thu 125g 5 mặt tròn chim hạc hoa tuyết,1886286663_VNAMZ,No Brand,https://vn-live-01.slatic.net/p/22d349986a149be9c2b937a77bfd5daf.jpg,,//www.lazada.vn/products/pdp-i1886286663.html
2437,"Máy xay đậu xanh làm nhân bánh trung thu, máy nghiền đậu xanh công suất 1100W - Bảo hành 24 tháng",1964166693_VNAMZ,No Brand,https://vn-live-01.slatic.net/p/c9cc5dc023f5aedb18d8d8ad80473edb.jpg,,//www.lazada.vn/products/pdp-i1964166693.html
2438,JuL12_ Khuôn bánh trung thu_ 4 kiểu_100gr _125gr,3093665493_VNAMZ,No Brand,https://vn-live-01.slatic.net/p/67c118d3b76e7b7cb3db09afa8b62b87.jpg,,//www.lazada.vn/products/pdp-i3093665493.html
2439,KHUÔN BÁNH TRUNG THU GỖ HÌNH CHIM KÊ KHUÔN GỖ BÁNH THỦ CÔNG 150gr,1652471726_VNAMZ,No Brand,https://vn-live-01.slatic.net/p/4922a1547677af7e7f20612c8e924df9.jpg,,//www.lazada.vn/products/pdp-i1652471726.html
2440,[HCM]Khuôn tạo hình bánh trung thu ép xôi cỡ lớn cao cấp hình hoa sen 3D,317968604_VNAMZ,GOODCOM,https://vn-live-01.slatic.net/p/d031b1ea0965928df6b26881051acd98.jpg,,//www.lazada.vn/products/pdp-i317968604.html
2441,Khuôn bánh trung thu 200g 4 mặt tròn Phúc Lộc Thọ Tài,1886278625_VNAMZ,No Brand,https://vn-live-01.slatic.net/p/f48e31c7c08c46b2fc541a3319967d4e.jpg,,//www.lazada.vn/products/pdp-i1886278625.html
2442,"Bộ 8 khuôn bánh trung thu , rau câu 3D hoạ tiết 10cm",1944864946_VNAMZ,No Brand,https://vn-live-01.slatic.net/p/2a677c838e3428b8db123f992ea46952.jpg,,//www.lazada.vn/products/pdp-i1944864946.html
2443,"Combo 9 khuôn bánh trung thu , rau câu 3D _  10cm",1524723904_VNAMZ,No Brand,https://vn-live-01.slatic.net/p/1772fea039dda60c7404e0f32ebdea9a.jpg,,//www.lazada.vn/products/pdp-i1524723904.html
2444,[HCM]Trọn bộ 5 khuôn tạo hình bánh trung thu ép xôi cỡ trung dạng tròn họa tiết Đôrêmon,244687000_VNAMZ,GOODCOM,https://vn-live-01.slatic.net/original/4dabceff5ffb287d604f9774524156a8.jpg,,//www.lazada.vn/products/pdp-i244687000.html
2445,Bánh Trung thu set hộp quà tặng,2746948542_VNAMZ,No Brand,https://filebroker-cdn.lazada.vn/kf/Sd19798918e1d403bb61a7d044c184847u.jpg,,//www.lazada.vn/products/pdp-i2746948542.html
2446,Khuôn bánh trung thu lò xo 150g 1 mặt rồng phun châu nhả ngọc,1886312556_VNAMZ,OEM,https://vn-live-01.slatic.net/p/c607fa584135149d331fac435f337efe.jpg,,//www.lazada.vn/products/pdp-i1886312556.html
2447,"Combo 8 khuôn bánh trung thu , rau câu 3D _ 10cm",1525300232_VNAMZ,No Brand,https://vn-live-01.slatic.net/p/c986cb34a7938818c53d1a69cbfc8525.jpg,,//www.lazada.vn/products/pdp-i1525300232.html
2448,"Combo 9 khuôn bánh trung thu , rau câu 3D",1524803131_VNAMZ,No Brand,https://vn-live-01.slatic.net/p/a5c361d3016fd7de9ec0ef43f600a197.jpg,,//www.lazada.vn/products/pdp-i1524803131.html
2449,Khuôn bánh trung thu lò xo 150g 4 mặt tròn rồng phượng hoa lá,1886327426_VNAMZ,OEM,https://vn-live-01.slatic.net/p/00a24feb84915469928d0c7f113bc554.jpg,,//www.lazada.vn/products/pdp-i1886327426.html
2450,Khay Trung Thu 250gr,2556809058_VNAMZ,No Brand,https://sg-test-11.slatic.net/p/60637a669f0520497e18dc750de4fe46.jpg,,//www.lazada.vn/products/pdp-i2556809058.html
2451,Túi bánh trung thu hoa 75g - 100g - 125g - 150g,1853590072_VNAMZ,No Brand,https://vn-live-01.slatic.net/p/7c9060bf3fd11047cf110c68638860e9.jpg,,//www.lazada.vn/products/pdp-i1853590072.html
2452,[HCM]Khuôn bánh trung thu 4D 150g -180g 4 mặt hoa hồng,751182711_VNAMZ,No Brand,https://vn-live-01.slatic.net/p/7caad96b7130b368f72d7a7a833fde6c.png,,//www.lazada.vn/products/pdp-i751182711.html
2453,Set Hộp Quà Bánh Nến Trung Thu MESMERIC 6 Mùi MIx Quà Tặng Cao Cấp Sang Trọng,2730510080_VNAMZ,Mesmeric,https://sg-test-11.slatic.net/p/664fe2ae1b4ff8a52173a8a9146b244e.jpg,,//www.lazada.vn/products/pdp-i2730510080.html
2454,Khuôn bánh trung thu 3D 150g-180g 4 mặt hoa cúc,751230155_VNAMZ,No Brand,https://vn-live-01.slatic.net/p/70fdce3a524840d1fc1d2ab00332f23e.png,,//www.lazada.vn/products/pdp-i751230155.html
2455,KHUÔN BÁNH TRUNG THU GỖ CÁ VÀNG,1652557055_VNAMZ,No Brand,https://vn-live-01.slatic.net/p/a9ad7f747d220cb3d3e8a43d39af0fba.jpg,,//www.lazada.vn/products/pdp-i1652557055.html
2456,Khuôn bánh trung thu lò xo 4 mặt vuông Phúc Lộc Thọ Tài 150g,2319135702_VNAMZ,No Brand,https://vn-live-01.slatic.net/p/24b2a4d5e6097b7fc55b2373a9d1cdb7.jpg,,//www.lazada.vn/products/pdp-i2319135702.html
2457,Khuôn bánh trung thu 3D 200g 4 mặt hoa cúc,751244204_VNAMZ,No Brand,https://vn-live-01.slatic.net/p/cfbcf7d091d80e0e4b7f4a438ec58b10.png,,//www.lazada.vn/products/pdp-i751244204.html
2458,Khuôn bánh trung thu 3D 150g-180g 5 mặt mẫu mới 2020 - M2,727770247_VNAMZ,No Brand,https://vn-live-01.slatic.net/p/4ccfe23fcff52f5f621293f351848b76.jpg,,//www.lazada.vn/products/pdp-i727770247.html
2459,ENSURA PU Bánh Trung Thu mô phỏng Mềm Vuông/Tròn Chế độ bánh trung thu Đạo cụ chụp ảnh Trang trí Bánh Trung Thu giả Dành cho gia đình,3167374506_VNAMZ,No Brand,https://sg-test-11.slatic.net/p/e668ad3098e95dee90b2c556a30eebab.jpg,,//www.lazada.vn/products/pdp-i3167374506.html
2460,[HCM]Khuôn bánh trung thu 3D 200g hoa hồng,751252181_VNAMZ,No Brand,https://vn-live-01.slatic.net/p/d844fc7d15f566573b73f98d364c6839.png,,//www.lazada.vn/products/pdp-i751252181.html
2461,Decal trang trí tết Trung Thu- Hít tĩnh điện - Đèn Lồng Và Ba Chú Thỏ Ăn Bánh Trung Thu Dễ Thương,2778580192_VNAMZ,No Brand,https://sg-test-11.slatic.net/p/d8f0dc3b6d9e277f5720335c707965a0.jpg,,//www.lazada.vn/products/pdp-i2778580192.html
2462,Khuôn bánh trung thu lò xo 200g 4 mặt tròn đôi cá chép - chữ Thu,2401141101_VNAMZ,No Brand,https://sg-test-11.slatic.net/p/196d3798e47ad60fe0c50030ec7ed13f.jpg,,//www.lazada.vn/products/pdp-i2401141101.html
2463,Khuôn bánh trung thu lò xo 150g 1 mặt sen nở,2391268447_VNAMZ,No Brand,https://vn-live-01.slatic.net/p/588a4f31d68ef4a657f061769329cf35.jpg,,//www.lazada.vn/products/pdp-i2391268447.html
2464,Khuôn bánh trung thu 200g 4 mặt tròn song ngư - trung thu,2319580064_VNAMZ,No Brand,https://vn-live-01.slatic.net/p/762b004699edb92cb4fe668af9c1e317.jpg,,//www.lazada.vn/products/pdp-i2319580064.html
2465,KHUÔN CÁ CHÉP TRUNG THU KHUÔN GỖ CÁ CHÉP TRUNG THU 150GR,1652537215_VNAMZ,No Brand,https://vn-live-01.slatic.net/p/8931799aa7bcd542de4387b42af579ea.jpg,,//www.lazada.vn/products/pdp-i1652537215.html
2466,"Khuôn bánh trung thu 200g 4 mặt tròn hoa sen, rồng nhả ngọc",2319369811_VNAMZ,No Brand,https://vn-live-01.slatic.net/p/8d71857d21e0734fbdc4f5081b5a2bda.jpg,,//www.lazada.vn/products/pdp-i2319369811.html
2467,"Khuôn bánh trung thu lò xo 200g 4 mặt tròn đóa hồng, cá chép vượt vũ môn",2319583094_VNAMZ,No Brand,https://vn-live-01.slatic.net/p/80b4eb217fe4823561d88ff63640bc1b.jpg,,//www.lazada.vn/products/pdp-i2319583094.html
2468,"Khuôn bánh trung thu lò xo 4 mặt tròn rồng, hoa sen, cá chép, lily 150g | 200g",1998645405_VNAMZ,No Brand,https://vn-live-01.slatic.net/p/af27b2d5bbd3196faf19c372499c488b.jpg,,//www.lazada.vn/products/pdp-i1998645405.html
2469,Khuôn bánh trung thu lò xo 150g 1 mặt sen nở,2391279368_VNAMZ,No Brand,https://vn-live-01.slatic.net/p/588a4f31d68ef4a657f061769329cf35.jpg,,//www.lazada.vn/products/pdp-i2391279368.html
2470,55 bộ khuôn trung thu,1306869002_VNAMZ,OEM,https://vn-live-01.slatic.net/p/e7ad5e913055c4e0dafb5f8e5cfd182f.jpg,,//www.lazada.vn/products/pdp-i1306869002.html
2471,Khuôn bánh trung thu lò xo 200g 4 mặt tròn đôi cá chép - chữ Thu,2400907710_VNAMZ,No Brand,https://sg-test-11.slatic.net/p/196d3798e47ad60fe0c50030ec7ed13f.jpg,,//www.lazada.vn/products/pdp-i2400907710.html
2472,Khuôn trung thu 4 mặt 200gr,1968100481_VNAMZ,No Brand,https://filebroker-cdn.lazada.vn/kf/Sbf872495d2ce49faa88c17130f8c14587.jpg,,//www.lazada.vn/products/pdp-i1968100481.html
2473,KHUÔN TRUNG THU LÒ XO ĐẦU LÂN 150G,3151409722_VNAMZ,No Brand,https://filebroker-cdn.lazada.vn/kf/S2740e94e5936487abfd4e96b22d82c67f.jpg,,//www.lazada.vn/products/pdp-i3151409722.html
2474,KHUÔN GỖ BÁNH TRUNG THU 4 MẶT VUÔNG KHUÔN BÁNH DẺO BÁNH NƯỚNG BẰNG GỖ THỦ CÔNG,1652445766_VNAMZ,No Brand,https://vn-live-01.slatic.net/p/756c2e1709d36f45270314cd30ee4de9.jpg,,//www.lazada.vn/products/pdp-i1652445766.html
2475,ENSURA Gốm sứ Hộp đựng trà Tròn Đồ cổ Hộp lưu trữ nhỏ Di động có nắp Hũ trà hình bánh trung thu cho gia đình,3167355625_VNAMZ,No Brand,https://sg-test-11.slatic.net/p/138938c765c80772504de6c7982c8322.jpg,,//www.lazada.vn/products/pdp-i3167355625.html
2476,"Combo 9 khuôn tạo hình bánh trung thu, rau câu 3D hoạ tiết",1525105962_VNAMZ,No Brand,https://vn-live-01.slatic.net/p/163bb134a97c496783482a5751478ac0.jpg,,//www.lazada.vn/products/pdp-i1525105962.html
2477,"Combo 12 khuôn bánh trung thu , rau câu 3D _ 10cm",1525216604_VNAMZ,No Brand,https://vn-live-01.slatic.net/p/218a4678c5e855e7152bdac0fffeb6a3.jpg,,//www.lazada.vn/products/pdp-i1525216604.html
2478,"Khuôn bánh trung thu , ép xôi , làm bánh",1525196770_VNAMZ,No Brand,https://vn-live-01.slatic.net/p/73bd13d9ae49cc42afbb3282c88a3378.jpg,,//www.lazada.vn/products/pdp-i1525196770.html
2479,Khuôn trung thu lò xo 2022 PHÚC LỘC THỌ TÀI 4 mặt 1 nhấn 180g - Bí đỏ shop dụng cụ làm bánh,1920958991_VNAMZ,No Brand,https://vn-live-01.slatic.net/p/1acc59eb828ecca47a612ca8ec64e9db.jpg,,//www.lazada.vn/products/pdp-i1920958991.html
2480,"Khuôn bánh trung thu lò xo 50g hũ vàng Phát-Tài-Lộc MS211,Khuôn trung thu 3 mặt hũ vàng Phát, Lộc, Tài (50g)",1355452009_VNAMZ,No Brand,https://vn-live-01.slatic.net/p/82d2df1a5633f46472764588cbdfcd3b.jpg,,//www.lazada.vn/products/pdp-i1355452009.html
2481,Dĩa Nhỏ Gỗ Thật Dĩa Bánh Trung Thu Dĩa Bánh Ngọt Đồ Ngọt Bộ 5 Chiếc Dĩa Hoa Quả Salad Trẻ Em Gỗ Thô Sáng Tạo Gia Dụng,2981582559_VNAMZ,,https://filebroker-cdn.lazada.vn/kf/S66181fe0766d455f8bd631df7d496a34F.jpg,,//www.lazada.vn/products/pdp-i2981582559.html
2482,"Combo 10 khuôn tạo hình bánh trung thu, rau câu 3D _ Giao ngẫu nhiên",1524832252_VNAMZ,No Brand,https://vn-live-01.slatic.net/p/60bde4c136b6f635d91359df8784b9b5.jpg,,//www.lazada.vn/products/pdp-i1524832252.html
2483,"Bộ 12 khuôn bánh trung thu , rau câu 3D hoạ tiết",1524830131_VNAMZ,No Brand,https://vn-live-01.slatic.net/p/bed37f5a0915817818207e88131b877e.jpg,,//www.lazada.vn/products/pdp-i1524830131.html
2484,ENSURA 50pcs Trong suốt Hộp bánh trung thu 50/80//100g. Hình vuông Hộp đựng bánh muffin Hộp bảo quản thực phẩm Nhựa Hộp lưu trữ bánh quy kín Trưng bày bánh ngọt,3167348611_VNAMZ,No Brand,https://sg-test-11.slatic.net/p/c78d6416b1fa4445c0910a65e45524ea.jpg,,//www.lazada.vn/products/pdp-i3167348611.html
2485,ENSURA 100pcs Nhựa Túi đóng gói bánh trung thu Cấp thực phẩm Phong cách Trung Quốc Túi đóng gói bánh quy Túi thực phẩm Chống ẩm Túi quà thủ công Lễ hội mùa thu giữa năm,3167375603_VNAMZ,No Brand,https://sg-test-11.slatic.net/p/3b79f3e3a8c8e33599a0768da1a53ab1.jpg,,//www.lazada.vn/products/pdp-i3167375603.html
2486,ENSURA Bông xốp Đồ chơi nhồi bông hình bánh trung thu Lễ hội trung thu Tương tác Đồ chơi nhồi bông bánh trung thu Đệm ghế Thoải mái Gối hình trung thu mô phỏng 3D Đồ dùng tiệc,3167412232_VNAMZ,No Brand,https://sg-test-11.slatic.net/p/2d76ef8962a59b57f2a681f8a10f8a75.jpg,,//www.lazada.vn/products/pdp-i3167412232.html
2487,ENSURA 100pcs Mờ Túi đóng gói bánh trung thu Nhựa Chống ẩm Túi dán tự dính Túi thực phẩm Cấp thực phẩm Túi quà thủ công Lễ hội mùa thu giữa năm,3167414207_VNAMZ,No Brand,https://sg-test-11.slatic.net/p/254c666cf1112f734d23d5e43abe6794.jpg,,//www.lazada.vn/products/pdp-i3167414207.html
2488,"KHUÔN BÁNH TRUNG THU MẪU MỚI NHẤT NĂM 2020 MS147 LOẠI 4 MẶT KÈM KHUÔN LÒ XO NHẤN HÀNG LOẠI 1 MẪU 150G, 200G",611838374_VNAMZ,No Brand,https://vn-live-01.slatic.net/p/170092416709bd04439e3d52a0fb61b5.jpg,,//www.lazada.vn/products/pdp-i611838374.html
2489,Khuôn trung thu lò xo 250gr 4 mặt Phú Quý - ĐOan Vien - Sum Vầy,2013898044_VNAMZ,No Brand,https://filebroker-cdn.lazada.vn/kf/Scc4d31b1316d432598c53d3beda60646a.jpg,,//www.lazada.vn/products/pdp-i2013898044.html
2490,Set khuôn trung thu làm bánh 77,1306672913_VNAMZ,OEM,https://vn-live-01.slatic.net/p/d489b9e41d1cf3dbf1a802f8ac6f94e3.jpg,,//www.lazada.vn/products/pdp-i1306672913.html
2491,Khuôn trung thu 4 mặt khu vườn hoa 50gr,3167455090_VNAMZ,No Brand,https://vn-live-01.slatic.net/p/275c701aff8541540ebc4bcc3b5c121b.jpg,,//www.lazada.vn/products/pdp-i3167455090.html
2492,"❤️Mẫu 2022❤️ Khuôn trung thu 2 nhấn, 2 mặt Cá đôi (50g)/ KTT92",2041196103_VNAMZ,No Brand,https://vn-live-01.slatic.net/p/197a484f93b2ccce73a2ce8aefb53c52.jpg_1500x1500q80.jpg,,//www.lazada.vn/products/pdp-i2041196103.html
2493,Khuôn trung thu lò xo 2 mặt hoa văn 75gr,3167383801_VNAMZ,No Brand,https://vn-live-01.slatic.net/p/f5f2c49bd25dc8f421acf98174e58225.jpg,,//www.lazada.vn/products/pdp-i3167383801.html
2494,"Khuôn trung thu 2 nhấn, 2 mặt Cá đôi (50g)/ KTT92",2360898783_VNAMZ,No Brand,https://vn-live-01.slatic.net/p/197a484f93b2ccce73a2ce8aefb53c52.jpg,,//www.lazada.vn/products/pdp-i2360898783.html
2495,Khuôn trung thu lò xo 2024 PHÙ ĐIÊU 3 mặt 1 nhấn 150g 200g khuôn nhấn làm bánh trung thu,2744655366_VNAMZ,No Brand,https://vn-live-01.slatic.net/p/36528d658d9863f23ba6fef24e2f8bab.jpg,,//www.lazada.vn/products/pdp-i2744655366.html
2496,Khuôn trung thu lò xo 2 mặt cẩm tú cầu 75g - 150g,1934521790_VNAMZ,No Brand,https://filebroker-cdn.lazada.vn/kf/Sc223514612744e38bbdc50cdd662c4dbF.jpg,,//www.lazada.vn/products/pdp-i1934521790.html
2497,Khuôn trung thu lò xo 4 mặt tròn chùm hoa 150g | 200g,1886298487_VNAMZ,No Brand,https://vn-live-01.slatic.net/p/f8cac092610735f688c6eb32402de35c.jpg,,//www.lazada.vn/products/pdp-i1886298487.html
2498,Khuôn trung thu lò xo 150g 4 mặt chuồn chuồn hoa sen BHT2035,1970602245_VNAMZ,No Brand,https://vn-live-01.slatic.net/p/a31e8d5867d3c0a061ec122e0310cbc6.jpg,,//www.lazada.vn/products/pdp-i1970602245.html
2499,[Ảnh thật] Khuôn trung thu lò xo 50g 4 mặt hoa 5 cánh,3148895481_VNAMZ,No Brand,https://sg-test-11.slatic.net/p/55ea6a44b1056ea93a7227033c4da681.jpg,,//www.lazada.vn/products/pdp-i3148895481.html
2500,Khuôn trung thu lò xo 4 mặt ao sen cá chép 150g | 200g,1886245966_VNAMZ,No Brand,https://vn-live-01.slatic.net/p/ec75c6c7e9859bd1036208398d560395.jpg,,//www.lazada.vn/products/pdp-i1886245966.html
2501,Khuôn trung thu lò xo 4 mặt cúc hoạ mi 150g MS232,1975231946_VNAMZ,No Brand,https://filebroker-cdn.lazada.vn/kf/S44ee76a23aea474ea96ec5711b1ee2355.jpg,,//www.lazada.vn/products/pdp-i1975231946.html
2502,Khuôn trung thu lò xo 200g 4 mặt 2 trái lê hoa mận sen nở,1886264750_VNAMZ,No Brand,https://vn-live-01.slatic.net/p/a307d7fbaa0c838be197a59d6eea29be.jpg,,//www.lazada.vn/products/pdp-i1886264750.html
2503,"Khuôn trung thu 150g 4 mặt tròn chim bồ câu, hoa hồng, bông tuyết",2318373390_VNAMZ,OEM,https://vn-live-01.slatic.net/p/36f4f3aaaf1d380a0ef154ea2b344264.jpg,,//www.lazada.vn/products/pdp-i2318373390.html
2504,Khuôn trung thu 4 mặt tròn chim hạc và hoa 150g | 200g,2318197850_VNAMZ,OEM,https://vn-live-01.slatic.net/p/04f520e5c8019367e1d6c15fc6101a23.jpg,,//www.lazada.vn/products/pdp-i2318197850.html
2505,"Khuôn trung thu lò xo 4 mặt chùm vải, hoa hồng 150g | 200g",1979530857_VNAMZ,No Brand,https://vn-live-01.slatic.net/p/3f428df7e028e16fab5457c9ef49b78d.jpg,,//www.lazada.vn/products/pdp-i1979530857.html
2506,Khuôn trung thu 4 mặt tròn đôi cá chép thỏi vàng chữ Phước 150g | 200g,1886272655_VNAMZ,No Brand,https://vn-live-01.slatic.net/p/75ee1c60f5224490f945e8bd8fbf85ed.jpg,,//www.lazada.vn/products/pdp-i1886272655.html
2507,Khuôn trung thu lò xo 150g 4 mặt lồng đèn,2318340596_VNAMZ,OEM,https://vn-live-01.slatic.net/p/6d9611b344e0d1c940a05fbc104ba04c.jpg,,//www.lazada.vn/products/pdp-i2318340596.html
2508,"Khuôn trung thu khóa tay 180g Phúc Lộc Thọ Tài viền hoa chính hãng, giá tốt",1993639981_VNAMZ,No Brand,https://vn-live-01.slatic.net/p/8b523048c4541cc5380914413b2e3a54.jpg,,//www.lazada.vn/products/pdp-i1993639981.html
2509,Khuôn trung thu lò xo 200gr tròn 8 mặt 2022,1956223742_VNAMZ,No Brand,https://vn-live-01.slatic.net/p/18970a13e97c759c6b4a1532cfdaf79a.jpg,,//www.lazada.vn/products/pdp-i1956223742.html
2510,"Khuôn trung thu lò xo 200g 6 mặt tròn hoa lá, họa tiết cổ điển BHT03249",1972871558_VNAMZ,No Brand,https://vn-live-01.slatic.net/p/da1c0d552e76dc981792820d7d900541.jpg,,//www.lazada.vn/products/pdp-i1972871558.html
2511,"Khuôn trung thu 200g 4 mặt tròn cá chép vượt vũ môn, hoa sen, hồng, chim phượng",2318234751_VNAMZ,OEM,https://vn-live-01.slatic.net/p/80b4eb217fe4823561d88ff63640bc1b.jpg,,//www.lazada.vn/products/pdp-i2318234751.html
2512,Khuôn trung thu 4 mặt 200g mẫu 87,307402475_VNAMZ,OEM,https://vn-live-01.slatic.net/p/299fc277bc363836b3bd490cc50fc86b.jpg,,//www.lazada.vn/products/pdp-i307402475.html
2513,Khuôn trung thu lò xo 150gr vuông 3 mặt dây may mắn,2737386668_VNAMZ,No Brand,https://vn-live-01.slatic.net/p/fedd40eee092e2a84f56b64c2267134e.jpg,,//www.lazada.vn/products/pdp-i2737386668.html
2514,Khuôn trung thu lò xo 200gr 8 mặt,1889661549_VNAMZ,No Brand,https://sg-live-01.slatic.net/p/26715f845b40217b6fb8ff85bf8f1a83.jpg,,//www.lazada.vn/products/pdp-i1889661549.html
2515,Khuôn trung thu lò xo 150gr vuông 8 mặt 2022,1956195944_VNAMZ,No Brand,https://vn-live-01.slatic.net/p/d725eb49c2e51fa7d8aea339695d3f22.jpg,,//www.lazada.vn/products/pdp-i1956195944.html
2516,Khuôn trung thu 300gr rồng ngậm ngọc,2737442609_VNAMZ,No Brand,https://vn-live-01.slatic.net/p/6e78a95a75e5b65cb6a76463490829fc.jpg,,//www.lazada.vn/products/pdp-i2737442609.html
2517,Khuôn trung thu 4 mặt hoa (200g)/ KTT28,1858241565_VNAMZ,No Brand,https://vn-live-01.slatic.net/p/95202fd78106f4b5897b5d7dc3b34253.jpg_1500x1500q80.jpg,,//www.lazada.vn/products/pdp-i1858241565.html
2518,Bánh Thưởng SMARTHEART Snack Bổ Sung Dinh Dưỡng Cho Chó Gói 100g - Thú Cưng Của Tui,2003835206_VNAMZ,No Brand,https://vn-live-01.slatic.net/p/30a7f98476b5be0750e679a73f4f3a30.png,,//www.lazada.vn/products/pdp-i2003835206.html
2519,ZYJC SHOP Phong cách Trung Quốc Giỏ tre Dệt Tự nhiên Giỏ đựng trứng Hộp đựng bánh mì Có Nắp Giỏ Dã Ngoại Lễ hội trung thu,3167295751_VNAMZ,ZYJC,https://sg-test-11.slatic.net/p/dd951c8d454659f52e344c2dfc9c8479.jpg,,//www.lazada.vn/products/pdp-i3167295751.html
2520,IBRATE PU Bánh Trung Thu mô phỏng Trang trí Mềm Bánh Trung Thu giả Đạo cụ chụp ảnh Vuông/Tròn Chế độ bánh trung thu Dành cho gia đình,3167422203_VNAMZ,No Brand,https://sg-test-11.slatic.net/p/3f8c0f87937beb9b74f3ea50746ad7aa.jpg,,//www.lazada.vn/products/pdp-i3167422203.html
2521,ELLIER 8 ô Hộp bánh trung thu Lễ hội trung thu Thủ công Giấy kraft Hộp quà Bánh Trung Thu Bánh ngọt bông tuyết Túi xách Quà tặng Túi cầm tay Lễ hội,3167301550_VNAMZ,No Brand,https://sg-test-11.slatic.net/p/57174c18167165aff1fa3457ac1ef5be.jpg,,//www.lazada.vn/products/pdp-i3167301550.html
2522,UNQCSA Dễ thương Hộp quà đóng gói bánh trung thu Thỏ Phong cách Trung Quốc Hộp bánh trung thu Hộp bánh trung thu Thủ công Hộp chiên lòng đỏ trứng Quà Tặng Lễ hội trung thu,3167497666_VNAMZ,No Brand,https://sg-test-11.slatic.net/p/7f326572604b831f20436e501485126b.jpg,,//www.lazada.vn/products/pdp-i3167497666.html
2523,IBRATE Bông xốp Đồ chơi nhồi bông hình bánh trung thu Lễ hội trung thu Tương tác Đồ chơi nhồi bông bánh trung thu Đệm ghế Thoải mái Gối hình trung thu mô phỏng 3D Đồ dùng tiệc,3167357639_VNAMZ,No Brand,https://sg-test-11.slatic.net/p/0066f443a3eb186d601c5e27042fc7e5.jpg,,//www.lazada.vn/products/pdp-i3167357639.html
2524,IBRATE 100pcs Nhựa Túi đóng gói bánh trung thu Mờ Chống ẩm Túi đóng gói bánh quy Chống ẩm Cấp thực phẩm Túi quà thủ công Lễ hội mùa thu giữa năm,3167399339_VNAMZ,No Brand,https://sg-test-11.slatic.net/p/ffac83724f0747feeccc1e2d3a742302.jpg,,//www.lazada.vn/products/pdp-i3167399339.html
2525,ENSURA Mũ thỏ Kẹp Tóc Thỏ bánh trung thu Ngọt ngào Hài Hước Kẹp tóc hoa Osmanthus Dễ thương Khí chất Kẹp Tóc Thỏ cái nôi Lễ hội trung thu,3167362587_VNAMZ,No Brand,https://sg-test-11.slatic.net/p/e2202b86f4e969b1385e085d2db53bea.png,,//www.lazada.vn/products/pdp-i3167362587.html
2526,Khuôn Trung Thu Lò Xo 1 Mặt Hoa Cúc 150gr,637446772_VNAMZ,No Brand,https://vn-live-01.slatic.net/p/cb10223aa2be2c3d1e6f8bf8bb0a1a76.jpg,,//www.lazada.vn/products/pdp-i637446772.html
2527,TESDFD Mũ thỏ Kẹp Tóc Thỏ bánh trung thu Ngọt ngào Hài Hước Kẹp tóc bánh trung thu Dễ thương Phong cách Trung Quốc Kẹp Tóc Thỏ cái nôi Lễ hội trung thu,3167882178_VNAMZ,No Brand,https://sg-test-11.slatic.net/p/54a61489b11266581354e98f387c8f77.png,,//www.lazada.vn/products/pdp-i3167882178.html
2528,Bánh Nướng Bảo Minh nhân thập cẩm 160g,872660027_VNAMZ,Bảo Minh,https://vn-live-01.slatic.net/p/003b1ea2ef69ddc57bde269b5e8a0515.jpg,,//www.lazada.vn/products/pdp-i872660027.html
2529,ENSURA Tự nhiên Giỏ tre Dệt Phong cách Trung Quốc Giỏ bánh trung thu Hộp đóng gói lễ hội Thanh lịch Giỏ đựng bánh mì Lễ hội trung thu,3167423170_VNAMZ,No Brand,https://sg-test-11.slatic.net/p/8822338393540f6bf02bb488099141ba.png,,//www.lazada.vn/products/pdp-i3167423170.html
2530,ENSURA 6/8 lưới Hộp quà trung thu Phong cách Trung Quốc Cao cấp Hộp bánh trung thu Hộp di động Hộp rỗng Hộp đóng gói giòn lòng đỏ trứng Tặng quà,3167437016_VNAMZ,No Brand,https://sg-test-11.slatic.net/p/49b9881b7c4cadae6c906ee536c70673.jpg,,//www.lazada.vn/products/pdp-i3167437016.html
2531,Set quà TRUNG THU quà tặng Phúc Lộc Thọ Minh Thiện cao cấp sang trọng,2428186345_VNAMZ,MINH THIỆN,https://vn-live-01.slatic.net/p/d1ae6fd0e6d6dd25b23825790cbec390.png,,//www.lazada.vn/products/pdp-i2428186345.html
2532,Khuôn trung thu lò xo 150gr 3 mặt chong chóng,2737335730_VNAMZ,No Brand,https://vn-live-01.slatic.net/p/8eb897c29510b8aedff2332571064ddc.jpg,,//www.lazada.vn/products/pdp-i2737335730.html
2533,Khuôn trung thu lò xo 150gr 4 mặt xoáy cổ,2737392638_VNAMZ,No Brand,https://vn-live-01.slatic.net/p/1f0cf22e4e2fc213fa5c2e82215ce9ea.jpg,,//www.lazada.vn/products/pdp-i2737392638.html
2534,ENSURA 5 Set 6/8 lưới Hộp quà trung thu Sang trọng Phong cách Trung Quốc Hộp quà giòn lòng đỏ trứng Hộp đựng Hộp rỗng Hộp bánh trung thu Tặng quà,3167427126_VNAMZ,No Brand,https://sg-test-11.slatic.net/p/6d1bea69ee9d81c2fc6c6dfb4a7118e1.jpg,,//www.lazada.vn/products/pdp-i3167427126.html
2535,ENSURA 12 hạt Hộp quà tặng lễ hội trung thu Sang trọng Phong cách Trung Quốc Hộp đóng gói giòn lòng đỏ trứng Sáng tạo Hộp rỗng Hộp bánh trung thu Tặng quà,3167365511_VNAMZ,No Brand,https://sg-test-11.slatic.net/p/9a48cc7313f86f2427c6e06f40d6d99a.jpg,,//www.lazada.vn/products/pdp-i3167365511.html
2536,K40-Khuôn bánh trung thu-1kiểu (150ggr),3093738141_VNAMZ,No Brand,https://vn-live-01.slatic.net/p/bf3a45559a0583ad79f81c2fa7aa9a7e.jpg,,//www.lazada.vn/products/pdp-i3093738141.html
2537,ENSURA Hai Lớp Giỏ tre Phong cách Trung Quốc Tự nhiên Giỏ bánh trung thu Giỏ trái cây Có Nắp Giỏ đựng bánh mì Bánh Trung Thu zongzi hạt,3167428148_VNAMZ,No Brand,https://sg-test-11.slatic.net/p/fa388e22fd15fa10e2a5fc9976e32f40.jpg,,//www.lazada.vn/products/pdp-i3167428148.html
2538,K37- Khuôn bánh trung thu- 4kiểu (200gr ),3093640691_VNAMZ,No Brand,https://vn-live-01.slatic.net/p/ab286ab7a3b2247c02e77853905a6519.jpg,,//www.lazada.vn/products/pdp-i3093640691.html
2539,Khuôn trung thu hình hoa sen 150gr,1969304592_VNAMZ,No Brand,https://filebroker-cdn.lazada.vn/kf/S2a08d5f638214b3c8b7f4bbea9c326f9h.jpg,,//www.lazada.vn/products/pdp-i1969304592.html
2540,Khuôn trung thu lò xo 200gr vuông 8 mặt 2022,1949074379_VNAMZ,No Brand,https://vn-live-01.slatic.net/p/1df61a1d131c900c0d2415ae6761d1ca.jpg,,//www.lazada.vn/products/pdp-i1949074379.html
2541,MING1996 Phong cách Trung Quốc Giỏ tre Tự nhiên Hai Lớp Giỏ đựng trứng Hộp đóng gói lễ hội Có Nắp Giỏ Dã Ngoại Bánh Trung Thu zongzi hạt,3167389397_VNAMZ,No Brand,https://sg-test-11.slatic.net/p/c9804d9323a862873a866b3b90e61663.jpg,,//www.lazada.vn/products/pdp-i3167389397.html
2542,"[HỘP QUÀ TẾT 2022 Tặng túi xách ] Hộp quà tặng trà ô long/ olong/ oolong nguyên chất Quê Ta, hộp giấy vân gỗ sang trọng 200g, dùng là quà biếu Trung thu, quà biếu Tết sang trọng và ý nghĩa",1466149166_VNAMZ,Quê Ta,https://vn-live-01.slatic.net/p/08957a327eff7aa41ffef90672ce5ee8.jpg,,//www.lazada.vn/products/pdp-i1466149166.html
2543,DFYER56 Phong cách Trung Quốc Hộp quà tặng lễ hội trung thu Sang trọng 12 hạt Hộp bánh trung thu di động Hộp đựng Hộp rỗng Hộp bánh trung thu Tặng quà,3167420138_VNAMZ,No Brand,https://sg-test-11.slatic.net/p/5fbb955299ddfa6c8abb7d80f035d451.jpg,,//www.lazada.vn/products/pdp-i3167420138.html
2544,XIANGHAN 12 hạt Hộp quà tặng lễ hội trung thu Hộp rỗng Sang trọng Hộp đóng gói giòn lòng đỏ trứng Hộp đựng Phong cách Trung Quốc Hộp bánh trung thu Tặng quà,3166492882_VNAMZ,No Brand,https://sg-test-11.slatic.net/p/4b1482447aa1689bbc1dc6cb88ca6490.jpg,,//www.lazada.vn/products/pdp-i3166492882.html
2545,"Áo dài cách tân bé gái chất liệu áo quần cùng chất mango mềm mát co giãn tốt họa tiết đáp triện thêu hoa đào bánh chưng diện Trung Thu diện Tết siêu xinh, Áo dài Nét Việt",2001123368_VNAMZ,No Brand,https://filebroker-cdn.lazada.vn/kf/S5c72374194094d898b08ad9234067caex.jpg,,//www.lazada.vn/products/pdp-i2001123368.html
2546,XIANGHAN 5 Set 6/8 lưới Hộp quà trung thu Sang trọng Phong cách Trung Quốc Hộp quà giòn lòng đỏ trứng Hộp bánh trung thu Hộp rỗng Hộp đóng gói bánh ngọt Tặng quà,3166443500_VNAMZ,No Brand,https://sg-test-11.slatic.net/p/05b89edb19d8a0841408992280a59cc5.jpg,,//www.lazada.vn/products/pdp-i3166443500.html
2547,Bộ 6 khuôn nhân trung thu lò xo hình lồng đèn Tài - Lộc Bốn Mùa 200gram,1737179822_VNAMZ,No Brand,https://vn-live-01.slatic.net/p/6e972c4f7dc60d4c443fc8093061735f.jpg,,//www.lazada.vn/products/pdp-i1737179822.html
2548,"Đông trùng hạ thảo nguyên con - Đông trùng khô hộp gỗ Vip 45gr - Tăng thể lực, sức khỏe, phòng ung thư, tranglinhkorea",1244827832_VNAMZ,Korea Ginseng,https://vn-live-01.slatic.net/p/eec04f4c41fff03485bd4b0a2deaf24a.jpg,,//www.lazada.vn/products/pdp-i1244827832.html
2549,CEMOMEF 12 hạt Hộp quà tặng lễ hội trung thu Sang trọng Hộp rỗng Hộp đóng gói giòn lòng đỏ trứng Sáng tạo Phong cách Trung Quốc Hộp bánh trung thu Tặng quà,3167364034_VNAMZ,No Brand,https://sg-test-11.slatic.net/p/21dcdd091cec99d33c554636fa4ab695.jpg,,//www.lazada.vn/products/pdp-i3167364034.html
2550,IBRATE Phong cách Trung Quốc Giỏ tre Tự nhiên Hai Lớp Giỏ đựng trứng Giỏ trái cây Dệt Giỏ đựng bánh mì Bánh Trung Thu zongzi hạt,3167355643_VNAMZ,No Brand,https://sg-test-11.slatic.net/p/6df78423ad1d4e44dfa82b7fe564f0ac.jpg,,//www.lazada.vn/products/pdp-i3167355643.html
2551,JuL19-Nov11 Khuôn bánh trung thu-4 kiểu-125gr,2000141241_VNAMZ,No Brand,https://vn-live-01.slatic.net/p/f3132e72102c63b8b135bba9da03c7af.jpg,,//www.lazada.vn/products/pdp-i2000141241.html
2552,UCEPRO Hai Lớp Giỏ tre Phong cách Trung Quốc Tự nhiên Giỏ đựng trứng Hộp đựng bánh mì Dệt Giỏ Dã Ngoại Bánh Trung Thu zongzi hạt,3167372731_VNAMZ,No Brand,https://sg-test-11.slatic.net/p/81794238776110d8feeb6e3fe5741c30.jpg,,//www.lazada.vn/products/pdp-i3167372731.html
2553,DSFGRST Phong cách Trung Quốc Hộp quà trung thu 6/8 lưới Cao cấp Hộp đóng gói giòn lòng đỏ trứng Hộp đựng Hộp rỗng Hộp bánh trung thu Tặng quà,3167422142_VNAMZ,No Brand,https://sg-test-11.slatic.net/p/db095ad70f9e9f1e173997c8b63b9b3e.jpg,,//www.lazada.vn/products/pdp-i3167422142.html
2554,Khuôn bánh Nhật Bản Khuôn Bánh Wagashi - Dụng Cụ Làm Bánh Nhật Khuôn Bánh Trung Thu Nhật Bản,1652515339_VNAMZ,No Brand,https://vn-live-01.slatic.net/p/e194fdb55f699c8203a3b9c1a4d648ee.jpg,,//www.lazada.vn/products/pdp-i1652515339.html
2555,12 khuôn trung thu đồng mây mẫu 221-150g,1887881187_VNAMZ,No Brand,https://filebroker-cdn.lazada.vn/kf/Sad0ca2406ca846909c149e116fec0f9bU.jpg,,//www.lazada.vn/products/pdp-i1887881187.html
2556,IBRATE 5 Set 6/8 lưới Hộp quà trung thu Phong cách Trung Quốc Sang trọng Hộp bánh trung thu Hộp đựng Hộp rỗng Hộp quà giòn lòng đỏ trứng Tặng quà,3167419199_VNAMZ,No Brand,https://sg-test-11.slatic.net/p/3664aac384b0e118097ef96d8ddca944.jpg,,//www.lazada.vn/products/pdp-i3167419199.html
2557,KISSCAT Tự nhiên Giỏ tre Dệt Phong cách Trung Quốc Giỏ bánh trung thu Hộp đựng bánh mì Cầm tay Giỏ Dã Ngoại Lễ hội trung thu,3167422134_VNAMZ,No Brand,https://sg-test-11.slatic.net/p/4db99388ba65d2fccfa36eab7da115f1.png,,//www.lazada.vn/products/pdp-i3167422134.html
2558,Quạt điều hòa Daikiosan DKA-5000C cao cấp ( HÀNG TRƯNG BÀY),166573441_VNAMZ,DAIKIOSAN,https://vn-live-01.slatic.net/p/67a3c9af8c3510203c3039f3cda12057.png,,//www.lazada.vn/products/pdp-i166573441.html
2559,IBRATE Tự nhiên Giỏ tre Dệt Phong cách Trung Quốc Giỏ bánh trung thu Hộp đựng bánh mì Cầm tay Giỏ đựng trứng Lễ hội trung thu,3167365528_VNAMZ,No Brand,https://sg-test-11.slatic.net/p/d82738acef79e0f2e54704506dc04497.jpg,,//www.lazada.vn/products/pdp-i3167365528.html
2560,"Máy thái lá chanh, lá sấu, chuyên làm bánh trung thu",2388486390_VNAMZ,No Brand,https://vn-live-01.slatic.net/p/d6c4a8ece2b4c40faeb2dbce53608c75.jpg,,//www.lazada.vn/products/pdp-i2388486390.html
2561,"Máy thái lá chanh, chuyên phục vụ làm bánh trung thu",2388575136_VNAMZ,No Brand,https://vn-live-01.slatic.net/p/82d8d4f7558caec31bed418bd2419918.jpg,,//www.lazada.vn/products/pdp-i2388575136.html
2562,IBRATE Mũ thỏ Kẹp Tóc Thỏ bánh trung thu Hài Hước Ngọt ngào Kẹp tóc hoa Osmanthus Thời trang Kẹp tóc Kẹp tóc bánh trung thu Lễ hội trung thu,3167367800_VNAMZ,No Brand,https://sg-test-11.slatic.net/p/1c692066ec61ad0464494ef59ba12129.png,,//www.lazada.vn/products/pdp-i3167367800.html
2563,UNQCSA Phong cách Trung Quốc Giỏ tre Dệt Tự nhiên Giỏ đựng trứng Hộp đựng bánh mì Cầm tay Giỏ bánh trung thu Lễ hội trung thu,3167579799_VNAMZ,No Brand,https://sg-test-11.slatic.net/p/5ff3d5f9e787619492fd9eec8f48c606.jpg,,//www.lazada.vn/products/pdp-i3167579799.html
2564,IIU Phong cách Trung Quốc Hộp quà tặng lễ hội trung thu Sang trọng Hộp rỗng Hộp đóng gói giòn lòng đỏ trứng Hộp đựng 12 hạt Hộp bánh trung thu Tặng quà,3167339753_VNAMZ,No Brand,https://sg-test-11.slatic.net/p/44c039e986c2744fad25dd944ca9f365.jpg,,//www.lazada.vn/products/pdp-i3167339753.html
2565,OOG Phong cách Trung Quốc Giỏ tre Tự nhiên Dệt Giỏ bánh trung thu Hộp đóng gói lễ hội Có Nắp Giỏ Dã Ngoại Lễ hội trung thu,3167442056_VNAMZ,No Brand,https://sg-test-11.slatic.net/p/adfc317836514e9e19148db7d50ebc4a.jpg,,//www.lazada.vn/products/pdp-i3167442056.html
2566,IBRATE 100pcs Phong cách Trung Quốc Túi đóng gói bánh trung thu Nhựa Chống ẩm Túi đóng gói bánh quy Túi nướng Cấp thực phẩm Máy hàn túi Lễ hội mùa thu giữa năm,3167407290_VNAMZ,No Brand,https://sg-test-11.slatic.net/p/d564095ec85561f5417d73453d3bff9a.jpg,,//www.lazada.vn/products/pdp-i3167407290.html
2567,IBRATE Phong cách Trung Quốc Hộp quà trung thu Cao cấp 6/8 lưới Hộp đóng gói giòn lòng đỏ trứng Hộp đựng Sang trọng Hộp bánh trung thu Tặng quà,3167409210_VNAMZ,No Brand,https://sg-test-11.slatic.net/p/19e9b254adda75be5a448b453f42b36a.jpg,,//www.lazada.vn/products/pdp-i3167409210.html
2568,IBRATE Phong cách Trung Quốc Hộp quà tặng lễ hội trung thu Sang trọng Hộp rỗng Hộp bánh trung thu di động Hộp đựng 12 hạt Hộp đóng gói giòn lòng đỏ trứng Tặng quà,3167433099_VNAMZ,No Brand,https://sg-test-11.slatic.net/p/a69bf72b38f348b8665fc83db6087df8.jpg,,//www.lazada.vn/products/pdp-i3167433099.html
2569,kowaku Food Storage Basket with Top Handle Tea Handwoven Chinese Style Gift Wrapping Basket Snacks Food Serving Mooncake Picnic Basket,3140578288_VNAMZ,kowaku,https://sg-test-11.slatic.net/p/757d2818241ee300c97948685a908a73.jpg,,//www.lazada.vn/products/pdp-i3140578288.html
2570,Khuôn trung thu lò xo 150gr tròn 8 mặt 2022,1949093273_VNAMZ,No Brand,https://vn-live-01.slatic.net/p/8813275a2b8cc3b79d75f0f5be3a8fc7.jpg,,//www.lazada.vn/products/pdp-i1949093273.html
2571,Khuôn trung thu lò xo 150gr 8 mặt,1888443232_VNAMZ,No Brand,https://sg-live-01.slatic.net/p/26715f845b40217b6fb8ff85bf8f1a83.jpg,,//www.lazada.vn/products/pdp-i1888443232.html
2572,"Khuôn trung thu lò xo 200g 6 mặt vuông hoa lá, họa tiết cổ điển",1886294583_VNAMZ,No Brand,https://vn-live-01.slatic.net/p/9647e06a21ad7c00c2764bb269168d35.jpg,,//www.lazada.vn/products/pdp-i1886294583.html
2573,Khuôn Trung Thu lò xo 150gr 2 mặt song ngư MS185/ Khuôn trung thu lò xo 2020 cá song ngư 2 mặt 150g mẫu 185,1366698842_VNAMZ,No Brand,https://vn-live-01.slatic.net/p/54f8b57ab4a916d05dccd0445c7c4e3f.jpg,,//www.lazada.vn/products/pdp-i1366698842.html
2574,"Bánh thưởng cho Chó dạng viên Pet Snacks Hộp 180g Thơm ngon, Giúp bổ sung dinh dưỡng, Vitamin, Tăng sức đề kháng",2005271021_VNAMZ,No Brand,https://sg-live-01.slatic.net/p/efb57091dbec54d544159d6f9b527386.jpg_1500x1500q80.jpg,,//www.lazada.vn/products/pdp-i2005271021.html
2575,Khuôn trung thu lò xo 150gr tròn 8 mặt 2022,1956223688_VNAMZ,No Brand,https://vn-live-01.slatic.net/p/cb43c26997920d6c2e6785d4d8bc9909.jpg,,//www.lazada.vn/products/pdp-i1956223688.html
2576,Khuôn trung thu lò xo mẫu 2018 - 4 mặt 150g mẫu 17,222068959_VNAMZ,No Brand,https://vn-live-01.slatic.net/original/dd283fce465e74cf37d1762d61fcdb61.jpg,,//www.lazada.vn/products/pdp-i222068959.html
2577,Khuôn trung thu 2 mặt 6 nhấn 50g mẫu 69 (màu trắng),280290185_VNAMZ,No Brand,https://vn-live-01.slatic.net/p/2266d8b770dc4609c0c184a34e13b874.jpg,,//www.lazada.vn/products/pdp-i280290185.html
2578,Khuôn trung thu lò xo 2020 cá song ngư 2 mặt  150g mẫu 185,795968007_VNAMZ,OEM,https://vn-live-01.slatic.net/p/392d9f6dac8e86ec26d8a988100149e4.jpg,,//www.lazada.vn/products/pdp-i795968007.html
2579,K41&42- Khuôn bánh trung thu- 4 kiểu (150-200gr),2000190025_VNAMZ,No Brand,https://vn-live-01.slatic.net/p/f5722f51d4b174fc9e24d9a033a650f8.jpg,,//www.lazada.vn/products/pdp-i2000190025.html
2580,"[Freeship] Đông trùng hạ thảo thượng hạng sấy lạnh hộp 5Gr HEA01| Saffron Việt Nam | Hỗ trợ tăng cường sinh lý, tăng sức đề kháng, bồi bổ sức khỏe cho người ốm, ngủ sâu, ăn ngon miệng hơn, phòng ngừa ung thư, tim mạch",2133749913_VNAMZ,Saffron Việt Nam,https://vn-live-01.slatic.net/p/9c78e783ffb1bb7be5cf31b1987e0248.png,,//www.lazada.vn/products/pdp-i2133749913.html
2581,Mold mooncake round smooth face 150gr,817264999_VNAMZ,OEM,https://vn-live-01.slatic.net/p/3300f6484339fbdc9d17513e8afa55f8.jpg,,//www.lazada.vn/products/pdp-i817264999.html
2582,[HCM]Đồ chơi búa đập banh Hammer and ball Little Tikes,258188070_VNAMZ,Little Tikes,https://vn-live-01.slatic.net/p/5fed69c21b237120387611eb0f25a034.jpg,,//www.lazada.vn/products/pdp-i258188070.html
2583,"Đông trùng hạ thảo sấy thăng hoa Giúp tăng đề kháng, cải thiện miễn dịch - Tốt cho tim mạch, ổn định huyết áp - Phòng ngừa ung thư - Tăng cường sinh lýTốt cho người suy nhược, người mới ốm dậy - Lưu thông khí huyết,",1596013409_VNAMZ,Saffron vietnam,https://vn-live-01.slatic.net/p/9efbc901109888894ddac01132df5f9c.jpg,,//www.lazada.vn/products/pdp-i1596013409.html
2584,"Đông trùng hạ thảo hữu cơ sấy khô Sapa tăng cường sức khoẻ, chống lão hoá, ung thư, bỗ thận tráng dương, giảm mỡ máu",1998889902_VNAMZ,Traphacosapa,https://vn-live-01.slatic.net/p/4894d10b4cfad1e52502ff90ac769f29.jpg,,//www.lazada.vn/products/pdp-i1998889902.html
2585,"Đông trùng hạ thảo Kanghwa hộp gỗ đen 60 gói x 30ml-phòng chống ung thư, tăng cường tuần hoàn máu",1362505145_VNAMZ,No Brand,https://vn-live-01.slatic.net/p/32eb9efb8f73daa6a10169e23d3112a4.jpg,,//www.lazada.vn/products/pdp-i1362505145.html
2586,"[Loại Đặc Biệt] Đông trùng hạ thảo hộp gỗ vàng Dream 60 gói - Tăng thể lực, ổn định huyết áp, phòng ung thư - tranglinh",2060481333_VNAMZ,Korea Ginseng,https://vn-live-01.slatic.net/p/bc7870bb4fe6a6e7812e539bcd3822cf.png,,//www.lazada.vn/products/pdp-i2060481333.html
2587,"Đông trùng hạ thảo nguyên con thượng hạng, hộp 45g - Tăng thể lực, sức khỏe, phòng ngừa ung thư - tranglinh",1260118042_VNAMZ,Korea Ginseng,https://vn-live-01.slatic.net/p/446917253f0ea0cdfd7741731c857c20.png,,//www.lazada.vn/products/pdp-i1260118042.html
2588,"[CÓ BÁNH XE] THANG GẤP ĐA NĂNG NIKAWA NKB - 45 - BẢO HÀNH 24 THÁNG, ĐỘ DÀY NHÔM 3mm - SIÊU BỀN, SIÊU CHẮC CHẮN",1955205889_VNAMZ,Nikawa,https://vn-live-01.slatic.net/p/88406ef740b40a00980e23d24a97c124.png,,//www.lazada.vn/products/pdp-i1955205889.html
2589,Water bomb discharge remote control tank dual control 1200mAh rechargeable battery interesting wheel light sound effect,2211476153_VNAMZ,JJRC,https://vn-live-01.slatic.net/p/00e46ded01fbc31fd88f95bc5d163a55.jpg,,//www.lazada.vn/products/pdp-i2211476153.html
2590,"Đông trùng hạ thảo hộp gỗ 30 viên chính hãng - Tăng thể lực, ổn định huyết áp, phòng ung thư, tranglinhkorea",502794313_VNAMZ,Kanghwa,https://vn-live-01.slatic.net/p/1176bc306ed15a6907fce310535df190.jpg,,//www.lazada.vn/products/pdp-i502794313.html
2591,"Ecolifestore - Nước hồng sâm Nấm thượng hoàng Kanghwa, xách 30 gói - Tăng đề kháng, chống lão hóa, phòng ngừa ung thư",1596400083_VNAMZ,Kanghwa,https://vn-live-01.slatic.net/p/2fefa1b4c16901cdcc87d05550e9233c.jpg,,//www.lazada.vn/products/pdp-i1596400083.html
2592,"[CÓ BÁNH XE] THANG GẤP ĐA NĂNG NIKAWA NKB - 44 - BẢO HÀNH 24 THÁNG, ĐỘ DÀY NHÔM 3mm - SIÊU BỀN, SIÊU CHẮC CHẮN",1955292036_VNAMZ,Nikawa,https://vn-live-01.slatic.net/p/88406ef740b40a00980e23d24a97c124.png,,//www.lazada.vn/products/pdp-i1955292036.html
2593,ENSURA 3D Khuôn bánh trung thu hoa Phong cách Trung Quốc Silicone Khuôn bánh ngọt lễ hội Dụng cụ làm bánh Không dính Khuôn đậu xanh Lễ hội trung thu,3167416248_VNAMZ,No Brand,https://sg-test-11.slatic.net/p/f4769b8119dd214386d3f178be470908.jpg,,//www.lazada.vn/products/pdp-i3167416248.html
2594,SHgeZm 1:12 Dollhouse món tráng miệng mô phỏng trung thu bánh trung thu với hộp búp bê mini nhà bếp trang trí thực phẩm giả vờ chơi đồ chơi,3125976078_VNAMZ,SHgeZm,https://sg-test-11.slatic.net/p/d0a1cf3b67d1d5e68fd49ed2d69631aa.jpg,,//www.lazada.vn/products/pdp-i3125976078.html
2595,IBRATE Phong cách Trung Quốc Khuôn bánh trung thu hoa Silicone 3D Khuôn đậu xanh Thiết thực Không dính Khuôn bánh ngọt lễ hội Lễ hội trung thu,3167373500_VNAMZ,No Brand,https://sg-test-11.slatic.net/p/cde1a9defbd726cfd4f546cbc4c9f455.jpg,,//www.lazada.vn/products/pdp-i3167373500.html
2596,【Ready Stock】 Creative Flower shape Cake and Pastries Embosser Unique Mooncakes Crafting Molds,2969075880_VNAMZ,No Brand,https://sg-test-11.slatic.net/p/6ab9570f5f92315ec6bf2f155242578c.jpg,,//www.lazada.vn/products/pdp-i2969075880.html
2597,【Ready Stock】 Hand Pressed Mooncakes Mold Plastic Pastries Molds Cookie Stamp for Baking Lover,2969091801_VNAMZ,No Brand,https://sg-test-11.slatic.net/p/9011dba916cce85d52a906351ac8f402.jpg,,//www.lazada.vn/products/pdp-i2969091801.html
2598,Practical Hand Press Mooncakes Molds Easy to Use Molds for Mooncakes Enthusiasts,2751150419_VNAMZ,No Brand,https://sg-test-11.slatic.net/p/c70165e0471da7338eb780d8b71ad466.jpg,,//www.lazada.vn/products/pdp-i2751150419.html
2599,Crafts Creation Egg Pancake Frying Pan Nonstick with Clear Lid Long Handle Wood Grain Lid Cover Pan Nonstick Maker Omelet Pan Crepe Pancake,3149348610_VNAMZ,No Brand,https://sg-test-11.slatic.net/p/7647ececf345fbeda4aa7725afeb8a54.jpg,,//www.lazada.vn/products/pdp-i3149348610.html
2600,"Combo 8 khuôn bánh trung thu , rau câu 3D",1525227549_VNAMZ,No Brand,https://vn-live-01.slatic.net/p/ed543ffc082058e46764f91504748b7a.jpg,,//www.lazada.vn/products/pdp-i1525227549.html
2601,Bánh Trung Thu 2 tầng sin sò thanh lịch ấm cúng,1615272586_VNAMZ,No Brand,https://vn-live-01.slatic.net/p/f17867beb16033bfaa6d082bbd62cd24.jpg,,//www.lazada.vn/products/pdp-i1615272586.html
2602,Bánh nướng tem hồng bánh trung thu khoai môn mochi trứng muối Đài Bắc,2747031894_VNAMZ,No Brand,https://filebroker-cdn.lazada.vn/kf/S5542f336ec6841a6a5584ddde3014acfb.jpg,,//www.lazada.vn/products/pdp-i2747031894.html
2603,"Combo 6 khuôn bánh trung thu , ấn côi 150g",1525223532_VNAMZ,No Brand,https://vn-live-01.slatic.net/p/21c08292c0a9f9b047828fbc8d403ce7.jpg,,//www.lazada.vn/products/pdp-i1525223532.html
2604,"Bộ 4 khuôn làm bánh trung thu , ép xôi 3D _ 150g",1525189222_VNAMZ,No Brand,https://vn-live-01.slatic.net/p/b44528f3bce5052dc2a8bba0782a11a3.jpg,,//www.lazada.vn/products/pdp-i1525189222.html
2605,Flower Moon Cake Mold Household Mung Bean Cake Model Printed with Embossed,2751101635_VNAMZ,No Brand,https://sg-test-11.slatic.net/p/490704b390237abc174ca4d8704375f3.jpg,,//www.lazada.vn/products/pdp-i2751101635.html
2606,63g Plastic Mooncake Mold Easy to Use Mooncake Baking Tools Lotusflower Shaped,2751085818_VNAMZ,No Brand,https://sg-test-11.slatic.net/p/323630ea8301905b9e15d708cdc1585b.jpg,,//www.lazada.vn/products/pdp-i2751085818.html
2607,MagiDeal Wood Cake Stand Table Centerpiece Ornament Rustic Cake Holder for Festivals Housewarming Home Decorations Party Crafts Wedding,3157346068_VNAMZ,MagiDeal,https://sg-test-11.slatic.net/p/810eb9aa741d89a13364de6a466c471d.jpg,,//www.lazada.vn/products/pdp-i3157346068.html
2608,MidAutumn Festival Dessert Maker Square Flower Pattern Dessert Molds Cookie Molds Hand Press Cookie Dessert Cutter,3133521704_VNAMZ,No Brand,https://sg-test-11.slatic.net/p/a95015a6f9e9d5db11be306f4e429507.jpg,,//www.lazada.vn/products/pdp-i3133521704.html
2609,3D Flower Pattern Moon Cake Molds MidAutumn Festival Moon Cake Maker Cookie Stamp Hand Pressure Moon Cake Baking Tool,3079801470_VNAMZ,No Brand,https://sg-test-11.slatic.net/p/e9fcbc8efcd52c0234991aaead571772.jpg,,//www.lazada.vn/products/pdp-i3079801470.html
2610,Bird Flower Shape Mooncake Mold Set Moon Cake Mold with Reusable Stamps (White),2751058863_VNAMZ,No Brand,https://sg-test-11.slatic.net/p/cca08cfc7de237c83ede9f47cdeccb0d.jpg,,//www.lazada.vn/products/pdp-i2751058863.html
2611,3D Flower Pattern Moon Cake Molds MidAutumn Festival Moon Cake Maker Cookie Hand Pressure Moon Cake Baking Tool,3131319031_VNAMZ,No Brand,https://sg-test-11.slatic.net/p/aba40ad4b723637d71fffa0c0fa32988.jpg,,//www.lazada.vn/products/pdp-i3131319031.html
2612,Mooncake Mold Blessing Idiom Shaped Hand Pressure Molds Festival Mooncake Press,2751186242_VNAMZ,No Brand,https://sg-test-11.slatic.net/p/43624a6cdb483e37bbc410b586954f9c.jpg,,//www.lazada.vn/products/pdp-i2751186242.html
2613,1PCS SRAM ETAP Charge ETAP Battery Red Color With Box Bike Charge Bikes Parts Fit Rival Road Bicycle Electronic 12 Speed Set Bike Accessory Bikes Parts,2447376735_VNAMZ,Sram,https://my-live-01.slatic.net/p/d0e0cb073c3f9209182b1769109d528b.png,,//www.lazada.vn/products/pdp-i2447376735.html
2614,1PCS SRAM ETAP Charge ETAP Battery Red Color With Box Bike Charge Bikes Parts Fit Rival Road Bicycle Electronic 12 Speed Set,2447446617_VNAMZ,Sram,https://my-live-01.slatic.net/p/d0e0cb073c3f9209182b1769109d528b.png,,//www.lazada.vn/products/pdp-i2447446617.html
2615,"Đông trùng hạ thảo hàn quốc, hộp 20 ống x 20ml - Tăng cường thể lực phái mạnh, Phòng ngừa ung thư, tranglinh",1260538314_VNAMZ,Korea gingseng Bio,https://vn-live-01.slatic.net/p/e429567b3e6946c4b1e390db7d57be9b.png,,//www.lazada.vn/products/pdp-i1260538314.html
2616,Hand Pressure Moon Cake Molds Square Flower Pattern Cookie Stamp Moon Cake Maker Festival making Cookie Pastries Tool,3109675560_VNAMZ,No Brand,https://sg-test-11.slatic.net/p/4edf839680388459fd85e7d51271a6df.jpg,,//www.lazada.vn/products/pdp-i3109675560.html
