product_url,product_img
https://thienlong.vn/products/combo-5-10-20-but-gel-joyee-thien-long-gel-067-muc-kho-sieu-nhanh,https://cdn.hstatic.net/products/1000230347/artboard_2_copy_6b29ab20594c47e19089343fffbc78eb_large.jpg
https://thienlong.vn/products/combo-5-10-20-but-gel-akooland-dasi-thien-long-gel-073-ak-muc-kho-sieu-nhanh,https://cdn.hstatic.net/products/1000230347/artboard_1_copy_1247a9f00cba4906957cb68cf5015dd5_large.jpg
https://thienlong.vn/products/but-gel-akooland-tahi-thien-long-gel-074-ak-muc-kho-sieu-nhanh,https://product.hstatic.net/1000230347/product/gel-074_ak_2_49a4533427ed49d893e2d0db25f332c1_large.jpg
https://thienlong.vn/products/but-gel-akooland-dasi-thien-long-gel-073-ak-muc-kho-sieu-nhanh,https://cdn.hstatic.net/products/1000230347/artboard_1_copy_34269401a2da456daca3ffa2e39e7509_large.jpg
https://thienlong.vn/products/but-gel-joyee-thien-long-gel-067-muc-kho-sieu-nhanh,https://theme.hstatic.net/1000230347/1000782290/14/product-placeholder.png?v=26572
https://thienlong.vn/products/but-gel-gel-xoa-duoc-thien-long-mua-5-tang-1,https://theme.hstatic.net/1000230347/1000782290/14/product-placeholder.png?v=26572
https://thienlong.vn/products/but-gel-quick-dry-thien-long-gel-066-premium-tip-vat-lieu-tai-che,https://theme.hstatic.net/1000230347/1000782290/14/product-placeholder.png?v=26572
https://thienlong.vn/products/combo-20-but-gel-thien-long-doraemon-gel-012-do-nature-muc-tim-phien-ban-2025,https://theme.hstatic.net/1000230347/1000782290/14/product-placeholder.png?v=26572
https://thienlong.vn/products/but-gel-thien-long-doraemon-gel-012-do-nature-muc-tim-phien-ban-2025,https://theme.hstatic.net/1000230347/1000782290/14/product-placeholder.png?v=26572
https://thienlong.vn/products/but-gel-flexgel-thien-long-gel-042,https://theme.hstatic.net/1000230347/1000782290/14/product-placeholder.png?v=26572
https://thienlong.vn/products/hop-20-but-bi-thien-long-tl-027,https://theme.hstatic.net/1000230347/1000782290/14/product-placeholder.png?v=26572
https://thienlong.vn/products/but-gel-2-vien-bi-thien-long-flexoffice-fo-gel18-vn-muc-nuoc-dam-tuoi,https://theme.hstatic.net/1000230347/1000782290/14/product-placeholder.png?v=26572
https://thienlong.vn/products/but-bi-thien-long-flexoffice-fo-030-vn-0-7mm-muc-dat-tieu-chuan-chau-au,https://theme.hstatic.net/1000230347/1000782290/14/product-placeholder.png?v=26572
https://thienlong.vn/products/but-chi-bam-neon-thien-long-colokit-pc-c002,https://theme.hstatic.net/1000230347/1000782290/14/product-placeholder.png?v=26572
https://thienlong.vn/products/but-gel-xoa-duoc-thien-long-diem-10-tp-gele002,https://theme.hstatic.net/1000230347/1000782290/14/product-placeholder.png?v=26572
https://thienlong.vn/products/but-gel-diem-10-xoa-duoc-tp-gele003,https://theme.hstatic.net/1000230347/1000782290/14/product-placeholder.png?v=26572
https://thienlong.vn/products/but-chi-go-diem-10-tp-gp06,https://theme.hstatic.net/1000230347/1000782290/14/product-placeholder.png?v=26572
https://thienlong.vn/products/but-chi-go-diem-10-tp-gp05,https://theme.hstatic.net/1000230347/1000782290/14/product-placeholder.png?v=26572
https://thienlong.vn/products/but-chi-go-2b-colokit-gp-c01,https://theme.hstatic.net/1000230347/1000782290/14/product-placeholder.png?v=26572
https://thienlong.vn/products/but-chi-go-diem-10-tp-gp08,https://theme.hstatic.net/1000230347/1000782290/14/product-placeholder.png?v=26572
https://thienlong.vn/products/but-chi-go-diem-10-tp-gp015,https://product.hstatic.net/1000230347/product/mtsp_but_chi_tp-gp015-9_cbaa70e1dd4e4f3cb0f84bd4f6a101a7_large.jpg
https://thienlong.vn/products/but-chi-go-hb-flexoffice-fo-gp07-vn,https://product.hstatic.net/1000230347/product/fo-gp07-01_d10df6d618cf41f18ad7f1001ff08319_large.jpg
https://thienlong.vn/products/but-chi-go-2b-flexoffice-fo-gp06-vn,https://product.hstatic.net/1000230347/product/fo-gp06-01_cacfb13a41fe459c9f7cf3d6534ea23f_large.jpg
https://thienlong.vn/products/but-long-dau-my-thuat-colokit-pm-c01,https://product.hstatic.net/1000230347/product/banner_2_5_2a8f47b8b6224c6bbd31089cdbb5809a_large.png
https://thienlong.vn/products/but-gel-flexoffice-fo-gel018-m2,https://product.hstatic.net/1000230347/product/but_gel_flexoffice_fo-gel018_m2_a3f9da78667b48e89cbc9533461556a7_large.png
https://thienlong.vn/products/but-chi-bam-thien-long-pc-024,https://product.hstatic.net/1000230347/product/daa_3274e0a355114ad99e2598b6f772419f_large.jpg
https://thienlong.vn/products/but-chi-bam-diem-10-tp-pc01,https://product.hstatic.net/1000230347/product/artboard_1_copy_1c466219869145068290ba6b1762b45b_large.jpg
https://thienlong.vn/products/but-chi-my-thuat-thien-long-6b-gp-025,https://product.hstatic.net/1000230347/product/42f_7c6164f1a0b6422c86b5c76288ef4099_large.jpg
https://thienlong.vn/products/but-chi-my-thuat-thien-long-5b-gp-024,https://product.hstatic.net/1000230347/product/untitled-das1_64eb9325189d47f0a77d42eb9907c5fa_large.jpg
https://thienlong.vn/products/but-chi-my-thuat-thien-long-4b-gp-023,https://product.hstatic.net/1000230347/product/432_4765945174274be98dd00fdf64d86330_large.jpg
https://thienlong.vn/products/but-chi-my-thuat-thien-long-3b-gp-022,https://product.hstatic.net/1000230347/product/adfdsf_15a97ce17b494b9193c2836313e72b76_large.jpg
https://thienlong.vn/products/but-bi-diem-10-sweetme-tp-08,https://product.hstatic.net/1000230347/product/but-bi-diem-10-sweetme-tp-08_c5832bd766514f7d9ccd4ab4ef4f0b33_large.jpg
https://thienlong.vn/products/but-xoa-flexoffice-fo-cp02-vn,https://product.hstatic.net/1000230347/product/img_9447_12ea912dd46e4e45b6319d6e4683f11a_large.jpg
https://thienlong.vn/products/but-long-bang-cao-cap-bizner-biz-wb02,https://product.hstatic.net/1000230347/product/biz-wb02_7e5e0b82a223487db6f7bed46a75c2d7_large.jpg
https://thienlong.vn/products/but-chi-go-hb-flexoffice-fo-gp03,https://product.hstatic.net/1000230347/product/new2_d7f780f9bc2c40a8a71b86ee9073c4a2_large.jpg
https://thienlong.vn/products/but-chi-go-cao-cap-bizner-biz-p03,https://product.hstatic.net/1000230347/product/j_246c932c75da4fe6aa13e44e2ebfbbde_large.jpg
https://thienlong.vn/products/but-bi-diem-10-tp-05,https://product.hstatic.net/1000230347/product/but-bi-maxxie-thien-long-diem-10-tp-05_ca7b8d11c86b46a58714fc857c971929_large.jpg
https://thienlong.vn/products/but-bi-flexoffice-fo-036,https://product.hstatic.net/1000230347/product/but-bi-flexoffice-fo-036---muc-dat-tieu-chuan-chau-au_85bcbfc5392f44349b7ceb91984bbf2a_large.jpg
https://thienlong.vn/products/but-bi-diem-10-tp-7,https://product.hstatic.net/1000230347/product/but-bi-diem-10-tp-06_632be6ed7142432dbfd19b74e17ab1fb_large.jpg
https://thienlong.vn/products/but-may-diem-10-tp-ftc03,https://product.hstatic.net/1000230347/product/tp_ftc03_2_a8f00ad27e4c47d7a427302a24db11cd_large.jpg
https://thienlong.vn/products/but-gel-diem-10-tp-gele01,https://product.hstatic.net/1000230347/product/banner_4_dcecff80a8624c46b05d54b9bc67d45f_large.png
https://thienlong.vn/products/but-xoa-diem-10-tp-cp01,https://product.hstatic.net/1000230347/product/but_xoa_tp_cp01_01_a4d224cc811d4432b899ad2de79f2aa1_large.jpg
https://thienlong.vn/products/but-gel-thien-long-diem-10-tp-gel01,https://product.hstatic.net/1000230347/product/artboard_1_2c2b2821369b4a54b67823ba34aa3d8d_large.jpg
https://thienlong.vn/products/but-bi-thien-long-tl-036-1-0mm,https://product.hstatic.net/1000230347/product/b9_fa366cd5351741a38de6140ed3786e1d_large.jpg
https://thienlong.vn/products/but-may-thien-long-bizner-biz-ft01,https://product.hstatic.net/1000230347/product/artboard_1_9a1ccba0d723482a9d1371b14532c067_large.jpg
https://thienlong.vn/products/but-gel-thien-long-diem-10-tp-gel03,https://product.hstatic.net/1000230347/product/tp-gel03_800d3b4d26f2478687488dc386774a59_large.jpg
https://thienlong.vn/products/ruot-but-gel-gr-09,https://product.hstatic.net/1000230347/product/423fs_5b82992d004e417d89549e8a4257ff57_large.jpg
https://thienlong.vn/products/ruot-but-gel-gr-04,https://product.hstatic.net/1000230347/product/43fds_b17fb01386f4460f867ddd35e167bae2_large.jpg
https://thienlong.vn/products/ruot-but-gel-gr-01,https://product.hstatic.net/1000230347/product/ewrds_101e10b220834664bf4e3f94bee569e0_large.jpg
https://thienlong.vn/products/ruot-but-bi-thien-long-bpr-015,https://product.hstatic.net/1000230347/product/423sdg_92bfbbef4de946689e601ab89aa744c6_large.jpg
https://thienlong.vn/products/ruot-but-bi-thien-long-bpr-08,https://product.hstatic.net/1000230347/product/fdsf_36841285099e4977a8ada272b01c0aac_large.jpg
https://thienlong.vn/products/ruot-but-bi-thien-long-bpr-5,https://product.hstatic.net/1000230347/product/fsd_afd56d749322485d8506fdff18ee17f9_large.jpg
https://thienlong.vn/products/ruot-but-bi-thien-long-bpr-06,https://product.hstatic.net/1000230347/product/42fds_a8b3a081420a4141ad689fe050bae354_large.jpg
https://thienlong.vn/products/but-gel-thien-long-gel-031,https://product.hstatic.net/1000230347/product/gel-031_bb4064d62379444aa2c18c4f3425cf08_large.jpg
https://thienlong.vn/products/but-gel-thien-long-gel-030-mi,https://product.hstatic.net/1000230347/product/but_gel_thien_long_disney_mickey_gel-030_mi_7a900778ed2e43288e93080616b66273_large.png
https://thienlong.vn/products/min-chi-thien-long-pcl-05,https://product.hstatic.net/1000230347/product/432sdfd_f3a5b4c880c24b47a7c8f5c88a9dd988_large.jpg
https://thienlong.vn/products/min-chi-thien-long-pcl-03,https://product.hstatic.net/1000230347/product/423sfs_9555235560754cc79db84e5682fa825b_large.jpg
https://thienlong.vn/products/but-chi-khuc-thien-long-pc-09,https://product.hstatic.net/1000230347/product/img_9302_85b8189eab5149cc838a85e92662b3bc_large.jpg
https://thienlong.vn/products/but-chi-go-thien-long-gp-018,https://product.hstatic.net/1000230347/product/artboard_8_2_c869af3a3a26454595ed954f9d017824_large.jpg
https://thienlong.vn/products/but-chi-go-thien-long-gp-01,https://product.hstatic.net/1000230347/product/artboard_3_copy_c8c066e27bfe47d3ab2b31f1aa2632d8_large.jpg
https://thienlong.vn/products/ong-muc-thien-long-diem-10-fpic-02,https://product.hstatic.net/1000230347/product/ong_muc_thien_long_-_diem_10_fpic-02__9__large.jpg
https://thienlong.vn/products/ong-muc-thien-long-diem-10-fpic-01,https://product.hstatic.net/1000230347/product/ong_muc_thien_long_fpic-01__8__large.jpg
https://thienlong.vn/products/muc-but-may-thien-long-diem-10-doraemon-fpi08-do,https://product.hstatic.net/1000230347/product/muc_but_may_thien_long_-_diem_10_doraemon_fpi08-do__3__large.jpg
https://thienlong.vn/products/muc-but-may-thien-long-diem-10-fpi07,https://product.hstatic.net/1000230347/product/muc_but_may_thien_long_-_diem_10_fpi07__3__large.jpg
https://thienlong.vn/products/but-xoa-thien-long-cp-05,https://product.hstatic.net/1000230347/product/321fas_518f8e9f6ed94a76b15dbdd59fd3f2b4_large.jpg
https://thienlong.vn/products/but-xoa-thien-long-cp02,https://product.hstatic.net/1000230347/product/artboard_2_copy_9bdc9a99e2b04da98f6d39a192c620c4_large.jpg
https://thienlong.vn/products/but-da-quang-thien-long-hl-07,https://product.hstatic.net/1000230347/product/50000961_c1a4e9e046f04954b4eed8a2d33cd352_large.jpg
https://thienlong.vn/products/muc-but-long-dau-thien-long-pmi-01,https://product.hstatic.net/1000230347/product/artboard_1_copy_edc9d80962b340d69561f2e904e45a55_large.jpg
https://thienlong.vn/products/muc-but-long-bang-thien-long-wbi-01,https://product.hstatic.net/1000230347/product/artboard_19_copy_0e1df3af68d74059bae80ffe27e71734_large.jpg
https://thienlong.vn/products/ruot-but-bi-cao-cap-jumpo-thien-long-bizner-bpr-014,https://product.hstatic.net/1000230347/product/342sdf_cdb9e511de554b11ad134213a129bb5d_large.jpg
https://thienlong.vn/products/but-bi-thien-long-tl-097,https://product.hstatic.net/1000230347/product/artboard_3_copy_8f01c213f3a9441dab0f3ceec27a670e_large.jpg
https://thienlong.vn/products/but-bi-thien-long-tl-079,https://product.hstatic.net/1000230347/product/artboard_5_51a2aeb2e0d44575adb195cd17d16056_large.jpg
https://thienlong.vn/products/but-bi-thien-long-tl-031,https://product.hstatic.net/1000230347/product/artboard_1.png_644a6f46ee3c4210a29019689d6f6c65_large.jpg
https://thienlong.vn/products/but-bi-thien-long-tl-027,https://product.hstatic.net/1000230347/product/artboard_6_993a955c7bc34ed983cf23d627053848_large.jpg
https://thienlong.vn/products/but-chi-go-cao-cap-thien-long-bizner-biz-p02,https://product.hstatic.net/1000230347/product/423fds_bda9f9626dec4419a4d42130cf3a1c90_large.jpg
https://thienlong.vn/products/but-chi-go-cao-cap-thien-long-bizner-biz-p01,https://product.hstatic.net/1000230347/product/artboard_6_copy_27e41a6c56804ebdb49b76174a5c9d0d_large.png
https://thienlong.vn/products/but-bi-thien-long-flexoffice-fo-026,https://product.hstatic.net/1000230347/product/but-bi-flexoffice-fo-026-can-trang_48d1c73ec77c4ff8afc879ece9794a00_large.jpg
https://thienlong.vn/products/but-bi-thien-long-flexoffice-fo-030,https://product.hstatic.net/1000230347/product/but-bi-thien-long-flexoffice-fo-030_f68bb3109b9247daa57bb7c8095f6734_large.jpg
https://thienlong.vn/products/but-gel-thien-long-flexoffice-fo-gel018,https://product.hstatic.net/1000230347/product/but_gel_flexoffice_fo-gel018__fs__87e70e26fcdd4b3181c1423053eb2dd9_large.png
https://thienlong.vn/products/but-de-cam-thien-long-ph-02,https://product.hstatic.net/1000230347/product/423rfd_e95d224531bf46f88cd6b2c6cc4144dc_large.jpg
https://thienlong.vn/products/but-da-quang-thien-long-hl-03,https://product.hstatic.net/1000230347/product/artboard_11_copy_e12dfb9407a54f5f815559b8e0ff3dc2_large.jpg
https://thienlong.vn/products/but-da-quang-thien-long-hl-012,https://product.hstatic.net/1000230347/product/50005240_2ad159e2268c47c7b8d5c5950c0808dd_large.jpg
https://thienlong.vn/products/muc-but-long-dau-thien-long-flexoffice-fo-pmi-02,https://product.hstatic.net/1000230347/product/flexoffice-fo-pmi-02_e1f66c85bfd542e5bb44c4e4810166d8_large.jpg
https://thienlong.vn/products/but-long-dau-thien-long-flexoffice-fo-pm-01,https://product.hstatic.net/1000230347/product/fo-pm-01_f54b2fdfc26242f8955d449618877979_large.jpg
https://thienlong.vn/products/but-long-dau-thien-long-flexoffice-fo-pm-09,https://product.hstatic.net/1000230347/product/fo-pm-09_f176743dda7a45388878c40502862842_large.jpg
https://thienlong.vn/products/but-long-dau-thien-long-flexoffice-fo-pm-011,https://product.hstatic.net/1000230347/product/fo-pm011_4052435ad1dc4532a22ba80caa8729a3_large.jpg
https://thienlong.vn/products/but-long-dau-thien-long-pm-04,https://product.hstatic.net/1000230347/product/artboard_1_copy_3ad4a89a9a714d13a47cdbb2c6d4d5eb_large.jpg
https://thienlong.vn/products/but-long-dau-thien-long-pm-07,https://product.hstatic.net/1000230347/product/pm-07_d751bb7f8d6242b5803fefbd61ec6042_large.jpg
https://thienlong.vn/products/but-long-dau-thien-long-pm-09,https://product.hstatic.net/1000230347/product/artboard_1_copy_f802af050e0a4701bfe32d8ae12d8ac4_large.jpg
https://thienlong.vn/products/but-long-kim-thien-long-fl-04-do,https://product.hstatic.net/1000230347/product/artboard_1_33840bd223c146b0b42e02f3e9427d84_large.jpg
https://thienlong.vn/products/but-long-kim-beebee-thien-long-fl-04,https://product.hstatic.net/1000230347/product/artboard_1_e179118fb258417d9d670d0de2db8434_large.jpg
https://thienlong.vn/products/but-long-bang-thien-long-wb-03,https://product.hstatic.net/1000230347/product/artboard_14_copy_33cfeba9fba3444caedac3933aead5ac_large.jpg
https://thienlong.vn/products/but-long-bang-thien-long-wb-016-do,https://product.hstatic.net/1000230347/product/wb-016-do_9e5df01d220647609820e93041f90648_large.jpg
https://thienlong.vn/products/but-long-bang-thien-long-flexoffice-fo-wb-015,https://product.hstatic.net/1000230347/product/fo-wb015_e717043422cc4d37a2c9d681fc70daa6_large.jpg
https://thienlong.vn/products/but-da-quang-thien-long-flexoffice-fo-hl01,https://product.hstatic.net/1000230347/product/50004170_4857243ccbd94ea78be9414ad949499c_large.jpg
https://thienlong.vn/products/but-da-quang-thien-long-flexoffice-fo-hl05,https://product.hstatic.net/1000230347/product/50005243_2ddd3be80b8a400586876132bff26fd1_large.jpg
https://thienlong.vn/products/but-xoa-keo-thien-long-flexoffice-fo-ct-02,https://product.hstatic.net/1000230347/product/artboard_1_copy_921dc8eae0514832aa260403faf6c347_large.jpg
https://thienlong.vn/products/but-xoa-thien-long-flexoffice-fo-cp01,https://product.hstatic.net/1000230347/product/artboard_9_copy_045bf69f87094f22b42ce9df02fdefe9_large.jpg
https://thienlong.vn/products/but-chi-go-thien-long-gp-03,https://product.hstatic.net/1000230347/product/artboard_2_copy_1bab4826baba4c80b25d66bba0f95cb9_large.jpg
https://thienlong.vn/products/but-chi-go-thien-long-gp-012,https://product.hstatic.net/1000230347/product/artboard_5_copy_47af1c9ed8a446f29b7f7893011daadf_large.jpg
https://thienlong.vn/products/but-chi-go-thien-long-gp-016,https://product.hstatic.net/1000230347/product/432fds_1578ff3f576c44e89af990e55e8135a4_large.jpg
https://thienlong.vn/products/but-chi-go-thien-long-gp-020,https://product.hstatic.net/1000230347/product/3543zf_802c3614ceb9469dbd60fadf7763691b_large.jpg
https://thienlong.vn/products/but-chi-go-thien-long-gp-021,https://product.hstatic.net/1000230347/product/b13_15c425d010ac4dc4abad24d9e8cd4eef_large.jpg
https://thienlong.vn/products/but-chi-bam-thien-long-pc-018,https://product.hstatic.net/1000230347/product/artboard_2_copy_828f03b35cba4f0881b180bdf2b66b64_large.jpg
https://thienlong.vn/products/but-chi-bam-thien-long-pc-022,https://product.hstatic.net/1000230347/product/342sdfa_3e06171a22a34704bf1c48968a71ca32_large.jpg
https://thienlong.vn/products/but-gel-b-thien-long-flexoffice-fo-gel-b012,https://product.hstatic.net/1000230347/product/but_gel_b_flexoffice_fo-gelb012_bb99d0732d154284b2ad718835b8b9f3_large.png
https://thienlong.vn/products/but-bi-thien-long-flexoffice-fo-03,https://product.hstatic.net/1000230347/product/artboard_3_30b224a815064725aa9b5171472c4825_large.jpg
https://thienlong.vn/products/but-bi-thien-long-flexoffice-fo-023,https://product.hstatic.net/1000230347/product/but-bi-flexoffice-fo-023_e7a0cfc0059947699ab0f177abecb00d_large.jpg
https://thienlong.vn/products/but-bi-thien-long-flexoffice-fo-024,https://product.hstatic.net/1000230347/product/artboard_1_dcd900919c0648c09dd6cba1bf535f28_large.jpg
https://thienlong.vn/products/but-bi-thien-long-flexoffice-fo-039,https://product.hstatic.net/1000230347/product/thumnail_7cff930ede86456c8ebdafc00c7c0c5c_large.png
https://thienlong.vn/products/but-bi-thien-long-tl-62,https://product.hstatic.net/1000230347/product/but-bi-thien-long-simply-tl-062_bee42f5f97b34d58aa94f6e9a4637340_large.jpg
https://thienlong.vn/products/but-gel-thien-long-gel-07,https://product.hstatic.net/1000230347/product/artboard_1_copy_d9fea13de5794529bcdd66f79dd84732_large.jpg
https://thienlong.vn/products/but-gel-thien-long-gel-08,https://product.hstatic.net/1000230347/product/combo-20_gel-08_9fcd5b0dad8246c18155a0694757c407_large.jpg
https://thienlong.vn/products/but-gel-thien-long-gel-09,https://product.hstatic.net/1000230347/product/but_gel_thien_long_gel-09_0d4e130078194deeb7489cc7217da4cb_large.jpg
https://thienlong.vn/products/but-gel-thien-long-gel-012,https://product.hstatic.net/1000230347/product/gel-012_ce75df4bc25640d8851e7cf063695ede_large.jpg
https://thienlong.vn/products/but-gel-thien-long-gel-012-do,https://product.hstatic.net/1000230347/product/artboard_1_copy_2-1_74171f7d990741cfbaea322808f71b52_large.jpg
https://thienlong.vn/products/but-gel-thien-long-gel-027,https://product.hstatic.net/1000230347/product/gel-027_05158876c8a8404ba4c02a7794481bdf_large.jpg
https://thienlong.vn/products/but-gel-thien-long-gel-029,https://product.hstatic.net/1000230347/product/gel-029_2d0702e8350e4259b838f1a6a51d771b_large.jpg
https://thienlong.vn/products/but-bi-thien-long-tl-08,https://product.hstatic.net/1000230347/product/artboard_1_eab93292c25f4689a3140d58f5d9f8df_large.jpg
https://thienlong.vn/products/but-gel-b-thien-long-gel-b01,https://product.hstatic.net/1000230347/product/gel01_97ffb162a7214668bd0f0b7e16ea3845_large.png
https://thienlong.vn/products/but-bi-thien-long-tl-23,https://cdn.hstatic.net/products/1000230347/artboard_1_copy_eacedd1a8a7542a79b08f9cd607c6f0b_large.jpg
https://thienlong.vn/products/but-gel-b-thien-long-gel-b03,https://product.hstatic.net/1000230347/product/but_gel_b_thien_long_gel-b03_cb63c57b56474151b56a4eaba3f49c91_large.png
https://thienlong.vn/products/but-bi-thien-long-tl-25,https://product.hstatic.net/1000230347/product/artboard_1_c4c70ff201d440399a709c00ade45da0_large.jpg
https://thienlong.vn/products/but-gel-b-thien-long-gel-b011,https://product.hstatic.net/1000230347/product/gel-b011_56866aa3bc124313aaff4067f8667a5d_large.jpg
https://thienlong.vn/products/but-bi-thien-long-tl-34,https://product.hstatic.net/1000230347/product/eqwxzcz_87d3734f206346dbaf6a7d1d13bf2dde_large.jpg
https://thienlong.vn/products/but-bi-thien-long-tl-36,https://product.hstatic.net/1000230347/product/artboard_1_copy_994536479a1d4057a09784bf84424c55_large.jpg
https://thienlong.vn/products/but-bi-thien-long-tl-47,https://product.hstatic.net/1000230347/product/artboard_5_3013a40890d54d71b97dc8f2c8b2276b_large.jpg
https://thienlong.vn/products/but-bi-thien-long-tl-48,https://product.hstatic.net/1000230347/product/but-bi-thien-long-tl-048_f24b5fea41374c98b630139b41657f39_large.jpg
https://thienlong.vn/products/but-bi-thien-long-tl-49,https://product.hstatic.net/1000230347/product/but-bi-thien-long-tl-049_af74a25a78474038bd923b72e837d144_large.jpg
https://thienlong.vn/products/but-bi-thien-long-tl-61,https://product.hstatic.net/1000230347/product/but-bi-thien-long-tl-061_6f8dd6905ead42a29cbfe4df38e770e0_large.jpg
https://thienlong.vn/products/but-bi-thien-long-tl-089,https://product.hstatic.net/1000230347/product/artboard_1_fc2993b238414092a2605049ff102b98_large.jpg
https://thienlong.vn/products/but-bi-thien-long-tl-090,https://product.hstatic.net/1000230347/product/but-bi-thien-long-tl-090_86018da884c944c4bfd1a00239f83f45_large.jpg
https://thienlong.vn/products/but-bi-thien-long-tl-93,https://product.hstatic.net/1000230347/product/artboard_1_copy_c709d9d5886a42458175da2c7516d545_large.png
https://thienlong.vn/products/but-bi-thien-long-tl-95,https://product.hstatic.net/1000230347/product/artboard_3_copy_afcae99bda664f308e663fdf710eb50e_large.jpg
https://thienlong.vn/products/so-lo-xo-duong-ke-ngang-7mm-a5-thien-long,https://product.hstatic.net/1000230347/product/artboard_1_copy_b51030e930dc4aed94bcfb43ed9c0427_large.jpg
https://thienlong.vn/products/hop-7-but-long-bang-thien-long-wb-026-ak-phien-ban-akooland,https://product.hstatic.net/1000230347/product/artboard_1_copy_469a9a0831db4e13b151f0e23e8b0db2_large.jpg
https://thienlong.vn/products/hop-5-but-da-quang-mau-pastel-thien-long-hl-019-ds-phien-ban-demon-slayer,https://product.hstatic.net/1000230347/product/artboard_1_copy_de1d7800386a4c1b8684b4525957d257_large.jpg
https://thienlong.vn/products/combo-10-but-long-dau-hoshi-thien-long-pm-019-hs-cong-nghe-nhat-ban,https://product.hstatic.net/1000230347/product/artboard_1_copy_5d87216697cf4409860e2ba424b744a4_large.jpg
https://thienlong.vn/products/but-long-dau-hoshi-thien-long-pm-019-hs-cong-nghe-nhat-ban,https://theme.hstatic.net/1000230347/1000782290/14/product-placeholder.png?v=26572
https://thienlong.vn/products/combo-10-but-long-bang-hoshi-thien-long-wb-025-hs-cong-nghe-nhat-ban,https://theme.hstatic.net/1000230347/1000782290/14/product-placeholder.png?v=26572
https://thienlong.vn/products/but-long-bang-hoshi-thien-long-wb-025-hs-cong-nghe-nhat-ban,https://theme.hstatic.net/1000230347/1000782290/14/product-placeholder.png?v=26572
https://thienlong.vn/products/combo-10-but-long-dau-hoshi-thien-long-pm-021-hs-cong-nghe-nhat-ban,https://theme.hstatic.net/1000230347/1000782290/14/product-placeholder.png?v=26572
https://thienlong.vn/products/but-long-dau-hoshi-thien-long-pm-021-hs-cong-nghe-nhat-ban,https://theme.hstatic.net/1000230347/1000782290/14/product-placeholder.png?v=26572
https://thienlong.vn/products/combo-10-but-da-quang-hoshi-thien-long-hl-018-hs-cong-nghe-nhat-ban,https://theme.hstatic.net/1000230347/1000782290/14/product-placeholder.png?v=26572
https://thienlong.vn/products/but-da-quang-hoshi-thien-long-hl-018-hs-cong-nghe-nhat-ban,https://theme.hstatic.net/1000230347/1000782290/14/product-placeholder.png?v=26572
https://thienlong.vn/products/so-lo-xo-duong-ke-ngang-a5-nhan-vat-demon-slayer-thien-long-mb-023-ds,https://theme.hstatic.net/1000230347/1000782290/14/product-placeholder.png?v=26572
https://thienlong.vn/products/combo-12-but-long-bang-white-board-marker-thien-long-wb-03-plus-mau-muc-moi-dam-net-hon,https://theme.hstatic.net/1000230347/1000782290/14/product-placeholder.png?v=26572
https://thienlong.vn/products/but-long-bang-white-board-marker-thien-long-wb-03-plus,https://theme.hstatic.net/1000230347/1000782290/14/product-placeholder.png?v=26572
https://thienlong.vn/products/combo-12-but-da-quang-mau-pastel-eco-style-highlighter-thien-long-hl-015-eco-khong-mat-net-khi-photocopy,https://theme.hstatic.net/1000230347/1000782290/14/product-placeholder.png?v=26572
https://thienlong.vn/products/but-da-quang-mau-pastel-eco-style-highlighter-thien-long-hl-015-eco-khong-mat-net-khi-photocopy,https://theme.hstatic.net/1000230347/1000782290/14/product-placeholder.png?v=26572
https://thienlong.vn/products/combo-10-but-da-quang-mau-pastel-thien-long-flexoffice-pazto-fo-hl009-vn-but-da-quang-rua-duoc-khong-de-lai-vet-khi-photocopy,https://theme.hstatic.net/1000230347/1000782290/14/product-placeholder.png?v=26572
https://thienlong.vn/products/combo-5-but-da-quang-mau-pastel-thien-long-pazto-hl-016-but-da-quang-rua-duoc-khong-de-lai-vet-khi-photocopy,https://theme.hstatic.net/1000230347/1000782290/14/product-placeholder.png?v=26572
https://thienlong.vn/products/combo-12-but-long-bang-whiteboard-marker-liquid-thien-long-wb-022-khong-xylene,https://theme.hstatic.net/1000230347/1000782290/14/product-placeholder.png?v=26572
https://thienlong.vn/products/but-long-bang-whiteboard-marker-liquid-thien-long-wb-022-khong-xylene,https://theme.hstatic.net/1000230347/1000782290/14/product-placeholder.png?v=26572
https://thienlong.vn/products/but-xoa-keo-correction-tape-thien-long-kho-sieu-nhanh-viet-duoc-ngay-sau-khi-xoa,https://product.hstatic.net/1000230347/product/artboard_1_copy_59abe579daed4518be12fce79721f9b9_large.jpg
https://thienlong.vn/products/bam-kim-tro-luc-so-10-power-assist-stapler-thien-long-bam-nhe-hon-50,https://product.hstatic.net/1000230347/product/artboard_2_copy_a1c4e866ba4d43ebb571c7290ecd4098_large.jpg
https://thienlong.vn/products/bam-kim-mini-so-10-mini-stapler-thien-long-bam-nhe-hon,https://product.hstatic.net/1000230347/product/artboard_1_2_8e4cdd3c67254b6390b7089ca3c37370_large.jpg
https://thienlong.vn/products/but-long-bang-whiteboard-marker-for-kids-thien-long-net-viet-1-1mm-khong-xylene-khong-doc-hai,https://product.hstatic.net/1000230347/product/artboard_2_copy_dc2487982c594c58a2a0119a4cd532ea_large.jpg
https://thienlong.vn/products/dao-roc-giay-thien-long-khoa-tu-dong-thong-minh-khay-dung-dao-nang-cap-chac-chan-an-toan-hon,https://product.hstatic.net/1000230347/product/drg_ko_logo_94e9836f400c4ee7be1df892d19ad5ad_large.png
https://thienlong.vn/products/so-lo-xo-duong-ke-ngang-a5-thien-long,https://product.hstatic.net/1000230347/product/logo_thien_long_-_cope2wqy_copy_913c42f6f2004c3a98b02df4f45cfdb5_large.jpg
https://thienlong.vn/products/so-lo-xo-duong-ke-ngang-b5-thien-long,https://product.hstatic.net/1000230347/product/04_d1e08d80bcd143bd9b26d48aadd422ab_large.jpg
https://thienlong.vn/products/but-xoa-nuoc-thien-long-cp-015,https://product.hstatic.net/1000230347/product/img_9577_cfcc94c142284b819e3a0b42c3e8dbe3_large.jpg
https://thienlong.vn/products/but-xoa-nuoc-thien-long-cp-012,https://product.hstatic.net/1000230347/product/img_9559_e3b6f76e3b6142129c8cd007fb942f71_large.jpg
https://thienlong.vn/products/keo-van-phong-chiu-luc-thien-long,https://product.hstatic.net/1000230347/product/thumb_khong_logo_a321f2e3a9794f67a98bb374b16f0aac_large.jpg
https://thienlong.vn/products/bang-keo-bang-dinh-keo-2-mat-thien-long-gt-001,https://product.hstatic.net/1000230347/product/artboard_1_87416f1daf9d4ef3b304b02319663053_large.jpg
https://thienlong.vn/products/pin-alkaline-aaa-thien-long-flexio,https://product.hstatic.net/1000230347/product/artboard_3_copy_2_655e70d7ea134f778907b226d53381a3_large.jpg
https://thienlong.vn/products/pin-alkaline-aa-thien-long-flexio,https://product.hstatic.net/1000230347/product/artboard_3_copy_2_44a81837e9664be4936148e2c3fba91b_large.jpg
https://thienlong.vn/products/pin-dai-d-thien-long-flexio,https://product.hstatic.net/1000230347/product/artboard_3_copy_bcf3281418bf41c4a839cc44e36a3b8a_large.jpg
https://thienlong.vn/products/pin-aaa-thien-long-flexio,https://product.hstatic.net/1000230347/product/artboard_3_copy_1a3eeb675a534dcb9d7b82b14d95de93_large.jpg
https://thienlong.vn/products/pin-aa-thien-long-flexio,https://product.hstatic.net/1000230347/product/artboard_3_copy_3ba51bc64cf54521b3dac6940357e138_large.jpg
https://thienlong.vn/products/so-lo-xo-duong-ke-ngang-thien-long-mb-011,https://product.hstatic.net/1000230347/product/artboard_8_2756e85ce53d4274929097c29d055c62_large.jpg
https://thienlong.vn/products/so-lo-xo-duong-ke-caro-thien-long-mb-015,https://product.hstatic.net/1000230347/product/artboard_2_8aa64124eb7f4afa832f849cf004d33c_large.jpg
https://thienlong.vn/products/so-lo-xo-duong-ke-cham-bi-thien-long-mb-017,https://product.hstatic.net/1000230347/product/artboard_13_6ec66b55aa1f4a1dac29ad878328ca3f_large.jpg
https://thienlong.vn/products/so-lo-xo-duong-ke-cham-bi-thien-long-mb-16,https://product.hstatic.net/1000230347/product/artboard_1_208f09d5a01a44a6a6965a20ad05b273_large.jpg
https://thienlong.vn/products/so-lo-xo-duong-ke-cham-bi-thien-long-mb-018,https://product.hstatic.net/1000230347/product/artboard_13_copy_34a9744039ba40d9a5a9b0bca16ab264_large.jpg
https://thienlong.vn/products/but-long-bang-thien-long-flexoffice-fo-wb02-1,https://product.hstatic.net/1000230347/product/artboard_13_b2e0cc4abbde4d278031801062e33930_large.jpg
https://thienlong.vn/products/bang-keo-duc-fragile-handle-with-care-thien-long-bkd-001,https://product.hstatic.net/1000230347/product/artboard_2_copy_dc3f6c30e6f8483f99c98f638c5e5e5e_large.jpg
https://thienlong.vn/products/bia-40-la-a4-thien-long-db-003-suc-chua-200-to-a4,https://product.hstatic.net/1000230347/product/thumnail_web_copy_d3c65e53f1674caca7b7542685d42723_large.jpg
https://thienlong.vn/products/hop-dung-tai-lieu-hop-dung-ho-so-cap-tien-loi-a4-thien-long-pp-a4-tp-df002,https://product.hstatic.net/1000230347/product/tp-df002_09ac9e53483f4a49b92d61e762167252_large.jpg
https://thienlong.vn/products/bam-kim-so-3-thien-long-flexoffice-fo-st005,https://product.hstatic.net/1000230347/product/fo-st005_vn_2_copy_3c0cac9cbe4148ad83caff0bd02b63eb_large.jpg
https://thienlong.vn/products/bia-cong-bia-ho-so-thien-long-flexoffice-a4-f4,https://product.hstatic.net/1000230347/product/new5_a6589b8964f34a6cb9559f0262eec113_large.jpg
https://thienlong.vn/products/bia-la-da-nang-a4-thien-long-flexoffice-nhieu-mau,https://product.hstatic.net/1000230347/product/423saf_c4eda94cc51246fca3881b6daac1fc47_large.jpg
https://thienlong.vn/products/bia-phong-bi-thu-a4-travel-file-thien-long-flexoffice-luu-tru-100-to-a4,https://product.hstatic.net/1000230347/product/342fsd_9b66cc395233463288a947098641e12d_large.jpg
https://thienlong.vn/products/so-lo-xo-a7-thien-long,https://product.hstatic.net/1000230347/product/32fgd_a9d33e5bb2d840bfaacd7e74d08b87cd_large.jpg
https://thienlong.vn/products/but-da-quang-mau-pastel-thien-long-pazto-hl-016-but-da-quang-rua-duoc-khong-de-lai-vet-khi-photocopy-1,https://product.hstatic.net/1000230347/product/artboard_13_929c3b8e5f2b472d94bcead0dbb81feb_large.jpg
https://thienlong.vn/products/bia-cong-thien-long-flexoffice-70f4-fo-bc016,https://product.hstatic.net/1000230347/product/342sfa_bc5b8081bcc146069521112a69adb3cc_large.jpg
https://thienlong.vn/products/bia-cong-thien-long-flexoffice-70a4-fo-bc015,https://product.hstatic.net/1000230347/product/23asff_ddf1b324225d49d09bfe91362154e69f_large.jpg
https://thienlong.vn/products/but-da-quang-mau-pastel-thien-long-flexoffice-pazto-fo-hl009-vn,https://product.hstatic.net/1000230347/product/395b12542f8b72fe37c22bb9a28_master_05abe9b38ac4452183955f124afd7c04_1__2bc141fc00574b36b142e53a077e0222_large.jpg
https://thienlong.vn/products/bia-ho-so-pastel-20-la-nhua-pp-thien-long-flexoffice-fo-db007-nd,https://product.hstatic.net/1000230347/product/423qdas_370b0d4af4fe4f69a4a1133b3fc2c9ef_large.jpg
https://thienlong.vn/products/combo-5-but-long-dau-thien-long-flexoffice-fo-pm-011,https://product.hstatic.net/1000230347/product/42sf_5208f6eabe7a4b84b1b91572c6cadad0_large.jpg
https://thienlong.vn/products/bia-20-la-a4-cfp20-xanh-dam,https://product.hstatic.net/1000230347/product/cfp20_2bc5d8501578423eb17963499a3d74af_large.jpg
https://thienlong.vn/products/bia-100-la-a4-fo-db05-xanh,https://product.hstatic.net/1000230347/product/fo-db05_2_copy_a423ae36418f44178a2fce9f9a3da447_large.jpg
https://thienlong.vn/products/bang-keo-trong-opp-flexoffice-bkt15-fo,https://product.hstatic.net/1000230347/product/bkt15_fo_cad0fccdcbb94b0c8cef6870741841aa_large.jpg
https://thienlong.vn/products/bam-kim-dai-fo-bs01,https://product.hstatic.net/1000230347/product/fo-bs01_42d49513505341c6816fe6f54c285783_large.jpg
https://thienlong.vn/products/but-long-bang-flexoffice-fo-wb03-th-muc-tieu-chuan-chau-au,https://product.hstatic.net/1000230347/product/fo-wb03-th_66abfae21e004f0f9db13c67f41910e0_large.jpg
https://thienlong.vn/products/bia-la-a4-thien-long-flexoffice-fo-ch168,https://product.hstatic.net/1000230347/product/342sfaaf_8e54774ba23f40558ca145a8533d7d58_large.jpg
https://thienlong.vn/products/bia-dung-ho-so-80-la-suc-chua-400-to-a4-80-gsm-thien-long-flexoffice-fo-db010,https://product.hstatic.net/1000230347/product/54sdfa_018874f029ca4e94b30d261866136856_large.jpg
https://thienlong.vn/products/bia-dung-ho-so-60-la-suc-chua-300-to-a4-80-gsm-thien-long-flexoffice-fo-db009,https://product.hstatic.net/1000230347/product/423fdsavc_0aaad6989948419685a622899219e92e_large.jpg
https://thienlong.vn/products/bia-dung-ho-so-40-la-suc-chua-200-to-a4-80-gsm-thien-long-flexoffice-fo-db008,https://product.hstatic.net/1000230347/product/342saa_3b453954b6614fb595651e83cf8fcee1_large.jpg
https://thienlong.vn/products/bia-dung-ho-so-20-la-suc-chua-100-to-a4-80gsm-thien-long-flexoffice-fo-db007,https://product.hstatic.net/1000230347/product/fo-db007-3_d43b58fe4f20442ea6c0c084e5a0bbff_large.jpg
https://thienlong.vn/products/bia-luu-130-to-a4-ho-so-gia-dinh-thien-long-df-001,https://product.hstatic.net/1000230347/product/21as_d15cb7ca84f8498f95fa576c91dc4519_large.jpg
https://thienlong.vn/products/cap-ho-so-5s-12-ngan-thien-long-flexoffice-fo-eb003,https://product.hstatic.net/1000230347/product/new8_32e52203623b4ff083bc47e31dea274e_large.jpg
https://thienlong.vn/products/bia-ho-so-3-ngan-thien-long-flexoffice-a4-fo-dif002,https://product.hstatic.net/1000230347/product/21sad_b5195d8fd34041188768c051193c74f2_large.jpg
https://thienlong.vn/products/hop-dung-tai-lieu-hop-dung-ho-so-a4-thien-long-flexoffice-fo-df002,https://product.hstatic.net/1000230347/product/213asd_dd9dc6d26de6446eb5199f0fdd44a78f_large.jpg
https://thienlong.vn/products/but-long-dau-thien-long-flexoffice-fo-pm018-vn,https://product.hstatic.net/1000230347/product/fo-pm018vn-5_f293ff8300ec4e97925789918b3f44cd_large.jpg
https://thienlong.vn/products/bang-keo-trong-150-yards-thien-long-bkt-151,https://product.hstatic.net/1000230347/product/new10_d427b4df34974b93ae745b7b9c3bfbaf_large.jpg
https://thienlong.vn/products/so-lo-xo-doc-a5-160t-mb-004,https://product.hstatic.net/1000230347/product/312f_c2966a9cdf9c4cedac80fc913f3290e8_large.jpg
https://thienlong.vn/products/but-long-dau-my-thuat-colokit-pm-c02,https://product.hstatic.net/1000230347/product/sdzxas_6303e869d8004af2bb36cbea4b8030a8_large.jpg
https://thienlong.vn/products/but-long-bang-bizner-biz-wb01,https://product.hstatic.net/1000230347/product/biz-wb01_dcbedeff904d4e2ea36204596578348f_large.jpg
https://thienlong.vn/products/bang-keo-trong-100-yards-thien-long-bkt-100,https://product.hstatic.net/1000230347/product/rewfs_d15eb5dadfd5456e8cf41105c940834c_large.jpg
https://thienlong.vn/products/bang-keo-duc-150-yards-thien-long-bkd-150,https://product.hstatic.net/1000230347/product/132fs_ac2273f15e4a467d876d33707fcb1ff7_large.jpg
https://thienlong.vn/products/combo-5-bang-keo-duc-thien-long-40-yards,https://product.hstatic.net/1000230347/product/321sasd_fc3a09e421474afc8b567bbaadf94237_large.jpg
https://thienlong.vn/products/combo-5-bang-keo-duc-thien-long-60-yards,https://product.hstatic.net/1000230347/product/321sad_9d192a2760d94d2996af5d1367df8d70_large.jpg
https://thienlong.vn/products/combo-5-bang-keo-duc-thien-long-80-yards,https://product.hstatic.net/1000230347/product/213asdf_faccc4ddd1dc4848985fac1f4a77d776_large.jpg
https://thienlong.vn/products/combo-5-bang-keo-duc-thien-long-200-yards,https://product.hstatic.net/1000230347/product/432asf_34f26472c4144f21bda87fc064fab0c9_large.jpg
https://thienlong.vn/products/combo-5-bang-keo-trong-thien-long-80-yards,https://product.hstatic.net/1000230347/product/241sdf_30437174058549eea833361b37b6f0c1_large.jpg
https://thienlong.vn/products/combo-5-bang-keo-trong-thien-long-60-yards,https://product.hstatic.net/1000230347/product/new12_fbc8fee9c9b340e08061f35be56a1bf5_large.jpg
https://thienlong.vn/products/combo-5-bang-keo-trong-thien-long-200-yards,https://product.hstatic.net/1000230347/product/new13_08c12e849ec94a349ec558e05822e71e_large.jpg
https://thienlong.vn/products/bang-keo-duc-thien-long-bkd-200,https://product.hstatic.net/1000230347/product/312fa_1dfcb2f11e384f6280d45523cbe3d1bd_large.jpg
https://thienlong.vn/products/bang-keo-duc-thien-long-bkd-080,https://product.hstatic.net/1000230347/product/31a_d33a537fdacc435da7df77bd0ae8e4c6_large.jpg
https://thienlong.vn/products/keo-van-phong-thien-long-sc-021,https://product.hstatic.net/1000230347/product/342fdas_df5ff720f17d42d0b526875ebb829397_large.jpg
https://thienlong.vn/products/but-long-dau-my-thuat-colokit-pm-c01,https://product.hstatic.net/1000230347/product/banner_2_5_2a8f47b8b6224c6bbd31089cdbb5809a_large.png
https://thienlong.vn/products/but-xoa-flexoffice-fo-cp02-vn,https://product.hstatic.net/1000230347/product/img_9447_12ea912dd46e4e45b6319d6e4683f11a_large.jpg
https://thienlong.vn/products/but-long-bang-cao-cap-bizner-biz-wb02,https://product.hstatic.net/1000230347/product/biz-wb02_7e5e0b82a223487db6f7bed46a75c2d7_large.jpg
https://thienlong.vn/products/bia-hop-flexoffice-pp-35-a4-fo-bf04,https://product.hstatic.net/1000230347/product/bia_hop_bf-04_-02_6de40e883b474dea92c7032644b8daf1_large.jpg
https://thienlong.vn/products/go-kim-flexoffice-fo-str02,https://product.hstatic.net/1000230347/product/gok74_kim_fo-str02_-_01_0041c86ac6954198bec8f84ae824672f_large.jpg
https://thienlong.vn/products/bam-kim-dai-flexoffice-fo-bs02,https://product.hstatic.net/1000230347/product/bam_kim_dai_fo-bs02-02_6ac23644761c4b5bba9065b22adf217b_large.jpg
https://thienlong.vn/products/bam-lo-thien-long-pu01,https://product.hstatic.net/1000230347/product/fo-pu01_6693e9097f2049f69e8b62fe5111c267_large.jpg
https://thienlong.vn/products/bia-60-la-a4-thien-long-tl-cfp60,https://product.hstatic.net/1000230347/product/abl_0081_2232a1804bca4d0f9db3f3412442d249_large.jpg
https://thienlong.vn/products/bo-bam-kim-va-kim-bam-flexoffice-fo-st03-s2,https://product.hstatic.net/1000230347/product/set_bam_kim_kim_bam_fo_st03_s2_07_a37e0eb6e6b943b88f0a437b3c601250_large.jpg
https://thienlong.vn/products/bo-bam-kim-va-kim-bam-flexoffice-fo-st02-s2,https://product.hstatic.net/1000230347/product/set_bam_kim_kim_bam_fo_st02_s2_05_98ec46bb9e1c451cadc057e5c7a7fa8b_large.jpg
https://thienlong.vn/products/but-xoa-diem-10-tp-cp01,https://product.hstatic.net/1000230347/product/but_xoa_tp_cp01_01_a4d224cc811d4432b899ad2de79f2aa1_large.jpg
https://thienlong.vn/products/bia-la-thien-long-f4-e355,https://product.hstatic.net/1000230347/product/b_a_l__thi_n_long_e-355-_02_large.jpg
https://thienlong.vn/products/but-long-dau-bizner-biz-pm01,https://product.hstatic.net/1000230347/product/biz-pm01_099387106dc44ba9973d98ba5e786e53_large.jpg
https://thienlong.vn/products/dao-roc-giay-flexoffice-fo-kn04b,https://product.hstatic.net/1000230347/product/dao_roc_giay_fo-kn04b-04_large.jpg
https://thienlong.vn/products/dao-roc-giay-flexoffice-fo-kn03b,https://product.hstatic.net/1000230347/product/dao_roc_giay_fo-kn03b-03_large.jpg
https://thienlong.vn/products/dao-roc-giay-thien-long-flexoffice-fo-kn02b,https://product.hstatic.net/1000230347/product/dao_roc_giay_thien_long_-_flexoffice_fo-kn02b_2__large.jpg
https://thienlong.vn/products/bang-keo-thien-long-200-yards-bkt20,https://product.hstatic.net/1000230347/product/__-02_1be8f8e0285645dcacc852c66754f6b5.jfif
https://thienlong.vn/products/keo-thien-long-flexoffice-fo-sc05,https://product.hstatic.net/1000230347/product/keo_thien_long_-_flexoffice_fo-sc05__3__large.jpg
https://thienlong.vn/products/keo-thien-long-flexoffice-fo-sc04,https://product.hstatic.net/1000230347/product/keo_thien_long_-_flexoffice_fo-sc04__2__large.jpg
https://thienlong.vn/products/keo-thien-long-flexoffice-fo-sc03,https://product.hstatic.net/1000230347/product/keo_thien_long_-_flexoffice_fo-sc03__1__large.jpg
https://thienlong.vn/products/bia-cong-thien-long-flexoffice-70f4-fo-bc14,https://product.hstatic.net/1000230347/product/234235_a1c1c3b12aa347c3ac68d4d76af2e6d5_large.jpg
https://thienlong.vn/products/bia-cong-thien-long-flexoffice-50f4-fo-bc13,https://product.hstatic.net/1000230347/product/423asdsg_60b37daa2ae34f47abd75c926953cbae_large.jpg
https://thienlong.vn/products/bia-cong-thien-long-flexoffice-70a4-fo-bc12,https://product.hstatic.net/1000230347/product/42sad_a2bb4c787fd2400d84d9ff79c4747046_large.jpg
https://thienlong.vn/products/bia-cong-thien-long-flexoffice-50a4-fo-bc11,https://product.hstatic.net/1000230347/product/14325_257cb24f74b546aaacc7fc3387297579_large.jpg
https://thienlong.vn/products/bia-cong-thien-long-flexoffice-90f4-fo-bc10,https://product.hstatic.net/1000230347/product/423saffa_9e011134ac73479b9aae4a6c0c57f045_large.jpg
https://thienlong.vn/products/bia-cong-thien-long-flexoffice-70f4-fo-bc08,https://product.hstatic.net/1000230347/product/423asdf_1af5af63efd04f3aa1246f14b59df335_large.jpg
https://thienlong.vn/products/bia-cong-thien-long-flexoffice-50f4-fo-bc07,https://product.hstatic.net/1000230347/product/342sdfasd_97b868a94cc8492f97256e136e22c7d5_large.jpg
https://thienlong.vn/products/bia-cong-thien-long-flexoffice-70a4-fo-bc06,https://product.hstatic.net/1000230347/product/342asf_5cc130ec83294cf5b102d713777e3f85_large.jpg
https://thienlong.vn/products/bia-cong-thien-long-flexoffice-50a4-fo-bc05,https://product.hstatic.net/1000230347/product/3213sdf_798fea9275e341edbf09ec801c02859c_large.jpg
https://thienlong.vn/products/but-long-bang-thien-long-flexoffice-fo-wb02,https://product.hstatic.net/1000230347/product/fo-wb02_236616368b4b4732bddc8b1891f5e106_large.jpg
https://thienlong.vn/products/cap-12-ngan-thien-long-flexoffice-fo-eb01,https://product.hstatic.net/1000230347/product/sda231_e6d77033e7464e0cb1c91dd0f72df5b4_large.jpg
https://thienlong.vn/products/bia-cong-thien-long-flexoffice-70f4-fo-bc04,https://product.hstatic.net/1000230347/product/432asghgf_3007c8d398fb49ddb770d1466e696537_large.jpg
https://thienlong.vn/products/bia-cong-thien-long-flexoffice-50f4-fo-bc03,https://product.hstatic.net/1000230347/product/dfdf_269cc010defc450896e700fc2a5815d6_large.jpg
https://thienlong.vn/products/bia-cong-thien-long-flexoffice-50a4-fo-bc01,https://product.hstatic.net/1000230347/product/432asd_75c65cfafa9d4865aec4e7019461de0c_large.jpg
https://thienlong.vn/products/bang-keo-trong-thien-long-bkt08,https://product.hstatic.net/1000230347/product/bang_keo_trong_thien_long__bkt08__4__large.jpg
https://thienlong.vn/products/bang-keo-trong-thien-long-bkt06,https://product.hstatic.net/1000230347/product/bang_keo_trong_thien_long__bkt06__4__large.jpg
https://thienlong.vn/products/bang-keo-trong-thien-long-bkt04,https://product.hstatic.net/1000230347/product/342asd_1ad8678872344befb5d8b17f12250f8a_large.jpg
https://thienlong.vn/products/but-xoa-thien-long-cp-05,https://product.hstatic.net/1000230347/product/321fas_518f8e9f6ed94a76b15dbdd59fd3f2b4_large.jpg
https://thienlong.vn/products/but-xoa-thien-long-cp02,https://product.hstatic.net/1000230347/product/artboard_2_copy_9bdc9a99e2b04da98f6d39a192c620c4_large.jpg
https://thienlong.vn/products/but-da-quang-thien-long-hl-07,https://product.hstatic.net/1000230347/product/50000961_c1a4e9e046f04954b4eed8a2d33cd352_large.jpg
https://thienlong.vn/products/muc-but-long-dau-thien-long-pmi-01,https://product.hstatic.net/1000230347/product/artboard_1_copy_edc9d80962b340d69561f2e904e45a55_large.jpg
https://thienlong.vn/products/muc-but-long-bang-thien-long-wbi-01,https://product.hstatic.net/1000230347/product/artboard_19_copy_0e1df3af68d74059bae80ffe27e71734_large.jpg
https://thienlong.vn/products/bang-keo-trong-opp-thien-long-flexoffice-fo-bkt-10,https://product.hstatic.net/1000230347/product/bang_keo_trong_opp_thien_long_-_flexoffice__fo-bkt_10__2__large.jpg
https://thienlong.vn/products/bang-keo-trong-opp-thien-long-flexoffice-fo-bkt-08,https://product.hstatic.net/1000230347/product/upload_1807bfe4eba04309aab4b55e5ac1f92d_large.jpg
https://thienlong.vn/products/bang-keo-trong-opp-thien-long-flexoffice-fo-bkt-06,https://product.hstatic.net/1000230347/product/63022889_198de6b673eb41e997ec9c75d723677a_large.jpg
https://thienlong.vn/products/bang-keo-duc-opp-thien-long-flexoffice-fo-bkd-20,https://product.hstatic.net/1000230347/product/bang_keo_duc_opp_thien_long_-_flexoffice__fo-bkd_20__2__large.jpg
https://thienlong.vn/products/bang-keo-duc-opp-thien-long-flexoffice-fo-bkd-15,https://product.hstatic.net/1000230347/product/upload_c92f8b8e469748a188df239eb4898b7b_large.jpg
https://thienlong.vn/products/bang-keo-duc-opp-thien-long-flexoffice-fo-bkd-08,https://product.hstatic.net/1000230347/product/upload_534824a253a54fb59c3b6b90ead120a0_large.jpg
https://thienlong.vn/products/bang-keo-duc-opp-thien-long-flexoffice-fo-bkd-06,https://product.hstatic.net/1000230347/product/63022883_36e121b25c694d8ea68cd528006fd2a0_large.jpg
https://thienlong.vn/products/bang-keo-duc-opp-thien-long-flexoffice-fo-bkd-04,https://product.hstatic.net/1000230347/product/upload_ce8331cb850b45adb90aae6dd07c13c5_large.jpg
https://thienlong.vn/products/but-long-bang-thien-long-wb-02,https://product.hstatic.net/1000230347/product/wb-02_3a6f046856c945998b7dfa54b069883c_large.jpg
https://thienlong.vn/products/but-da-quang-thien-long-hl-03,https://product.hstatic.net/1000230347/product/artboard_11_copy_e12dfb9407a54f5f815559b8e0ff3dc2_large.jpg
https://thienlong.vn/products/but-da-quang-thien-long-hl-012,https://product.hstatic.net/1000230347/product/50005240_2ad159e2268c47c7b8d5c5950c0808dd_large.jpg
https://thienlong.vn/products/muc-but-long-dau-thien-long-flexoffice-fo-pmi-02,https://product.hstatic.net/1000230347/product/flexoffice-fo-pmi-02_e1f66c85bfd542e5bb44c4e4810166d8_large.jpg
https://thienlong.vn/products/luoi-dao-roc-giay-thien-long-flexoffice-fo-bl02,https://product.hstatic.net/1000230347/product/jfskdfh39024_70dc6ed8bffc49d7a31c66e9995f1741_large.jpg
https://thienlong.vn/products/luoi-dao-roc-giay-thien-long-flexoffice-fo-bl01,https://product.hstatic.net/1000230347/product/423fgdas_0cc8143199e242eba194a9783257df2f_large.jpg
https://thienlong.vn/products/dao-roc-giay-thien-long-flexoffice-fo-kn04-18mm,https://product.hstatic.net/1000230347/product/423dsfa_5ffeec33c7fc40c196ea96bad12e9b3f_large.jpg
https://thienlong.vn/products/but-long-dau-thien-long-flexoffice-fo-pm-01,https://product.hstatic.net/1000230347/product/fo-pm-01_f54b2fdfc26242f8955d449618877979_large.jpg
https://thienlong.vn/products/dao-roc-giay-thien-long-flexoffice-fo-kn02,https://product.hstatic.net/1000230347/product/343ads_b3cba3317e0940f290974c82d6642369_large.jpg
https://thienlong.vn/products/but-long-dau-thien-long-flexoffice-fo-pm-09,https://product.hstatic.net/1000230347/product/fo-pm-09_f176743dda7a45388878c40502862842_large.jpg
https://thienlong.vn/products/but-long-dau-thien-long-flexoffice-fo-pm-011,https://product.hstatic.net/1000230347/product/fo-pm011_4052435ad1dc4532a22ba80caa8729a3_large.jpg
https://thienlong.vn/products/dao-roc-giay-thien-long-flexoffice-fo-kn01,https://product.hstatic.net/1000230347/product/43sff_dc06d46319e640a8b1a5f1a7fa7e19e6_large.jpg
https://thienlong.vn/products/bam-kim-so-10-thien-long-flexoffice-fo-st03,https://product.hstatic.net/1000230347/product/543dsf_d5ba1859d11f4e7e8b720fb333f1d2d7_large.jpg
https://thienlong.vn/products/bam-kim-so-10-thien-long-flexoffice-fo-st02,https://product.hstatic.net/1000230347/product/new16_587d03ad4cc047f1b7b120dca65dcdeb_large.jpg
https://thienlong.vn/products/but-long-dau-thien-long-pm-07,https://product.hstatic.net/1000230347/product/pm-07_d751bb7f8d6242b5803fefbd61ec6042_large.jpg
https://thienlong.vn/products/but-long-dau-thien-long-pm-09,https://product.hstatic.net/1000230347/product/artboard_1_copy_f802af050e0a4701bfe32d8ae12d8ac4_large.jpg
https://thienlong.vn/products/but-long-bang-thien-long-wb-03,https://product.hstatic.net/1000230347/product/artboard_14_copy_33cfeba9fba3444caedac3933aead5ac_large.jpg
https://thienlong.vn/products/but-long-bang-thien-long-wb-016-do,https://product.hstatic.net/1000230347/product/wb-016-do_9e5df01d220647609820e93041f90648_large.jpg
https://thienlong.vn/products/but-long-bang-thien-long-flexoffice-fo-wb-015,https://product.hstatic.net/1000230347/product/fo-wb015_e717043422cc4d37a2c9d681fc70daa6_large.jpg
https://thienlong.vn/products/but-da-quang-thien-long-flexoffice-fo-hl01,https://product.hstatic.net/1000230347/product/50004170_4857243ccbd94ea78be9414ad949499c_large.jpg
https://thienlong.vn/products/but-da-quang-thien-long-flexoffice-fo-hl02,https://product.hstatic.net/1000230347/product/50002705_dfd8a71a9f1a43b48a4cd1d3d2e1b2e8_large.jpg
https://thienlong.vn/products/but-da-quang-thien-long-flexoffice-fo-hl05,https://product.hstatic.net/1000230347/product/50005243_2ddd3be80b8a400586876132bff26fd1_large.jpg
https://thienlong.vn/products/but-xoa-keo-thien-long-flexoffice-fo-ct-02,https://product.hstatic.net/1000230347/product/artboard_1_copy_921dc8eae0514832aa260403faf6c347_large.jpg
https://thienlong.vn/products/but-xoa-thien-long-flexoffice-fo-cp01,https://product.hstatic.net/1000230347/product/artboard_9_copy_045bf69f87094f22b42ce9df02fdefe9_large.jpg
https://thienlong.vn/products/bia-hop-thien-long-flexoffice-pp-90a4-fo-bf03,https://product.hstatic.net/1000230347/product/53df_9236b7b980cb4c32b7f2a580d5a6ff93_large.jpg
https://thienlong.vn/products/bia-hop-thien-long-flexoffice-pp-50a4-fo-bf01,https://product.hstatic.net/1000230347/product/654sfdjh_97c113fcb6ef4aff8d0c97912dc5633d_large.jpg
https://thienlong.vn/products/keo-thien-long-flexoffice-fo-sc02,https://product.hstatic.net/1000230347/product/32sdf_1e757acbae924ef4843198bf545a80de_large.jpg
https://thienlong.vn/products/keo-thien-long-flexoffice-fo-sc01,https://product.hstatic.net/1000230347/product/43276_c384e10ddc774aa69cd948be742a12b4_large.jpg
https://thienlong.vn/products/bia-cay-thien-long-flexoffice-fo-rc02,https://product.hstatic.net/1000230347/product/765sf_187f56f4376f48fa8594ff15359423ae_large.jpg
https://thienlong.vn/products/bia-80-la-a4-thien-long-flexoffice-fo-db04,https://product.hstatic.net/1000230347/product/453dsf_4b0b3aaa50704cd092991280bdbdb25f_large.jpg
https://thienlong.vn/products/bia-60-la-a4-thien-long-flexoffice-fo-db03,https://product.hstatic.net/1000230347/product/6523_0a788242a54c4b83a2c9744f16f52367_large.jpg
https://thienlong.vn/products/bia-40-la-a4-thien-long-flexoffice-fo-db02,https://product.hstatic.net/1000230347/product/765fd_37099fac12f34823aa83278b3d8b5bef_large.jpg
https://thienlong.vn/products/bia-20-la-a4-thien-long-flexoffice-fo-db01,https://product.hstatic.net/1000230347/product/fo-db01_ko_logo_ee4054919b824400882e63299e0ece9a_large.jpg
https://thienlong.vn/products/bia-report-file-a4-thien-long-flexoffice-fo-rfa4,https://product.hstatic.net/1000230347/product/246__3__large.jpg
https://thienlong.vn/products/bia-acco-a4-thien-long-flexoffice-fo-ppffa4,https://product.hstatic.net/1000230347/product/sdacxz_61c87024881a49319f9747329e6cf432_large.jpg
https://thienlong.vn/products/bia-la-f4-thien-long-flexoffice-fo-ch04,https://product.hstatic.net/1000230347/product/653ds_a764e98a3d994ee6a424e28f2786b087_large.jpg
https://thienlong.vn/products/bia-la-a4-thien-long-flexoffice-fo-ch03,https://product.hstatic.net/1000230347/product/45dsfs_481eb9e6f53340d0ab7c49b39e3366b0_large.jpg
https://thienlong.vn/products/bia-la-f4-thien-long-flexoffice-fo-ch02,https://product.hstatic.net/1000230347/product/56432dfs_bc8da948a97c4a9e8f2dd7ea9a028083_large.jpg
https://thienlong.vn/products/bia-la-a4-thien-long-flexoffice-fo-ch01,https://product.hstatic.net/1000230347/product/12fs_f9779c20823d48729a4a7d174204495d_large.jpg
https://thienlong.vn/products/keo-thien-long-sc-015,https://product.hstatic.net/1000230347/product/54dghg_a628969e2a1e42509235c85c184a20ea_large.jpg
https://thienlong.vn/products/combo-5-10-tap-hoc-sinh-chong-loa-96-trang-4-o-ly-vuong-2mm-100gsm-thien-long-nb-117-ak-akooland-the-gioi-hoc-cu-than-ky-mau-ngau-nhien,https://cdn.hstatic.net/products/1000230347/artboard_1_copy_075c881aadba4fa5a1c8b64190fe13d2_c35a6c3e618d4bcbbfb4553ca9392a58_large.jpg
https://thienlong.vn/products/combo-5-10-tap-hoc-sinh-chong-loa-48-trang-4-o-ly-vuong-2-5mm-100gsm-thien-long-nb-115-ak-akooland-the-gioi-hoc-cu-than-ky-mau-ngau-nhien,https://cdn.hstatic.net/products/1000230347/artboard_6_copy_579e4bd68d4a4ff0ae8bb57435772397_6e3c372abc084adb96a8ff18c3175fe3_large.jpg
https://thienlong.vn/products/combo-5-10-tap-hoc-sinh-chong-lem-96-trang-4-o-ly-vuong-2mm-120gsm-thien-long-nb-121-ak-akooland-the-gioi-hoc-cu-than-ky-mau-ngau-nhien,https://cdn.hstatic.net/products/1000230347/artboard_5_copy_3_10b77eda5e084915ad5b58da39df96c5_b6ad51b42e904d2a80d197861026d3a2_large.jpg
https://thienlong.vn/products/combo-5-10-tap-hoc-sinh-chong-lem-48-trang-4-o-ly-vuong-2-5mm-120gsm-thien-long-nb-119-ak-akooland-the-gioi-hoc-cu-than-ky-mau-ngau-nhien,https://cdn.hstatic.net/products/1000230347/artboard_1_copy_57e28034046a4fa8a62fd8b42671f766_74e6627c80e0491e907c32f0b28cefb8_large.jpg
https://thienlong.vn/products/tap-hoc-sinh-chong-lem-96-trang-4-o-ly-vuong-2mm-120gsm-thien-long-nb-121-ak-akooland-the-gioi-hoc-cu-than-ky-mau-ngau-nhien,https://theme.hstatic.net/1000230347/1000782290/14/product-placeholder.png?v=26572
https://thienlong.vn/products/tap-hoc-sinh-chong-loa-96-trang-4-o-ly-vuong-2mm-100gsm-thien-long-nb-115-ak-akooland-the-gioi-hoc-cu-than-ky-mau-ngau-nhien,https://theme.hstatic.net/1000230347/1000782290/14/product-placeholder.png?v=26572
https://thienlong.vn/products/tap-hoc-sinh-48-trang-4-o-ly-vuong-2-5mm-120gsm-thien-long-nb-119-ak-akooland-the-gioi-hoc-cu-than-ky-mau-ngau-nhien,https://theme.hstatic.net/1000230347/1000782290/14/product-placeholder.png?v=26572
https://thienlong.vn/products/tap-hoc-sinh-48-trang-4-o-ly-vuong-2-5mm-100gsm-thien-long-nb-115-ak-akooland-the-gioi-hoc-cu-than-ky-mau-ngau-nhien,https://theme.hstatic.net/1000230347/1000782290/14/product-placeholder.png?v=26572
https://thienlong.vn/products/combo-10-tap-hoc-sinh-96-trang-5-o-ly-vuong-2mm-cham-ke-2-3-120gsm-nb-122-thien-long-mau-ngau-nhien,https://theme.hstatic.net/1000230347/1000782290/14/product-placeholder.png?v=26572
https://thienlong.vn/products/combo-5-tap-hoc-sinh-96-trang-5-o-ly-vuong-2mm-cham-ke-2-3-120gsm-nb-122-thien-long-mau-ngau-nhien,https://theme.hstatic.net/1000230347/1000782290/14/product-placeholder.png?v=26572
https://thienlong.vn/products/tap-hoc-sinh-96-trang-5-o-ly-vuong-2mm-cham-ke-2-3-120gsm-nb-118-thien-long-mau-ngau-nhien,https://theme.hstatic.net/1000230347/1000782290/14/product-placeholder.png?v=26572
https://thienlong.vn/products/combo-10-tap-hoc-sinh-96-trang-5-o-ly-vuong-2mm-cham-ke-2-3-100gsm-nb-118-thien-long-mau-ngau-nhien,https://theme.hstatic.net/1000230347/1000782290/14/product-placeholder.png?v=26572
https://thienlong.vn/products/combo-5-tap-hoc-sinh-96-trang-5-o-ly-vuong-2mm-cham-ke-2-3-100gsm-nb-118-thien-long-mau-ngau-nhien,https://theme.hstatic.net/1000230347/1000782290/14/product-placeholder.png?v=26572
https://thienlong.vn/products/tap-hoc-sinh-96-trang-5-o-ly-vuong-2mm-cham-ke-2-3-100gsm-nb-118-thien-long-mau-ngau-nhien,https://theme.hstatic.net/1000230347/1000782290/14/product-placeholder.png?v=26572
https://thienlong.vn/products/combo-10-tap-hoc-sinh-48-trang-5-o-ly-vuong-2-5mm-cham-ke-2-3-100gsm-nb-116-thien-long-mau-ngau-nhien,https://theme.hstatic.net/1000230347/1000782290/14/product-placeholder.png?v=26572
https://thienlong.vn/products/combo-5-tap-hoc-sinh-48-trang-5-o-ly-vuong-2-5mm-cham-ke-2-3-100gsm-nb-116-thien-long-mau-ngau-nhien,https://theme.hstatic.net/1000230347/1000782290/14/product-placeholder.png?v=26572
https://thienlong.vn/products/combo-10-tap-hoc-sinh-48-trang-5-o-ly-vuong-2-5mm-cham-ke-2-3-120gsm-nb-120-thien-long-mau-ngau-nhien,https://theme.hstatic.net/1000230347/1000782290/14/product-placeholder.png?v=26572
https://thienlong.vn/products/combo-5-tap-hoc-sinh-48-trang-5-o-ly-vuong-2-5mm-cham-ke-2-3-120gsm-nb-120-thien-long-mau-ngau-nhien,https://theme.hstatic.net/1000230347/1000782290/14/product-placeholder.png?v=26572
https://thienlong.vn/products/tap-hoc-sinh-48-trang-5-o-ly-vuong-2-5mm-cham-ke-2-3-100gsm-nb-120-thien-long-mau-ngau-nhien,https://theme.hstatic.net/1000230347/1000782290/14/product-placeholder.png?v=26572
https://thienlong.vn/products/tap-hoc-sinh-48-trang-5-o-ly-vuong-2-5mm-cham-ke-2-3-100gsm-nb-116-thien-long-mau-ngau-nhien,https://theme.hstatic.net/1000230347/1000782290/14/product-placeholder.png?v=26572
https://thienlong.vn/products/tang-02-cuon-combo-10-tap-hoc-sinh-80-trang-4-o-ly-vuong-2-5mm-100gsm-nb-123-thien-long-mau-ngau-nhien,https://cdn.hstatic.net/products/1000230347/artboard_7_copy_3_9e0911ed67d1455d93a29e127a5fe1d7_large.jpg
https://thienlong.vn/products/tang-01-cuon-combo-5-tap-hoc-sinh-80-trang-4-o-ly-vuong-2-5mm-100gsm-nb-123-thien-long-mau-ngau-nhien,https://cdn.hstatic.net/products/1000230347/artboard_7_copy_3_8a1d134c7dbc478ca2a4f4dfd56d9627_large.jpg
https://thienlong.vn/products/tap-hoc-sinh-80-trang-4-o-ly-vuong-2-5mm-100gsm-nb-123-thien-long-mau-ngau-nhien,https://cdn.hstatic.net/products/1000230347/artboard_7_copy_3_b08727a7f0b643eebd61499874636341_large.jpg
https://thienlong.vn/products/tang-02-cuon-combo-10-tap-hoc-sinh-96-trang-4-o-ly-vuong-2mm-100gsm-nb-124-thien-long-mau-ngau-nhien,https://cdn.hstatic.net/products/1000230347/artboard_3_b4be4d51b09b408690f88ff1aa791d8c_large.jpg
https://thienlong.vn/products/tang-01-cuon-combo-5-tap-hoc-sinh-96-trang-4-o-ly-vuong-2mm-100gsm-nb-124-thien-long-mau-ngau-nhien,https://cdn.hstatic.net/products/1000230347/artboard_1_c12763562ae84df7ae2beb11f7853bcd_large.jpg
https://thienlong.vn/products/tap-hoc-sinh-96-trang-4-o-ly-vuong-2-mm-100-gsm-nb-124-thien-long-mau-ngau-nhien,https://cdn.hstatic.net/products/1000230347/artboard_2_c23b5ad04b554f71ae5b5c9f73153a78_large.jpg
https://thienlong.vn/products/cap-chong-gu-strive-thien-long,https://product.hstatic.net/1000230347/product/artboard_6_copy_4ad15ccae6e84d0ab9cbed07e45894c2_large.jpg
https://thienlong.vn/products/cap-chong-gu-thien-long-jungle-dino-glubby,https://product.hstatic.net/1000230347/product/artboard_1_copy_10bf8b498fc446c1a1ba88cb28e97dca_large.jpg
https://thienlong.vn/products/but-chi-bam-thien-long-pc-034-mau-than-ngau-nhien,https://product.hstatic.net/1000230347/product/pc-034_2_d7edd566b6a34581b5d6772e8da9d63e_large.jpg
https://thienlong.vn/products/thuoc-do-do-180-strive-thien-long-sr-035,https://product.hstatic.net/1000230347/product/sr-035_2_341d669682cc48088d74233ae20c5545_large.jpg
https://thienlong.vn/products/compa-pencil-compass-thien-long-c-021-mau-ngau-nhien,https://product.hstatic.net/1000230347/product/c-021_2_a89a84652bf545cf9a70d71fc3cfcd12_large.jpg
https://thienlong.vn/products/thuoc-thang-15cm-ezpik-petite-thien-long-sr-037-mau-ngau-nhien,https://product.hstatic.net/1000230347/product/sr-037_1c753958cc1f45b5bfbbe1cf61a085bf_large.jpg
https://thienlong.vn/products/tui-dung-but-nhan-vat-demon-slayer-thien-long-pca-022-ds,https://product.hstatic.net/1000230347/product/artboard_1_copy_9ee5f0339f424ad387b25b42c9fddc74_large.jpg
https://thienlong.vn/products/combo-10-but-chi-bam-hoshi-thien-long-pc-037-hs-cong-nghe-nhat-ban,https://product.hstatic.net/1000230347/product/artboard_2_copy_3_4c52e5107cd545a5935b938a8592d321_large.jpg
https://thienlong.vn/products/but-chi-bam-hoshi-thien-long-pc-037-hs-cong-nghe-nhat-ban,https://product.hstatic.net/1000230347/product/artboard_2_copy_2c77f9e6662f42c4970f1af047d7e1a3_large.jpg
https://thienlong.vn/products/bang-hoc-sinh-2-mat-nhan-vat-akooland-thien-long-b-023-ak,https://product.hstatic.net/1000230347/product/b-023_ak_2_4ede954f203d4bd39a75937332310a17_large.jpg
https://thienlong.vn/products/combo-10-but-chi-go-nhan-vat-akooland-thien-long-tp-gp021-ak-mau-ngau-nhien,https://product.hstatic.net/1000230347/product/tp-gp021_ak_hop_10_2_25d14e6ab53b4cfaba30899a0cca8dd1_large.jpg
https://thienlong.vn/products/but-chi-go-nhan-vat-akooland-thien-long-tp-gp021-ak-mau-ngau-nhien,https://product.hstatic.net/1000230347/product/tp-gp021_ak_2_a5ef924b392a4b44a8252bc8865d80ed_large.jpg
https://thienlong.vn/products/gom-tay-nhan-vat-akooland-thien-long-tp-e017-ak-mau-ngau-nhien,https://product.hstatic.net/1000230347/product/tp-e017_ak_2_89c9b21539624231bc268195937e3379_large.jpg
https://thienlong.vn/products/combo-10-bia-bao-tap-hoc-sinh-phien-ban-akooland-tp-nbc01-ak,https://product.hstatic.net/1000230347/product/tp-nbc01_ak_3_8a52c3b324f34788bcde283deb33dc40_large.jpg
https://thienlong.vn/products/combo-10-but-chi-go-den-nhan-vat-demon-slayer-thien-long-gp-030-ds-mau-ngau-nhien,https://product.hstatic.net/1000230347/product/artboard_1_copy_7e536d4ea6f44c699d5a4048e46832d1_large.jpg
https://thienlong.vn/products/but-chi-go-den-nhan-vat-demon-slayer-thien-long-gp-030-ds,https://product.hstatic.net/1000230347/product/artboard_7_copy_601f62d0add24420861c6cda1c37bec3_large.jpg
https://thienlong.vn/products/gom-tay-nhan-vat-demon-slayer-thien-long-e-036-ds,https://product.hstatic.net/1000230347/product/artboard_7_fa9ace0346ef46bb88901b4c67ee3fe4_large.jpg
https://thienlong.vn/products/may-tinh-van-phong-thien-long-flexio-cal-011,https://product.hstatic.net/1000230347/product/artboard_1_copy_f7536bcfc2f94ce6a82346a47427bedf_large.jpg
https://thienlong.vn/products/may-tinh-van-phong-thien-long-flexio-cal-010,https://product.hstatic.net/1000230347/product/artboard_1_copy_421e4b512be4446cb676753b12c90d04_large.jpg
https://thienlong.vn/products/may-tinh-van-phong-thien-long-flexio-cal-009,https://product.hstatic.net/1000230347/product/artboard_1_copy_cd75a5af63cf4788ad2104292ec96212_large.jpg
https://thienlong.vn/products/may-tinh-van-phong-thien-long-flexio-cal-008,https://product.hstatic.net/1000230347/product/artboard_18_copy_5f1bba9c910a48d09912b64ddc179ce3_large.jpg
https://thienlong.vn/products/may-tinh-van-phong-thien-long-flexio-cal-007,https://product.hstatic.net/1000230347/product/artboard_1_copy_71f74fac79c8419e8dbbf595640d7d61_large.jpg
https://thienlong.vn/products/may-tinh-khoa-hoc-thien-long-flexio-fx509vn,https://product.hstatic.net/1000230347/product/artboard_1_copy_a8c9d709215c4c6585c2cd8ca198f43f_large.jpg
https://thienlong.vn/products/gom-tay-khong-bui-min-strive-dust-free-thien-long-e-035-chua-ion-bac-khang-khuan,https://product.hstatic.net/1000230347/product/e-035_97cedfd8798d4bc1a3fd2460b9d0d82e_large.jpg
https://thienlong.vn/products/keo-dan-giay-akooland-liquid-glue-thien-long-g-024,https://product.hstatic.net/1000230347/product/g-024_ak_2_41e9fed7d17542f9b6581b134015a111_large.jpg
https://thienlong.vn/products/keo-dan-giay-glubby-liquid-glue-thien-long-g-025,https://product.hstatic.net/1000230347/product/g-025_2_e1937a24c0824c1188dd39add9bbec47_large.jpg
https://thienlong.vn/products/chuot-chi-thien-long-s-022-hinh-meo-so-cute,https://product.hstatic.net/1000230347/product/s-022_2_df68493140d549f5b458a1302d67c1fb_large.jpg
https://thienlong.vn/products/but-chi-bam-thien-long-pc-032-tich-hop-chuot-chi-tren-than-but-mau-than-ngau-nhien,https://product.hstatic.net/1000230347/product/artboard_1_copy_6f85d3b8062c40b2bfce27b939f3ab81_large.jpg
https://thienlong.vn/products/bo-2-but-chi-va-gom-thien-long-bts-022-ak-nhan-vat-akooland-the-gioi-hoc-cu-than-ky-mau-ngau-nhien,https://product.hstatic.net/1000230347/product/bts-022_ak_2_cc5d96bbb936432ca1b7736b14fef237_large.jpg
https://thienlong.vn/products/but-xoa-keo-correction-tape-thien-long-kho-sieu-nhanh-viet-duoc-ngay-sau-khi-xoa,https://product.hstatic.net/1000230347/product/artboard_1_copy_59abe579daed4518be12fce79721f9b9_large.jpg
https://thienlong.vn/products/keo-sua-white-glue-thien-long-g-022-do-dinh-cao,https://product.hstatic.net/1000230347/product/g-022_3_48c36a6a73b14c3da35a58e360100c0c_large.jpg
https://thienlong.vn/products/bang-hoc-sinh-2-mat-thien-long-tp-b09-ak-nhan-vat-akooland-the-gioi-hoc-cu-than-ky,https://product.hstatic.net/1000230347/product/artboard_1_copy_e2532caeb2af48779271de6ad5ff77aa_large.jpg
https://thienlong.vn/products/nhan-vo-thien-long-nhan-vat-akooland-the-gioi-hoc-cu-than-ky,https://product.hstatic.net/1000230347/product/artboard_2_copy_0530e1a77ac24f2d9275662020bcb756_large.jpg
https://thienlong.vn/products/keo-kho-glue-stick-thien-long-g-026-ak-nhan-vat-akooland-the-gioi-hoc-cu-than-ky,https://product.hstatic.net/1000230347/product/artboard_10_copy_b84501a1090f432c80acf18e020c6a43_large.jpg
https://thienlong.vn/products/thuoc-thang-20cm-thien-long-tp-sr011-ak-nhan-vat-akooland-the-gioi-hoc-cu-than-ky,https://product.hstatic.net/1000230347/product/artboard_10_3f3227c1757944b6921bfac245b75998_large.jpg
https://thienlong.vn/products/tap-hoc-sinh-48-trang-4-o-ly-vuong-2-5mm-100gsm-thien-long-akooland-the-gioi-hoc-cu-than-ky,https://product.hstatic.net/1000230347/product/artboard_1_copy_c72fc3c3d5a644099d347a3a836df7a7_large.jpg
https://thienlong.vn/products/tap-hoc-sinh-96-trang-4-o-ly-vuong-2mm-100gsm-thien-long-akooland-the-gioi-hoc-cu-than-ky,https://product.hstatic.net/1000230347/product/artboard_1_copy_eb58e910ccb649a59e904ac2436755a0_large.jpg
https://thienlong.vn/products/cap-chong-gu-akooland-thien-long-dem-mut-day-dan-hon,https://product.hstatic.net/1000230347/product/artboard_1_copy_baab57488b244f3c8fc5415fd0355d62_large.jpg
https://thienlong.vn/products/cap-chong-gu-thien-long-dem-mut-day-dan-hon,https://product.hstatic.net/1000230347/product/artboard_1_copy_f3acc823929649c6982b34daac0e89d2_large.jpg
https://thienlong.vn/products/but-chi-bam-thien-long-pc-029-tich-hop-chuot-chi-tren-than-but-mau-than-ngau-nhien,https://product.hstatic.net/1000230347/product/artboard_1_copy_bef3341c85194f4cbb2da21060caa041_large.jpg
https://thienlong.vn/products/but-chi-bam-thien-long-pc-030,https://product.hstatic.net/1000230347/product/artboard_1_copy_835c60a061e048afbea66ffeba9fbf4e_large.jpg
https://thienlong.vn/products/bo-02-luoi-chuot-thien-long-flexio-ser-001-dung-cho-may-chuot-tu-dong-se-001,https://product.hstatic.net/1000230347/product/artboard_1_copy_742e1111f0df47499c511665684adbf4_large.jpg
https://thienlong.vn/products/may-hut-bui-mini-thien-long-flexio-mve-001-khong-bao-gom-pin,https://product.hstatic.net/1000230347/product/artboard_6_copy_fcf05a1ae9bc4da8bac714cf33b92c88_large.jpg
https://thienlong.vn/products/may-chuot-chi-tu-dong-thien-long-flexio-se-001-khong-bao-gom-pin,https://product.hstatic.net/1000230347/product/artboard_2_copy_404474c068934094a1ca388d4f5a79b1_large.jpg
https://thienlong.vn/products/loi-ruot-gom-thien-long-flexio-eer-009-dung-cho-gom-dien-tu-dong-ee-001,https://product.hstatic.net/1000230347/product/artboard_2_75753b8d885c4848b74b633fabca06b7_large.jpg
https://thienlong.vn/products/gom-dien-tu-dong-thien-long-flexio-ee-001-khong-bao-gom-pin,https://product.hstatic.net/1000230347/product/artboard_1_copy_944254baf7d04b25b99ca485ac2e78eb_large.jpg
https://thienlong.vn/products/but-xoa-nuoc-thien-long-cp-015,https://product.hstatic.net/1000230347/product/img_9577_cfcc94c142284b819e3a0b42c3e8dbe3_large.jpg
https://thienlong.vn/products/but-xoa-nuoc-thien-long-cp-012,https://product.hstatic.net/1000230347/product/img_9559_e3b6f76e3b6142129c8cd007fb942f71_large.jpg
https://thienlong.vn/products/keo-hoc-sinh-tro-luc-thien-long-sc-024,https://product.hstatic.net/1000230347/product/sc-024_2_06759d4d3aed40d3b2e22b122f589e5c_large.jpg
https://thienlong.vn/products/keo-hoc-sinh-tro-luc-thien-long-sc-023,https://product.hstatic.net/1000230347/product/sc-023_1c5f25e72fdf412d977a58a3a4801ce9_large.jpg
https://thienlong.vn/products/combo-dung-cu-hoc-tap-the-hien-ca-tinh-tone-xanh-la-tuoi-mat-07-mon,https://product.hstatic.net/1000230347/product/artboard_2_f7e055822cd24790a842594e00503922_large.png
https://thienlong.vn/products/combo-dung-cu-hoc-tap-the-hien-ca-tinh-tone-xanh-pastel-diu-mat-08-mon,https://product.hstatic.net/1000230347/product/artboard_2_a472e8a7dfa84b98b18f5cd1f242de41_large.png
https://thienlong.vn/products/combo-dung-cu-hoc-tap-the-hien-ca-tinh-tone-tim-pastel-08-mon,https://product.hstatic.net/1000230347/product/1__1__7403ce53851447b3b85b7ab4c15c921d_large.jpg
https://thienlong.vn/products/bo-dung-cu-hoc-tap-the-hien-ca-tinh-tone-hong-ngot-ngao-08-mon,https://product.hstatic.net/1000230347/product/1_559c6278c6f44af8a9c606db455d1964_large.jpg
https://thienlong.vn/products/combo-10-tap-hoc-sinh-thien-long-diem-10-tp-nb-053,https://product.hstatic.net/1000230347/product/tp-nb053_copy_bf1dc81d14f049a2b6a65b905f0c0190_38b3adff3dde4cc986f7a7338bddf9a3_large.jpg
https://thienlong.vn/products/combo-10-tap-hoc-sinh-96-trang-thien-long-diem-10-nb-061,https://product.hstatic.net/1000230347/product/tp-nb061_copy_30a61a42e788405285663591eca89dad_920c63a6d7a34d87b8bb5f44b52fb986_large.jpg
https://thienlong.vn/products/combo-10-tap-hoc-sinh-200-trang-thien-long-diem-10-nb-049,https://product.hstatic.net/1000230347/product/453sa_00198d8d576f4293b16352894ce42383_large.jpg
https://thienlong.vn/products/combo-5-tap-hoc-sinh-thien-long-diem-10-tp-nb-053,https://product.hstatic.net/1000230347/product/tp-nb053_copy_bf1dc81d14f049a2b6a65b905f0c0190_5da42ffccc2d4cdd84dad41122608287_large.jpg
https://thienlong.vn/products/combo-5-tap-hoc-sinh-96-trang-thien-long-diem-10-nb-061,https://product.hstatic.net/1000230347/product/tp-nb061_copy_30a61a42e788405285663591eca89dad_7f99e5db1bac44adb6f716c41d072cf1_large.jpg
https://thienlong.vn/products/combo-5-tap-hoc-sinh-200-trang-thien-long-diem-10-nb-049,https://product.hstatic.net/1000230347/product/453sa_4ee0af599fee4bf8b4f8929ba90bde82_large.jpg
https://thienlong.vn/products/gom-tay-nhan-vat-hoat-hinh-cong-chua-ariel-disney-thien-long-e-033-pr,https://product.hstatic.net/1000230347/product/e-033pr_4_8ae0fceb1f0f48048e14ea98769362b6_large.jpg
https://thienlong.vn/products/gom-tay-nhan-vat-hoat-hinh-gau-pooh-disney-thien-long-e-032-po,https://product.hstatic.net/1000230347/product/e-032po_3_b6310d11c2fe400a9135b32f6a28bd72_large.jpg
https://thienlong.vn/products/bia-bao-tap-sinh-vien-thien-long-nbc-005,https://product.hstatic.net/1000230347/product/2_9d9044525aa44c47a6340ffcca8a4476_large.jpg
https://thienlong.vn/products/may-tinh-khoa-hoc-thien-long-flexio-fx799vn,https://cdn.hstatic.net/products/1000230347/artboard_11_copy_2_e2099ccf024d4fa4bbde7f5616d2eb7d_large.jpg
https://thienlong.vn/products/may-tinh-khoa-hoc-thien-long-flexio-fx680vn-plus,https://product.hstatic.net/1000230347/product/artboard_1_4efe0ebd3d744573be49308429df7ac5_large.jpg
https://thienlong.vn/products/gom-tay-creativ-thien-long-e-031-tieu-chuan-chau-au,https://product.hstatic.net/1000230347/product/banner_6_5bb43f7d3e944e32848dec0af722c7b6_large.jpg
https://thienlong.vn/products/but-chi-go-2b-thien-long-gp-027,https://product.hstatic.net/1000230347/product/421s_c04cd707420d48639c28985f8064b384_large.jpg
https://thienlong.vn/products/tap-hoc-sinh-120-trang-dong-ke-ngang-60-gsm-thien-long-nb-096-hinh-ngau-nhien,https://product.hstatic.net/1000230347/product/new18_9f33be3428a44381b053291e8674bc64_large.jpg
https://thienlong.vn/products/thuoc-nhua-thang-mau-pastel-dai-20-cm-thien-long-sr-010,https://product.hstatic.net/1000230347/product/artboard_1_copy_9f29e76219704e838ade99015e7921b8_large.jpg
https://thienlong.vn/products/gom-tay-khong-mui-pastel-pazto-thien-long-e-010,https://product.hstatic.net/1000230347/product/l_c7e685e1c5c145558b0515ceca24c372_large.jpg
https://thienlong.vn/products/giay-kiem-tra-thien-long-diem-10-tp-gkt07-4-o-ly-vuong,https://product.hstatic.net/1000230347/product/a63_3409c3fcda3d4e108b17d2945eafe656_large.jpg
https://thienlong.vn/products/combo-5-but-chi-bam-diem-10-tp-pc01,https://product.hstatic.net/1000230347/product/sd24_a3f86f64ebca4b65a59ec1ecbcc94a61_large.jpg
https://thienlong.vn/products/combo-5-but-chi-go-diem-10-tp-gp015,https://product.hstatic.net/1000230347/product/342sdfsa_e4659b1254f64d90a5263162373cd476_large.jpg
https://thienlong.vn/products/combo-5-but-chi-go-2b-flexoffice-fo-gp06-vn,https://product.hstatic.net/1000230347/product/new19_4f55161113f9482bb349606cfb303be3_large.jpg
https://thienlong.vn/products/combo-5-but-chi-go-hb-flexoffice-fo-gp07-vn,https://product.hstatic.net/1000230347/product/but_chi_go_hb_flexoffice_fo-gp07_vn_2b94338700c64a18934e09a4817c0243_0902f44b86f249b2bc8c1f4bb35f5de5_large.jpg
https://thienlong.vn/products/combo-5-but-chi-go-thien-long-gp-018,https://product.hstatic.net/1000230347/product/but_chi_go_thien_long_gp-018_3e8a5903454f44ef855dfac3978d4ecd_e0d94bd7dda543a2ad86f54bb0d298a9_large.jpg
https://thienlong.vn/products/combo-5-but-chi-go-hb-flexoffice-fo-gp03,https://product.hstatic.net/1000230347/product/but_chi_go_hb_flexoffice_fo-gp03_45b099f8ac0649de9ac67b9409b4cbaf_c0b307c0e52c469c9665f29ce996a814_large.jpg
https://thienlong.vn/products/combo-5-but-chi-my-thuat-thien-long-5b-gp-024,https://product.hstatic.net/1000230347/product/new20_92e42a96f8904c8995786d5522f42b9b_large.jpg
https://thienlong.vn/products/but-chi-bam-mechanical-thien-long-pc-003-2mm,https://product.hstatic.net/1000230347/product/artboard_1_copy_c1db3359d39e4c0494998b77123be282_large.jpg
https://thienlong.vn/products/but-chi-go-thien-long-diem-10-2b-tp-gp009-do,https://product.hstatic.net/1000230347/product/artboard_2_copy_e97f5aa4ec3145b38997e4287e078a21_large.jpg
https://thienlong.vn/products/giay-kiem-tra-thien-long-diem-10-tp-gkt08-5-o-ly-vuong-1,https://product.hstatic.net/1000230347/product/a64_426cef88b88247e7b1c44948211029c0_large.jpg
https://thienlong.vn/products/keo-da-nang-502-thien-long-flexoffice-fo-sg001-vn,https://product.hstatic.net/1000230347/product/a57_8b7a6696272f44c7b7bddda8cfed0117_large.jpg
https://thienlong.vn/products/giay-kiem-tra-thien-long-diem-10-tp-gkt09-4-o-ly-ngang,https://product.hstatic.net/1000230347/product/a65_61d869b795f046f1a16b9f09c84fc09e_large.jpg
https://thienlong.vn/products/giay-kiem-tra-thien-long-diem-10-tp-gkt06-dong-ke-ngang,https://product.hstatic.net/1000230347/product/a66_4d18b5305ba64e73a619fbd7985ee0f1_large.jpg
https://thienlong.vn/products/giay-kiem-tra-thien-long-diem-10-tp-gkt05-dong-ke-ngang-7mm,https://product.hstatic.net/1000230347/product/a67_62297581353a48fb931f64cac548c683_large.jpg
https://thienlong.vn/products/thuoc-thang-thien-long-diem-10-tp-sr032-15cm,https://product.hstatic.net/1000230347/product/65sf_c4cadc17f4c14ebe9f9c6635a76e6855_large.jpg
https://thienlong.vn/products/bang-2-mat-hoc-toan-va-tieng-viet-theo-chuong-trinh-bo-sach-giao-khoa-chan-troi-sang-tao-tp-b018-plus,https://product.hstatic.net/1000230347/product/654sfh_700d6261f2f64aa7af12923c52592a32_large.jpg
https://thienlong.vn/products/combo-10-cuon-tap-hoc-sinh-48-trang-diem-10-tp-nb100-hinh-ngau-nhien,https://product.hstatic.net/1000230347/product/5asfg_e326d4c8995242b5b88437176ec8db78_large.jpg
https://thienlong.vn/products/combo-5-cuon-tap-hoc-sinh-48-trang-diem-10-tp-nb100-hinh-ngau-nhien,https://product.hstatic.net/1000230347/product/5asfg_d0339a251b71420185de27910900167a_large.jpg
https://thienlong.vn/products/combo-10-cuon-tap-hoc-sinh-96-trang-diem-10-tp-nb039-hinh-ngau-nhien,https://product.hstatic.net/1000230347/product/tp-nb039_copy_x10_b0b94ae355464bab8c0759a97d89ed1a_large.jpg
https://thienlong.vn/products/combo-5-cuon-tap-hoc-sinh-96-trang-diem-10-tp-nb039-hinh-ngau-nhien,https://product.hstatic.net/1000230347/product/tp-nb039_copy_x5_73854f450f0b4965b7e8380bdaa2c381_large.jpg
https://thienlong.vn/products/combo-10-cuon-tap-hoc-sinh-96-trang-diem-10-tp-nb044-hinh-ngau-nhien,https://product.hstatic.net/1000230347/product/tp-nb044_x10_23b3c56a1daa47789b4a69325e1f4819_large.jpg
https://thienlong.vn/products/combo-5-cuon-tap-hoc-sinh-96-trang-diem-10-tp-nb044-hinh-ngau-nhien,https://product.hstatic.net/1000230347/product/tp-nb044_x5_996e2887b877410ab1283fa4a809f94d_large.jpg
https://thienlong.vn/products/combo-10-cuon-tap-hoc-sinh-96-trang-diem-10-tp-nb072-hinh-ngau-nhien,https://product.hstatic.net/1000230347/product/tp-nb072_copy_x10_8c90dd006b9f4fa2a91ff50da4d3e0d0_large.jpg
https://thienlong.vn/products/combo-5-cuon-tap-hoc-sinh-96-trang-diem-10-tp-nb072-hinh-ngau-nhien,https://product.hstatic.net/1000230347/product/tp-nb072_copy_x5_8d5a984cea744aa39e5240213083aa75_large.jpg
https://thienlong.vn/products/combo-10-cuon-tap-hoc-sinh-72-trang-diem-10-nb-081-hinh-ngau-nhien,https://product.hstatic.net/1000230347/product/6ersd_b110f8f8e9114fcda8bb10aa275b2fca_large.jpg
https://thienlong.vn/products/combo-5-cuon-tap-hoc-sinh-72-trang-diem-10-nb-081-hinh-ngau-nhien,https://product.hstatic.net/1000230347/product/645ds_cd5e126a38294881853a5b38ee5b748f_large.jpg
https://thienlong.vn/products/combo-10-cuon-tap-hoc-sinh-96-trang-diem-10-tp-nb028-hinh-ngau-nhien,https://product.hstatic.net/1000230347/product/tp-nb028_copy_x10_a85c36f51ebd4e92b9ad84abb8406db3_large.jpg
https://thienlong.vn/products/combo-5-cuon-tap-hoc-sinh-96-trang-diem-10-tp-nb028-hinh-ngau-nhien,https://product.hstatic.net/1000230347/product/tp-nb028_copy_x5_82f9aa79789647a7a35dcacc0bb5cd24_large.jpg
https://thienlong.vn/products/combo-10-cuon-tap-hoc-sinh-96-trang-diem-10-tp-nb048-hinh-ngau-nhien,https://product.hstatic.net/1000230347/product/tp-nb048_copy_1e06f44d29df4d13a3_00908129cc1f4513b217295ae4974d9a_large.jpg
https://thienlong.vn/products/combo-5-cuon-tap-hoc-sinh-96-trang-diem-10-tp-nb048-hinh-ngau-nhien,https://product.hstatic.net/1000230347/product/tp-nb048_copy_1e06f44d29df4d13a3_f15e843af44549d4824b1113d9a40bb2_large.jpg
https://thienlong.vn/products/nhan-vo-thien-long-diem-10-tp-nbl006,https://product.hstatic.net/1000230347/product/a68_d341c5b1be8a4a10a0fa497b824d5e84_large.jpg
https://thienlong.vn/products/nhan-vo-thien-long-diem-10-tp-nbl005,https://product.hstatic.net/1000230347/product/a69_19b638fc74f74164beaa5b4bbabcd21b_large.jpg
https://thienlong.vn/products/bang-2-mat-hoc-toan-va-tieng-viet-theo-chuong-trinh-bo-sach-giao-khoa-chan-troi-sang-tao-tp-b018,https://product.hstatic.net/1000230347/product/654sfh_6e9c122872484b17aa077c524ac1d926_large.jpg
https://thienlong.vn/products/but-chi-khuc-thien-long-diem-10-tp-pc005-loi-chac-chan-net-dam-it-bot-chi,https://product.hstatic.net/1000230347/product/c_13935bdfff994aff9cb0c488c220494c_large.jpg
https://thienlong.vn/products/but-chi-bam-neon-thien-long-colokit-pc-c002,https://product.hstatic.net/1000230347/product/artboard_1_copy_472c9ba38a7c46369b92e74e05840c26_large.jpg
https://thienlong.vn/products/compa-thien-long-c-015,https://product.hstatic.net/1000230347/product/a3_f9a69fe207df4a66b1c1262ddd1d6586_large.jpg
https://thienlong.vn/products/bang-hoc-sinh-4-o-ly-mondee-thien-long-diem-10-tp-b022,https://product.hstatic.net/1000230347/product/75df_c19f71f40f704a31bca18c6d86318ce0_large.jpg
https://thienlong.vn/products/bang-hoc-sinh-5-o-ly-mondee-thien-long-diem-10-tp-b021,https://product.hstatic.net/1000230347/product/734fs_3d7c9774226c4887baa1a48950a07df0_large.jpg
https://thienlong.vn/products/compa-thien-long-c-017,https://product.hstatic.net/1000230347/product/65434_b5678109526e4df880c68d2d5865cc08_large.jpg
https://thienlong.vn/products/compa-thien-long-c-016,https://product.hstatic.net/1000230347/product/a5_36ffdfe1a46c4495a038b77e661f87ae_large.jpg
https://thienlong.vn/products/compa-thien-long-c-018,https://product.hstatic.net/1000230347/product/a4_899c177c85694aebbcd1912867ca5fd9_large.jpg
https://thienlong.vn/products/giay-kiem-tra-thien-long-diem-10-tp-gkt15-ke-ngang,https://product.hstatic.net/1000230347/product/a70_ee8716bb73a04dc48db4da1b4231eb94_large.jpg
https://thienlong.vn/products/giay-kiem-tra-thien-long-diem-10-tp-gkt12-4-oly-vuong,https://product.hstatic.net/1000230347/product/new21_708717a0252b4f3dac5cfa818b8b51a9_large.jpg
https://thienlong.vn/products/gom-black-and-pink-thien-long-e-011,https://product.hstatic.net/1000230347/product/m_695c563c465646e0aea5c779e518d64e_large.jpg
https://thienlong.vn/products/keo-kho-colokit-trang-g-c011,https://product.hstatic.net/1000230347/product/a54_deda9b46572d4562a5eff9c7d72df06e_large.jpg
https://thienlong.vn/products/keo-kho-flexoffice-trang-fo-g005,https://product.hstatic.net/1000230347/product/a51_6bf968a9287d4c35838e3dcf1f08361c_large.jpg
https://thienlong.vn/products/keo-kho-colokit-tim-doi-mau-trong-suot-g-c008,https://product.hstatic.net/1000230347/product/a52_b581b45f7c314803bfa3cf9249b4169c_large.jpg
https://thienlong.vn/products/giay-thu-cong-colokit-gtc-c006-12-mau-kho-lon,https://product.hstatic.net/1000230347/product/a62_c4387d9007c946b4b7128f4b133d4b5d_large.jpg
https://thienlong.vn/products/bo-compa-diem-10-mten-tp-c019,https://product.hstatic.net/1000230347/product/42fhfgh_6dde8a2488d142bd98855319ad6393f6_large.jpg
https://thienlong.vn/products/bo-compa-thien-long-y-c-020,https://product.hstatic.net/1000230347/product/a2_8fcabfa44038460a927f779a32882256_large.jpg
https://thienlong.vn/products/but-chi-go-thien-long-hb-gp-026,https://product.hstatic.net/1000230347/product/4324sfs_52ad1ea89d1346cfbc29668b2d577c76_large.jpg
https://thienlong.vn/products/but-chi-go-2b-gp-c003,https://product.hstatic.net/1000230347/product/1_94d8bb62a7604d1fb5a16d852c68077c_large.jpg
https://thienlong.vn/products/giay-goi-qua-thien-long-70x50cm-phu-mo-ggq-004,https://product.hstatic.net/1000230347/product/ggq-004_copy_7f78132defae4718bcbb08772fbf12db_large.jpg
https://thienlong.vn/products/giay-goi-qua-thien-long-70x50cm-phu-bong-ggq-003,https://product.hstatic.net/1000230347/product/ggq-003_2_copy_7c75e53816534dd5bb71ebfb158eb9a0_large.jpg
https://thienlong.vn/products/keo-hoc-sinh-panda-diem-10-tp-sc02,https://product.hstatic.net/1000230347/product/a61_6aca47d9ba47456da165156d6214f960_large.jpg
https://thienlong.vn/products/keo-hoc-sinh-co-nap-day-diem-10-tp-sc01,https://product.hstatic.net/1000230347/product/a60_c7514ebe488249ec8d2c1fdc8e745cd6_large.jpg
https://thienlong.vn/products/but-chi-go-diem-10-tp-gp06,https://product.hstatic.net/1000230347/product/e_534e9566cd6e4fd78c0ecc868150e8ea_large.jpg
https://thienlong.vn/products/but-chi-go-diem-10-tp-gp05,https://product.hstatic.net/1000230347/product/artboard_3_copy_ce60d954356e49b68c63884227360b4c_large.jpg
https://thienlong.vn/products/chuot-chi-may-bay-thien-long-s-021,https://product.hstatic.net/1000230347/product/p_5bfebada006c4b5487728abec4ffacfd_large.jpg
https://thienlong.vn/products/chuot-chi-thien-long-dia-bay-s-019,https://product.hstatic.net/1000230347/product/q_ff9aaeb9096b41fb9d0eed2c9fbe5d29_large.jpg
https://thienlong.vn/products/chuot-chi-phi-thuyen-thien-long-s-018,https://product.hstatic.net/1000230347/product/new22_f04f0788a4fb485e9b569fce5286913c_large.jpg
https://thienlong.vn/products/hop-but-diem-10-tp-pca016,https://product.hstatic.net/1000230347/product/432hfas_81791aa0e56840dc8511ebd5796559a6_large.jpg
https://thienlong.vn/products/but-chi-go-2b-colokit-gp-c01,https://product.hstatic.net/1000230347/product/h_88c0bcaf7a8249d98b99958d49b5a28d_large.jpg
https://thienlong.vn/products/gom-thien-long-hi-polymer-e-030,https://product.hstatic.net/1000230347/product/n_a1c21fc1561f42659769f6f349a9b3ed_large.jpg
https://thienlong.vn/products/chuot-chi-hinh-nam-diem-10-tp-s020,https://product.hstatic.net/1000230347/product/r_2b11dc5256b248d6ac600f88bb13cfc2_large.jpg
https://thienlong.vn/products/chuot-chi-chiec-la-diem-10-tp-s021,https://product.hstatic.net/1000230347/product/s_0c54b990ca8d426fb877bc203273de05_large.jpg
https://thienlong.vn/products/thuoc-thang-thien-long-30-cm-sr-031,https://product.hstatic.net/1000230347/product/325asd_c6c9164492504bec92e3ea7999b45065_large.jpg
https://thienlong.vn/products/but-chi-go-diem-10-tp-gp08,https://product.hstatic.net/1000230347/product/i_4a9a6f8a823141e08750c80002d40b75_large.jpg
https://thienlong.vn/products/but-chi-go-diem-10-tp-gp015,https://product.hstatic.net/1000230347/product/mtsp_but_chi_tp-gp015-9_cbaa70e1dd4e4f3cb0f84bd4f6a101a7_large.jpg
https://thienlong.vn/products/bo-keo-thu-cong-colokit-sc-c05,https://product.hstatic.net/1000230347/product/artboard_1_copy_03214719a9c94fa38b17c8755c4954f3_large.jpg
https://thienlong.vn/products/keo-hoc-sinh-keo-ngot-colokit-sc-c04,https://product.hstatic.net/1000230347/product/a59_5bab74b6b1c34b7da5b2855536dd46ae_large.jpg
https://thienlong.vn/products/tap-hoc-sinh-diem-10-nb-095-hinh-ngau-nhien,https://product.hstatic.net/1000230347/product/645ret_067853725b2d459388d4a2dd929c7927_large.jpg
https://thienlong.vn/products/hop-but-sp-tp-pca019-mr,https://product.hstatic.net/1000230347/product/4asf_34983fe1f6294739a69afcbec51acaff_large.jpg
https://thienlong.vn/products/but-chi-go-hb-flexoffice-fo-gp07-vn,https://product.hstatic.net/1000230347/product/fo-gp07-01_d10df6d618cf41f18ad7f1001ff08319_large.jpg
https://thienlong.vn/products/but-chi-go-2b-flexoffice-fo-gp06-vn,https://product.hstatic.net/1000230347/product/fo-gp06-01_cacfb13a41fe459c9f7cf3d6534ea23f_large.jpg
https://thienlong.vn/products/gom-khang-khuan-tp-e029,https://product.hstatic.net/1000230347/product/gom_tp-e029__30__2ccf833c2376478389e4887c7ef15afb_large.jpg
https://thienlong.vn/products/giay-thu-cong-gtc-c003-12-mau-kho-lon,https://product.hstatic.net/1000230347/product/abl_0464_fb6ba0bb872f4253a0b9cc5779a88b41_large.jpg
https://thienlong.vn/products/giay-thu-cong-gtc-c002-12-mau-kho-vua,https://product.hstatic.net/1000230347/product/abl_0468_2cc4a0c8990a4ed0a537227c63d2d519_large.jpg
https://thienlong.vn/products/compa-mten-diem-10-tp-c012-tstt4-e,https://product.hstatic.net/1000230347/product/compa_tp-c012-05_grande_078bfcab258744beb1843b4211c495fd_large.jpg
https://thienlong.vn/products/but-chi-bam-thien-long-pc-024,https://product.hstatic.net/1000230347/product/daa_3274e0a355114ad99e2598b6f772419f_large.jpg
https://thienlong.vn/products/giay-kiem-tra-diem-10-tp-gkt011-5-oly,https://product.hstatic.net/1000230347/product/mo_ta_fa_giay_kiem_tra-1_3dcb41b78be74c34bb2be0fc8e747de4_large.jpg
https://thienlong.vn/products/but-chi-bam-diem-10-tp-pc01,https://product.hstatic.net/1000230347/product/artboard_1_copy_1c466219869145068290ba6b1762b45b_large.jpg
https://thienlong.vn/products/but-chi-my-thuat-thien-long-6b-gp-025,https://product.hstatic.net/1000230347/product/42f_7c6164f1a0b6422c86b5c76288ef4099_large.jpg
https://thienlong.vn/products/but-chi-my-thuat-thien-long-5b-gp-024,https://product.hstatic.net/1000230347/product/untitled-das1_64eb9325189d47f0a77d42eb9907c5fa_large.jpg
https://thienlong.vn/products/but-chi-my-thuat-thien-long-4b-gp-023,https://product.hstatic.net/1000230347/product/432_4765945174274be98dd00fdf64d86330_large.jpg
https://thienlong.vn/products/but-chi-my-thuat-thien-long-3b-gp-022,https://product.hstatic.net/1000230347/product/adfdsf_15a97ce17b494b9193c2836313e72b76_large.jpg
https://thienlong.vn/products/but-xoa-flexoffice-fo-cp02-vn,https://product.hstatic.net/1000230347/product/img_9447_12ea912dd46e4e45b6319d6e4683f11a_large.jpg
https://thienlong.vn/products/keo-hoc-sinh-colokit-sc-c03,https://product.hstatic.net/1000230347/product/sc-c03__5__901a77e7510647a28977383d78bedc4a_large.jpg
https://thienlong.vn/products/but-chi-go-hb-flexoffice-fo-gp03,https://product.hstatic.net/1000230347/product/new2_d7f780f9bc2c40a8a71b86ee9073c4a2_large.jpg
https://thienlong.vn/products/bang-bo-diem-10-babora-tp-b020,https://product.hstatic.net/1000230347/product/bang_bo_tp-b020-02_73c0c29541274e0d86d25875f8cd0d85_large.jpg
https://thienlong.vn/products/gom-flexoffice-fo-e04,https://product.hstatic.net/1000230347/product/gom_fo-e04-04_7916a660667a4ea088bff1cc8f257198_large.jpg
https://thienlong.vn/products/but-chi-go-cao-cap-bizner-biz-p03,https://product.hstatic.net/1000230347/product/j_246c932c75da4fe6aa13e44e2ebfbbde_large.jpg
https://thienlong.vn/products/gom-flexoffice-fo-e05,https://product.hstatic.net/1000230347/product/gom_fo-e05_-_01_5805a669ce244087abf3d76e64a2d9e2_large.jpg
https://thienlong.vn/products/chuot-chi-diem-10-tp-s018,https://product.hstatic.net/1000230347/product/chuot_chi_fa-8_39bba369229e40f9815bf1323d8f7009_large.jpg
https://thienlong.vn/products/keo-van-phong-diem-10-sc-016,https://product.hstatic.net/1000230347/product/sc-016_2b070a34929d4710bb44b6ddc31dbe22_large.jpg
https://thienlong.vn/products/bia-bao-sach-diem-10-tp-bc01,https://product.hstatic.net/1000230347/product/5432sdf_1405e6d0466e475e858ed10bfec0e549_large.jpg
https://thienlong.vn/products/but-xoa-diem-10-tp-cp01,https://product.hstatic.net/1000230347/product/but_xoa_tp_cp01_01_a4d224cc811d4432b899ad2de79f2aa1_large.jpg
https://thienlong.vn/products/cap-hoc-them-diem-10-doraemon-tp-df01-do,https://product.hstatic.net/1000230347/product/c_p_h_c_sinh_tp-df01do__1__large.png
https://thienlong.vn/products/hop-but-diem-10-tp-pca012-do,https://product.hstatic.net/1000230347/product/tp-pca012do__2__large.png
https://thienlong.vn/products/chuot-chi-diem-10-tp-s019,https://product.hstatic.net/1000230347/product/tp-s019__21__large.png
https://thienlong.vn/products/nhan-vo-diem-10-tp-nbl03-5-xap-8-cai-xap,https://product.hstatic.net/1000230347/product/tp-nbl03_-1_large.jpg
https://thienlong.vn/products/nhan-vo-diem-10-tp-nbl02,https://product.hstatic.net/1000230347/product/tp-nbl02_1_large.jpg
https://thienlong.vn/products/nhan-vo-diem-10-tp-nbl01-4-xap-3-cai-xap,https://product.hstatic.net/1000230347/product/432dfsd_6b083a6728864c5299a3ba8db2558896_large.jpg
https://thienlong.vn/products/giay-kiem-tra-diem-10-tp-gkt04-5-o-ly-vuong,https://product.hstatic.net/1000230347/product/giay_kiem_tra_tp-gtk04_-03_large.jpg
https://thienlong.vn/products/giay-kiem-tra-diem-10-tp-gkt02-4-o-ly-vuong,https://product.hstatic.net/1000230347/product/giay_kiem_tra_tp-gtk02_-04_large.jpg
https://thienlong.vn/products/giay-kiem-tra-diem-10-tp-gkt01-4-o-ly-vuong,https://product.hstatic.net/1000230347/product/giay_kiem_tra_tp-gtk01_-05_large.jpg
https://thienlong.vn/products/gom-diem-10-tp-e022,https://product.hstatic.net/1000230347/product/g_m_tp-e022-04_large.jpg
https://thienlong.vn/products/compa-mten-diem-10-tp-c012,https://product.hstatic.net/1000230347/product/compa_tp-c012-01_large.jpg
https://thienlong.vn/products/compa-y-thien-long-tl-c01-compass-y-c-014,https://product.hstatic.net/1000230347/product/compa_y_c-014-03_large.jpg
https://thienlong.vn/products/tap-hoc-sinh-thien-long-diem-10-tp-nb101,https://product.hstatic.net/1000230347/product/tp-nb101_a966071400ee429ab94da96da63d9883_large.jpg
https://thienlong.vn/products/tap-hoc-sinh-thien-long-diem-10-tp-nb100,https://product.hstatic.net/1000230347/product/5asfg_6755613929494a3e810d796a15cbd24c_large.jpg
https://thienlong.vn/products/chuot-chi-thien-long-diem-10-tp-s017,https://product.hstatic.net/1000230347/product/mtsp_chuotchi_tp-s017_fa-51_large.jpg
https://thienlong.vn/products/chuot-chi-thien-long-diem-10-tp-s016,https://product.hstatic.net/1000230347/product/5.1_large.jpg
https://thienlong.vn/products/bang-bo-thien-long-diem-10-b-015-do,https://product.hstatic.net/1000230347/product/bang_bo_b-015do_t40__1__large.jpg
https://thienlong.vn/products/bang-bo-thien-long-diem-10-b-09,https://product.hstatic.net/1000230347/product/bang_bo_b-09__1__large.jpg
https://thienlong.vn/products/gom-thien-long-flexoffice-fo-e02,https://product.hstatic.net/1000230347/product/gom_thien_long_-_flexoffice_fo-e02__6__large.jpg
https://thienlong.vn/products/thuoc-thang-thien-long-flexoffice-fo-sr02,https://product.hstatic.net/1000230347/product/thuoc_thang_thien_long_-_flexoffice_fo-sr02__1__large.jpg
https://thienlong.vn/products/thuoc-thang-thien-long-flexoffice-fo-sr01,https://product.hstatic.net/1000230347/product/432fgaf_06cb2434cdbd42a5bd215a04df1c1d4c_large.jpg
https://thienlong.vn/products/hop-viet-thien-long-diem-10-doraemon-pca-011-do,https://product.hstatic.net/1000230347/product/hop_viet_thien_long_-_diem_10_pca-011-do__5__large.jpg
https://thienlong.vn/products/hop-viet-thien-long-diem-10-doraemon-pca08-do,https://product.hstatic.net/1000230347/product/53ds_45d2cd2a84b9486b85eea02741a3fb7a_large.jpg
https://thienlong.vn/products/tap-hoc-sinh-thien-long-diem-10-nb-076,https://product.hstatic.net/1000230347/product/tp-nb076_1e66d4cf121840f296a74b655101d96b_large.jpg
https://thienlong.vn/products/tap-hoc-sinh-48-trang-thien-long-diem-10-nb-068,https://product.hstatic.net/1000230347/product/tap_hoc_sinh_thien_long_-__diem_10_nb-068__1__large.jpg
https://thienlong.vn/products/tap-hoc-sinh-96-trang-thien-long-diem-10-nb-061,https://product.hstatic.net/1000230347/product/tp-nb061_copy_30a61a42e788405285663591eca89dad_large.jpg
https://thienlong.vn/products/tap-hoc-sinh-96-trang-thien-long-diem-10-tp-nb-074,https://product.hstatic.net/1000230347/product/new24_fc6986a266304e358ba4405bb673f8da_large.jpg
https://thienlong.vn/products/tap-hoc-sinh-96-trang-thien-long-diem-10-nb-057,https://product.hstatic.net/1000230347/product/nb-057_copy_dc7fc57fcf5d486794e870dc78e528ac_large.jpg
https://thienlong.vn/products/tap-hoc-sinh-thien-long-diem-10-tp-nb-053,https://product.hstatic.net/1000230347/product/tp-nb053_copy_bf1dc81d14f049a2b6a65b905f0c0190_large.jpg
https://thienlong.vn/products/tap-hoc-sinh-200-trang-thien-long-diem-10-nb-049,https://product.hstatic.net/1000230347/product/453sa_bd80344fd9774f0cade24c12f98b4e20_large.jpg
https://thienlong.vn/products/tap-hoc-sinh-96-trang-thien-long-diem-10-tp-nb-048,https://product.hstatic.net/1000230347/product/tp-nb048_copy_1e06f44d29df4d13a3dd13237ab858b8_large.jpg
https://thienlong.vn/products/tap-hoc-sinh-96-trang-thien-long-diem-10-tp-nb-044,https://product.hstatic.net/1000230347/product/tp-nb044_copy_c92582b8be2a464095796c5768fbd026_large.jpg
https://thienlong.vn/products/tap-hoc-sinh-120-trang-thien-long-diem-10-nb-083,https://product.hstatic.net/1000230347/product/tap_hoc_sinh_thien_long_-__diem_10_nb-083__1__large.jpg
https://thienlong.vn/products/tap-hoc-sinh-72-trang-thien-long-diem-10-tp-nb-081,https://product.hstatic.net/1000230347/product/543fd_61c17a39ce8c4b1c8ad6346ef4656855_large.jpg
https://thienlong.vn/products/tap-hoc-sinh-96-trang-thien-long-diem-10-nb-072,https://product.hstatic.net/1000230347/product/tp-nb072_copy_b5a02ef545a243ca818c9f11faf5dcaa_large.jpg
https://thienlong.vn/products/tap-hoc-sinh-thien-long-diem-10-tp-nb-039,https://product.hstatic.net/1000230347/product/tp-nb039_copy_f017265c0bca42b48e14670ac0b9f40f_large.jpg
https://thienlong.vn/products/tap-hoc-sinh-thien-long-diem-10-tp-nb-028,https://product.hstatic.net/1000230347/product/tp-nb028_ko_logo_cf3faf4a089c4558929c9170e6a4e0ec_large.jpg
https://thienlong.vn/products/thuoc-thang-thien-long-diem-10-doraemon-sr-011-do,https://product.hstatic.net/1000230347/product/a8_0ee1b30b9c87472888a0a51b44e107ff_large.jpg
https://thienlong.vn/products/bang-hoc-sinh-thien-long-diem-10-b-019,https://product.hstatic.net/1000230347/product/bang_hoc_sinh_thien_long_-_diem_10_b-019__2__large.jpg
https://thienlong.vn/products/bang-hoc-sinh-thien-long-diem-10-b-016-plus,https://product.hstatic.net/1000230347/product/bang_hoc_sinh_thien_long_-_diem_10_b-016_plus__1__large.jpg
https://thienlong.vn/products/bang-hoc-sinh-thien-long-diem-10-b-016,https://product.hstatic.net/1000230347/product/bang_hoc_sinh_thien_long_-_diem_10_b-016__1__large.jpg
https://thienlong.vn/products/bang-bo-thien-long-diem-10-b-011,https://product.hstatic.net/1000230347/product/bang_bo_thien_long_-_diem_10__b-011__2__large.jpg
https://thienlong.vn/products/but-chi-khuc-thien-long-pc-09,https://product.hstatic.net/1000230347/product/img_9302_85b8189eab5149cc838a85e92662b3bc_large.jpg
https://thienlong.vn/products/but-chi-go-thien-long-gp-018,https://product.hstatic.net/1000230347/product/artboard_8_2_c869af3a3a26454595ed954f9d017824_large.jpg
https://thienlong.vn/products/but-chi-go-thien-long-gp-01,https://product.hstatic.net/1000230347/product/artboard_3_copy_c8c066e27bfe47d3ab2b31f1aa2632d8_large.jpg
https://thienlong.vn/products/keo-kho-thien-long-diem-10-g-014,https://product.hstatic.net/1000230347/product/keo_kho_thien_long_-_diem_10_g-014__7__large.jpg
https://thienlong.vn/products/keo-kho-thien-long-diem-10-doraemon-tp-g011-do,https://product.hstatic.net/1000230347/product/keo_kho_thien_long_diem_10_doraemon_g-011-do__1__large.jpg
https://thienlong.vn/products/keo-dan-giay-thien-long-diem-10-g-015,https://product.hstatic.net/1000230347/product/a56_cc03f3b6162540609574ccb793f616b5_large.jpg
https://thienlong.vn/products/keo-dan-giay-thien-long-diem-10-g-08,https://product.hstatic.net/1000230347/product/keo_dan_giay_thien_long_-_diem_10_g-08__1__large.jpg
https://thienlong.vn/products/but-xoa-thien-long-cp-05,https://product.hstatic.net/1000230347/product/321fas_518f8e9f6ed94a76b15dbdd59fd3f2b4_large.jpg
https://thienlong.vn/products/but-xoa-thien-long-cp02,https://product.hstatic.net/1000230347/product/artboard_2_copy_9bdc9a99e2b04da98f6d39a192c620c4_large.jpg
https://thienlong.vn/products/but-chi-go-cao-cap-thien-long-bizner-biz-p02,https://product.hstatic.net/1000230347/product/423fds_bda9f9626dec4419a4d42130cf3a1c90_large.jpg
https://thienlong.vn/products/but-chi-go-cao-cap-thien-long-bizner-biz-p01,https://product.hstatic.net/1000230347/product/artboard_6_copy_27e41a6c56804ebdb49b76174a5c9d0d_large.png
https://thienlong.vn/products/but-xoa-keo-thien-long-flexoffice-fo-ct-02,https://product.hstatic.net/1000230347/product/artboard_1_copy_921dc8eae0514832aa260403faf6c347_large.jpg
https://thienlong.vn/products/but-xoa-thien-long-flexoffice-fo-cp01,https://product.hstatic.net/1000230347/product/artboard_9_copy_045bf69f87094f22b42ce9df02fdefe9_large.jpg
https://thienlong.vn/products/but-chi-go-thien-long-gp-03,https://product.hstatic.net/1000230347/product/artboard_2_copy_1bab4826baba4c80b25d66bba0f95cb9_large.jpg
https://thienlong.vn/products/but-chi-go-thien-long-gp-012,https://product.hstatic.net/1000230347/product/artboard_5_copy_47af1c9ed8a446f29b7f7893011daadf_large.jpg
https://thienlong.vn/products/but-chi-go-thien-long-gp-016,https://product.hstatic.net/1000230347/product/432fds_1578ff3f576c44e89af990e55e8135a4_large.jpg
https://thienlong.vn/products/but-chi-go-thien-long-gp-020,https://product.hstatic.net/1000230347/product/3543zf_802c3614ceb9469dbd60fadf7763691b_large.jpg
https://thienlong.vn/products/but-chi-go-thien-long-gp-021,https://product.hstatic.net/1000230347/product/b13_15c425d010ac4dc4abad24d9e8cd4eef_large.jpg
https://thienlong.vn/products/but-chi-bam-thien-long-pc-018,https://product.hstatic.net/1000230347/product/artboard_2_copy_828f03b35cba4f0881b180bdf2b66b64_large.jpg
https://thienlong.vn/products/but-chi-bam-thien-long-pc-022,https://product.hstatic.net/1000230347/product/342sdfa_3e06171a22a34704bf1c48968a71ca32_large.jpg
https://thienlong.vn/products/gom-thien-long-diem-10-disney-e-17-fr,https://product.hstatic.net/1000230347/product/e-017_fr_5_a51898785cbd48478e38b0367b51bdd3_large.jpg
https://thienlong.vn/products/gom-thien-long-diem-10-disney-e-17-mi,https://product.hstatic.net/1000230347/product/e-017_mi_2_57ed38d392e5498c9353db4e1a5d3b60_large.jpg
https://thienlong.vn/products/gom-thien-long-diem-10-e-15,https://product.hstatic.net/1000230347/product/gom_thien_long_-_diem_10_e-15__4__large.jpg
https://thienlong.vn/products/gom-thien-long-diem-10-e-09,https://product.hstatic.net/1000230347/product/gom_thien_long_diem_10_e-09__9__large.jpg
https://thienlong.vn/products/gom-thien-long-e-08,https://product.hstatic.net/1000230347/product/gom_thien_long_e-08__7__large.jpg
https://thienlong.vn/products/gom-thien-long-e-06,https://product.hstatic.net/1000230347/product/gom_thien_long_e-06__9__large.jpg
https://thienlong.vn/products/gom-thien-long-e-05,https://product.hstatic.net/1000230347/product/logo_thien_long_-_ceq_opy_copy_38164d48dabe48f2965647b907853fdd_large.jpg
https://thienlong.vn/products/chuot-chi-thien-long-diem-10-s-09,https://product.hstatic.net/1000230347/product/chuot_chi_thien_long_s-09__1__large.jpg
https://thienlong.vn/products/chuot-chi-thien-long-s-01,https://product.hstatic.net/1000230347/product/chuot_chi_thien_long_s-01__9__large.jpg
https://thienlong.vn/products/thuoc-thang-thien-long-diem-10-disney-sr-029-pr,https://product.hstatic.net/1000230347/product/423fdfdsdf_b9e6c7dc3e124cca848e19bf75e48734_large.jpg
https://thienlong.vn/products/thuoc-thang-thien-long-diem-10-disney-sr-029-mi,https://product.hstatic.net/1000230347/product/sr-029_mi_d9eacdc9d52f4af9a63603960f48ce50_large.jpg
https://thienlong.vn/products/thuoc-thang-thien-long-diem-10-sr-027,https://product.hstatic.net/1000230347/product/thuoc_thang_thien_long_-_diem_10_sr-027__2__large.jpg
https://thienlong.vn/products/thuoc-deo-pvc-thien-long-diem-10-sr-025,https://product.hstatic.net/1000230347/product/453sf_5afea59b410f404693ba83964f3e78b3_large.jpg
https://thienlong.vn/products/thuoc-deo-pvc-thien-long-sr-024,https://product.hstatic.net/1000230347/product/453sad_ad23899697ec4d31b00c600eda2f4336_large.jpg
https://thienlong.vn/products/thuoc-deo-pp-thien-long-diem-10-sr-023,https://product.hstatic.net/1000230347/product/thuoc_deo_pp_thien_long_-_diem_10_sr-023__2__large.jpg
https://thienlong.vn/products/thuoc-deo-pvc-thien-long-diem-10-sr-022,https://product.hstatic.net/1000230347/product/thuoc_deo_pvc_thien_long_-_diem_10_sr-022_large.jpg
https://thienlong.vn/products/thuoc-deo-pvc-thien-long-diem-10-sr-021,https://product.hstatic.net/1000230347/product/432afgfd_9440dddf248a4d24b331175268f48080_large.jpg
https://thienlong.vn/products/thuoc-bo-thien-long-diem-10-sr-012,https://product.hstatic.net/1000230347/product/a6_b603e1f722f54cdea555e185b36bcf91_large.jpg
https://thienlong.vn/products/thuoc-bo-thien-long-diem-10-sr-09-do,https://product.hstatic.net/1000230347/product/thuoc_bo_thien_long_diem_10_sr-09do__1__large.jpg
https://thienlong.vn/products/thuoc-thang-thien-long-sr-03,https://product.hstatic.net/1000230347/product/324fsd_4b2b38cf0b6b4674b2d3f38b74f5cc41_large.jpg
https://thienlong.vn/products/thuoc-thang-thien-long-sr-02,https://product.hstatic.net/1000230347/product/432asdgfdgf_001821e42d0948c4ab79109d32846c17_large.jpg
https://thienlong.vn/products/keo-thien-long-diem-10-sc-012,https://product.hstatic.net/1000230347/product/keo_thien_long_-_diem_10_sc-012_large.jpg
https://thienlong.vn/products/keo-thien-long-diem-10-sc-011,https://product.hstatic.net/1000230347/product/keo_thien_long_-_diem_10_sc-011__2__large.jpg
https://thienlong.vn/products/keo-thien-long-diem-10-sc-09-do,https://product.hstatic.net/1000230347/product/keo_thien_long_-_diem_10_sc-09do_large.jpg
https://thienlong.vn/products/bang-hoc-sinh-thien-long-diem-10-b-018,https://product.hstatic.net/1000230347/product/bang_hoc_sinh_thien_long_diem_10_b-018-1_large.jpg
https://thienlong.vn/products/bang-hoc-sinh-thien-long-diem-10-b-14,https://product.hstatic.net/1000230347/product/bang_hoc_sinh_thien_long_diem_10_b-14-1_large.jpg
https://thienlong.vn/products/keo-thien-long-diem-10-sc-4,https://product.hstatic.net/1000230347/product/keo_thien_long_-_diem_10_sc-03_large.jpg
https://thienlong.vn/products/bang-hoc-sinh-thien-long-diem-10-b-12,https://product.hstatic.net/1000230347/product/bang_hoc_sinh_thien_long_diem_10_b-12-1_large.jpg
https://thienlong.vn/products/bang-hoc-sinh-thien-long-diem-10-b-08,https://product.hstatic.net/1000230347/product/bang_hoc_sinh_thien_long_diem_10_b-08-1_large.jpg
https://thienlong.vn/products/but-long-6-12-mau-nhu-fiber-pen-metallic-thien-long-colokit-mau-nhu-lap-lanh-ve-duoc-tren-giay-den,https://cdn.hstatic.net/products/1000230347/fp-c023_fp-c024_2_830f89f73d2a4815ab9e51b1d70db272_large.jpg
https://thienlong.vn/products/but-sap-12-18-mau-thien-long-colokit-mau-sac-tuoi-sang-phu-deu-mau-ben-mau-phien-ban-akooland,https://cdn.hstatic.net/products/1000230347/artboard_2_3d6cd22a2fa344aba130a9155fd20f22_large.jpg
https://thienlong.vn/products/acrylic-markers-but-son-but-long-12-24-36-mau-thienlong-colokit-mau-sac-tuoi-sang-khong-tham-qua-mat-giay,https://cdn.hstatic.net/products/1000230347/artboard_1_copy_a17063e66c67495580edbf41e11fa7db_large.jpg
https://thienlong.vn/products/bo-8-mau-nuoc-thien-long-colokit-waco-c06-do-phien-ban-nobita-va-cau-chuyen-the-gioi-trong-tranh-2025,https://cdn.hstatic.net/products/1000230347/artboard_1_copy_0f244bd6b4c4467a8bb94b563ea6e968_large.jpg
https://thienlong.vn/products/bo-12-mau-nuoc-dang-nen-thien-long-colokit-waco-c002-do-phien-ban-nobita-va-cau-chuyen-the-gioi-trong-tranh-2025,https://theme.hstatic.net/1000230347/1000782290/14/product-placeholder.png?v=26572
https://thienlong.vn/products/pastel-acrylic-markers-but-son-but-long-12-24-36-mau-thienlong-colokit-mau-sac-tuoi-sang-muot-tay-deu-mau,https://theme.hstatic.net/1000230347/1000782290/14/product-placeholder.png?v=26572
https://thienlong.vn/products/acrylic-markers-but-son-but-long-12-24-36-mau-thienlong-colokit-mau-sac-tuoi-sang-muot-tay-deu-mau,https://theme.hstatic.net/1000230347/1000782290/14/product-placeholder.png?v=26572
https://thienlong.vn/products/but-long-12-24-mau-rua-sieu-sach-ultra-washable-fiber-pen-thien-long-colokit,https://theme.hstatic.net/1000230347/1000782290/14/product-placeholder.png?v=26572
https://thienlong.vn/products/but-long-5-12-24-mau-morandi-dau-brush-thien-long-colokit,https://theme.hstatic.net/1000230347/1000782290/14/product-placeholder.png?v=26572
https://thienlong.vn/products/mau-nuoc-acrylic-dang-tuyp-12ml-thien-long-colokit-acr-c008,https://theme.hstatic.net/1000230347/1000782290/14/product-placeholder.png?v=26572
https://thienlong.vn/products/mau-nuoc-acrylic-dang-tuyp-100ml-thien-long-colokit-acr-c010,https://theme.hstatic.net/1000230347/1000782290/14/product-placeholder.png?v=26572
https://thienlong.vn/products/mau-nuoc-acrylic-dang-tuyp-75ml-thien-long-colokit-acr-c009,https://theme.hstatic.net/1000230347/1000782290/14/product-placeholder.png?v=26572
https://thienlong.vn/products/but-chi-6-12-mau-retractable-fiber-pens-kawaii-thien-long-colokit,https://theme.hstatic.net/1000230347/1000782290/14/product-placeholder.png?v=26572
https://thienlong.vn/products/but-chi-6-12-mau-retractable-fiber-pens-classic-thien-long-colokit,https://theme.hstatic.net/1000230347/1000782290/14/product-placeholder.png?v=26572
https://thienlong.vn/products/but-chi-12-18-24-mau-hop-thiec-colored-pencils-thien-long-colokit,https://theme.hstatic.net/1000230347/1000782290/14/product-placeholder.png?v=26572
https://thienlong.vn/products/but-chi-12-24-mau-colored-pencils-thien-long-colokit-phien-ban-demon-slayer,https://theme.hstatic.net/1000230347/1000782290/14/product-placeholder.png?v=26572
https://thienlong.vn/products/bo-5-co-ve-mau-nuoc-dau-round-flat-filbert-thien-long-colokit,https://theme.hstatic.net/1000230347/1000782290/14/product-placeholder.png?v=26572
https://thienlong.vn/products/combo-12-but-kim-ky-thuat-drawing-pen-thien-long-colokit-muc-khang-nuoc-dam-ro-net,https://theme.hstatic.net/1000230347/1000782290/14/product-placeholder.png?v=26572
https://thienlong.vn/products/combo-12-but-viet-calligraphy-thien-long-colokit-dw-c005-muc-khang-nuoc-dam,https://theme.hstatic.net/1000230347/1000782290/14/product-placeholder.png?v=26572
https://thienlong.vn/products/mau-nuoc-nen-12-18-24-mau-solid-water-color-thien-long-colokit-dat-tieu-chuan-chau-au,https://theme.hstatic.net/1000230347/1000782290/14/product-placeholder.png?v=26572
https://thienlong.vn/products/but-viet-calligraphy-thien-long-colokit-muc-khang-nuoc-dam,https://product.hstatic.net/1000230347/product/artboard_1_copy_d4fd2aa796e54ed0b0da55daaa22c61a_large.jpg
https://thienlong.vn/products/but-kim-ky-thuat-thien-long-colokit-muc-khang-nuoc-dam-ro-net,https://product.hstatic.net/1000230347/product/artboard_1_copy_f671e6baf4f441ff8f18cb7f13796bbe_large.jpg
https://thienlong.vn/products/but-long-20-mau-fiber-pen-thien-long-eco-style-fp-c012-eco-chat-lieu-tu-vo-cam-trau,https://product.hstatic.net/1000230347/product/artboard_2_copy_b8eb0eac20a6485b9bbcd14d977d1073_large.png
https://thienlong.vn/products/but-chi-12-18-24-mau-colored-pencils-thien-long-colokit,https://product.hstatic.net/1000230347/product/cpc-c036_cpc-c037_cpc-c038_365ec66005674b2a9a72e534b1a0088c_large.jpg
https://thienlong.vn/products/tranh-cuon-to-mau-diy-thien-long-colokit-hinh-anh-de-thuong-da-dang-chu-de-hon,https://product.hstatic.net/1000230347/product/artboard_1_copy_eacb605af71e401eaec6a2f03c85d737_large.jpg
https://thienlong.vn/products/but-long-12-24-36-mau-acrylic-markers-1-dau-ngoi-thienlong-colokit-mau-sac-tuoi-sang-trang-tri-da-chat-lieu,https://product.hstatic.net/1000230347/product/artboard_2_copy_66efacfe893c4b9f8f02171e405ae76c_large.jpg
https://thienlong.vn/products/but-chi-12-24-mau-hai-dau-double-ended-colored-pencils-thien-long-colokit,https://product.hstatic.net/1000230347/product/artboard_1_copy_445e373c9a244332b4597b9c26c0b866_large.jpg
https://thienlong.vn/products/but-long-12-24-36-mau-acrylic-markers-thien-long-colokit-mau-sac-tuoi-sang-trang-tri-da-chat-lieu,https://product.hstatic.net/1000230347/product/artboard_2_copy_5b7ca07e80ad4d0c861448f987ddab8c_large.jpg
https://thienlong.vn/products/but-sap-12-18-mau-thien-long-colokit-mau-sac-tuoi-sang-phu-deu-mau-ben-mau,https://product.hstatic.net/1000230347/product/artboard_1_copy_c1ecfe339b3a4e1294e5a54aa60e8898_large.jpg
https://thienlong.vn/products/tranh-tap-to-mau-nuoc-dang-nen-watercolour-painting-set-thien-long-colokit-nhieu-mau-hon,https://product.hstatic.net/1000230347/product/cpa-c004_cpa-c005_cpa-c006_cpa-c007_cpa-c008_2_3_f231c35d8b2f436d89d0d2ba81b0106d_large.jpg
https://thienlong.vn/products/tap-to-mau-coloring-book-thien-long-colokit-danh-cho-be-3-6-tuoi,https://product.hstatic.net/1000230347/product/artboard_7_copy_bf40f73a53014092b8822778ec0b0e4d_large.jpg
https://thienlong.vn/products/but-sap-dau-12-24-mau-soft-oil-pastels-thien-long-colokit-mau-sac-tuoi-sang-sap-mem-dap-noi,https://product.hstatic.net/1000230347/product/artboard_1_copy_5026ce274398493d97a8eb4ce5289554_large.jpg
https://thienlong.vn/products/tranh-tap-to-mau-nuoc-dang-nen-watercolour-painting-set-thien-long-colokit,https://product.hstatic.net/1000230347/product/artboard_2__1__20b0feb082874db2a73b163f0b648c01_large.jpg
https://thienlong.vn/products/bo-tap-to-mau-tuong-tac-3d-thien-long-colokit-cob-c034-ak-nhan-vat-akooland-the-gioi-hoc-cu-than-ky,https://product.hstatic.net/1000230347/product/artboard_1_copy_6ce31327e5f94d208561b6de694393ac_large.jpg
https://thienlong.vn/products/but-chi-mau-wood-free-colored-pencils-thien-long-colokit-nhan-vat-cici-akooland-the-gioi-hoc-cu-than-ky,https://product.hstatic.net/1000230347/product/artboard_1_copy_b6df792f65494d45a97a5530ed6aaf15_large.png
https://thienlong.vn/products/but-sap-dau-12-18-24-mau-hexagonal-oil-pastels-thien-long-colokit-tieu-chuan-chau-au,https://product.hstatic.net/1000230347/product/artboard_1_copy_72df2a136dee48c385194b262044e7c2_large.jpg
https://thienlong.vn/products/but-chi-12-24-mau-thien-long-colokit-than-go-linden-cao-cap-mau-sac-tuoi-sang,https://product.hstatic.net/1000230347/product/artboard_2_copy_0a812a99cf0e4429bf0310d5ed5792c4_large.jpg
https://thienlong.vn/products/sap-mau-rua-duoc-washable-crayons-thien-long-colokit-nhan-vat-futy-akooland-the-gioi-hoc-cu-than-ky,https://product.hstatic.net/1000230347/product/artboard_10_copy_b6cb8bfaa2564674af8b6714a7c13eb4_large.jpg
https://thienlong.vn/products/mau-nuoc-rua-duoc-washable-poster-color-thien-long-colokit-nhan-vat-futy-akooland-the-gioi-hoc-cu-than-ky,https://product.hstatic.net/1000230347/product/artboard_2_copy_2093628c49aa4217888175ed9f183d06_large.jpg
https://thienlong.vn/products/but-long-mau-rua-duoc-washable-brush-fiber-pen-thien-long-colokit-nhan-vat-futy-akooland-the-gioi-hoc-cu-than-ky,https://product.hstatic.net/1000230347/product/artboard_1_copy_2c010b76abc7448f8fbc372da5e964a4_large.jpg
https://thienlong.vn/products/sap-nhua-mau-xoa-duoc-erasable-crayons-thien-long-colokit-nhan-vat-futy-vung-dat-akooland,https://product.hstatic.net/1000230347/product/artboard_1_copy_f04e8ac91b2049d0874d269ab7ff7fee_large.jpg
https://thienlong.vn/products/mau-nuoc-rua-duoc-washable-poster-color-thien-long-colokit-rua-sach-bang-nuoc-de-dang,https://product.hstatic.net/1000230347/product/hz8a1956_5c405f084b89408eaf7db3e65ab8cfa2_large.jpg
https://thienlong.vn/products/combo-my-thuat-nhan-vat-hoat-hinh-nang-tien-ca-ariel-dang-yeu,https://product.hstatic.net/1000230347/product/mermaid_e9b5423a402f496599e919ed50038c38_large.png
https://thienlong.vn/products/combo-my-thuat-nhan-vat-hoat-hinh-gau-pooh-ngo-nghinh,https://product.hstatic.net/1000230347/product/pooh_6a5ce93d1c6545019f32ee6ba64395ce_large.png
https://thienlong.vn/products/bo-tap-to-mau-disney-ariel-thien-long-colokit-cob-c009-pr,https://product.hstatic.net/1000230347/product/artboard_1_copy_f230665757bf428ab178752288d33907_large.jpg
https://thienlong.vn/products/bo-tap-to-mau-disney-pooh-thien-long-colokit-cob-c008-po,https://product.hstatic.net/1000230347/product/artboard_1_copy_c069290cb4594dd796ab6cfe21524090_large.jpg
https://thienlong.vn/products/hu-mau-acrylic-thien-long-colokit-acr-c007,https://product.hstatic.net/1000230347/product/artboard_1_6627ad00fa714aae967aa4e46701fb60_large.jpg
https://thienlong.vn/products/hop-sap-dau-oil-pastel-thien-long-colokit-tieu-chuan-chau-au,https://product.hstatic.net/1000230347/product/artboard_1_d4f5e0022a2543d2912b7f26caa860da_large.jpg
https://thienlong.vn/products/tranh-cuon-to-mau-diy-thien-long-colokit-cro-c001,https://product.hstatic.net/1000230347/product/artboard_5_ae58ead1bc50441c86988b58c5692d98_large.jpg
https://thienlong.vn/products/lo-mau-nuoc-thien-long-colokit-waco-c09,https://product.hstatic.net/1000230347/product/artboard_10_1cdc57729552446cb6b00019b0f16ae0_large.jpg
https://thienlong.vn/products/but-long-mau-fiber-pen-thien-long-colokit-co-the-rua-duoc,https://product.hstatic.net/1000230347/product/new25_bb8b4fda48a144a6b666288a1692e838_large.jpg
https://thienlong.vn/products/but-da-mau-but-marker-thien-long-colokit-art-marker-am-c001-tang-so-sketch,https://product.hstatic.net/1000230347/product/thumnail_2_2_2b3445f0ebcd4142824a1a8ed6434cd4_large.jpg
https://thienlong.vn/products/but-da-mau-but-marker-thien-long-colokit-art-marker-am-c006-km,https://product.hstatic.net/1000230347/product/thumnail_2_2_d687b121b6da4b769afa0f6d05d7fcd5_e0f8049a3724453487bbbf9ea544ab51_large.jpg
https://thienlong.vn/products/combo-disney-frozen,https://product.hstatic.net/1000230347/product/cbdf_2_03a57399c53a48f1a41b628d847d9919_large.jpg
https://thienlong.vn/products/combo-disney-princess,https://product.hstatic.net/1000230347/product/cbdp_4_343b2175cd8a4c2a848f51e158fe13b6_large.jpg
https://thienlong.vn/products/combo-disney-cars,https://product.hstatic.net/1000230347/product/cbdc_2_51486a85ddf240cd991c68d23ee416ce_large.jpg
https://thienlong.vn/products/bot-nan-clever-dough-thien-long-colokit-md-c008,https://product.hstatic.net/1000230347/product/bot_nan_b1074d4cdcfb43d0ada45935a281181d_large.jpg
https://thienlong.vn/products/bo-20-mau-retro-rua-duoc-fiber-pen-thien-long-swm-c009,https://product.hstatic.net/1000230347/product/hz8a8064_24f3e2b696bd46499e9e4275571fb9d4_large.jpg
https://thienlong.vn/products/combo-tui-canvas-va-bo-12-mau-but-ve-len-vai,https://product.hstatic.net/1000230347/product/cua-min_adff48dcc99a47408197d29f6219cf81_large.jpg
https://thienlong.vn/products/vo-ve-sketch-book-for-art-thien-long-colokit-nhieu-kich-co,https://product.hstatic.net/1000230347/product/a27_92367701dd434146b8c8e1c301a507db_large.jpg
https://thienlong.vn/products/but-long-my-thuat-coloart-marker-nhieu-mau,https://product.hstatic.net/1000230347/product/thumbnail_c001_2_4591c851866847af80b05b95f4cdd3b7_large.jpg
https://thienlong.vn/products/vo-ve-a4-sketch-book-for-art-thien-long-diem-10-tp-skb005,https://product.hstatic.net/1000230347/product/a28_7eb367dc22eb40aba4a98a3f656b465f_large.jpg
https://thienlong.vn/products/but-ve-len-vai-12-mau-fabric-markerthien-long-colokit-fm-c002,https://product.hstatic.net/1000230347/product/but_ve_len_vai_12_mau_fabric_marker_0144c0cbc6f24a13bfff8bcf8b5afc54_large.png
https://thienlong.vn/products/sap-da-nang-12-mau-rua-duoc-colo-art-thien-long-colokit,https://product.hstatic.net/1000230347/product/432fdfdsv_2b55340001ec4370ba53f6632c8cfdd7_large.jpg
https://thienlong.vn/products/tap-to-net-thien-long-diem-10-tp-ttn01,https://product.hstatic.net/1000230347/product/54asd_235a8374cce741e3adc400900110ed19_large.jpg
https://thienlong.vn/products/but-chi-mau-chuyen-nghiep-dang-lon-thien-long-colokit-tieu-chuan-chau-au,https://product.hstatic.net/1000230347/product/artboard_2_copy_a550406380d14bab82a4df37983f89d3_large.jpg
https://thienlong.vn/products/be-lam-quen-toan-3-4-tuoi-diem-10-tp-lqt01,https://product.hstatic.net/1000230347/product/ewras_000fd80539c849bdacef7f6cc318136b_large.jpg
https://thienlong.vn/products/bo-to-mau-tui-but-be-meo-cute-thien-long-colokit-kit-c033,https://product.hstatic.net/1000230347/product/50011539_a38175c2d90843278803fbecf713f4ce_large.jpg
https://thienlong.vn/products/bo-tranh-go-to-mau-phuong-tien-giao-thong-thien-long-colokit-kit-c032,https://product.hstatic.net/1000230347/product/logo_thien_long_-_copgfdy_copy_bdf4a60dd5d3413c97c4fcffb054d5ee_large.jpg
https://thienlong.vn/products/bo-tranh-go-the-gioi-khung-long-thien-long-colokit-kit-c031,https://product.hstatic.net/1000230347/product/logo_thien_logfdgng_-_copy_copy_3be1165c5c5d4b7ba00c1c17cc307500_large.jpg
https://thienlong.vn/products/but-long-20-mau-pastel-washable-fiber-pen-thien-long-colokit-swm-c008-but-long-mau-rua-duoc,https://product.hstatic.net/1000230347/product/artboard_2_copy_0d340aa0075740a48d08c59c1892f121_large.jpg
https://thienlong.vn/products/sap-24-mau-thien-long-colokit-doraemon-cr-c06-do-phien-ban-nobita-s-little-star-wars-2022,https://product.hstatic.net/1000230347/product/cr-c06_do_movie_10-2023_5_e1e5e93e5d184197be3774960fbb1d07_large.jpg
https://thienlong.vn/products/bo-12-mau-nuoc-dang-nen-thien-long-colokit-waco-c001,https://product.hstatic.net/1000230347/product/artboard_3_copy_5cabb4a7b1a94858a32e6af649ef3403_large.jpg
https://thienlong.vn/products/hop-6-mau-nuoc-colokit-posco-03-xk,https://product.hstatic.net/1000230347/product/a31_43cd9c968ee74f8a836522487e09106e_large.jpg
https://thienlong.vn/products/tap-to-mau-hoa-trai-trong-vuon-thien-long-colokit-cob-c002,https://product.hstatic.net/1000230347/product/423756_d5e96ff2118b420b850d5521528fa918_large.jpg
https://thienlong.vn/products/tap-to-mau-nhung-loai-vat-dang-yeu-thien-long-colokit-cob-c001,https://product.hstatic.net/1000230347/product/6545623_d12b684b3b334f80afe35d46b05fdd5d_large.jpg
https://thienlong.vn/products/but-sap-36-mau-thien-long-colokit-cr-c042-40years,https://product.hstatic.net/1000230347/product/b14_2ab6440a09564c2e98adf0876a8d974a_large.jpg
https://thienlong.vn/products/tui-10-co-ve-phang-thien-long-colokit-brw-c03,https://product.hstatic.net/1000230347/product/artboard_4_0e6c1219b31846c6a8de265cbbe9fd75_large.jpg
https://thienlong.vn/products/but-sap-van-24-mau-thien-long-colokit-tcr-c009-do,https://product.hstatic.net/1000230347/product/artboard_7_dc37bc30b7e64b1d905beda33e6d5d5c_large.jpg
https://thienlong.vn/products/but-sap-van-18-mau-thien-long-colokit-tcr-c008-do,https://product.hstatic.net/1000230347/product/artboard_6_628a06d5d1f8453e8134106470b6dc19_large.jpg
https://thienlong.vn/products/but-sap-van-12-mau-thien-long-colokit-tcr-c007-do,https://product.hstatic.net/1000230347/product/artboard_1_ee396ec42c314388874c36ff4ca8babe_large.jpg
https://thienlong.vn/products/co-ve-tui-2-cay-brw-c01,https://product.hstatic.net/1000230347/product/artboard_6_89d7fcb75bf04780b2fe98ccef189d70_large.jpg
,https://product.hstatic.net/1000230347/product/fp-c03_them_ten_ma_san_pham_8d1fda7035a74999bacae7ffd26e769b_large.jpg
https://thienlong.vn/products/colokit-fiber-pen-swm-c006-washable-net-manh-net-to,https://product.hstatic.net/1000230347/product/artboard_1_copy_57ff3d929b844dc98a24541a39dd988c_large.jpg
https://thienlong.vn/products/tap-to-chu-diem-10-tp-ttc05,https://product.hstatic.net/1000230347/product/42376sdf_772393d921d64df0ba916bf6c544e1a3_large.jpg
https://thienlong.vn/products/tap-to-mau-colokit-cb-c019-do,https://product.hstatic.net/1000230347/product/4535s_46f16e7d37af40ec8e915a0a21a80155_large.jpg
https://thienlong.vn/products/tap-to-mau-colokit-cb-c018-do,https://product.hstatic.net/1000230347/product/645sf_aa3922df6d034d37959ca0105f39b9c2_large.jpg
https://thienlong.vn/products/luyen-viet-chu-dep-diem-10-tp-lvcd05-va-tp-lvcd06,https://product.hstatic.net/1000230347/product/019718643725_mtsp-lvcd-05-06-06_1__9f5a9b1196a14da3bbb5fdc1fb503771_large.jpg
https://thienlong.vn/products/sach-tuong-tac-colokit-coloring-ab-c001-ar,https://product.hstatic.net/1000230347/product/46sdf_60b8d8de709345338d2f0ac67c7b781f_large.jpg
https://thienlong.vn/products/sach-tuong-tac-colokit-tracing-ab-c008-ar,https://product.hstatic.net/1000230347/product/rfds_51a3c665de6f444090b4206ee12ed861_large.jpg
https://thienlong.vn/products/nhan-ban-tu-sach-tuong-tac-colokit-tracing-ab-c006-ar,https://product.hstatic.net/1000230347/product/432fsd_4b741231aa8344e387d14bf11a857a3e_large.jpg
https://thienlong.vn/products/co-ve-tui-10-cay-brw-c02,https://product.hstatic.net/1000230347/product/artboard_5_7d2671c825484f89a1de4f86952f90e1_large.jpg
https://thienlong.vn/products/cam-nang-tao-hinh-sap-nan-5-6t1-colokit-thsn-c05,https://product.hstatic.net/1000230347/product/643fsd_011d1a6ebd92424485cc31ce3b2fbb5f_large.jpg
https://thienlong.vn/products/cam-nang-tao-hinh-sap-nan-3-4t2-colokit-thsn-c02,https://product.hstatic.net/1000230347/product/a50_a7d6f04179f043799a0638bb3e2cb998_large.jpg
https://thienlong.vn/products/be-lam-quen-toan-5-6-tuoi-diem-10-tp-lqt03,https://product.hstatic.net/1000230347/product/396979406658_mtsp-tap-be-lam-quen-toan-10_6f138d0adc774f2ab8af6ad0f101c889_large.jpg
https://thienlong.vn/products/but-long-mau-colokit-fp-c03,https://product.hstatic.net/1000230347/product/artboard_2_copy_bcc98704f4a84e548e2f8669a4f2318b_large.jpg
https://thienlong.vn/products/be-lam-quen-chu-cai-3-4-tuoi-thien-long-tp-lqcc06,https://product.hstatic.net/1000230347/product/63_c503296234b448439c95ecadc487e753_large.jpg
https://thienlong.vn/products/be-lam-quen-chu-cai-4-5-tuoi-thien-long-tp-lqcc04,https://product.hstatic.net/1000230347/product/42_0a714a2d828a4af4a4c8c23838db8658_large.jpg
https://thienlong.vn/products/be-lam-quen-chu-cai-3-4-tuoi-thien-long-tp-lqcc03,https://product.hstatic.net/1000230347/product/32_14f0483babb841c683ead66d2747d39b_large.jpg
https://thienlong.vn/products/be-lam-quen-chu-cai-3-4-tuoi-thien-long-tp-lqcc02,https://product.hstatic.net/1000230347/product/2.1_3cb2331a62b544d4b109b976de180ef2_large.jpg
https://thienlong.vn/products/be-lam-quen-chu-cai-3-4-tuoi-thien-long-tp-lqcc01,https://product.hstatic.net/1000230347/product/11_912ef59f2d544a6dbd1469f8688bd1bd_large.jpg
https://thienlong.vn/products/be-lam-quen-toan-4-5-tuoi-diem-10-tp-lqt02,https://product.hstatic.net/1000230347/product/lqt2-trc_e2d27fbd2bfe4207b2e3d1bf826e3121_large.jpg
https://thienlong.vn/products/be-lam-quen-tieng-anh-bo-1-diem-10-tp-lqta01,https://product.hstatic.net/1000230347/product/3_d937577ee15a4a55976368cbaf9dbae4_large.jpg
https://thienlong.vn/products/sach-giup-be-lam-quen-moi-truong-diem-10-tp-lqmt02-tap-2,https://product.hstatic.net/1000230347/product/1_f25f790d53554aea9f9d0cb235d0aa16_large.jpg
https://thienlong.vn/products/vo-ve-a4-colokit-skb-c02,https://product.hstatic.net/1000230347/product/abl_0001_efc477edcc6c44dba678e739bdaebd32_large.jpg
https://thienlong.vn/products/be-lam-quen-chu-cai-5-6-tuoi-thien-long-tp-lqcc05,https://product.hstatic.net/1000230347/product/1_ade45ab28b6b4eaab611883ad159b973_large.jpg
https://thienlong.vn/products/sap-nan-colokit-mc-c026,https://product.hstatic.net/1000230347/product/a48_2ecda9474a2b449ca5a3761c7358244e_large.jpg
https://thienlong.vn/products/but-sap-dau-colokit-op-c017,https://product.hstatic.net/1000230347/product/654gd_f03331912dea4fd087271aaccf55ef90_large.jpg
https://thienlong.vn/products/but-sap-mau-jumbo-colokit-cr-c034,https://product.hstatic.net/1000230347/product/thumbnail_web_a9d7bba0d4534454b229f9c811174d77_large.jpg
https://thienlong.vn/products/but-sap-mau-colokit-cr-c040,https://product.hstatic.net/1000230347/product/artboard_1_28dc07cf3dff4266b521a87590a968c0_large.jpg
https://thienlong.vn/products/mau-nuoc-colokit-waco-c09,https://product.hstatic.net/1000230347/product/artboard_4_0eef03a5c6644067a5d3361751f80a02_large.jpg
https://thienlong.vn/products/but-sap-mau-colokit-cr-c037,https://product.hstatic.net/1000230347/product/53fds_70ca5d1ecf8149aaba8923debe03de64_large.jpg
https://thienlong.vn/products/but-sap-dau-colokit-op-c016,https://product.hstatic.net/1000230347/product/artboard_1_copy_7e80e27bbafe49f6af02c11991097d78_large.jpg
https://thienlong.vn/products/but-sap-mau-jumbo-thien-long-colokit-cr-c035,https://product.hstatic.net/1000230347/product/1_474d8e4f86d24ca590508d19c2e44f21_large.jpg
https://thienlong.vn/products/but-sap-dau-thien-long-colokit-disney-op-c015-mi,https://product.hstatic.net/1000230347/product/654234sa_8e3a213b884043c699993fdb424d37f8_large.jpg
https://thienlong.vn/products/but-sap-mau-thien-long-colokit-disney-cr-c033-fr,https://product.hstatic.net/1000230347/product/a18_6787ad038b014779a76292d4562f280c_large.jpg
https://thienlong.vn/products/but-sap-mau-thien-long-colokit-disney-cr-c032-ca,https://product.hstatic.net/1000230347/product/64gfd_ee0ffea5358b49e29e91b1388df5cbf1_large.jpg
https://thienlong.vn/products/but-sap-mau-thien-long-colokit-disney-cr-c030-mi,https://product.hstatic.net/1000230347/product/a22_21228cb3352e445a80ba83b3d6e377c4_large.jpg
https://thienlong.vn/products/but-sap-mau-thien-long-colokit-disney-cr-c029-pr,https://product.hstatic.net/1000230347/product/a21_23c7e1f72c3742138e78d46078e17e7e_large.jpg
https://thienlong.vn/products/but-sap-mau-thien-long-colokit-disney-cr-c028-mi,https://product.hstatic.net/1000230347/product/a20_b90681587d69492497a14a9444601156_large.jpg
https://thienlong.vn/products/bo-khuon-sap-nan-thien-long-colokit-mct-c03,https://product.hstatic.net/1000230347/product/a43_c7c9e6b77dff4c4b942248138d4196af_large.jpg
https://thienlong.vn/products/bo-sap-nan-va-khuon-thien-long-colokit-mct-c02,https://product.hstatic.net/1000230347/product/mct-c02_2b1f70e71b2e41f28abbeeff5d21464f_large.jpg
https://thienlong.vn/products/bo-sap-nan-va-khuon-thien-long-colokit-doraemon-mct-c01-do,https://product.hstatic.net/1000230347/product/a47_906cc84ec3664b1ca4a54a857e27da15_large.jpg
https://thienlong.vn/products/sap-nan-thien-long-colokit-mc-04,https://product.hstatic.net/1000230347/product/a42_ad7a8cfc185243a9a7dd83eecce62862_large.jpg
https://thienlong.vn/products/sap-nan-thien-long-colokit-mc-03,https://product.hstatic.net/1000230347/product/sap_nan_thien_long_-_colokit_mc03__1__large.jpg
https://thienlong.vn/products/but-chi-mau-thien-long-colokit-cp-c08,https://product.hstatic.net/1000230347/product/artboard_2_83d5bfcc7722498b9def0ba588e1e5d0_large.png
https://thienlong.vn/products/but-chi-mau-thien-long-colokit-cp-c06,https://product.hstatic.net/1000230347/product/artboard_3_61c53bc444864ed3a9a11b425ee7200a_large.jpg
https://thienlong.vn/products/mau-acrylic-thien-long-colokit-acr-c02,https://product.hstatic.net/1000230347/product/mau_acrylic_thien_long_-_colokit_acr-c02-vangchanh_large.jpg
https://thienlong.vn/products/but-sap-van-thien-long-colokit-doraemon-tcr-c05-do,https://product.hstatic.net/1000230347/product/artboard_4_3b53313acd09438485afaa6f42962281_large.jpg
https://thienlong.vn/products/but-sap-van-thien-long-colokit-doraemon-tcr-c04-do,https://product.hstatic.net/1000230347/product/artboard_5_419fb5fb413b41af9f54a87fddbfa105_large.jpg
https://thienlong.vn/products/but-sap-mau-thien-long-colokit-cr-c022,https://product.hstatic.net/1000230347/product/logo_thien_dsalondsg_copy_6c728abb29d74084917e6f4c2bd99465_large.jpg
https://thienlong.vn/products/luyen-viet-chu-dep-thien-long-diem-10-lvcd-04,https://product.hstatic.net/1000230347/product/543af_8370e1287fe44c9383df2e790829e5b3_large.jpg
https://thienlong.vn/products/tap-to-chu-thien-long-diem-10-ttc-01,https://product.hstatic.net/1000230347/product/tap_to_chu_thien_long_-_diem_10_ttc-01__1__large.jpg
https://thienlong.vn/products/tap-to-mau-thien-long-colokit-disney-frozen-cb-c021-fr,https://product.hstatic.net/1000230347/product/artboard_2_copy_2_a49dafcd91bc4f20aa7bca312810be87_large.jpg
https://thienlong.vn/products/tap-to-mau-thien-long-colokit-disney-princess-cb-c020-pr,https://product.hstatic.net/1000230347/product/artboard_3_copy_c621983cc6f949eab1a1e35187f009ed_large.jpg
https://thienlong.vn/products/tap-to-mau-thien-long-colokit-disney-mickey-cb-c019-mi,https://product.hstatic.net/1000230347/product/artboard_1_copy_a6cdc7af7fce4f6f91dca11b4d4162a3_large.jpg
https://thienlong.vn/products/tap-to-mau-thien-long-colokit-doraemon-cb-017-do,https://product.hstatic.net/1000230347/product/tap_to_mau_thien_long_-_colokit_doraemon_cb-017-do__1__large.jpg
https://thienlong.vn/products/tap-to-mau-thien-long-colokit-cb-012,https://product.hstatic.net/1000230347/product/321fds_51830cb5ef8d4bea976675c2f61b09ae_large.jpg
https://thienlong.vn/products/tap-to-mau-thien-long-colokit-cb-011,https://product.hstatic.net/1000230347/product/54dfsf_42b7ca66e2b5432ea996721f58158d46_large.jpg
https://thienlong.vn/products/tap-to-mau-thien-long-colokit-cb-09,https://product.hstatic.net/1000230347/product/332dfs_d5220869441d454693566b56289fdfbe_large.jpg
https://thienlong.vn/products/tap-to-mau-thien-long-colokit-doraemon-cb07-do,https://product.hstatic.net/1000230347/product/tap_to_mau_thien_long_-_colokit_cb07-do__1__large.jpg
https://thienlong.vn/products/sap-nan-thien-long-colokit-mc-022,https://product.hstatic.net/1000230347/product/532safa_c5ec04eb750841238446cddb08c7833a_large.jpg
https://thienlong.vn/products/sap-nan-thien-long-colokit-mc-021,https://product.hstatic.net/1000230347/product/a46_e0eed2d593244159a44193176f13dbb0_large.jpg
https://thienlong.vn/products/sap-nan-thien-long-colokit-mc-016,https://product.hstatic.net/1000230347/product/mc-016_2024_6_c012ef0973dd4a1c85aa7247f7d55497_large.jpg
https://thienlong.vn/products/sap-nan-thien-long-colokit-mc-015,https://product.hstatic.net/1000230347/product/a45_6e7e0628b5ee4874b70b36664db3239b_large.jpg
https://thienlong.vn/products/mau-nuoc-thien-long-colokit-waco-c07,https://product.hstatic.net/1000230347/product/thumnail_2_2_b0e4027e57e24f09b5b8585764896bbf_large.jpg
https://thienlong.vn/products/mau-nuoc-thien-long-colokit-waco-c06,https://product.hstatic.net/1000230347/product/thumbnail_web_5ee9473e98ce4393954b12bab012285c_large.jpg
https://thienlong.vn/products/mau-nuoc-thien-long-colokit-waco-05,https://product.hstatic.net/1000230347/product/thumbnail_waco_05_2_c7047b62364c43008c21ce62dac75e3f_large.jpg
https://thienlong.vn/products/mau-nuoc-thien-long-colokit-waco-03,https://product.hstatic.net/1000230347/product/thumbnail_waco_03_2_bddb6dc8079640b188a41d497125519c_large.jpg
https://thienlong.vn/products/but-long-mau-thien-long-colokit-fp-c05-do,https://product.hstatic.net/1000230347/product/b19_2f74eecdcdf74d0184c6af864536b5a5_large.jpg
https://thienlong.vn/products/but-long-2-dau-thien-long-colokit-fp-c01,https://product.hstatic.net/1000230347/product/b20_0038d8aa15f64b7c9ce9df83eab2d2b3_large.jpg
https://thienlong.vn/products/but-long-thien-long-colokit-fp-01,https://cdn.hstatic.net/products/1000230347/artboard_1_copy_73867638850e490c8d247cbaef67603a_large.jpg
https://thienlong.vn/products/sap-dau-thien-long-colokit-opc-08-do,https://product.hstatic.net/1000230347/product/artboard_4_2_cc10d0d2db1a4e25a894fb863213c8f4_large.jpg
https://thienlong.vn/products/sap-dau-12-mau-thien-long-colokit-opc-07-do,https://product.hstatic.net/1000230347/product/artboard_5_2_46e6bab758094433ba98db3d8f02d9c2_large.jpg
https://thienlong.vn/products/sap-mau-thien-long-colokit-cr-c06-do,https://product.hstatic.net/1000230347/product/artboard_8_2_84f4a52474294b05bb22bd47b49d5e0c_large.jpg
https://thienlong.vn/products/sap-mau-thien-long-colokit-cr-c05-do,https://product.hstatic.net/1000230347/product/artboard_9_2_f65f6006177a4d869be313dbcaf11079_large.jpg
https://thienlong.vn/products/sap-mau-thien-long-colokit-cr-c04-do,https://product.hstatic.net/1000230347/product/artboard_10_2_8241b2b436f3480da4c5569abe78bd1c_large.jpg
https://thienlong.vn/products/sap-mau-thien-long-colokit-cr-c021,https://product.hstatic.net/1000230347/product/artboard_1_949d0d78951b46439b99b86b89a77615_large.jpg
https://thienlong.vn/products/sap-mau-thien-long-colokit-cr-c016,https://product.hstatic.net/1000230347/product/thumbnail_0e3e7d32ed464a6c989aa5ff68ff9266_large.jpg
https://thienlong.vn/products/sap-mau-thien-long-colokit-cr-c015,https://product.hstatic.net/1000230347/product/artboard_2_1f950f89da004725ae14dc155b3bb498_large.jpg
https://thienlong.vn/products/sap-mau-thien-long-colokit-cr-c09,https://product.hstatic.net/1000230347/product/thumbnail_2_b10f826f939b42ba8f5f2a136ddbde25_large.jpg
https://thienlong.vn/products/sap-mau-thien-long-colokit-cr-c08-new,https://product.hstatic.net/1000230347/product/thumbnail_sap_mau_16_mau_-_cr-c08_b6b1797d459b47938dcbaebc1265b0b3_large.jpg
https://thienlong.vn/products/sap-mau-thien-long-colokit-cr-c07,https://product.hstatic.net/1000230347/product/thumbnail_2_678d1e878f5a4b9287f9cea3743bcc38_large.jpg
https://thienlong.vn/products/ream-giay-a5-70-gsm-ik-copy-500-to-hang-nhap-khau-indonesia,https://product.hstatic.net/1000230347/product/artboard_14_124fdf84d50a46f7b14e7cfac05152e9_large.jpg
https://thienlong.vn/products/ream-giay-a4-70-gsm-ik-copy-500-to,https://product.hstatic.net/1000230347/product/new26_227dafd725ce4ff3a1f65de31d4f2a4f_large.jpg
https://thienlong.vn/products/ream-giay-a4-70-gsm-thien-long-copy-plus-pp-003-500-to-hang-nhap-khau,https://product.hstatic.net/1000230347/product/artboard_2_e9d0221548fb4fafb75cde9533bbcddf_large.jpg
https://thienlong.vn/products/ream-giay-a4-80-gsm-ik-copy-500-to,https://product.hstatic.net/1000230347/product/artboard_1_094f241ea4054633bc9f20017801eb19_large.jpg
https://thienlong.vn/products/ream-giay-a3-ik-copy-a370-500-to,https://theme.hstatic.net/1000230347/1000782290/14/product-placeholder.png?v=26572
https://thienlong.vn/products/ream-giay-a3-80-gsm-ik-copy-500-to,https://theme.hstatic.net/1000230347/1000782290/14/product-placeholder.png?v=26572
https://thienlong.vn/products/combo-5-ream-giay-a5-70-gsm-ik-copy-500-to-hang-nhap-khau-indonesia,https://theme.hstatic.net/1000230347/1000782290/14/product-placeholder.png?v=26572
https://thienlong.vn/products/combo-5-ream-giay-a4-70-gsm-ik-copy-500-to-hang-nhap-khau-indonesia,https://theme.hstatic.net/1000230347/1000782290/14/product-placeholder.png?v=26572
https://thienlong.vn/products/combo-10-ream-giay-a5-70-gsm-ik-copy-500-to-hang-nhap-khau-indonesia,https://theme.hstatic.net/1000230347/1000782290/14/product-placeholder.png?v=26572
https://thienlong.vn/products/combo-5-ream-giay-a4-70-gsm-thien-long-copy-plus-pp-003-500-to-hang-nhap-khau,https://theme.hstatic.net/1000230347/1000782290/14/product-placeholder.png?v=26572
https://thienlong.vn/products/combo-5-ream-giay-a4-80-gsm-ik-copy-500-to-hang-nhap-khau-indonesia,https://theme.hstatic.net/1000230347/1000782290/14/product-placeholder.png?v=26572
https://thienlong.vn/products/combo-5-ream-giay-a3-70-gsm-ik-copy-500-to-hang-nhap-khau-indonesia,https://theme.hstatic.net/1000230347/1000782290/14/product-placeholder.png?v=26572
https://thienlong.vn/products/combo-10-ream-giay-a4-70-gsm-ik-copy-500-to-hang-nhap-khau-indonesia,https://theme.hstatic.net/1000230347/1000782290/14/product-placeholder.png?v=26572
https://thienlong.vn/products/combo-giay-in-van-phong-ik-sieu-tiet-kiem,https://theme.hstatic.net/1000230347/1000782290/14/product-placeholder.png?v=26572
https://thienlong.vn/products/combo-giay-photo-ik-a4-tiet-kiem,https://theme.hstatic.net/1000230347/1000782290/14/product-placeholder.png?v=26572
https://thienlong.vn/products/combo-giay-in-van-phong-ik-tinh-thong,https://theme.hstatic.net/1000230347/1000782290/14/product-placeholder.png?v=26572
https://thienlong.vn/products/combo-giay-photo-van-phong-ik-tiet-kiem-2,https://theme.hstatic.net/1000230347/1000782290/14/product-placeholder.png?v=26572
https://thienlong.vn/products/combo-10-ream-giay-a4-70-gsm-thien-long-copy-plus-hang-nhap-khau,https://theme.hstatic.net/1000230347/1000782290/14/product-placeholder.png?v=26572
https://thienlong.vn/products/combo-5-ream-giay-a3-80-gsm-ik-copy-500-to-hang-nhap-khau-indonesia,https://theme.hstatic.net/1000230347/1000782290/14/product-placeholder.png?v=26572
https://thienlong.vn/products/combo-10-ream-giay-a4-80-gsm-ik-copy-500-to-hang-nhap-khau-indonesia,https://theme.hstatic.net/1000230347/1000782290/14/product-placeholder.png?v=26572
https://thienlong.vn/products/combo-giay-in-van-phong-ik-copy-a4-80-gsm-sieu-tiet-kiem,https://product.hstatic.net/1000230347/product/342safgfd_8aace3f939634d64960bee0032981aa5_large.jpg
https://thienlong.vn/products/combo-giay-photo-ik-copy-a4-80-gsm-tiet-kiem,https://product.hstatic.net/1000230347/product/543fdgas_10b1a97a3b9e4177af688226456e3600_large.jpg
https://thienlong.vn/products/combo-giay-in-van-phong-ik-copy-80-gsm-tinh-thong,https://product.hstatic.net/1000230347/product/10ream_80___pm-04_xanh_ko_logo_5b47660769984707b91dc08f3b40940a_large.jpg
https://thienlong.vn/products/combo-giay-van-phong-ik-copy-a4-80-gsm-tiet-kiem-2,https://product.hstatic.net/1000230347/product/10ream_80___wbi-01_xanh_copy_76007699578c4615b3e97e1b049a7c92_large.jpg
https://thienlong.vn/products/ong-muc-but-may-cao-cap-quink-parker,https://product.hstatic.net/1000230347/product/logo_thien_londsag_-_copy_copy_febd2d3dcb5c4c2d863471a36e2c6d61_large.jpg
https://thienlong.vn/products/but-bi-cao-cap-bizner-biz-12,https://product.hstatic.net/1000230347/product/artboard_1_1732736729ff4a17a5d7dc7b55d7f4a2_large.jpg
https://thienlong.vn/products/but-bi-cao-cap-parker-jotter-orig-x-pstl-prp-f-tb6-2118151,https://product.hstatic.net/1000230347/product/681_73a31dfcb5864b118589f0c1ee150ae6_large.jpg
https://thienlong.vn/products/but-bi-cao-cap-parker-jotter-orig-x-pstl-grn-f-tb6-2118139,https://product.hstatic.net/1000230347/product/661_0cfff5b6ad194c22b9a4685a9cb2ac34_large.jpg
https://thienlong.vn/products/but-bi-cao-cap-parker-jotter-orig-x-pstl-yel-f-tb6-2118137,https://theme.hstatic.net/1000230347/1000782290/14/product-placeholder.png?v=26572
https://thienlong.vn/products/muc-but-may-cao-cap-parker-xanh-1950376,https://theme.hstatic.net/1000230347/1000782290/14/product-placeholder.png?v=26572
https://thienlong.vn/products/ruot-but-bi-cao-cap-parker-xanh-m-bl1-1950371,https://theme.hstatic.net/1000230347/1000782290/14/product-placeholder.png?v=26572
https://thienlong.vn/products/ruot-but-long-bi-cao-cap-parker-xanh-m-bl1-1950324,https://theme.hstatic.net/1000230347/1000782290/14/product-placeholder.png?v=26572
https://thienlong.vn/products/but-long-bi-cao-cap-parker-sonnet-x-red-gt-tb-1950780,https://theme.hstatic.net/1000230347/1000782290/14/product-placeholder.png?v=26572
https://thienlong.vn/products/but-long-bi-cao-cap-parker-sonnet-x-m-black-ct-tb-1950884,https://theme.hstatic.net/1000230347/1000782290/14/product-placeholder.png?v=26572
https://thienlong.vn/products/but-long-bi-cao-cap-parker-sonnet-x-st-steel-ct-tb-1950873,https://theme.hstatic.net/1000230347/1000782290/14/product-placeholder.png?v=26572
https://thienlong.vn/products/but-long-bi-cao-cap-parker-sonnet-x-black-gt-tb-1950787,https://theme.hstatic.net/1000230347/1000782290/14/product-placeholder.png?v=26572
https://thienlong.vn/products/but-long-bi-cao-cap-parker-sonnet-x-st-steel-gt-tb-1950800,https://theme.hstatic.net/1000230347/1000782290/14/product-placeholder.png?v=26572
https://thienlong.vn/products/but-long-bi-cao-cap-parker-sonnet-x-m-black-gt-tb-1950878,https://theme.hstatic.net/1000230347/1000782290/14/product-placeholder.png?v=26572
https://thienlong.vn/products/but-long-bi-cao-cap-parker-sonnet-d-st-sil-gt-f-gb-1931491,https://theme.hstatic.net/1000230347/1000782290/14/product-placeholder.png?v=26572
https://thienlong.vn/products/but-long-bi-cao-cap-parker-sonnet-se18-d-b-ct-f-gb-2054824,https://theme.hstatic.net/1000230347/1000782290/14/product-placeholder.png?v=26572
https://thienlong.vn/products/but-long-bi-cao-cap-parker-urban-prm-x-sil-ct-tb4-1975535,https://theme.hstatic.net/1000230347/1000782290/14/product-placeholder.png?v=26572
https://thienlong.vn/products/but-long-bi-cao-cap-parker-urban-x-blk-cab-ct-tb4-1975525,https://theme.hstatic.net/1000230347/1000782290/14/product-placeholder.png?v=26572
https://thienlong.vn/products/but-long-bi-cao-cap-parker-urban-prm-x-viole-tb4-1975537,https://theme.hstatic.net/1000230347/1000782290/14/product-placeholder.png?v=26572
https://thienlong.vn/products/but-may-cao-cap-parker-sonnet-blue-ct-18k-tb-1950886,https://theme.hstatic.net/1000230347/1000782290/14/product-placeholder.png?v=26572
https://thienlong.vn/products/but-may-cao-cap-parker-sonnet-lacque-red-gt-18k-tb-1950774,https://product.hstatic.net/1000230347/product/y_son_lacque_red_gt_18k_tb-1950774-01_35531ae36960436f98f93f36414ef028_7a59b7b81fd14bdebe3fa71cfd1c2946_large.jpg
https://thienlong.vn/products/but-may-cao-cap-parker-sonnet-matte-black-ct-tb-1950880,https://product.hstatic.net/1000230347/product/_may_son_matte_black_ct_tb-1950880-02_d8430b56134944b59919d1692aab6272_fccc7030cab946f8a1587147b70fd2f9_large.jpg
https://thienlong.vn/products/but-may-cao-cap-parker-sonnet-black-ct-18k-tb-1950789-ma-vang-18k,https://product.hstatic.net/1000230347/product/t_may_son_black_ct_18k_tb-1950789_-01_b6c15d366790473584ced6d26cc017eb_90011f775826424a944470c98eb49dcf_large.jpg
https://thienlong.vn/products/but-may-cao-cap-parker-sonnet-stainlesssteel-ct-tb-1950870,https://product.hstatic.net/1000230347/product/y_son_stainlesssteel_ct_tb-1950870-01_e304a8ddcdb042e8819c2a9f79965da3_14433a94535142b68703440fe2fb965f_large.jpg
https://thienlong.vn/products/but-may-cao-cap-parker-sonnet-matte-black-gt-tb-1950875,https://product.hstatic.net/1000230347/product/_may_son_matte_black_gt_tb-1950875-01_7d6fad19c20341e3be3bfc8f4188dd04_9a614585aaa14c7aa14d9df80f4c7ce4_large.jpg
https://thienlong.vn/products/but-may-cao-cap-parker-sonnet-str-silver-gt-18k-gb-1931490,https://product.hstatic.net/1000230347/product/y_son_str_silver_gt_18k_gb-1931490-01_2dfed6a1b00f4c8d91ac60f05b6a4bdf_18ee9154dff640ab8032433fd0f15c19_large.jpg
https://thienlong.vn/products/but-may-cao-cap-parker-sonnet-se18-grey-pgt-18k-gb-2054827,https://product.hstatic.net/1000230347/product/y_son_se18_grey_pgt_18k_gb-2054827-02_56f359d26bd34e37adce6f4c94dd8748_ceac6c4f2a3241dcbfce202117fed7e4_large.jpg
https://thienlong.vn/products/but-may-cao-cap-parker-urban-prm-silvered-ct-tb4-1975511,https://product.hstatic.net/1000230347/product/ay_urb_prm_silvered_ct_tb4-1975511-01_a3608a0e7e9942c1af2adfe537f1777b_91065824c30245529f8f7f5a137cc228_large.jpg
https://thienlong.vn/products/but-may-cao-cap-parker-urban-vibr-magenta-ct-tb4-1975478,https://product.hstatic.net/1000230347/product/ay_urb_vibr_magenta_ct_tb4-1975478-01_36435c86b6d94f22959dd8862d9f6bff_ed3615a96f594869b3cbf7b286914a89_large.jpg
https://thienlong.vn/products/but-may-cao-cap-parker-urban-vibrant-blue-ct-tb4-1975496,https://product.hstatic.net/1000230347/product/ay_urb_vibrant_blue_ct_tb4-1975496-01_5b8106a530c24ec895652517b06ddbaa_9d5aed94114a43c8b9059eea810f0435_large.jpg
https://thienlong.vn/products/but-may-cao-cap-parker-urban-nightsky-blue-ct-tb4-1975493,https://product.hstatic.net/1000230347/product/y_urb_nightsky_blue_ct_tb4-1975493-01_ddf2778a90794abb820799f64a23be3e_ba7d3e95106340e08c2370f7aa6ccff1_large.jpg
https://thienlong.vn/products/but-may-cao-cap-urban-metro-mtlic-ct-tb4-1975484,https://product.hstatic.net/1000230347/product/may_urb_metro_mtlic_ct_tb4-1975484-02_eb35e9b709c64eff8e190585b5c8fddf_48a276c2a3ca4056ad94fc728e55a686_large.jpg
https://thienlong.vn/products/but-may-urb-prm-dark-purple-tb4-1975508,https://product.hstatic.net/1000230347/product/urban_premium_dark_purple_fa7a2a64df8a4be1a4806a3a57927a66_334f00deb669438a98dac52fe768fdf4_large.png
https://thienlong.vn/products/but-may-im-se-metallic-gb4-2074141,https://product.hstatic.net/1000230347/product/im_metallic_pursuit_ct_6276bf01371945f7920ee62a774e8295_6a5f858e11114582a062946533c1a9cf_large.png
https://thienlong.vn/products/but-may-im-prm-warm-grey-gt-tb4-1975628,https://product.hstatic.net/1000230347/product/im_premium_warm_silver_gt_aa2c14c81c1a4421bb9d514a729fc009_cbb978f2c0c74701a6f0716cd8169c91_large.png
https://thienlong.vn/products/but-may-im-prm-dk-violet-ct-tb4-1975619,https://product.hstatic.net/1000230347/product/im_premium_dark_violet_ct_18432049318e429f81ab64dfb20748e5_large.png
https://thienlong.vn/products/but-may-im-prm-black-gt-tb4-1975631,https://product.hstatic.net/1000230347/product/im_premium_black-gold_gt_f9a320a6562c42aabd50ba6915e49453_2949b1dd005a48fb81f975b331430765_large.png
https://thienlong.vn/products/but-may-im-matte-blue-ct-tb4-1975598,https://product.hstatic.net/1000230347/product/tai_xuong__3__03169d79587841f2af5511fcf9dca3e5_8dda2414fa8f4e3dae177f69db73e9f1_large.png
https://thienlong.vn/products/but-may-im-dark-espresso-ct-tb4-1975604,https://product.hstatic.net/1000230347/product/im_dark_espresso_ct_3cf1daeff57e4691a9fb4b3d2f9c7293_73218fa6f3d74e0f899aae9f995c8a5a_large.png
https://thienlong.vn/products/but-may-im-black-gt-tb4-1975595,https://product.hstatic.net/1000230347/product/im_black_lacquer_gt_00de1640a9fc488297e7567bef9969cd_3ed5c897d11d48a394a49d532e580da8_large.png
https://thienlong.vn/products/but-long-bi-urb-prm-x-purple-tb4-1975534,https://product.hstatic.net/1000230347/product/newellrubbermaid_1931570_rbn_imgps_20_e9f3d6b4fa4c4bf68ccc8062c9dec03d_aa015e8d2bd94ee2a9fa24310af23497_large.jpg
https://thienlong.vn/products/but-long-bi-urb-prm-x-orang-tb4-1975538,https://product.hstatic.net/1000230347/product/newellrubbermaid_1931626_rbn_imgps_20_f14073a9659d4881970367e30249abfa_ccee0823078c4c48887c20a356fdc183_large.jpg
https://thienlong.vn/products/but-long-bi-urb-prm-x-emetal-tb4-1975531,https://product.hstatic.net/1000230347/product/newellrubbermaid_1931614_rbn_imgps_20_e73344b214134edd9de1834231c1eac4_9871bf4b4f054b119a7fac15f4492951_large.jpg
https://thienlong.vn/products/but-long-bi-urb-prm-x-d-blue-tb4-1975533,https://product.hstatic.net/1000230347/product/newellrubbermaid_1931566_rbn_imgps_20_e5f23d8fe0ce4b8f823cd69d72654670_bb369c98ec2e43c6847f8cb6ec191094_large.jpg
https://thienlong.vn/products/but-long-bi-im-x-m-blue-ct-tb4-1975577,https://product.hstatic.net/1000230347/product/newellrubbermaid_1931661_m_imgps_20_8717a49607a34a91944d748fe4e97217_b2899a6f016a46f58fc23dca64369435_large.jpg
https://thienlong.vn/products/but-long-bi-im-x-l-purple-ct-tb4-1975580,https://product.hstatic.net/1000230347/product/60001505_n_54fc295337c94b328c62234212f7b1fe_large.jpg
https://thienlong.vn/products/but-long-bi-im-x-dk-espso-ct-tb4-1975579,https://product.hstatic.net/1000230347/product/newellrubbermaid_1931664_m_imgps_20_6c1b0c7636ba424d969c0444a95e67e4_454de69139264ef182fd3285dd68be65_large.jpg
https://thienlong.vn/products/but-long-bi-im-x-bs-metal-gt-tb4-1975578,https://product.hstatic.net/1000230347/product/tai_xuong_7cde8d1122b94d74945563022a243c39_08128d0412974c46998ff090dd281542_large.png
https://thienlong.vn/products/but-long-bi-im-x-black-gt-tb4-1975576,https://product.hstatic.net/1000230347/product/im_black_lacquer_gt_d5b31a2898b147d1aea72cbc958dd8d6_7cc76677083a4931aac661b9d18f3620_large.png
https://thienlong.vn/products/but-long-bi-im-x-black-ct-tb4-1975575,https://product.hstatic.net/1000230347/product/tai_xuong_24808e5334004c69930bc6030e8f4a98_e3c12ca7032148e3826d43c468e10a83_large.png
https://thienlong.vn/products/but-long-bi-im-se-d-metall-f-gb4-2074145,https://product.hstatic.net/1000230347/product/im_metallic_pursuit_ct_64e7ee1d9ce94a98b2806aa958fdff60_8e56083adeed41b3b4c722dc7697e6cf_large.png
https://thienlong.vn/products/but-long-bi-im-se-d-blue-f-gb4-2073477,https://product.hstatic.net/1000230347/product/im_blue_origin_ct_c8a44803653c4422a69d85714a03d8db_5467815e20fe4aac95f516b846d765bd_large.png
https://thienlong.vn/products/but-long-bi-im-prm-x-grey-gt-tb4-1975587,https://product.hstatic.net/1000230347/product/tai_xuong_488ff01e1f5a4d70ac7e9cf97687222a_c4fc8960d3cc4c80a5d13ae6acc19550_large.png
https://thienlong.vn/products/but-long-bi-im-prm-x-gree-ct-tb4-1975586,https://product.hstatic.net/1000230347/product/newellrubbermaid_1931642_m_imgps_20_d9be6accbe134eb8b42263825d7bfc06_709a2f74754c4ac2b5b6699784da541d_large.jpg
https://thienlong.vn/products/but-long-bi-im-prm-x-d-vi-ct-tb4-1975584,https://product.hstatic.net/1000230347/product/newellrubbermaid_1931639_m_imgps_20_3ddc63469fc54d55a31c0e688330c03b_e9fd446fa77d488385a3c8a49341e9ee_large.jpg
https://thienlong.vn/products/but-long-bi-im-prm-x-bwn-ct-tb4-1975585,https://product.hstatic.net/1000230347/product/im_premium_brown_ct_2a703759f9f245b18f99d225e4ab1da8_02003349aa074d8c92b344126cc99c09_large.png
https://thienlong.vn/products/but-long-bi-im-prm-x-blue-ct-tb4-1975589,https://product.hstatic.net/1000230347/product/im_premium_blue_ct_1c97785366dd4c369f47da4fe4307d65_12d0703e8fde467794bfb757a6fda968_large.png
https://thienlong.vn/products/but-long-bi-im-prm-x-blk-gt-tb4-1975588,https://product.hstatic.net/1000230347/product/im_premium_black-gold_gt_9e9ba48cddbf4d1db02905e4689d7dd8_d3f3dd7833af408eb2387d6d32d1fad8_large.png
https://thienlong.vn/products/but-bi-vect-x-stain-steel-tb6-s0029780,https://product.hstatic.net/1000230347/product/ewellrubbermaid_2025445_vctr_imgps_20_cc80e72a90db4164b73f15768b48c17d_deeb4646db254d148b177691ad242fe9_large.jpg
https://thienlong.vn/products/but-bi-vect-x-purple-tb6-2025467,https://product.hstatic.net/1000230347/product/vector_vector_core_purple_080329653287482cba438fb68a90f534_1f6f4f21b79c4ff5a8f110258572bb59_large.png
https://thienlong.vn/products/but-bi-urb-prm-d-pearl-metal-tb4-1975461,https://product.hstatic.net/1000230347/product/rban_premium_pearl_metal_chiselled_ct_deba5dfb400b44b7919960b0108234e3_7b385df9ab3a411b9950bc3aeddaa451_large.png
https://thienlong.vn/products/but-bi-urb-prm-d-orange-tb4-1975473,https://product.hstatic.net/1000230347/product/newellrubbermaid_1931627_rbn_imgps_20_2911d159cbb446aeb2bc1d1fe1c59f47_a73ed6b192054cb3926f5a7182f61ca6_large.jpg
https://thienlong.vn/products/but-bi-urb-prm-d-green-tb4-1975469,https://product.hstatic.net/1000230347/product/newellrubbermaid_1931619_rbn_imgps_20_f11d2e386ec745eab27cb56d495aa2a5_13680993bf714c74aec36cd99c754061_large.jpg
https://thienlong.vn/products/but-bi-urb-prm-d-ebony-metal-tb4-1975459,https://product.hstatic.net/1000230347/product/newellrubbermaid_1931615_rbn_imgps_20_3f79eb08ab584372a69650a1d46eda17_9a0d6cd2d2ba4c2ebfa3cc9c6e826448_large.jpg
https://thienlong.vn/products/but-bi-urb-prm-d-dark-purple-tb4-1975465,https://product.hstatic.net/1000230347/product/newellrubbermaid_1931569_rbn_imgps_20_b23bd8df7fb0458cbe0d2ab970407743_a5503ebe0de0453183046c4a6f06539f_large.jpg
https://thienlong.vn/products/but-bi-urb-prm-d-dark-blue-tb4-1975463,https://product.hstatic.net/1000230347/product/newellrubbermaid_1931565_rbn_imgps_20_27a1472798a6487da2272b3a1221040d_7258c4421d4544b794d58eba2277f01e_large.jpg
https://thienlong.vn/products/but-bi-jot-xl-d-mgrey-ct-tb6-2068514,https://product.hstatic.net/1000230347/product/jotter_xl_alexandra_matte_grey_ct_5687878d097b4d0cafbef88df1b20f54_bdba6d6d082c41748379c5a551ae1d09_large.png
https://thienlong.vn/products/but-bi-jot-xl-d-mgreen-ct-tb6-2068515,https://product.hstatic.net/1000230347/product/ewellrubbermaid_2068511_jttr_imgps_20_79251a0a87e74ebbb1089ecc4ada78f6_354fbb3fe22846a9a61f251661a3a799_large.jpg
https://thienlong.vn/products/but-bi-jot-xl-d-mblue-ct-tb6-2068513,https://product.hstatic.net/1000230347/product/jotter_xl_primrose_matte_blue_ct_470bbb19731941dd9ba02ef80a347154_e6e2fccd8caf4fb3b019ebcf13570204_large.png
https://thienlong.vn/products/but-bi-jot-xl-d-mblack-ct-tb6-2068512,https://product.hstatic.net/1000230347/product/ewellrubbermaid_2068358_jttr_imgps_20_efa78f7a3f4f4bf29c7f7638800f6225_72e22cd278d245ada53e5ffaff6f6639_large.jpg
https://thienlong.vn/products/but-bi-jot-se-sky-blue-ct-gb6-2025828,https://product.hstatic.net/1000230347/product/jotter_special_edition_skyblue_modern_a10e2e62c0df4d9da6b45c70faf7baf5_935a9139209649039d5a3294c453f876_large.png
https://thienlong.vn/products/but-bi-jot-se-black-pm-ct-gb6-2025829,https://product.hstatic.net/1000230347/product/tter_special_edition_black_postmodern_baa7aead6a7846ffb2f1d5388f00f029_d2e5a44493364bd99d92bafd12e92b86_large.png
https://thienlong.vn/products/but-bi-jot-prm-d-ss-dgl-ct-tb6-1953416,https://product.hstatic.net/1000230347/product/ewellrubbermaid_1953197_jttr_imgps_20_1a3336e2856a46faa1e2b91b3481c2d2_b56f1a3258254467a3f4350e2fd424f7_large.jpg
https://thienlong.vn/products/but-bi-jot-prm-d-of-grey-ct-tb6-1953417,https://product.hstatic.net/1000230347/product/ewellrubbermaid_1953199_jttr_imgps_20_af6cd32f86c747048f921ce48f802c6e_01bf8e3d614642419d6b8c33f2309d11_large.jpg
https://thienlong.vn/products/but-bi-jot-prm-d-brw-ptp-ct-tb6-1953418,https://product.hstatic.net/1000230347/product/ewellrubbermaid_1953201_jttr_imgps_20_f8952e96f7a042d0bd9456b4239a4774_4c86b387bc8f4061b36db4861f57cc49_large.jpg
https://thienlong.vn/products/but-bi-jot-orig-d-magenta-tb6-2075999,https://product.hstatic.net/1000230347/product/jotter_originals_magenta_f8fa0a879f494e6d8ae106d71fef4267_58631873ed8f40a49d249db7f41e10f4_large.png
https://thienlong.vn/products/but-bi-jot-d-wtl-blue-ct-tb6-1953411,https://product.hstatic.net/1000230347/product/ewellrubbermaid_1953191_jttr_imgps_20_cbeb600dc54a4016ab2053b75efe0e3b_f610c387fa764515b4f2a3d60f419d29_large.jpg
https://thienlong.vn/products/but-bi-jot-d-stain-steel-gt-tb6-1953345,https://product.hstatic.net/1000230347/product/ewellrubbermaid_1953182_jttr_imgps_20_ebb841feed674c38825618ba41d438e3_54a095c4ab2c4a5593a8f968c76da51a_large.jpg
https://thienlong.vn/products/but-bi-jot-d-stain-steel-ct-tb6-1953344,https://product.hstatic.net/1000230347/product/ewellrubbermaid_1953170_jttr_imgps_20_0248101b87084a03baef5c9eeedd1de2_dd87b858a239463ea8786e16ffd88549_large.jpg
https://thienlong.vn/products/but-bi-jot-d-ptb-purple-ct-tb6-1953412,https://product.hstatic.net/1000230347/product/ewellrubbermaid_1953192_jttr_imgps_20_b9edbb19c4204113b10eb2e53ab18dfe_9c4724b70ca14e8ab570f1636b9826c0_large.jpg
https://thienlong.vn/products/but-bi-jot-d-kst-red-ct-tb6-1953348,https://product.hstatic.net/1000230347/product/ewellrubbermaid_1953187_jttr_imgps_20_86ab4f6362f84ff5a56340085c5b85bb_c260016abc104017b7b3f09c8242e615_large.jpg
https://thienlong.vn/products/but-bi-jot-d-bdst-black-ct-tb6-1953346,https://product.hstatic.net/1000230347/product/ewellrubbermaid_1953184_jttr_imgps_20_dde91ad671be46f29fc1a149dc043129_b48d0ef4d0b242ddbda0c387bf0d217e_large.jpg
https://thienlong.vn/products/but-may-cao-cap-parker-urban-muted-black-ct-tb4-1975487,https://product.hstatic.net/1000230347/product/may_urb_muted_black_ct_tb4-1975487-01_2d9972b200084d92bb318d465d50f34f_f5c6b46b492d48379e94c2c85331576c_large.jpg
https://thienlong.vn/products/but-may-cao-cap-urban-black-cab-ct-tb4-1975481,https://product.hstatic.net/1000230347/product/t_may_urb_black_cab_ct_tb4-1975481-01_171ddb7c55d5413aa7da6625c0f64284_90ac83a28efd47618580169ca1a7036d_large.jpg
https://thienlong.vn/products/but-may-parker-urban-prm-violet-tb4-1975517,https://product.hstatic.net/1000230347/product/t_may_urb_prm_violet_tb4-1975517_-_01_62ba4097a4bf4ad0a82a3ceabbc8c538_f48ec5db293840c7b88966f3cb0b4c73_large.jpg
https://thienlong.vn/products/but-bi-cao-cap-flexoffice-fo-069-vn,https://product.hstatic.net/1000230347/product/fo-069_vn_copy_5_44ebb6cace8f456683498f016e2038b9_large.jpg
https://thienlong.vn/products/but-may-thien-long-bizner-biz-ft02,https://product.hstatic.net/1000230347/product/artboard_1_7499415d04334ca0bc932e73e7ab5c9a_large.jpg
https://thienlong.vn/products/nha-lanh-dao-tuong-lai-1,https://product.hstatic.net/1000230347/product/nha_lanh_dao_tuong_lai__tb2__-_bia_1_4ae03690f6d4454e9fe961209518c7e2_large.jpg
https://thienlong.vn/products/lanh-dao-bang-cau-hoi,https://product.hstatic.net/1000230347/product/lanh_dao_bang_cau_hoi__tb4__-_bia_1_7edca0b7d7f9459b98146442ed37281a_large.png
https://thienlong.vn/products/doi-thoai-voi-nhung-nguoi-tien-phong,https://product.hstatic.net/1000230347/product/doi_thoai_voi_nhung_nguoi_tien_phong_-_bia_1_9175391654bb46cb854653e4e3201253_large.jpg
https://thienlong.vn/products/gateway-2-ed-b1-plus-workbook,https://product.hstatic.net/1000230347/product/9d485787bd354b4054eaed4426d46e89_fa5f93abea7a4bd3ac7586e0a6e4904a_738e331a86d64e18a2306da71739f41d_large.jpg
https://thienlong.vn/products/gateway-2-ed-b1-plus-student-book-pack,https://theme.hstatic.net/1000230347/1000782290/14/product-placeholder.png?v=26572
https://thienlong.vn/products/truong-thanh-cung-noi-co-don,https://theme.hstatic.net/1000230347/1000782290/14/product-placeholder.png?v=26572
https://thienlong.vn/products/the-mastery-of-love-nhung-chi-dan-de-lam-chu-trai-tim,https://theme.hstatic.net/1000230347/1000782290/14/product-placeholder.png?v=26572
https://thienlong.vn/products/tai-tao-to-chuc-ban-day-du,https://theme.hstatic.net/1000230347/1000782290/14/product-placeholder.png?v=26572
https://thienlong.vn/products/30-tuoi-moi-thu-chi-moi-bat-dau,https://theme.hstatic.net/1000230347/1000782290/14/product-placeholder.png?v=26572
https://thienlong.vn/products/dac-nhan-tam-cho-nha-quan-ly-tai-ban,https://theme.hstatic.net/1000230347/1000782290/14/product-placeholder.png?v=26572
https://thienlong.vn/products/phep-mau-de-tro-thanh-chinh-minh-tai-ban,https://theme.hstatic.net/1000230347/1000782290/14/product-placeholder.png?v=26572
https://thienlong.vn/products/lanh-dao-bang-cau-hoi-tb,https://theme.hstatic.net/1000230347/1000782290/14/product-placeholder.png?v=26572
https://thienlong.vn/products/tri-lieu-bang-nuoc-da,https://theme.hstatic.net/1000230347/1000782290/14/product-placeholder.png?v=26572
https://thienlong.vn/products/khach-hang-that-su-can-gi,https://theme.hstatic.net/1000230347/1000782290/14/product-placeholder.png?v=26572
https://thienlong.vn/products/chua-lanh-nhung-sang-chan-tuoi-tho,https://theme.hstatic.net/1000230347/1000782290/14/product-placeholder.png?v=26572
https://thienlong.vn/products/nhan-loai-doi-dau-nhan-tao,https://theme.hstatic.net/1000230347/1000782290/14/product-placeholder.png?v=26572
https://thienlong.vn/products/quan-tri-cam-xuc,https://theme.hstatic.net/1000230347/1000782290/14/product-placeholder.png?v=26572
https://thienlong.vn/products/tu-quan-ly-den-lanh-dao-su-menh-dan-dau,https://theme.hstatic.net/1000230347/1000782290/14/product-placeholder.png?v=26572
https://thienlong.vn/products/bao-ve-tre-truoc-chan-thuong-tam-ly,https://theme.hstatic.net/1000230347/1000782290/14/product-placeholder.png?v=26572
https://thienlong.vn/products/song-o-the-chu-dong-tb,https://theme.hstatic.net/1000230347/1000782290/14/product-placeholder.png?v=26572
https://thienlong.vn/products/tam-tinh-voi-dat-me-tb,https://product.hstatic.net/1000230347/product/65533925-de9f-4f58-8ef1-05d6d2dc3782_723ab5ecaf0c447d8d7c9d4b67fd5c59_large.jpg
https://thienlong.vn/products/an-nhien-giua-nhung-thang-tram-tai-ban,https://product.hstatic.net/1000230347/product/350f5e64-45a2-4aa5-87b3-525e24d44158_1__5293cef16ae64aa3ae96643831dacbbf_large.jpg
https://thienlong.vn/products/hanh-dong,https://product.hstatic.net/1000230347/product/8399fb10-7755-4a3c-aafd-7041a6576119_f6eb157104d64aac85aacc0745c37ba6_large.jpg
https://thienlong.vn/products/ve-dep-cua-nhung-dieu-con-lai,https://product.hstatic.net/1000230347/product/08025a80-c58f-40be-b22a-84607fcc5284_49172e5f9e43454ba35038042e433172_large.jpg
https://thienlong.vn/products/hoc-tu-hanh-dong,https://product.hstatic.net/1000230347/product/c847a1b3-7cd2-4925-9058-638896b7d8e8_37d2238ddcfc4461af5760d7a432d51f_large.jpg
https://thienlong.vn/products/cong-viec-thanh-cong-cuoc-doi-nhu-y,https://product.hstatic.net/1000230347/product/311e25b5-120f-4849-8384-76460bf949ae_add277ddb7174b44a888ef5d3665eca8_large.jpg
https://thienlong.vn/products/dieu-quan-trong-nhat,https://product.hstatic.net/1000230347/product/a039b162-f35a-4861-9236-e9d65cd1829a_44084b419b264e2581368ccccc718799_large.jpg
https://thienlong.vn/products/mo-khoa-sang-tao,https://product.hstatic.net/1000230347/product/29106e00-eaba-4a65-87db-d1a1af004264_067d5178086d43ef89a43f072f4e2403_large.jpg
https://thienlong.vn/products/ket-noi,https://product.hstatic.net/1000230347/product/2232910a-134d-44fe-acb9-211b4ee2542a_2ed8a588a49b45a3a8fe8aa3ec473326_large.jpg
https://thienlong.vn/products/dan-loi-ngon-tu,https://product.hstatic.net/1000230347/product/969eac87-56b8-4861-bc54-2d7f5e0ddfc9_4761c40ffe5b43d39407696a471f80b0_large.jpg
https://thienlong.vn/products/khoi-nghiep-tinh-gon,https://product.hstatic.net/1000230347/product/f4ec529a-f0eb-447f-8fb9-a03ccd8fc39d_2a3ba5b135c24422a7e5abd939cd5e89_large.jpg
https://thienlong.vn/products/giai-nghiem-cuoc-doi,https://product.hstatic.net/1000230347/product/2394d53a-b515-4e42-940b-a18054dbd4cd_2e6d10a8767a4806b760a1cd61da3f12_large.jpg
https://thienlong.vn/products/bi-kip-chong-tut-mood,https://product.hstatic.net/1000230347/product/50c00e1b-df93-4c77-a693-5237b1667f93_cf7cc4ac808f4073b26bba22b4b66d15_large.jpg
https://thienlong.vn/products/frugal-innovation-lam-tot-hon-voi-nguon-luc-it-hon,https://product.hstatic.net/1000230347/product/3420c491-eef2-4d90-9321-7cbfbf42f1b1_9bc071cb4b984486b6d912281160bcfa_large.jpg
https://thienlong.vn/products/thiet-ke-su-nghiep-ca-nhan,https://product.hstatic.net/1000230347/product/a71ba9ac-f347-44e1-856f-7bc1f8d2cfd5_a0c6ef47a25d4c9ca4d9436c39336024_large.jpg
https://thienlong.vn/products/doc-than-khong-phai-e,https://product.hstatic.net/1000230347/product/d8f9415a-a27f-4502-a05c-5e0abc19368b_0a8f14076b894c1ba13c17d6b177a010_large.jpg
https://thienlong.vn/products/kien-tao-tuong-lai-so-tay-doi-moi-sang-tao,https://product.hstatic.net/1000230347/product/126fb7a4-c06b-4962-ac95-d2d17dc5e5a4_f74ad87021b14b558b533b512a30b087_large.jpg
https://thienlong.vn/products/giao-tiep-khiem-nhuong-thu-phuc-nhan-tam,https://product.hstatic.net/1000230347/product/4b0783d0-c12a-4de7-a92f-489f0d747dd6_6ab7144d01624b3995b329c7da74c564_large.jpg
https://thienlong.vn/products/doi-nhom-trong-mo,https://product.hstatic.net/1000230347/product/3967cdd0-731a-4572-8ad0-f40b45934da6_f4c542a4918e4ddda045154b08601231_large.jpg
https://thienlong.vn/products/rethinking-strategy-tu-duy-lai-chien-luoc,https://product.hstatic.net/1000230347/product/802360f9-d5cc-4dd7-b0e7-8b1b30ba7a6b_708d0272c0b5480d8c9665448be0d026_large.jpg
https://thienlong.vn/products/phu-thuy-content,https://product.hstatic.net/1000230347/product/c60c431c-c4c5-48b6-8557-3c02f7442b67_fbbea8a93f2b4935bf217178955ce774_large.jpg
https://thienlong.vn/products/pho-xua-nguoi-cu,https://product.hstatic.net/1000230347/product/f8f0b6c5-a6e3-4f24-839b-dc444d3653b2_bfd109d8abd1455288a7e6add8448b73_large.jpg
https://thienlong.vn/products/truong-thanh-sau-bien-co,https://product.hstatic.net/1000230347/product/66df17fc-fa2a-4dbc-9b82-75eff68d9563_45a1f4cec48b4577a75c0c13dfeea5ef_large.jpg
https://thienlong.vn/products/chua-lanh-sau-sang-chan,https://product.hstatic.net/1000230347/product/60b4d48e-f894-412b-9ef6-2e6196b5a6bc_91a38483b5564c2e9bba899b8934bcff_large.jpg
https://thienlong.vn/products/doanh-nhan-part-time,https://product.hstatic.net/1000230347/product/3aa48f98-65dc-4ae5-a979-61376b13d41f_0ece2b62ef524c4b8c7bf00c03f15345_large.jpg
https://thienlong.vn/products/mat-ma-tre-tho-day-con-khong-ap-luc,https://product.hstatic.net/1000230347/product/f687e377-49f1-4318-b2a8-6dfd53b0cb49_4a014cbafdf44d3b96c876ee8f597066_large.jpg
https://thienlong.vn/products/den-apple-hoc-ve-sang-tao,https://product.hstatic.net/1000230347/product/794cf3f0-7d97-4aef-97fa-0163f1feed72_56adc1ea16fb436d842a26fda61019e3_large.jpg
https://thienlong.vn/products/tri-tue-cua-su-tu-bi,https://product.hstatic.net/1000230347/product/9c444f95-b30c-4dab-9147-ea239743cd62_74d5ba198e6449f39f8c71f02d64b8ea_large.jpg
https://thienlong.vn/products/thuyet-phuc-bang-cau-hoi,https://product.hstatic.net/1000230347/product/f5eeb99b-11a5-404c-9287-cba7bb0c52fa_a862cd05a3404a0e86678d2a487bb009_large.jpg
https://thienlong.vn/products/ranh-gioi-tu-do,https://product.hstatic.net/1000230347/product/6d7c28fb-10a1-4949-aa65-52ec2547c948_f0eb8fada83340f8a50d949c5bd39542_large.jpg
https://thienlong.vn/products/ao-tuong-tich-cuc,https://product.hstatic.net/1000230347/product/d749e94e-f576-4ce1-92eb-62b3798a9601_eab2cd32fb684f6dbe065b3064ac18e1_large.jpg
https://thienlong.vn/products/quan-ly-mo,https://product.hstatic.net/1000230347/product/e5b919bb-2bc9-4d5e-947f-0bc66e711b57_8dc5098c30f74e868ac1c0fce8b15ce9_large.jpg
https://thienlong.vn/products/beyond-order-vuot-len-trat-tu,https://product.hstatic.net/1000230347/product/deb42b8e-d582-412b-bbd7-cf33588e8d1c_cd8160d3454f4f38b7aa3eb952ec0459_large.jpg
https://thienlong.vn/products/khong-diet-khong-sinh-dung-so-hai-tai-ban-2022,https://product.hstatic.net/1000230347/product/67839642-9a9f-40aa-8865-281503fb4ea1_3070435f12a741959c4e3bd5b2e85e83_large.jpg
https://thienlong.vn/products/the-bomber-mafia-giac-mo-cam-do-va-dem-dai-nhat-trong-the-chien-ii,https://product.hstatic.net/1000230347/product/1ea3398e-df44-410f-9c3d-768b2c981728_9350c72be9584a28bb006417faa88123_large.jpg
https://thienlong.vn/products/chung-ta-lam-gi-voi-trai-dat,https://product.hstatic.net/1000230347/product/4152a55e-1c48-42ff-a5d3-92e5c0460037_1821145c367e402891e92a8e204074f2_large.jpg
https://thienlong.vn/products/cong-thuc-grit-cho-tinh-yeu,https://product.hstatic.net/1000230347/product/a0776daf-ea85-433e-a2f3-75bec12b52ba_1__33e8c6665a194f46a0541d31617bab6e_large.jpg
https://thienlong.vn/products/vi-sao-phat-giao-giau-chan-ly,https://product.hstatic.net/1000230347/product/4a3c1075-2269-492e-8389-9f49cb1c3c2f_3caf622c3cd443baa4c39b17074fde51_large.jpg
https://thienlong.vn/products/tarot-toan-thu,https://product.hstatic.net/1000230347/product/d0785230-2787-4d98-aff3-58b6054173fa_f73b309705e548b98a6a83dda55bdbd6_large.jpg
https://thienlong.vn/products/toan-thu-chiem-tinh-hoc-du-doan,https://product.hstatic.net/1000230347/product/d2c8d26a-6b9f-40bf-9bfb-9b221ac6ec11_1__889bdb5f425b4128a093db21d13f4646_large.jpg
https://thienlong.vn/products/chiem-tinh-hoc-duoi-goc-nhin-tam-linh,https://product.hstatic.net/1000230347/product/61d8ee4c-49cd-4888-92a0-5a172099862b_1__334d4ec6e01a4857b00314b7de2b5a59_large.jpg
https://thienlong.vn/products/tong-quan-ve-tarot,https://product.hstatic.net/1000230347/product/d9338753-4a4b-4faf-abfc-fb73b54f454d_1__a5e0e17ebdc84604989a805e93219839_large.jpg
https://thienlong.vn/products/lam-chu-su-thay-doi,https://product.hstatic.net/1000230347/product/96c72ae3-2263-424e-bc5b-7da01babe13a_4bbd30e60c6f47ae9efff7734c99c18a_large.jpg
https://thienlong.vn/products/toi-gian-loi-song-toi-uu-cuoc-doi,https://product.hstatic.net/1000230347/product/0da8dc5a-96e8-480e-abdc-f229c723d0ec_93d5e3e5682340138301c30367fcd338_large.jpg
https://thienlong.vn/products/chiem-tinh-cho-cong-so,https://product.hstatic.net/1000230347/product/2ab52cd3-551d-4fd4-a3f8-cfab775917a7_2a1050d4298742e284777c6a0dec8808_large.jpg
https://thienlong.vn/products/stand-out-khac-biet,https://product.hstatic.net/1000230347/product/8b0a9f70-0266-4463-b2d0-f6c2ce12b8e4_30db3d2b2fd349349e67091e656af0d1_large.jpg
https://thienlong.vn/products/ve-que-lap-nghiep,https://product.hstatic.net/1000230347/product/cdb7c150-7c77-441c-a604-04533eb68f28_5e3eddd527d149e3b1c1d2bf50b1cae3_large.jpg
https://thienlong.vn/products/chiem-tinh-hoc-giai-ma-cac-moi-quan-he,https://product.hstatic.net/1000230347/product/b23514c1-493e-4379-820d-6d02cfe75b1b_1__0e6b601d5f8745f8a889a9105dcf58c6_large.jpg
https://thienlong.vn/products/one-decision-ky-nang-ra-quyet-dinh-sang-suot,https://product.hstatic.net/1000230347/product/f34d0aaf-6177-42d2-b475-234ade017096_ef4f58ecfd0a4aab963d9c0944d8fa69_large.jpg
https://thienlong.vn/products/song-vui-song-khoe,https://product.hstatic.net/1000230347/product/2d6da7fb-33ee-4d85-bf72-100a940a11e0_1__db63eab95d3b4394b585846f71588471_large.png
https://thienlong.vn/products/contact-marketing-nghe-thuat-chinh-phuc-khach-hang,https://product.hstatic.net/1000230347/product/96502f79-64f2-4d91-a362-027edcec87d8_c77de3fafbcf41edafe8e1cf0c58e575_large.png
https://thienlong.vn/products/lang-nghe-hoi-tho,https://product.hstatic.net/1000230347/product/31651fea-e6e4-44b8-9218-bfb4527ec0a4_bb4beaa8bb4b4d3391cb4c6c83017b2b_large.png
https://thienlong.vn/products/gia-dinh-xa-hoi-va-tam-linh,https://product.hstatic.net/1000230347/product/82c8de15-0dbd-41a9-b986-d61aeb17b825_fc327319ea6140f997457e38dd5e6e90_large.png
https://thienlong.vn/products/con-duong-an-vui,https://product.hstatic.net/1000230347/product/e9ddd1d7-f72f-4f69-99fd-dba0712ddc85_697ac561c15b4d3998f7cbb0846f20bb_large.png
https://thienlong.vn/products/bo-sach-ung-thu-tin-don-su-that,https://product.hstatic.net/1000230347/product/fe7489a1-e166-4c24-be1d-87a768ab8b50_ed7b975b556841cfb6d07b50f6178ad0_large.jpg
https://thienlong.vn/products/mo-cua-tuong-lai,https://product.hstatic.net/1000230347/product/699eb136-d552-4ce9-b7ff-e5c978deeb27_1__9829784ca54c44c69f7fb50402bba284_large.png
https://thienlong.vn/products/nha-lanh-dao-dang-tin-cay,https://product.hstatic.net/1000230347/product/216e9079-d69f-4543-898d-7e914748351c_3e35795118074c13809bd364f599d40d_large.png
https://thienlong.vn/products/im-lang-khong-lam-ta-vo-can,https://product.hstatic.net/1000230347/product/c8f58960-2d44-4564-b092-21405117c930_1__7864444d51234c9b87e3f81da813c29f_large.png
https://thienlong.vn/products/dung-tin-cac-bai-trac-nghiem-tinh-cach,https://product.hstatic.net/1000230347/product/7b5d36c8-cf66-4d62-8cb6-9b924c401412_53f9d23bb4a04f0786fe630359a51cd3_large.png
https://thienlong.vn/products/hieu-suat-dinh-cao,https://product.hstatic.net/1000230347/product/4ec31804-59b4-429e-8133-11bb84063384_958ee938b4a54e95a78a3360ddcdc671_large.png
https://thienlong.vn/products/tam-kinh-minh-thuyet-cho-minh,https://product.hstatic.net/1000230347/product/350cbea1-5b1b-4ed3-8e8c-0ae139591489_c4cc3958fa984d2593b87e13eec65e8a_large.png
https://thienlong.vn/products/spenditude-lam-chu-dong-tien-tu-do-tai-chinh,https://product.hstatic.net/1000230347/product/2d36a43d-67c0-432e-be87-33117667e9bb_a032faf0ee074716a83745968474c23f_large.png
https://thienlong.vn/products/cot-loi-ve-lanh-dao-phat-trien-pham-chat-lanh-dao-tu-ly-thuyet-den-thuc-hanh,https://product.hstatic.net/1000230347/product/9d8a820f-a217-41b8-95bb-248610006f8d_424c51686da84c918b66a0b4c1198b5f_large.png
https://thienlong.vn/products/futureproof-15-nhan-to-quyet-dinh-tuong-lai-cua-doanh-nghiep,https://product.hstatic.net/1000230347/product/04ef4875-6471-4359-ae0e-b2c08b47d67d_fbcbd1415a354578a3fdfc1085b5497b_large.png
https://thienlong.vn/products/thoi-ky-hau-corona-luon-co-co-hoi-trong-khung-hoang,https://product.hstatic.net/1000230347/product/5a861999-e876-4a7c-a603-36d2b01fd3db_afcff35c77904a219b3dbff9a07e756c_large.png
https://thienlong.vn/products/chon-dung-nguoi-vao-dung-viec,https://product.hstatic.net/1000230347/product/7092d44a-395a-4ab1-bfcd-4b5ef6c014c0_49befe72e9a048f98355ee1de29e9901_large.png
https://thienlong.vn/products/doi-moi-tu-cot-loi-thay-doi-de-dan-dau,https://product.hstatic.net/1000230347/product/ba9737c0-f24f-4dcc-871f-d4bbca599320_243f87ae0ceb4788ac2d9c6ca610965f_large.png
https://thienlong.vn/products/trai-nghiem-nhan-vien,https://product.hstatic.net/1000230347/product/7702af50-52b4-4519-a86d-db99c93c1373_1__0afa9582952143a188120972f1d2fa1d_large.png
https://thienlong.vn/products/nghi-thong-suot-doi-nhe-nhu-may,https://product.hstatic.net/1000230347/product/05fc1992-4bf9-4f0b-adc9-b11054b7bcd8_c03a76598970440981d4d3e81ce93490_large.png
https://thienlong.vn/products/chatter-tro-chuyen-voi-chinh-minh,https://product.hstatic.net/1000230347/product/13073571-9b24-4401-868e-28aa5a9bf566_17d8180f0551403886aad9bd34193405_large.png
https://thienlong.vn/products/sieu-tap-trung,https://product.hstatic.net/1000230347/product/3a4a881a-7efb-4826-9b26-c95335b0f347_eeb14288cc14433ab35757a164732304_large.png
https://thienlong.vn/products/superbosses-tai-dao-tao-cua-sieu-lanh-dao,https://product.hstatic.net/1000230347/product/223dd9e7-3093-4aab-9788-e1e0173bc204_1__a91bfc73ead64d9893c481b809e85ca7_large.png
https://thienlong.vn/products/nhung-tan-van-suyt-bi-bo-quen-cua-bo-lap,https://product.hstatic.net/1000230347/product/1081009a-3c18-4fbf-a3ae-d8f4c4047684_1__a1e837f1452c4c7aa9599fa1b8e549ce_large.png
https://thienlong.vn/products/tao-dong-luc-tang-hieu-suat,https://product.hstatic.net/1000230347/product/fcb26700-564c-46fc-9ab4-efe20b193abb_1__fd1c383811f0490aa35ee0ef46416f57_large.png
https://thienlong.vn/products/neu-biet-ngay-mai-roi-quan-tro,https://product.hstatic.net/1000230347/product/7b072122-c773-4cec-a5e7-c7d1098492e4_e85a7e631b82433b926dead8a96e3f72_large.png
https://thienlong.vn/products/ban-le-thong-minh,https://product.hstatic.net/1000230347/product/094f4c23-7b2b-4237-8fe9-0b6faa684c26_1__40bb589603d442d69014df713a6d4365_large.png
https://thienlong.vn/products/tu-truyen-ken-langone-tu-so-0-den-ty-phu,https://product.hstatic.net/1000230347/product/89955adf-9e44-49c6-8b6e-d7826f5587dd_1__e9f5203647bf4476827c13ccc4274982_large.png
https://thienlong.vn/products/lanh-dao-va-van-hoa-doanh-nghiep,https://product.hstatic.net/1000230347/product/51d23a7b-7660-48c5-8140-fa06f81fc2f7_1__0f95b63952864fdb970e77339a800195_large.png
https://thienlong.vn/products/giao-duc-tuong-lai-doi-moi,https://product.hstatic.net/1000230347/product/aa1dc1bb-d1b4-428f-b921-e946b91add56_7ee7c9bb32a6480d86f0e63597f0ec27_large.png
https://thienlong.vn/products/thien-su-va-em-be-5-tuoi-tb2,https://product.hstatic.net/1000230347/product/4cc9b71d-b0a9-43aa-a375-f3756c9962bc_1__58cd101a55ca45029dae86947dd3d125_large.png
https://thienlong.vn/products/ai-len-vu-khuc-mua-he,https://product.hstatic.net/1000230347/product/eb26ac97-3893-4d58-ad2c-d8fa2a50b6e3_1__e10e6d0f2b1447ceaadc90eabf6e408f_large.png
https://thienlong.vn/products/phep-mau-de-vuot-len-chinh-minh,https://product.hstatic.net/1000230347/product/7a0d62e9-070e-44de-93c6-3c21eb34b9ee_1__ffcd31b5c577423eb411e03b02494c72_large.png
https://thienlong.vn/products/where-to-play-3-buoc-de-xac-dinh-thi-truong-dat-gia-cua-doanh-nghiep,https://product.hstatic.net/1000230347/product/b9a03630-1f32-4e13-acb8-dc65d66ac871_fe8737faa38b412c968f0378695c75b8_large.png
https://thienlong.vn/products/de-khong-mat-them-mot-khach-hang-nao-nua,https://product.hstatic.net/1000230347/product/26e32019-af82-4187-8a89-aef61f71361b_711169105a78447889e576f9a6925c95_large.png
https://thienlong.vn/products/tien-te-va-chuyen-lam-giau-an-toan,https://product.hstatic.net/1000230347/product/80b54a02-d689-47dd-a6c3-f1a2c026f59d_e6a68f1fd4624709922aef5164616b7a_large.png
https://thienlong.vn/products/truyen-thong-noi-bo-linh-hon-cua-doanh-nghiep,https://product.hstatic.net/1000230347/product/89e80ecb-200d-4d0c-a231-2f417b9ca6f4_b5a1a5cc9c344b66b07e67a204d47505_large.png
https://thienlong.vn/products/13-dieu-nguoi-co-tinh-than-thep-khong-lam,https://product.hstatic.net/1000230347/product/63213e99-51fd-4017-91b3-2728de89d211_17c361964b4c49daaf2e34d1861c2dfb_large.png
https://thienlong.vn/products/chuan-men,https://product.hstatic.net/1000230347/product/0e4dc59c-480d-46bf-b199-4a8ad9917007_31e3e0e509964f69b6ba8f1491851773_large.jpg
https://thienlong.vn/products/nhung-de-che-cong-nghe-so,https://product.hstatic.net/1000230347/product/51cb3c2e-f2be-48a0-967e-0879fc32ad61_70b0ecbc7c0143998f60fb356f6f709f_large.jpg
https://thienlong.vn/products/7-cau-hoi-than-ky-cua-moi-sep-gioi,https://product.hstatic.net/1000230347/product/980f5537-0ece-41fe-b1a3-5830ad00fe43_a9467f7a40e1462599b4c2ffd74edac6_large.jpg
https://thienlong.vn/products/gio-la-luc-song-trong-tinh-yeu,https://product.hstatic.net/1000230347/product/50759538-1be8-430b-b214-57b417b803f6_de0d264aeaae45d1b8ccf15b066d916d_large.png
https://thienlong.vn/products/ho-da-khoi-nghiep-the-nao,https://product.hstatic.net/1000230347/product/c9ee817a-0ad7-49ee-814c-7310ad72f3ff_370aabf0499d40f4a4ef2b1d4441911e_large.png
https://thienlong.vn/products/nghien-rang-no-luc-vuon-len-dan-dau,https://product.hstatic.net/1000230347/product/81000ecb-51f0-4a00-88da-f1561827ae4d_1__63beebc30add4fbab400db230fad704f_large.png
https://thienlong.vn/products/kich-hoat-cac-nguyen-to-sang-tao-de-thanh-cong-trong-kinh-doanh,https://product.hstatic.net/1000230347/product/e020c952-f95c-4b2c-902d-17ab28bcc382_1__197cd42684d74963b55997ac41083c8c_large.png
https://thienlong.vn/products/thien-cho-nguoi-nang-dong-va-hoai-nghi,https://product.hstatic.net/1000230347/product/e59b2350-b819-46cb-b0d1-7aaf6d8893b3_b7ab1c4c1d504441a90ed80dc45f209c_large.png
https://thienlong.vn/products/lam-viec-tu-xa-sao-cho-hieu-qua,https://product.hstatic.net/1000230347/product/1b4f3b69-247a-4a6a-be85-e1a47eb5a774_1__17f60647aea94e658019afe393a8beac_large.png
https://thienlong.vn/products/nym-toi-cua-tuong-lai,https://product.hstatic.net/1000230347/product/03eb6b54-2c72-4807-b02d-2339753d8f87_082fa3caa39842d594a56229f5c225b9_large.png
https://thienlong.vn/products/hinh-anh-chuyen-nghiep-nang-cao-vi-the,https://product.hstatic.net/1000230347/product/08621cfa-23b5-4625-aed9-b68610043e35_1__cb02c16414054adbb78b923f3ea4af02_large.png
https://thienlong.vn/products/cong-ty-vi-dai-nho-tinh-than-khoi-nghiep,https://product.hstatic.net/1000230347/product/cbbc7723-c2bc-4975-9407-1c7c5678e8ed_112c1d59a982473eba5847f2291c8638_large.png
https://thienlong.vn/products/nay-co-gai-thuc-tinh-di-tai-ban,https://product.hstatic.net/1000230347/product/681cde1a-b17d-4b6c-8934-ed39966326e5_0e8f60eec4724888a6258987b271ffd2_large.png
https://thienlong.vn/products/song-gian-di-va-sau-lang,https://product.hstatic.net/1000230347/product/701734a2-56c4-4361-8c25-70b76c202a27_1__b1ef2e7a1d404a82a1a25d261ab4645c_large.png
https://thienlong.vn/products/duong-tri-nao-con-tinh,https://product.hstatic.net/1000230347/product/61a50281-58d1-4fcd-b97d-76069897509c_1__52ff4ccf953c48439fd6dae88981b363_large.png
https://thienlong.vn/products/cham-trai-tim-con-am,https://product.hstatic.net/1000230347/product/e7ecb06d-5247-4b2e-a872-2188855e7fce_1__a333f6133069401fbdb9cc404685f791_large.png
https://thienlong.vn/products/tan-huong-niem-vui-song,https://product.hstatic.net/1000230347/product/88620658-05ee-49c2-b93d-99b09d115ded_68e4fa687ad444c2b3dd1e63e8f12b6a_large.png
https://thienlong.vn/products/12-quy-luat-cuoc-doi-than-duoc-cho-cuoc-song-hien-dai,https://product.hstatic.net/1000230347/product/d1e029e8-c148-441a-859f-47613acd54a8_11001edc1a2a4aa6b50152f9f6926365_large.jpg
https://thienlong.vn/products/10-buoc-den-thanh-cong,https://product.hstatic.net/1000230347/product/9fddbbce-e072-4c92-b0d0-d3093c9a2e3c_35b1a32ef7d146e8a0c8b9196748182d_large.png
https://thienlong.vn/products/tai-tao-to-chuc-pha-vo-rao-can-thoi-bung-sinh-khi,https://product.hstatic.net/1000230347/product/e0c994db-8f00-4ad7-bcb3-974973546dc9_4c88664497b84159a8f2a31814061e58_large.jpg
https://thienlong.vn/products/sang-chan-tam-ly-hieu-de-chua-lanh,https://product.hstatic.net/1000230347/product/9fd70a2a-970e-4af0-b878-f18417008a21_1__a53b8c2b2b6e448c98ce2194a3d152e4_large.png
https://thienlong.vn/products/nhe-ganh-uu-phien,https://product.hstatic.net/1000230347/product/d9be6e5a-522d-448c-83e8-42da21c11045_1__79721c537aef4962a2416fcbbd404265_large.jpg
https://thienlong.vn/products/100-nam-quan-vot-viet-nam-mot-thoi-vang-son-mot-thoi-tran-tro-combo-sach-chu-anh,https://product.hstatic.net/1000230347/product/650a774d-b7c9-4b5c-ac07-5ea6faa5c664_1__3f453e82813f4735b1037c74f171e508_large.jpg
https://thienlong.vn/products/lap-trinh-quy-dao-cuoc-doi,https://product.hstatic.net/1000230347/product/97f73292-adc2-43fb-b877-12f48c14abd8_724c4574e29e4d3da431943a98cf3054_large.png
https://thienlong.vn/products/subscribe-ok-toi-dang-ky,https://product.hstatic.net/1000230347/product/64795a37-b80a-4267-98dc-9221e79aa846_e7106df8b7d245bcb6bb7e555deaca24_large.png
https://thienlong.vn/products/tan-man-ve-hanh-phuc,https://product.hstatic.net/1000230347/product/3ab29470-1f60-431d-bb03-ebd462be18e0_e88e13fbae4347d6ba43df5aecb7af53_large.jpg
https://thienlong.vn/products/song-nhu-nhan-duyen-nghe-thuat-nhin-nguoi,https://product.hstatic.net/1000230347/product/28da5f83-52dd-477b-8000-910b40d8cb2b_1__b051f8162a0f45bb927da43570c57b0b_large.jpg
https://thienlong.vn/products/song-o-the-chu-dong,https://product.hstatic.net/1000230347/product/c82aa3d8-8628-49b0-babb-8b8f8409e222_2e08c9bdaffa42e4bab47cde90b0b84d_large.png
https://thienlong.vn/products/cam-nang-tro-thanh-nha-quan-ly-xuat-sac,https://product.hstatic.net/1000230347/product/68a90999-9fe9-4be9-8308-8a9cb81e7d30_f8fef3a177be4e7083392e252afa779c_large.jpg
https://thienlong.vn/products/sen-no-troi-phuong-ngoai-tb2,https://product.hstatic.net/1000230347/product/8546dc9a-39ea-4129-bf87-1c5913de065e_dd8654ba74954baeaf4476aa372bada9_large.jpg
https://thienlong.vn/products/phu-nu-khuay-dao-gioi-kinh-doanh,https://product.hstatic.net/1000230347/product/7f99887f-04a2-4171-8f52-5f4a1d5a5829_dd71d9ef43dc4c56a4a0fae73f7ab887_large.png
https://thienlong.vn/products/thu-hut-bat-ky-ai,https://product.hstatic.net/1000230347/product/c7beb786-5477-48d6-9dbd-0e840af06f78_1__144958a8adea4014b788577800d52257_large.jpg
https://thienlong.vn/products/toi-di-tim-toi,https://product.hstatic.net/1000230347/product/5cebcd41-1bd4-4294-a993-dca7d95db474_1__1bb225679877415bad095d1eb0b67c1c_large.jpg
https://thienlong.vn/products/bao-dai-hoang-de-cuoi-cung,https://product.hstatic.net/1000230347/product/100793cf-5dd6-48ad-842f-6ad2d61564e4_0cc3fa0e7824430ba3cc78909472270f_large.jpg
https://thienlong.vn/products/thao-day-oan-trai-nghe-thuat-chuyen-hoa-cam-xuc,https://product.hstatic.net/1000230347/product/aac59bb4-d2f0-40b0-bd42-42fbf25849fa_cf4d8a70fa804e0dab8cae8b971b460a_large.png
https://thienlong.vn/products/hon-nhan-chuyen-them-va-bot,https://product.hstatic.net/1000230347/product/98e917e8-5e09-4eac-9c53-ac0a627afa1e_a6da2917246e419ea8dda8ed0f823bf0_large.png
https://thienlong.vn/products/gia-dinh-tranh-dau-hay-buong-xuoi,https://product.hstatic.net/1000230347/product/82dee446-b465-4de4-8f17-7494e983477f_2a7b1aad46c84bf3b2d8cc9e305bfce0_large.jpg
https://thienlong.vn/products/gia-tri-cua-su-tu-te,https://product.hstatic.net/1000230347/product/8bef9ac8-953b-43b8-a1aa-08f58791ec52_97fc74085c3c478785302ad91387bcd7_large.jpg
https://thienlong.vn/products/nghi-khac-de-tro-thanh-lanh-dao-xuat-sac,https://product.hstatic.net/1000230347/product/fc6fb4c1-7c44-44c0-a90c-cb8e230fc296_7a7980e5368d4ff29333b4150cfb4aca_large.jpg
https://thienlong.vn/products/san-ke-giet-nguoi,https://product.hstatic.net/1000230347/product/d41ae0eb-1663-4e4f-9e8c-b0dfcb1279fb_24a92091989b4f258219fb29919ecb6d_large.png
https://thienlong.vn/products/hy-lac-tu-tam,https://product.hstatic.net/1000230347/product/8d37701a-7e0b-4031-b95d-eeb046f8d240_1__6abd7213976148b2852fd4b75169694a_large.jpg
https://thienlong.vn/products/vuong-trieu-tudor-cuoi-cung,https://product.hstatic.net/1000230347/product/58df01c0-62ff-47eb-85e5-5ce115b9df4a_1__260b5ee2abfa4ec492f027c74207301e_large.jpg
https://thienlong.vn/products/dieu-gi-quan-trong-trong-doi-ban,https://product.hstatic.net/1000230347/product/8c8f6b48-21b8-4f09-a24b-3dbe417a428c_3e7c37fe29bd49a497e5c018ccd2518b_large.jpg
https://thienlong.vn/products/cha-voi-day-con-nen-nguoi-o-thoi-dai-so,https://product.hstatic.net/1000230347/product/919126b6-b88b-42e2-974d-d25f1e836dd2_2afc194bf4074ef8bcea9fa5dd937f59_large.jpg
https://thienlong.vn/products/tao-lap-moi-quan-he-trong-ky-nguyen-so,https://product.hstatic.net/1000230347/product/0d990a0d-8ad3-488c-9d66-9ae23fadf6b9_c9303e4025554c8fb6f52a40cb3e7032_large.jpg
https://thienlong.vn/products/the-gioi-ba-khong,https://product.hstatic.net/1000230347/product/add53d2f-3fa2-44ae-a59d-cbffaf4d086e_bb77b602e139453c90abf35cc6a036fb_large.jpg
https://thienlong.vn/products/an-nhien-nhu-nang,https://product.hstatic.net/1000230347/product/d9b0f04c-1a7f-4bd5-9c93-eab644af57d6_fd2690c94c7a4bdc911edcb30a660eaf_large.png
https://thienlong.vn/products/mot-thoi-ngang-doc,https://product.hstatic.net/1000230347/product/b025aafc-f91a-43f0-930b-237105efaaaf_e3ca6cc645fe4ca9b131c7e63bfbf827_large.jpg
https://thienlong.vn/products/noi-tinh-cua-ngoai-tinh,https://product.hstatic.net/1000230347/product/bb706322-9ae3-4586-8f92-2529db63087b_35f968cf5d1e4f10ab942b4b366386c6_large.jpg
https://thienlong.vn/products/neu-biet-anh-se-la-nguoi-cu,https://product.hstatic.net/1000230347/product/2bc3bee6-09cb-4929-b2ec-8b55214d3794_1c65bc9b3b93462c822c779f3fbe5481_large.jpg
https://thienlong.vn/products/hoc-gi-de-khong-that-nghiep,https://product.hstatic.net/1000230347/product/dd1e514f-8982-4fa6-a9ab-426e827dbfc0_e2bae73550d447668c1c59c5a6ee3c55_large.png
https://thienlong.vn/products/tam-biet-alzheimer,https://product.hstatic.net/1000230347/product/3c18c12e-62a7-40d6-a4e6-70227518af8b_70f6980589494dcfb6f9d11f7a0b87f0_large.jpg
https://thienlong.vn/products/phong-do-cuc-dinh,https://product.hstatic.net/1000230347/product/ee7c708b-ab8e-4ba7-82e5-fbe644aa47fa_5405babd48f24780b9ebc01d1eb879a9_large.png
https://thienlong.vn/products/toi-tuong-lai-va-the-gioi,https://product.hstatic.net/1000230347/product/6e6bc842-761b-4ace-9337-a20b8ec09c8c_756bfd2c1bdc430386b8022c0e43d1cd_large.jpg
https://thienlong.vn/products/lan-toa-anh-huong-thoi-ky-thuat-so,https://product.hstatic.net/1000230347/product/dcf1d97b-24a1-4e01-b6af-2e4801edfed0_51cd702e225f461485095309f3db03cb_large.png
https://thienlong.vn/products/vuot-khoi-gioi-han,https://product.hstatic.net/1000230347/product/8c119be8-67f8-44cd-8a44-48faec65d9e2_a6411ed09c914692a966e9253b20803d_large.jpg
https://thienlong.vn/products/tu-100-can-den-100-diem-6-buoc-giam-can-hieu-qua,https://product.hstatic.net/1000230347/product/1e14d821-7bb0-42ef-b2a0-9eac50359b1b_33ce505c1ff54aa18ac9238cd4ab36fa_large.png
https://thienlong.vn/products/chien-luoc-goi-von-cong-dong,https://product.hstatic.net/1000230347/product/b5e7c6f9-0311-4add-a523-3ae3e134d2fe_42445b9a45bf4d92b9edc2ba41069bb0_large.png
https://thienlong.vn/products/doi-nhan-kheo-xu-the-hay,https://product.hstatic.net/1000230347/product/db83eb63-4f74-47f1-9e4c-5da7113fbfa8_b2832e792df74f0ba1b8fafb933dbeea_large.png
https://thienlong.vn/products/thuat-lanh-dao-khoi-nghiep,https://product.hstatic.net/1000230347/product/97ac0a0e-d3c2-41e6-85bc-b3ba5e7b6f5a_3bb631eb489d47d1892e32af554db073_large.png
https://thienlong.vn/products/dam-phan-bac-thay-ca-hai-cung-thang,https://product.hstatic.net/1000230347/product/e8ab17b9-0ff2-47a0-a337-bed4acaa4ef4_c8e97028e23c47eeaf6315450c9b0456_large.png
https://thienlong.vn/products/nguoi-co-san-long-mang-vet-thuong,https://product.hstatic.net/1000230347/product/e6bd05c1-17a7-487b-97f5-7100d7b5273a_5ac28dba7abd4aeb842ba42cb9449bca_large.jpg
https://thienlong.vn/products/huy-dong-von-kho-ma-de,https://product.hstatic.net/1000230347/product/fa46f0a7-7447-45b9-b3af-e834fb5b01bc_edc55c4538874707a7f385c5ad4cbbed_large.jpg
https://thienlong.vn/products/quan-tri-cong-ty-khoi-nghiep,https://product.hstatic.net/1000230347/product/7fd6ab48-9a14-489d-a855-b8a736c808cc_0317ead801f4420286115c25d20e15c4_large.png
https://thienlong.vn/products/dot-pha-tu-duy-thuong-hieu,https://product.hstatic.net/1000230347/product/7e896c42-0a89-489d-820e-b9da6cbacc6d_1__b11f3afbdce949089fea61a3c40ef318_large.jpg
https://thienlong.vn/products/chau-chut-ta-tinh-tri-am,https://product.hstatic.net/1000230347/product/b741f646-0bab-4879-9f2d-a88fb68a15a2_d5a91babfd5d4b8197db70dbb2b0ed76_large.jpg
https://thienlong.vn/products/mo-loi-yeu-thuong,https://product.hstatic.net/1000230347/product/df99aa75-413b-4914-80bd-1975c8d7cfaa_1fbed45d21654cf8b6b6425f13b9cce5_large.jpg
https://thienlong.vn/products/tien-va-tinh-doi-nghe-thuat-buong-bo,https://product.hstatic.net/1000230347/product/5e378a22-7a27-4cf0-a4f1-58e746240f59_7b46e7afbcc643a1b55032d5f1208731_large.jpg
https://thienlong.vn/products/cam-nang-ceo-khoi-nghiep,https://product.hstatic.net/1000230347/product/3010faa1-0095-41b2-add0-5e9ff7bdb76a_1b1cc4b4ae2b43b782a545130117b575_large.png
https://thienlong.vn/products/nghe-thuat-toi-gian-co-it-di-song-nhieu-hon,https://product.hstatic.net/1000230347/product/2b3ed7e6-4c4c-48e8-91b4-a922f2554150_4535d0b4a9534b8a840ba4492277c084_large.jpg
https://thienlong.vn/products/tot-nhu-vang,https://product.hstatic.net/1000230347/product/20ebcf8f-b02e-41fe-af2d-a2a75de66008_458247ebf7874368867963f00e7b2fd6_large.jpg
https://thienlong.vn/products/phuc-nuoi-day-con,https://product.hstatic.net/1000230347/product/8b116f30-93ab-4683-9885-15f3197cff63_53e6ee8df55942b2885033f7b16e78b9_large.jpg
https://thienlong.vn/products/nghe-lam-cha-me,https://product.hstatic.net/1000230347/product/879b8529-48fd-4b15-9f3e-57ac46f720d4_b6096c2427bb4c61a749159f39a3c723_large.jpg
https://thienlong.vn/products/khoi-nghiep-dan-dau-cuoc-dua,https://product.hstatic.net/1000230347/product/2995cff7-d724-43dc-93d5-99e821734da9_435a4e33524e4e468783255c1af91f50_large.jpg
https://thienlong.vn/products/mua-nang-phai,https://product.hstatic.net/1000230347/product/upload_816b011bf4ce49b99d70b3651026dfce_large.jpg
https://thienlong.vn/products/nhu-may-thong-dong-tai-ban,https://product.hstatic.net/1000230347/product/dc41d497-779c-4e6a-9844-cdf6dbdde99b_07e85fc8a0e04785827ece99dfa5808e_large.jpg
https://thienlong.vn/products/lot-xac-song-dung-voi-chinh-minh,https://product.hstatic.net/1000230347/product/0a001635-719e-46a1-82c6-1d2139d5ec9a_7a3942f5c8fa4ec89d902db28825d73c_large.jpg
https://thienlong.vn/products/nhanh-hon-khao-khat-hon,https://product.hstatic.net/1000230347/product/2ae23965-1c32-4f93-b39d-ec34b2f99e3d_9795deee214843e3b98e50eb0babbbed_large.jpg
https://thienlong.vn/products/luyen-toc-do-ky-nang-giai-nhanh-trac-nghiem-toan-ham-so-ung-dung-12,https://product.hstatic.net/1000230347/product/82532b43-e0e0-49db-9bd0-64f5d9b12f61_2bf5f9e06d2a4de18213fc71e60f16db_large.jpg
https://thienlong.vn/products/sieu-nhan-me-khong-co-don,https://product.hstatic.net/1000230347/product/accd3a1f-8aeb-4a19-a551-9feeb15c7f4c_91db6b67ac2b4d6190b3c6948f3c6478_large.jpg
https://thienlong.vn/products/ngan-hang-dot-pha,https://product.hstatic.net/1000230347/product/2f43a223-4696-4172-8cf3-d1bc517cf555_ba38621b45604ef5903943c446c81a7d_large.jpg
https://thienlong.vn/products/explore-our-world-2e-6-poster-set,https://product.hstatic.net/1000230347/product/c589addf1c6a19d909604f880bd640ec_11c122f16d734442b8186203e4d2f1b2_large.jpg
https://thienlong.vn/products/explore-our-world-2e-3-poster-set,https://product.hstatic.net/1000230347/product/0b719344eb27dc2f6c679eb9bf451c2e_c5aa25e0cd084cc384f117a4a626d841_large.jpg
https://thienlong.vn/products/explore-our-world-2e-1-poster-set,https://product.hstatic.net/1000230347/product/ad0a24fdc161890294583750bdcb2a50_a3256b61d17b4262ada8fc9e8b13688e_large.jpg
https://thienlong.vn/products/gateway-2-ed-b1-workbook,https://product.hstatic.net/1000230347/product/bc06c9169acd0c5a9312d39d0aca0bc7_37937edc99e944708e8a5571046c09c6_large.jpg
https://thienlong.vn/products/gateway-2-ed-a2-workbook,https://product.hstatic.net/1000230347/product/a3cd702958955fbbd97a393e6531cd6b_f29a89f370834b6eb9b533399839ebb3_large.jpg
https://thienlong.vn/products/bundle-pathways-listening-speaking-and-critical-thinking-foundations-2nd-student-edition-online-workbook,https://product.hstatic.net/1000230347/product/ea8e503943a30f85ce42b439c3aecf56_16f794d9919747a183ea47ae10c67641_large.jpg
https://thienlong.vn/products/bundle-pathways-reading-writing-and-critical-thinking-foundations-2nd-student-edition-online-workbook,https://product.hstatic.net/1000230347/product/277e6463007b04a804513e0190689b73_5df85103062949b5b12a5f3bc227bff0_large.jpg
https://thienlong.vn/products/impact-bre-4-workbook-wb-audio-cd,https://product.hstatic.net/1000230347/product/b41aff154a9e707c2e4e8cee02247443_4ed28579823d4941a38cc7549d3d6d02_large.jpg
https://thienlong.vn/products/impact-bre-4-student-book-myelt-access-code,https://product.hstatic.net/1000230347/product/042d4f061a5d3f83060140c5bc4989ed_a64a993532e94166b16a74abffc37d97_large.jpg
https://thienlong.vn/products/impact-bre-2-student-book-with-myelt-online,https://product.hstatic.net/1000230347/product/1a63642eb6d117a8e8e91a43db6ad300_a4948f7b802e478a9efc8edf7e56977b_large.jpg
https://thienlong.vn/products/listening-advantage-1-studenttext-cd,https://product.hstatic.net/1000230347/product/0d801320c32be9c65af8bf13aabb439a_c622b767196c4af28238a8d62e2d0b7f_large.jpg
https://thienlong.vn/products/look-ame-6-student-book,https://product.hstatic.net/1000230347/product/245c73b134ec53619a1009e49a68b5a0_64a072c9a3bd4d348c718ff4b9fed4f2_large.jpg
https://thienlong.vn/products/pathways-rw-4-sb-olwb-sticker-code,https://product.hstatic.net/1000230347/product/880de409ec11366cab5d22206824cf70_c2768f0e664f4fd7965c464551ac7ee5_large.jpg
https://thienlong.vn/products/bundle-pathways-reading-writing-and-critical-thinking-3-2nd-student-edition-online-workbook,https://product.hstatic.net/1000230347/product/70037664b3ecb626603eabe70868de91_aad884ab562e430a84d02628a719b214_large.jpg
https://thienlong.vn/products/pathways-ls-4-sb-olwb-sticker-code,https://product.hstatic.net/1000230347/product/0b052c00e74cbf49d03d92c08792284c_c2fdc13c63a14449b59a49b5dea41089_large.jpg
https://thienlong.vn/products/pathways-ls-3-sb-online-workbook-sticker-code-2e,https://product.hstatic.net/1000230347/product/ceba747369fddbd6bf37115cde877cb6_7b315f01484b4ba6bcee0143c9355cda_large.jpg
https://thienlong.vn/products/pathways-ls-2-sb-online-workbook-sticker-code-2e,https://product.hstatic.net/1000230347/product/6597d14c1b13fceccb556c7d802c1162_8f1f7a712caf426f911ee304ca4def2e_large.jpg
https://thienlong.vn/products/pathways-2-ed-listening-speaking-1-student-book-with-online-workbook,https://product.hstatic.net/1000230347/product/72aeba6941acb84d0e44e864c3b5df57_4b4c6ac3f44d4592bd7e28990340c3c3_large.jpg
https://thienlong.vn/products/get-started-foundations-in-english-student-book,https://product.hstatic.net/1000230347/product/45de7021c951a950f6e3ebd37bfa5911_7d3f158900d14fff9731f693b04c987d_large.jpg
https://thienlong.vn/products/21st-century-communication-1-student-book,https://product.hstatic.net/1000230347/product/d62b6f3e860e4ca5dd6deb68d9886af8_cc6ca7a104114775b285252348963601_large.jpg
https://thienlong.vn/products/reading-explorer-2e-level-1-student-book-with-online-workbook-access-code,https://product.hstatic.net/1000230347/product/efcc3404597fc91e1eeeee04a2e22aec_0cae4c2c2f5e48d397ca5dc3bb9509c3_large.jpg
https://thienlong.vn/products/reading-explorer-2e-level-3-student-book-with-online-workbook-access-code,https://product.hstatic.net/1000230347/product/8dff9124889b6a94603363385a0c40da_416211c6bce841ba966d834f95df2e75_large.jpg
https://thienlong.vn/products/reading-explorer-2e-level-2-student-book-with-online-workbook-access-code,https://product.hstatic.net/1000230347/product/f96581bafb68dff0661fe8e98cbe38ef_b06eefa046e044c78a2f521974d23b33_large.jpg
https://thienlong.vn/products/welcome-to-our-world-3-activity-book-with-audio-cd,https://product.hstatic.net/1000230347/product/b2bc301343d8490bfabb2068abc18ee1_e880a4d514404746846e2e8f6a91817f_large.jpg
https://thienlong.vn/products/welcome-to-our-world-activity-book-2-with-audio-cd,https://product.hstatic.net/1000230347/product/812d8d9c87ad7d3133c7dea8f3843548_287c8c7096a64a5380dd9d9616dde288_large.jpg
https://thienlong.vn/products/welcome-to-our-world-activity-book-1-with-audio-cd,https://product.hstatic.net/1000230347/product/3d59aaea997f8577812585c4fc409c20_2ea6e98f7a6a45d5b7b2fe4331a17cca_large.jpg
https://thienlong.vn/products/welcome-to-our-world-3-student-book-with-student-dvd,https://product.hstatic.net/1000230347/product/e1574bcd4376b2ec92e6cf84f527a13f_daecc1cbc5e44343be30bae9d9a18c61_large.jpg
https://thienlong.vn/products/welcome-to-our-world-student-book-2-with-student-dvd,https://product.hstatic.net/1000230347/product/d52ae3ac4b59b70d2444c8a4dac7c9cd_5ae94ed989f3454991a753dd1870a36a_large.jpg
https://thienlong.vn/products/welcome-to-our-world-student-book-1-with-student-dvd,https://product.hstatic.net/1000230347/product/117a3faf8969f130a22d067ee039d17f_b2f0c415a7734aa3a6f1714ea10387c5_large.jpg
https://thienlong.vn/products/explorer-our-world-5-workbook-with-audio-cd,https://product.hstatic.net/1000230347/product/f7362899a21a40f64c53190441113ec5_eb352c7176904eef96ffb4a5a1ae1105_large.jpg
https://thienlong.vn/products/explorer-our-world-4-workbook-with-audio-cd,https://product.hstatic.net/1000230347/product/37c7916e863a37912348e9f7a48fec19_770f1ed8706545aa87520329614f352a_large.jpg
https://thienlong.vn/products/explorer-our-world-3-workbook-with-audio-cd,https://product.hstatic.net/1000230347/product/44b96acd4bf4348ea8ae8438488ee167_9e3f4092369044cb9e3e91e1e3d4875b_large.jpg
https://thienlong.vn/products/explorer-our-world-2-workbook-with-audio-cd,https://product.hstatic.net/1000230347/product/5a88ea6643b2e2d5f381a020f42c6fbb_df734573c9ae4bdd93c731200576e98b_large.jpg
https://thienlong.vn/products/explorer-our-world-1-workbook-with-audio-cd,https://product.hstatic.net/1000230347/product/3c0a7cf5c6593db3b5d95fb2b1fc61ad_b1fede96dbb14e9e80f8e32dcb727329_large.jpg
https://thienlong.vn/products/explorer-our-world-3-student-book,https://product.hstatic.net/1000230347/product/d39ce4d3c232bf1ffcdfca829483b083_3ec6b30716f6472badcc199886d1cdef_large.jpg
https://thienlong.vn/products/explorer-our-world-1-student-book,https://product.hstatic.net/1000230347/product/45b0485db4dae507f57e107d71f2aca6_bb921c418bb34b3d811f0c0255455e41_large.jpg
https://thienlong.vn/products/great-writing-4-ed-1-student-book-owb-access-code,https://product.hstatic.net/1000230347/product/b28e740da142a1f30a7f6b03e3d0ab28_3a90bbf4b193492d86f3339d1b193b15_large.jpg
https://thienlong.vn/products/perspective-2b-compo-split,https://product.hstatic.net/1000230347/product/f03c1b81bc29f854c41dfb098e034ada_ca7b5b8091ff4e10900135a1b2bc6942_large.jpg
https://thienlong.vn/products/perspective-1b-compo-split,https://product.hstatic.net/1000230347/product/dfd6194f66fb7ed5c0e8cd2b6470474a_a0b76ec0fc474f07b1316fc94204aec3_large.jpg
https://thienlong.vn/products/perspective-1a-compo-split,https://product.hstatic.net/1000230347/product/e186e9cc744ea3aa4a581eb136f025f3_62054cb08d2b4bfd9963d8ed00f306be_large.jpg
https://thienlong.vn/products/explore-our-world-2e-starter-lesson-planner-audio-cd-dvd,https://product.hstatic.net/1000230347/product/c08e4e0fd59667f39aaaf28e4cb51ece_b2c5df8be0d043bd8228d095c728620d_large.jpg
https://thienlong.vn/products/look-and-see-ame-3-student-book,https://product.hstatic.net/1000230347/product/a23018235bc8ddadcc5f4f8048553987_331e8c39dd604bc79e2c86ee4291063f_large.jpg
https://thienlong.vn/products/look-and-see-ame-2-student-book,https://product.hstatic.net/1000230347/product/03a13cccc90a38b7f9c79cf21c94c663_97e2dfd9d0aa42dd97dc870b3e8ec87b_large.jpg
https://thienlong.vn/products/explore-our-world-5-student-s-book-with-online-practice,https://product.hstatic.net/1000230347/product/92853dc961719b7ac8d646b372a79272_1c455b5b9b3c46f2b8731658ef8ea31f_large.jpg
https://thienlong.vn/products/explore-our-world-2e-4-students-book-olp-sticker-code,https://product.hstatic.net/1000230347/product/a32941f68eb5a032ff3768aad3189967_e270c6b66b994d799c2d55078f227006_large.jpg
https://thienlong.vn/products/explore-our-world-3-student-s-book-with-online-practice,https://product.hstatic.net/1000230347/product/752fbd120a0b8b842180e52218fa5104_de275d708e164b9b9f812731e7b39092_large.jpg
https://thienlong.vn/products/explore-our-world-2-student-s-book-with-online-practice-and-student-s-ebook,https://product.hstatic.net/1000230347/product/6dfb52cd7157736f7e7cd8fe23682882_1fa078ceb684469d8401c6d70331eaf3_large.jpg
https://thienlong.vn/products/explore-our-world-1-student-s-book-with-online-practice,https://product.hstatic.net/1000230347/product/70276a9eef11b8a28348c33f9af2be7a_def4d5851bfb465a82930be859c71661_large.jpg
https://thienlong.vn/products/reach-higher-practice-book-1a,https://product.hstatic.net/1000230347/product/49e3d92ec79da08302923349470c1dc7_11f10ce472024a49a6d0fa1c018b17ec_large.jpg
https://thienlong.vn/products/look-ame-2-workbook-with-code-online,https://product.hstatic.net/1000230347/product/a4af3891bf465b5ec1bcd38ddddf6a4d_a4743ef4210f4a6c81498babbd3231eb_large.jpg
https://thienlong.vn/products/look-ame-3-workbook-with-code-online,https://product.hstatic.net/1000230347/product/d2890dd2dd6303f90a79368897cfd58c_a8381c09a46c48599d904e0eac0c623c_large.jpg
https://thienlong.vn/products/look-ame-4-work-book-with-code-online,https://product.hstatic.net/1000230347/product/de05974642663958a748a5dfe5f2b4bb_3228b0a3e295467ba51af12f10c9db4e_large.jpg
https://thienlong.vn/products/look-ame-6-work-book-with-code-online,https://product.hstatic.net/1000230347/product/75ff481b187fe2c6d1f102eb7fae469b_9c408ab1029a4b49820354b22f0230a3_large.jpg
https://thienlong.vn/products/explore-our-world-2e-5-lesson-planner-audio-cd-video-dvd,https://product.hstatic.net/1000230347/product/8b96e692ea646d3a8bc75445394a7b49_8a0fc121faf4432caa9f069f55d836e2_large.jpg
https://thienlong.vn/products/explore-our-world-2e-1-lesson-planner-audio-cd-video-dvd,https://product.hstatic.net/1000230347/product/b12678b28fe3bfb48a3fd05ac8938ab3_f52c524ed6384d2b8a9587e2669a9a91_large.jpg
https://thienlong.vn/products/explore-our-world-1-workbook,https://product.hstatic.net/1000230347/product/75a72bc996701555f023c6d3c6a8f59c_f34ae5b5558b4ec48ad17ec6936ad80f_large.jpg
https://thienlong.vn/products/explore-our-world-5-workbook,https://product.hstatic.net/1000230347/product/b077706198439067c4276b0f929b2517_e88d98b4c92d492a82f7b50acda0d15f_large.jpg
https://thienlong.vn/products/explore-our-world-4-workbook,https://product.hstatic.net/1000230347/product/5e501c3de4eada62e097c6521cc14dd7_915051df00c04f2bb9e63ca07c146554_large.jpg
https://thienlong.vn/products/explore-our-world-3-workbook,https://product.hstatic.net/1000230347/product/f8dc64269897bc8c4d7b1d035b89ba07_8ed6eb47e6c248e5aa8bdf3b9a10ac85_large.jpg
https://thienlong.vn/products/explore-our-world-2-workbook,https://product.hstatic.net/1000230347/product/bdfdacc12493c08942e152827c80c71e_9e12650cf0fb4423a0bd13986152749b_large.jpg
https://thienlong.vn/products/explore-our-world-2e-6-grammarworkbook,https://product.hstatic.net/1000230347/product/3af147b8de9aa3f31b65ecba28d69fe9_bbd7f91a004d4237ab340e045df8c8b2_large.jpg
https://thienlong.vn/products/explore-our-world-2e-4-grammarworkbook,https://product.hstatic.net/1000230347/product/a44d0d0b1f8f635910f6559539b73a6f_6fc906390f524de9b6027879c06c6ad2_large.jpg
https://thienlong.vn/products/explore-our-world-2e-5-grammarworkbook,https://product.hstatic.net/1000230347/product/a229d6ada48103adf1cdf8b7ae3cd160_2df83b196691447ab08732f321ae6a8e_large.jpg
https://thienlong.vn/products/explore-our-world-2e-2-grammarworkbook,https://product.hstatic.net/1000230347/product/43dca35cbaf57e0a3205086a964843d4_5ae22024cb0b46ea98a533a3ad2106b1_large.jpg
https://thienlong.vn/products/explore-our-world-2e-3-grammarworkbook,https://product.hstatic.net/1000230347/product/a20e6712cb19048dcc0914cfadc708cf_9aea4d8508fd49d4b49085dab57e8081_large.jpg
https://thienlong.vn/products/explore-our-world-2e-1-grammarworkbook,https://product.hstatic.net/1000230347/product/b2f89f56307ebabffbe14ba6656ee661_4bc686bb85a648f5a722337c77db189a_large.jpg
https://thienlong.vn/products/our-world-2e-ame-5-workbook,https://product.hstatic.net/1000230347/product/b02fd5c5a07879e424039ceef1809f98_75610f114e5740e0b9dfc7e03bfa1946_large.jpg
https://thienlong.vn/products/look-ame-6-reading-anthology,https://product.hstatic.net/1000230347/product/2f469f3bf6b628b0d169c698f5ea4aca_bd6d746feaf644e7aead6791a9d24084_large.jpg
https://thienlong.vn/products/look-ame-5-reading-anthology,https://product.hstatic.net/1000230347/product/edf7b4ef34a40db316c5d5bc42645819_d07c69c061494e98b4fcde90f0c350fc_large.jpg
https://thienlong.vn/products/look-ame-4-reading-anthology,https://product.hstatic.net/1000230347/product/bb827acbb0c0129c4b4ccb86108fd8ea_574ea22ad68f43d08775cfb3ad1a9c9c_large.jpg
https://thienlong.vn/products/look-ame-3-reading-anthology,https://product.hstatic.net/1000230347/product/198891571a08b4b87a0a43c05e0c337c_c3d2fa77507e4567a8123d970c8caae3_large.jpg
https://thienlong.vn/products/great-writing-sb-2-online-workbook-sticker-code,https://product.hstatic.net/1000230347/product/4ee93e45a471d54a4c1f2634fe798b44_4e8af98cb9b247fe9b052d7091c0513d_large.jpg
https://thienlong.vn/products/pathways-vn-ed-2-ed-reading-writing-1-student-book-with-online-workbook,https://product.hstatic.net/1000230347/product/88f07b66fc2e1176e41fd6b8b2913dfa_3e110bafe572474bb0bc3f29646b6d2d_large.jpg
https://thienlong.vn/products/pathways-vn-ed-2-ed-listening-speaking-1-student-book-with-online-workbook,https://product.hstatic.net/1000230347/product/ecf9b61d33376c2107450a01b3afb8d7_e1989afb78a64468b338420ca66422ae_large.jpg
https://thienlong.vn/products/pathways-vn-ed-2-ed-reading-writing-foundations-student-book-with-online-work-book,https://product.hstatic.net/1000230347/product/46fc890a960f63465a4a4c9c63e1f80f_3c118377ae604114a90c9208a630105e_large.jpg
https://thienlong.vn/products/pathways-vn-ed-2-ed-listening-speaking-foundations-student-book-with-online-workbook,https://product.hstatic.net/1000230347/product/939b31bced3ad9815282a17ff9999ad3_ac960c5cc7d84db281667b56a7b6352b_large.jpg
https://thienlong.vn/products/life-bre-2-ed-vn-ed-a1-student-book-with-code-online,https://product.hstatic.net/1000230347/product/7f288ef7825e09a5af5aaabcc6377d5b_19a00d89a4e244a094b1fdd08bdee685_large.jpg
https://thienlong.vn/products/ngu-phap-tieng-anh,https://product.hstatic.net/1000230347/product/z5848379805514_b4e54c29f57cf535a7f91227133673f2_ed0753fd0719459e963c2e17eac84b0d_large.jpg
https://thienlong.vn/products/cach-bien-doi-cau-trong-tieng-anh,https://product.hstatic.net/1000230347/product/upload_af68c3ac20354cc6a78b2aec8a530279_large.jpg
https://thienlong.vn/products/luyen-viet-va-hoc-tap-viet-tieng-anh-lop-4,https://product.hstatic.net/1000230347/product/upload_209a4cd9715344bdbe9fe779b0edaacd_large.jpg
https://thienlong.vn/products/luyen-viet-va-hoc-tap-viet-tieng-anh-lop-2,https://product.hstatic.net/1000230347/product/upload_0ca6cae8cddb4c8aaf1f5c2137346cf2_large.jpg
https://thienlong.vn/products/so-tay-tieng-anh-10,https://product.hstatic.net/1000230347/product/upload_c4140d1f201d49b59a96dc493afed2f7_large.jpg
https://thienlong.vn/products/bo-de-luyen-thi-thpt-mon-tieng-anh,https://product.hstatic.net/1000230347/product/upload_22ac1ba37b3f41feb4b611540aab5637_large.jpg
https://thienlong.vn/products/trac-nghiem-tieng-anh-11-co-dap-an,https://product.hstatic.net/1000230347/product/upload_94d44477daab4b51af52af9e0a7fd1a2_large.jpg
https://thienlong.vn/products/bai-tap-tieng-anh-12-co-dap-an,https://product.hstatic.net/1000230347/product/upload_7647a6e7952a4c27bce2f4c3e0b8ecd1_large.jpg
https://thienlong.vn/products/bai-tap-tieng-anh-9-khong-dap-an,https://product.hstatic.net/1000230347/product/upload_0e619ce4efee4333a22b05025b4fb0b8_large.jpg
https://thienlong.vn/products/bai-tap-thuc-hanh-tieng-anh-7-khong-dap-an-dung-kem-sgk-ta-7-global-success,https://product.hstatic.net/1000230347/product/upload_bfce7a2f484645bd913fa31ef00b67a2_large.jpg
https://thienlong.vn/products/bai-tap-thuc-hanh-tieng-anh-7-co-dap-an-dung-kem-sgk-ta-7-global-success,https://product.hstatic.net/1000230347/product/upload_9e8c68c79dcd4e25a3e698bfcea668a8_large.jpg
https://thienlong.vn/products/bai-tap-thuc-hanh-tieng-anh-6-khong-dap-an-dung-kem-sgk-ta-6-global-success,https://product.hstatic.net/1000230347/product/upload_a1032c06469c42c1aeca56397b6ecac4_large.jpg
https://thienlong.vn/products/bai-tap-thuc-hanh-tieng-anh-6-co-dap-an-dung-kem-sgk-ta-6-global-success,https://product.hstatic.net/1000230347/product/upload_f9abb0438103483990f2c36bed774be3_large.jpg
https://thienlong.vn/products/bai-tap-tieng-anh-lop-6-tap-2-khong-dap-an-dung-kem-sgk-global-success,https://product.hstatic.net/1000230347/product/upload_a22c3e50a52f4adebbfcf3742714d214_large.jpg
https://thienlong.vn/products/bai-tap-tieng-anh-lop-6-tap-2-co-dap-an-dung-kem-sgk-global-success,https://product.hstatic.net/1000230347/product/upload_5a0cd1e9dcbb41a798cac806b907d538_large.jpg
https://thienlong.vn/products/bai-tap-tieng-anh-lop-6-tap-1-khong-dap-an-dung-kem-sgk-global-success,https://product.hstatic.net/1000230347/product/upload_be0e4744ecd14a1da29b381823e779b1_large.jpg
https://thienlong.vn/products/bai-tap-tieng-anh-lop-6-tap-1-co-dap-an-dung-kem-sgk-global-success,https://product.hstatic.net/1000230347/product/upload_bc7b9e6705c84bb5a9166625ceafb582_large.jpg
https://thienlong.vn/products/bo-de-kiem-tra-tieng-anh-8-theo-chuong-trinh-moi-cua-bo-gd-dt,https://product.hstatic.net/1000230347/product/upload_4efb244c00d94dff9a11d4153229111e_large.jpg
https://thienlong.vn/products/bo-de-kiem-tra-tieng-anh-7-theo-chuong-trinh-moi-cua-bo-gd-dt,https://product.hstatic.net/1000230347/product/upload_775e38074e704d7d835efece5a783b2a_large.jpg
https://thienlong.vn/products/so-tay-tieng-anh-11,https://product.hstatic.net/1000230347/product/upload_7b519e4c44f944989ad1a4230d0259e3_large.jpg
https://thienlong.vn/products/so-tay-tieng-anh-9,https://product.hstatic.net/1000230347/product/upload_64a687fad7cd4739a70e9b57ccbe10fd_large.jpg
https://thienlong.vn/products/so-tay-tieng-anh-8,https://product.hstatic.net/1000230347/product/upload_0114160ca1ee4273ae5c7186d088fac0_large.jpg
https://thienlong.vn/products/so-tay-tieng-anh-7,https://product.hstatic.net/1000230347/product/upload_3ed836a93df144d383900438a184f95e_large.jpg
https://thienlong.vn/products/so-tay-tieng-anh-6,https://product.hstatic.net/1000230347/product/upload_138dae70e9d44462b93f8c00d18fe541_large.jpg
https://thienlong.vn/products/on-luyen-tieng-anh-9-khong-dap-an-chinh-ly-tb-2021,https://product.hstatic.net/1000230347/product/upload_b45ee467bf4f42efac3398291fb9e7da_large.jpg
https://thienlong.vn/products/on-luyen-tieng-anh-9-co-dap-an-chinh-ly-tb-2021,https://product.hstatic.net/1000230347/product/upload_9e706a42eb2541a78f66f4e81697b6f5_large.jpg
https://thienlong.vn/products/bai-tap-trac-nghiem-tieng-anh-nang-cao-lop-11-co-dap-an,https://product.hstatic.net/1000230347/product/upload_3fcfb8633f484f3e9512af51ff55734b_large.jpg
https://thienlong.vn/products/bai-tap-trac-nghiem-tieng-anh-nang-cao-lop-10-co-dap-an,https://product.hstatic.net/1000230347/product/upload_15d8c4c988a046fcb411fc6b97d490fc_large.jpg
https://thienlong.vn/products/huong-dan-hoc-tot-tieng-anh-12,https://product.hstatic.net/1000230347/product/upload_7790be7f99034f81a34d0a5309bd4591_large.jpg
https://thienlong.vn/products/huong-dan-hoc-tot-tieng-anh-11,https://product.hstatic.net/1000230347/product/upload_71339c2749234d749f384336c8018ae3_large.jpg
https://thienlong.vn/products/huong-dan-hoc-tot-tieng-anh-9,https://product.hstatic.net/1000230347/product/upload_b1d8a2cc5a3f4ccbbcdbb550280412b6_large.jpg
https://thienlong.vn/products/huong-dan-hoc-tot-tieng-anh-8,https://product.hstatic.net/1000230347/product/upload_5149a16a1b0b47e4954f6572cd704734_large.jpg
https://thienlong.vn/products/trac-nghiem-tieng-anh-12-khong-dap-an,https://product.hstatic.net/1000230347/product/upload_c6f98d418d77454fa4b7b703c5cf477a_large.jpg
https://thienlong.vn/products/trac-nghiem-tieng-anh-12-co-dap-an,https://product.hstatic.net/1000230347/product/upload_8fff5c076a7f440d8731c53e137bdc69_large.jpg
https://thienlong.vn/products/trac-nghiem-tieng-anh-11-khong-dap-an,https://product.hstatic.net/1000230347/product/upload_428a588859054784a34db0281b2d28de_large.jpg
https://thienlong.vn/products/trac-nghiem-tieng-anh-9-khong-dap-an,https://product.hstatic.net/1000230347/product/upload_dd4e08e2d8a04ab6869c2d20a2d85c5d_large.jpg
https://thienlong.vn/products/trac-nghiem-tieng-anh-9-co-dap-an,https://product.hstatic.net/1000230347/product/upload_accd790fa9cf4b91a1922ff643e397c3_large.jpg
https://thienlong.vn/products/trac-nghiem-tieng-anh-8-ko-dap-an,https://product.hstatic.net/1000230347/product/upload_2292586fba814f7ebf2f5c169b5e1dc1_large.jpg
https://thienlong.vn/products/bai-tap-tieng-anh-12-khong-dap-an,https://product.hstatic.net/1000230347/product/upload_af3619b789b941948b1c95c4c20b9151_large.jpg
https://thienlong.vn/products/bai-tap-tieng-anh-9-co-dap-an-tb,https://product.hstatic.net/1000230347/product/upload_37dc02e1d2384b2aa13ab34a9a8c9528_large.jpg
https://thienlong.vn/products/bai-tap-tieng-anh-8-khong-dap-an-tb2,https://product.hstatic.net/1000230347/product/upload_449afc789a0d4abbbd91fc727ad7abbb_large.jpg
https://thienlong.vn/products/bo-de-trac-nghiem-tieng-anh-10,https://product.hstatic.net/1000230347/product/upload_1ce32900485840a487d200ecbf97220f_large.jpg
https://thienlong.vn/products/ngu-phap-tieng-anh-lop-9-theo-chuong-trinh-khung-cua-bo-gd-dt,https://product.hstatic.net/1000230347/product/upload_022174f63c4b4c4892fb873cdbf4fdea_large.jpg
https://thienlong.vn/products/ngu-phap-tieng-anh-lop-8-theo-chuong-trinh-khung-cua-bo-gd-dt,https://product.hstatic.net/1000230347/product/upload_e0b6f839461e4a7bac5d353fb6033014_large.jpg
https://thienlong.vn/products/ngu-phap-tieng-anh-lop-7-theo-chuong-trinh-khung-cua-bo-gd-dt,https://product.hstatic.net/1000230347/product/upload_fd7fc5f3ffde4c90b6ad421cb96d7d6d_large.jpg
https://thienlong.vn/products/ngu-phap-tieng-anh-lop-6-theo-chuong-trinh-khung-cua-bo-gd-dt,https://product.hstatic.net/1000230347/product/upload_e4ec7e7887cd4493a51acbae06fa9f5a_large.jpg
https://thienlong.vn/products/luyen-viet-tieng-anh-lop-5-tap-2,https://product.hstatic.net/1000230347/product/upload_b291bbd4b9eb49b3a6092d45ede0bc33_large.jpg
https://thienlong.vn/products/luyen-viet-tieng-anh-lop-5-tap-1,https://product.hstatic.net/1000230347/product/upload_7d21da8fde6c450aa3a1463813c1b05a_large.jpg
https://thienlong.vn/products/luyen-viet-tieng-anh-lop-4-tap-2,https://product.hstatic.net/1000230347/product/upload_e18866f7bcf14dd8aec3b1d6c4a093a4_large.jpg
https://thienlong.vn/products/luyen-viet-tieng-anh-lop-4-tap-1,https://product.hstatic.net/1000230347/product/upload_b0baf8b6aec5402dbba588528840cda5_large.jpg
https://thienlong.vn/products/luyen-viet-tieng-anh-lop-3-tap-2,https://product.hstatic.net/1000230347/product/upload_7a772b434a4e413b9307dc6b25b91ace_large.jpg
https://thienlong.vn/products/bai-tap-thuc-hanh-tieng-anh-9-khong-dap-an-chuong-trinh-moi-cua-bo-gd-dt,https://product.hstatic.net/1000230347/product/upload_2ff25cb2de22473eb10484ce7a5c0fac_large.jpg
https://thienlong.vn/products/bai-tap-thuc-hanh-tieng-anh-9-co-dap-an-chuong-trinh-moi-cua-bo-gd-dt,https://product.hstatic.net/1000230347/product/upload_1cbb2422c9b241fe937726c7c667d0f0_large.jpg
https://thienlong.vn/products/bai-tap-thuc-hanh-tieng-anh-8-khong-dap-an-chuong-trinh-moi-cua-bo-gd-dt,https://product.hstatic.net/1000230347/product/upload_41564e750f4d4228967da5c565228c10_large.jpg
https://thienlong.vn/products/bai-tap-thuc-hanh-tieng-anh-8-co-dap-an-chuong-trinh-moi-cua-bo-gd-dt,https://product.hstatic.net/1000230347/product/upload_790d9aecb88c4e81ba2ff0e4e0cb8157_large.jpg
https://thienlong.vn/products/huong-dan-hoc-tot-tieng-anh-9-chuong-trinh-moi-cua-bo-gd-dt,https://product.hstatic.net/1000230347/product/upload_d0daf4fb24404cfabbe9add41e848c7a_large.jpg
https://thienlong.vn/products/huong-dan-hoc-tot-tieng-anh-8-chuong-trinh-moi-cua-bo-gd-dt,https://product.hstatic.net/1000230347/product/upload_5392cf6d28154a188ba00b05adb50880_large.jpg
https://thienlong.vn/products/bai-tap-tieng-anh-9-tap-2-khong-dap-an-chuong-trinh-moi-cua-bo-gd-dt,https://product.hstatic.net/1000230347/product/upload_ebcb56412ff64e34be17fe68442513e4_large.jpg
https://thienlong.vn/products/bai-tap-tieng-anh-9-tap-2-co-dap-an-chuong-trinh-moi-cua-bo-gd-dt,https://product.hstatic.net/1000230347/product/upload_a014426460ae4c71b4a47ee774e31d66_large.jpg
https://thienlong.vn/products/bai-tap-tieng-anh-8-tap-2-co-dap-an-chuong-trinh-moi-cua-bo-gd-dt,https://product.hstatic.net/1000230347/product/upload_0a1e05f973524bdfbb77672042f6993f_large.jpg
https://thienlong.vn/products/bai-tap-tieng-anh-7-tap-2-khong-dap-an-chuong-trinh-moi-cua-bo-gd-dt,https://product.hstatic.net/1000230347/product/upload_0cdaef66ee194bf8bc115e528004cf87_large.jpg
https://thienlong.vn/products/bai-tap-tieng-anh-9-tap-1-co-dap-an-chuong-trinh-moi-cua-bo-gd-dt,https://product.hstatic.net/1000230347/product/upload_13d955961cd7441a9eb3bdcec5d6f5ce_large.jpg
https://thienlong.vn/products/bai-tap-tieng-anh-9-tap-1-khong-dap-an-chuong-trinh-moi-cua-bo-gd-dt,https://product.hstatic.net/1000230347/product/upload_5d7a1bdfa7124d47bea54c128c63ba3e_large.jpg
https://thienlong.vn/products/bai-tap-tieng-anh-8-tap-1-co-dap-an-chuong-trinh-moi-cua-bo-gd-dt,https://product.hstatic.net/1000230347/product/upload_0a0718643715423ea44b46c9f30f11c1_large.jpg
https://thienlong.vn/products/bai-tap-tieng-anh-8-tap-1-khong-dap-an-chuong-trinh-moi-cua-bo-gd-dt,https://product.hstatic.net/1000230347/product/upload_cabf0a8ec2ba49e69ffac22af73eb692_large.jpg
https://thienlong.vn/products/tui-canvas-trang-38x34-5cm-hinh-picnic,https://product.hstatic.net/1000230347/product/picnic3_01691c59af224cb2ab9162943d165692_large.jpg
https://thienlong.vn/products/tui-canvas-trang-38x34-5cm-think-tote,https://product.hstatic.net/1000230347/product/f201ef56c2977e2e331b4a2cd73a8575_a5891a903a044d6490dec97352e18aea_large.png
https://thienlong.vn/products/tui-canvas-trang-38x34-5cm-hinh-tra-sua,https://product.hstatic.net/1000230347/product/181579effd48c1814fe683cd8a079041_0678e7b1b3f74365b3db9d36455f2c7c_large.png
https://thienlong.vn/products/tui-canvas-trang-38x34-5cm-hinh-nam,https://product.hstatic.net/1000230347/product/ab184b4ae1c1f94ff8c6f64d6e5521b3_d5d60530cdf34b67a79f00f7dfdaf76b_large.png
https://thienlong.vn/products/tui-canvas-trang-38x34-5cm-hinh-2con-meo,https://theme.hstatic.net/1000230347/1000782290/14/product-placeholder.png?v=26572
