product_id,product_name,sku,brand,image,price,description,url
250,Bút lông bảng FlexOffice FO-WB02,50002723,Flexoffice,https://product.hstatic.net/1000230347/product/fo-wb02_236616368b4b4732bddc8b1891f5e106_1024x1024.jpg*****https://product.hstatic.net/1000230347/product/fo-wb02-xanh_609d0f31447e4cf98e84f41b4cb4dc78_1024x1024.jpg*****https://product.hstatic.net/1000230347/product/fo-wb02-do_d3198577edea47c3a0354cfb8c17ef91_1024x1024.jpg*****https://product.hstatic.net/1000230347/product/fo-wb02-den_930cf747585b41ab82fc72e36a024f07_1024x1024.jpg*****https://theme.hstatic.net/1000230347/1000782290/14/product-placeholder.png?v=26572*****https://theme.hstatic.net/1000230347/1000782290/14/product-placeholder.png?v=26572*****https://theme.hstatic.net/1000230347/1000782290/14/product-placeholder.png?v=26572*****https://theme.hstatic.net/1000230347/1000782290/14/product-placeholder.png?v=26572*****https://theme.hstatic.net/1000230347/1000782290/14/product-placeholder.png?v=26572,"
						
						14,000₫
						
					",,https://thienlong.vn/products/but-long-bang-thien-long-flexoffice-fo-wb02
251,Cặp 12 ngăn Flexoffice FO-EB01 (FS),50010057,Flexoffice,https://product.hstatic.net/1000230347/product/sda231_e6d77033e7464e0cb1c91dd0f72df5b4_1024x1024.jpg*****https://product.hstatic.net/1000230347/product/fo-eb01_copy_2_d3845a375d7b4d6ba7c4ecb2b12add7b_1024x1024.jpg*****https://product.hstatic.net/1000230347/product/fo-eb01_copy_3_e53c91df469c4a9c9a3572c408d12661_1024x1024.jpg*****https://product.hstatic.net/1000230347/product/fo-eb01_copy_4_7eacaa18363842bd83d9b0fc30ce2721_1024x1024.jpg*****https://theme.hstatic.net/1000230347/1000782290/14/product-placeholder.png?v=26572*****https://theme.hstatic.net/1000230347/1000782290/14/product-placeholder.png?v=26572*****https://theme.hstatic.net/1000230347/1000782290/14/product-placeholder.png?v=26572*****https://theme.hstatic.net/1000230347/1000782290/14/product-placeholder.png?v=26572*****https://theme.hstatic.net/1000230347/1000782290/14/product-placeholder.png?v=26572,"
						
						80,300₫
						
					",,https://thienlong.vn/products/cap-12-ngan-thien-long-flexoffice-fo-eb01
252,Bìa còng Flexoffice 70F4 FO-BC04,63011508,Flexoffice,https://product.hstatic.net/1000230347/product/432asghgf_3007c8d398fb49ddb770d1466e696537_1024x1024.jpg*****https://product.hstatic.net/1000230347/product/fo-bc04__3__1024x1024.jpg*****https://product.hstatic.net/1000230347/product/fo-bc04__2__1024x1024.jpg*****https://product.hstatic.net/1000230347/product/upload_7c0d6369c86947e19d9f2d571ee2fcd5_1024x1024.jpg,"
						
						64,000₫
						
					",,https://thienlong.vn/products/bia-cong-thien-long-flexoffice-70f4-fo-bc04
253,Bìa còng Flexoffice 50F4 FO-BC03,63011506,Flexoffice,https://product.hstatic.net/1000230347/product/dfdf_269cc010defc450896e700fc2a5815d6_1024x1024.jpg*****https://product.hstatic.net/1000230347/product/fo-bc03__3__1024x1024.jpg*****https://product.hstatic.net/1000230347/product/fo-bc03__2__1024x1024.jpg*****https://product.hstatic.net/1000230347/product/upload_3cdf463caff24d32aa5be78c76769559_1024x1024.jpg,"
						
						64,000₫
						
					",,https://thienlong.vn/products/bia-cong-thien-long-flexoffice-50f4-fo-bc03
254,Bìa còng Flexoffice 50A4 FO-BC01,63011502,Flexoffice,https://product.hstatic.net/1000230347/product/432asd_75c65cfafa9d4865aec4e7019461de0c_1024x1024.jpg*****https://product.hstatic.net/1000230347/product/fo-bc01_1024x1024.jpg*****https://product.hstatic.net/1000230347/product/fo-bc01_1__1024x1024.jpg*****https://product.hstatic.net/1000230347/product/fo_bc01_2_093453774d1a4e98a377c8a38de1b330_1024x1024.jpg*****https://theme.hstatic.net/1000230347/1000782290/14/product-placeholder.png?v=26572,"
						
						64,000₫
						
					",,https://thienlong.vn/products/bia-cong-thien-long-flexoffice-50a4-fo-bc01
255,Băng keo trong Thiên Long  BKT08,50001277,Thiên Long,https://product.hstatic.net/1000230347/product/bang_keo_trong_thien_long__bkt08__4__1024x1024.jpg*****https://product.hstatic.net/1000230347/product/bang_keo_trong_thien_long__bkt08__5__1024x1024.jpg,"28,000₫",,https://thienlong.vn/products/bang-keo-trong-thien-long-bkt08
256,Băng keo trong Thiên Long BKT06,50001273,Thiên Long,https://product.hstatic.net/1000230347/product/bang_keo_trong_thien_long__bkt06__4__1024x1024.jpg*****https://product.hstatic.net/1000230347/product/bang_keo_trong_thien_long__bkt06__5__1024x1024.jpg,"22,000₫",,https://thienlong.vn/products/bang-keo-trong-thien-long-bkt06
257,Băng keo trong Thiên Long  BKT04,50001269,Thiên Long,https://product.hstatic.net/1000230347/product/342asd_1ad8678872344befb5d8b17f12250f8a_1024x1024.jpg*****https://product.hstatic.net/1000230347/product/bkt04_copy_9e5c0b8622d7486981603f3bf82834a7_1024x1024.jpg*****https://product.hstatic.net/1000230347/product/bang_keo_trong_thien_long__bkt04___5__1024x1024.jpg,"15,000₫",,https://thienlong.vn/products/bang-keo-trong-thien-long-bkt04
258,Bút xóa Thiên Long CP-05,60000772,Thiên Long,https://product.hstatic.net/1000230347/product/321fas_518f8e9f6ed94a76b15dbdd59fd3f2b4_1024x1024.jpg*****https://product.hstatic.net/1000230347/product/cp-05_56da874c89b94ee29d463b5948040933_1024x1024.jpg*****https://product.hstatic.net/1000230347/product/cp-05_2_6bcd7f4c22ee44f3bd125609c563fbba_1024x1024.jpg*****https://product.hstatic.net/1000230347/product/but_xoa_thien_long_cp-05_fefdc22d961e4af5b108a0304e4f5111_1024x1024.jpg,"25,100₫",,https://thienlong.vn/products/but-xoa-thien-long-cp-05
259,Bút xóa Thiên Long CP-02,60000495,Thiên Long,https://product.hstatic.net/1000230347/product/artboard_2_copy_9bdc9a99e2b04da98f6d39a192c620c4_1024x1024.jpg*****https://product.hstatic.net/1000230347/product/artboard_2_a4a2140bd0b54bcf89e9053934f93bc6_1024x1024.jpg*****https://product.hstatic.net/1000230347/product/artboard_3_copy_2_2a62fb413f10472e97648a6982bc19f2_1024x1024.jpg*****https://product.hstatic.net/1000230347/product/artboard_3_copy_3_28e9db2914bc49a39346c2b0d1d323fc_1024x1024.jpg*****https://theme.hstatic.net/1000230347/1000782290/14/product-placeholder.png?v=26572*****https://theme.hstatic.net/1000230347/1000782290/14/product-placeholder.png?v=26572*****https://theme.hstatic.net/1000230347/1000782290/14/product-placeholder.png?v=26572*****https://theme.hstatic.net/1000230347/1000782290/14/product-placeholder.png?v=26572*****https://theme.hstatic.net/1000230347/1000782290/14/product-placeholder.png?v=26572*****https://theme.hstatic.net/1000230347/1000782290/14/product-placeholder.png?v=26572*****https://theme.hstatic.net/1000230347/1000782290/14/product-placeholder.png?v=26572*****https://theme.hstatic.net/1000230347/1000782290/14/product-placeholder.png?v=26572*****https://theme.hstatic.net/1000230347/1000782290/14/product-placeholder.png?v=26572,"32,200₫",,https://thienlong.vn/products/but-xoa-thien-long-cp02
260,Bút dạ quang Thiên Long HL-07,50000961,Thiên Long,https://product.hstatic.net/1000230347/product/50000961_c1a4e9e046f04954b4eed8a2d33cd352_1024x1024.jpg*****https://product.hstatic.net/1000230347/product/50000961_8c617a05302f454a8f975310b89a9a28_1024x1024.jpg*****https://product.hstatic.net/1000230347/product/50000962_6557cd0093454304847a201e5c20409a_1024x1024.jpg*****https://product.hstatic.net/1000230347/product/50000968_bdfefbba25664fda80f4f7c11664f1b3_1024x1024.jpg*****https://theme.hstatic.net/1000230347/1000782290/14/product-placeholder.png?v=26572*****https://theme.hstatic.net/1000230347/1000782290/14/product-placeholder.png?v=26572,"
						
						14,900₫
						
					",,https://thienlong.vn/products/but-da-quang-thien-long-hl-07
261,Mực bút lông dầu Thiên Long PMI-01,50001159,Thiên Long,https://product.hstatic.net/1000230347/product/artboard_1_copy_edc9d80962b340d69561f2e904e45a55_1024x1024.jpg*****https://product.hstatic.net/1000230347/product/artboard_1_ea838d70bfde44f99825cb3b2d8010f4_1024x1024.jpg*****https://product.hstatic.net/1000230347/product/artboard_5_copy_2_5ae82b094caa49639a18e0058ef376ed_1024x1024.jpg*****https://product.hstatic.net/1000230347/product/artboard_5_copy_3_8a735477d53c4184a6f47fb1eb6e94ba_1024x1024.jpg*****https://theme.hstatic.net/1000230347/1000782290/14/product-placeholder.png?v=26572*****https://theme.hstatic.net/1000230347/1000782290/14/product-placeholder.png?v=26572*****https://theme.hstatic.net/1000230347/1000782290/14/product-placeholder.png?v=26572*****https://theme.hstatic.net/1000230347/1000782290/14/product-placeholder.png?v=26572*****https://theme.hstatic.net/1000230347/1000782290/14/product-placeholder.png?v=26572*****https://theme.hstatic.net/1000230347/1000782290/14/product-placeholder.png?v=26572*****https://theme.hstatic.net/1000230347/1000782290/14/product-placeholder.png?v=26572,"
						
						14,900₫
						
					",,https://thienlong.vn/products/muc-but-long-dau-thien-long-pmi-01
262,Mực bút lông bảng Thiên Long WBI-01,50001154,Thiên Long,https://product.hstatic.net/1000230347/product/artboard_19_copy_0e1df3af68d74059bae80ffe27e71734_1024x1024.jpg*****https://product.hstatic.net/1000230347/product/artboard_19_2956e3b31a1e4be18b2d25d8cedc86e0_1024x1024.jpg*****https://product.hstatic.net/1000230347/product/artboard_5_copy_2_c21847dca6eb4379b14eaca2e396d086_1024x1024.jpg*****https://product.hstatic.net/1000230347/product/artboard_5_copy_1f8bb5e489254931a79b5831e1bf3faf_1024x1024.jpg*****https://theme.hstatic.net/1000230347/1000782290/14/product-placeholder.png?v=26572*****https://theme.hstatic.net/1000230347/1000782290/14/product-placeholder.png?v=26572*****https://theme.hstatic.net/1000230347/1000782290/14/product-placeholder.png?v=26572*****https://theme.hstatic.net/1000230347/1000782290/14/product-placeholder.png?v=26572*****https://theme.hstatic.net/1000230347/1000782290/14/product-placeholder.png?v=26572*****https://theme.hstatic.net/1000230347/1000782290/14/product-placeholder.png?v=26572*****https://theme.hstatic.net/1000230347/1000782290/14/product-placeholder.png?v=26572*****https://theme.hstatic.net/1000230347/1000782290/14/product-placeholder.png?v=26572*****https://theme.hstatic.net/1000230347/1000782290/14/product-placeholder.png?v=26572,"
						
						31,400₫
						
					",,https://thienlong.vn/products/muc-but-long-bang-thien-long-wbi-01
263,Băng keo trong OPP Flexoffice FO-BKT 10,63022891,Flexoffice,https://product.hstatic.net/1000230347/product/bang_keo_trong_opp_thien_long_-_flexoffice__fo-bkt_10__2__1024x1024.jpg*****https://product.hstatic.net/1000230347/product/fo-bkt_10_copy_c79492e3cd5d4b14aa56b2cfe165bf90_1024x1024.jpg*****https://product.hstatic.net/1000230347/product/upload_7a6885c6c0444a22b9b5e2b5861d954e_1024x1024.jpg*****https://product.hstatic.net/1000230347/product/upload_e21b1a4ae40b400ca0a2b50ae37c1b32_1024x1024.jpg,"31,000₫",,https://thienlong.vn/products/bang-keo-trong-opp-thien-long-flexoffice-fo-bkt-10
264,Băng keo trong OPP Flexoffice FO-BKT 08,63022890,Flexoffice,https://product.hstatic.net/1000230347/product/upload_1807bfe4eba04309aab4b55e5ac1f92d_1024x1024.jpg*****https://product.hstatic.net/1000230347/product/fo-bkt_08_copy_22e9ca3387854fe2bb6a0c7115f6360f_1024x1024.jpg*****https://product.hstatic.net/1000230347/product/bang_keo_trong_opp_thien_long_-_flexoffice__fo-bkt_08__2__1024x1024.jpg*****https://product.hstatic.net/1000230347/product/upload_b46491734d9b4cb9b9a988e834ab6abd_1024x1024.jpg,"25,000₫",,https://thienlong.vn/products/bang-keo-trong-opp-thien-long-flexoffice-fo-bkt-08
265,Băng keo trong OPP Flexoffice FO-BKT 06,63022889,Flexoffice,https://product.hstatic.net/1000230347/product/63022889_198de6b673eb41e997ec9c75d723677a_1024x1024.jpg*****https://product.hstatic.net/1000230347/product/bang_keo_trong_opp_thien_long_-_flexoffice__fo-bkt_06__2__1024x1024.jpg*****https://product.hstatic.net/1000230347/product/fo-bkt_06_copy_70f52476ae1243e2be22c54f96c3b90c_1024x1024.jpg*****https://product.hstatic.net/1000230347/product/upload_8eb1d4e1d31645f8b687763d5beed0de_1024x1024.jpg*****https://theme.hstatic.net/1000230347/1000782290/14/product-placeholder.png?v=26572,"18,000₫",,https://thienlong.vn/products/bang-keo-trong-opp-thien-long-flexoffice-fo-bkt-06
266,Băng keo đục OPP Flexoffice FO-BKD20,63022887,Flexoffice,https://product.hstatic.net/1000230347/product/bang_keo_duc_opp_thien_long_-_flexoffice__fo-bkd_20__2__1024x1024.jpg*****https://product.hstatic.net/1000230347/product/fo-bkd_20_copy_60679c8ddde846a2ad39bbcff1d2c18f_1024x1024.jpg*****https://product.hstatic.net/1000230347/product/upload_9022c1c2e61643cfbec09ac3951d9e87_1024x1024.jpg*****https://product.hstatic.net/1000230347/product/upload_0c78a140a9d74722b8024cc92fd42c4f_1024x1024.jpg,"58,000₫",,https://thienlong.vn/products/bang-keo-duc-opp-thien-long-flexoffice-fo-bkd-20
267,Băng keo đục OPP Flexoffice FO-BKD15,50002078,Flexoffice,https://product.hstatic.net/1000230347/product/upload_c92f8b8e469748a188df239eb4898b7b_1024x1024.jpg*****https://product.hstatic.net/1000230347/product/fo-bkd_15_copy_cd6b731b9a074adca6880fe4263d5ad1_1024x1024.jpg*****https://product.hstatic.net/1000230347/product/bang_keo_duc_opp_thien_long_-_flexoffice__fo-bkd_15__1__1024x1024.jpg*****https://product.hstatic.net/1000230347/product/upload_62beca7b1bcc46d9b9b2e17b8f4d74c9_1024x1024.jpg,"35,000₫",,https://thienlong.vn/products/bang-keo-duc-opp-thien-long-flexoffice-fo-bkd-15
268,Băng keo đục OPP Flexoffice FO-BKD08,50002029,Flexoffice,https://product.hstatic.net/1000230347/product/upload_534824a253a54fb59c3b6b90ead120a0_1024x1024.jpg*****https://product.hstatic.net/1000230347/product/fo-bkd_08_copy_20858616c7d04cd3a379ebca9ff83066_1024x1024.jpg*****https://product.hstatic.net/1000230347/product/bang_keo_thien_long_-_flexoffice_opp_duc_fo_bkd_08__1__1024x1024.jpg*****https://product.hstatic.net/1000230347/product/upload_42117304eff54b43b41e1254a2f718bb_1024x1024.jpg,"19,300₫",,https://thienlong.vn/products/bang-keo-duc-opp-thien-long-flexoffice-fo-bkd-08
269,Băng keo đục OPP Flexoffice FO-BKD06,63022883,Flexoffice,https://product.hstatic.net/1000230347/product/63022883_36e121b25c694d8ea68cd528006fd2a0_1024x1024.jpg*****https://product.hstatic.net/1000230347/product/bang_keo_duc_opp_thien_long_-_flexoffice__fo-bkd_06__2__1024x1024.jpg*****https://product.hstatic.net/1000230347/product/fo-bkd_06_copy_647b1b329ec84015b48abfabd854e58b_1024x1024.jpg*****https://product.hstatic.net/1000230347/product/upload_14179c4bbcf244aaa87ad286d86166a0_1024x1024.jpg*****https://theme.hstatic.net/1000230347/1000782290/14/product-placeholder.png?v=26572,"18,300₫",,https://thienlong.vn/products/bang-keo-duc-opp-thien-long-flexoffice-fo-bkd-06
270,Băng keo đục OPP Flexoffice FO-BKD04,63022882,Flexoffice,https://product.hstatic.net/1000230347/product/upload_ce8331cb850b45adb90aae6dd07c13c5_1024x1024.jpg*****https://product.hstatic.net/1000230347/product/fo-bkd_04_copy_2db1038685544904987cdaa52e905ab1_1024x1024.jpg*****https://product.hstatic.net/1000230347/product/bang_keo_duc_opp_thien_long_-_flexoffice__fo-bkd_04__1__1024x1024.jpg*****https://product.hstatic.net/1000230347/product/upload_2ff014bd01af4343977cfc572b26528e_1024x1024.jpg,"13,200₫",,https://thienlong.vn/products/bang-keo-duc-opp-thien-long-flexoffice-fo-bkd-04
271,Bút lông bảng Thiên Long WB-02,50001177,Thiên Long,https://product.hstatic.net/1000230347/product/wb-02_3a6f046856c945998b7dfa54b069883c_1024x1024.jpg*****https://product.hstatic.net/1000230347/product/wb-02-xanh_d53d5ec982654f9f91c2c35fe4a0c001_1024x1024.jpg*****https://product.hstatic.net/1000230347/product/wb-02-do_267320441c424c338dbb012eef98e945_1024x1024.jpg*****https://product.hstatic.net/1000230347/product/wb-02-den_8178f74312064b9b891283392a057c95_1024x1024.jpg,"
						
						8,000₫
						
					",,https://thienlong.vn/products/but-long-bang-thien-long-wb-02
272,Bút dạ quang Thiên Long HL-03 (FS),50011021,Thiên Long,https://product.hstatic.net/1000230347/product/artboard_11_copy_e12dfb9407a54f5f815559b8e0ff3dc2_1024x1024.jpg*****https://product.hstatic.net/1000230347/product/artboard_5_9c201f8fe7994f64937faeba723856ca_1024x1024.jpg*****https://product.hstatic.net/1000230347/product/artboard_3_copy_2_5345923fa1ba4730a81bf1192da818a2_1024x1024.jpg*****https://product.hstatic.net/1000230347/product/artboard_3_copy_3_aedec24d06c348f7b001dcec62e684ab_1024x1024.jpg*****https://theme.hstatic.net/1000230347/1000782290/14/product-placeholder.png?v=26572*****https://theme.hstatic.net/1000230347/1000782290/14/product-placeholder.png?v=26572*****https://theme.hstatic.net/1000230347/1000782290/14/product-placeholder.png?v=26572*****https://theme.hstatic.net/1000230347/1000782290/14/product-placeholder.png?v=26572*****https://theme.hstatic.net/1000230347/1000782290/14/product-placeholder.png?v=26572*****https://theme.hstatic.net/1000230347/1000782290/14/product-placeholder.png?v=26572*****https://theme.hstatic.net/1000230347/1000782290/14/product-placeholder.png?v=26572*****https://theme.hstatic.net/1000230347/1000782290/14/product-placeholder.png?v=26572*****https://theme.hstatic.net/1000230347/1000782290/14/product-placeholder.png?v=26572*****https://theme.hstatic.net/1000230347/1000782290/14/product-placeholder.png?v=26572,"
						
						12,000₫
						
					",,https://thienlong.vn/products/but-da-quang-thien-long-hl-03
273,Bút dạ quang Thiên Long HL-012,50005240,Thiên Long,https://product.hstatic.net/1000230347/product/50005240_2ad159e2268c47c7b8d5c5950c0808dd_1024x1024.jpg*****https://product.hstatic.net/1000230347/product/50005237_e543cd9352bf4423aad5222314cea1da_1024x1024.jpg*****https://product.hstatic.net/1000230347/product/50005238_ebf93ab89eaa4cf28f71a654fd774d5e_1024x1024.jpg*****https://product.hstatic.net/1000230347/product/50005239_dc69f804861040b29bcd8eae6e8f009f_1024x1024.jpg*****https://theme.hstatic.net/1000230347/1000782290/14/product-placeholder.png?v=26572*****https://theme.hstatic.net/1000230347/1000782290/14/product-placeholder.png?v=26572,"
						
						14,000₫
						
					",,https://thienlong.vn/products/but-da-quang-thien-long-hl-012
274,Mực bút lông dầu FlexOffice FO-PMI-02,50004222,Flexoffice,https://product.hstatic.net/1000230347/product/flexoffice-fo-pmi-02_e1f66c85bfd542e5bb44c4e4810166d8_1024x1024.jpg*****https://product.hstatic.net/1000230347/product/fo-pmi-02_den2_477666baee4e4213b1eff4d7053a9a87_1024x1024.jpg*****https://product.hstatic.net/1000230347/product/fo-pmi-02_xanh2_804e8e4038a64baf9a82280e273f1c77_1024x1024.jpg*****https://product.hstatic.net/1000230347/product/fo-pmi-02_do2_74bcbb50407e4cf08add4af3e6d9cf40_1024x1024.jpg*****https://theme.hstatic.net/1000230347/1000782290/14/product-placeholder.png?v=26572*****https://theme.hstatic.net/1000230347/1000782290/14/product-placeholder.png?v=26572*****https://theme.hstatic.net/1000230347/1000782290/14/product-placeholder.png?v=26572,"
						
						13,000₫
						
					",,https://thienlong.vn/products/muc-but-long-dau-thien-long-flexoffice-fo-pmi-02
275,Lưỡi dao rọc giấy Flexoffice FO-BL02,60000653,Flexoffice,https://product.hstatic.net/1000230347/product/jfskdfh39024_70dc6ed8bffc49d7a31c66e9995f1741_1024x1024.jpg*****https://product.hstatic.net/1000230347/product/697__1__1024x1024.jpg*****https://product.hstatic.net/1000230347/product/upload_dc64c04923ec4ac19a0cf31534475819_1024x1024.jpg*****https://product.hstatic.net/1000230347/product/upload_7476fb7650d74f0a8f00fabc65fa12f0_1024x1024.jpg,"16,500₫",,https://thienlong.vn/products/luoi-dao-roc-giay-thien-long-flexoffice-fo-bl02
276,Lưỡi dao rọc giấy Flexoffice FO-BL01,60000654,Flexoffice,https://product.hstatic.net/1000230347/product/423fgdas_0cc8143199e242eba194a9783257df2f_1024x1024.jpg*****https://product.hstatic.net/1000230347/product/logo_953a0a75ee54494186d741faf3009cbe_1024x1024.jpg*****https://product.hstatic.net/1000230347/product/logo2_eafe50370e1b4a6f96c37e7696c69426_1024x1024.jpg*****https://product.hstatic.net/1000230347/product/logo3_452520d2da6047c6b2872fd43610fff1_1024x1024.jpg,"13,000₫",,https://thienlong.vn/products/luoi-dao-roc-giay-thien-long-flexoffice-fo-bl01
277,Dao rọc giấy Flexoffice FO-KN04,60000700,Flexoffice,https://product.hstatic.net/1000230347/product/423dsfa_5ffeec33c7fc40c196ea96bad12e9b3f_1024x1024.jpg*****https://product.hstatic.net/1000230347/product/dao_roc_giay_thien_long_-_flexoffice__fo-kn04_18mm__1__1024x1024.jpg,"33,000₫",,https://thienlong.vn/products/dao-roc-giay-thien-long-flexoffice-fo-kn04-18mm
278,Bút lông dầu FlexOffice FO-PM-01,50004171,Flexoffice,https://product.hstatic.net/1000230347/product/fo-pm-01_f54b2fdfc26242f8955d449618877979_1024x1024.jpg*****https://product.hstatic.net/1000230347/product/fo-pm-01-den_50ce0784e0cd44e18d7fafe8536f6da0_1024x1024.jpg*****https://product.hstatic.net/1000230347/product/fo-pm-01-do_d0dd053abd604b5bac9fac6db087a2a0_1024x1024.jpg*****https://product.hstatic.net/1000230347/product/fo-pm-01-xanh_2909b5062c124cab8f949a4f3db882a9_1024x1024.jpg,"
						
						13,000₫
						
					",,https://thienlong.vn/products/but-long-dau-thien-long-flexoffice-fo-pm-01
279,Dao rọc giấy Flexoffice FO-KN02,60000651,Flexoffice,https://product.hstatic.net/1000230347/product/343ads_b3cba3317e0940f290974c82d6642369_1024x1024.jpg*****https://product.hstatic.net/1000230347/product/fo-kn02_copy_67aa658837244365819b15b0c3678bd9_1024x1024.jpg*****https://product.hstatic.net/1000230347/product/688__1__1024x1024.jpg*****https://product.hstatic.net/1000230347/product/upload_b871221cb4f94cfc8d150cda0593a604_1024x1024.jpg*****https://theme.hstatic.net/1000230347/1000782290/14/product-placeholder.png?v=26572*****https://theme.hstatic.net/1000230347/1000782290/14/product-placeholder.png?v=26572*****https://theme.hstatic.net/1000230347/1000782290/14/product-placeholder.png?v=26572*****https://theme.hstatic.net/1000230347/1000782290/14/product-placeholder.png?v=26572*****https://theme.hstatic.net/1000230347/1000782290/14/product-placeholder.png?v=26572*****https://theme.hstatic.net/1000230347/1000782290/14/product-placeholder.png?v=26572*****https://theme.hstatic.net/1000230347/1000782290/14/product-placeholder.png?v=26572,"22,300₫",,https://thienlong.vn/products/dao-roc-giay-thien-long-flexoffice-fo-kn02
280,Bút lông dầu FlexOffice FO-PM-09,50004274,Flexoffice,https://product.hstatic.net/1000230347/product/fo-pm-09_f176743dda7a45388878c40502862842_1024x1024.jpg*****https://product.hstatic.net/1000230347/product/but_long_dau_thien_long_-_flexoffice_fo-pm-09__2__1024x1024.jpg*****https://product.hstatic.net/1000230347/product/but_long_dau_thien_long_-_flexoffice_fo-pm-09__3__1024x1024.jpg*****https://product.hstatic.net/1000230347/product/but_long_dau_thien_long_-_flexoffice_fo-pm-09__1__1024x1024.jpg*****https://theme.hstatic.net/1000230347/1000782290/14/product-placeholder.png?v=26572*****https://theme.hstatic.net/1000230347/1000782290/14/product-placeholder.png?v=26572*****https://theme.hstatic.net/1000230347/1000782290/14/product-placeholder.png?v=26572,"
						
						14,000₫
						
					",,https://thienlong.vn/products/but-long-dau-thien-long-flexoffice-fo-pm-09
281,Bút lông dầu Thiên Long FlexOffice FO-PM011,50004502,Flexoffice,https://product.hstatic.net/1000230347/product/fo-pm011_4052435ad1dc4532a22ba80caa8729a3_1024x1024.jpg*****https://product.hstatic.net/1000230347/product/but_long_dau_thien_long_-_flexoffice_fo-pm-011__1__1024x1024.jpg*****https://product.hstatic.net/1000230347/product/but_long_dau_thien_long_-_flexoffice_fo-pm-011__2__1024x1024.jpg*****https://product.hstatic.net/1000230347/product/2_0f356d70256e42668f3905ba157a2fac_1024x1024.jpg*****https://theme.hstatic.net/1000230347/1000782290/14/product-placeholder.png?v=26572*****https://theme.hstatic.net/1000230347/1000782290/14/product-placeholder.png?v=26572*****https://theme.hstatic.net/1000230347/1000782290/14/product-placeholder.png?v=26572*****https://theme.hstatic.net/1000230347/1000782290/14/product-placeholder.png?v=26572,"
						
						13,200₫
						
					",,https://thienlong.vn/products/but-long-dau-thien-long-flexoffice-fo-pm-011
282,Dao rọc giấy Flexoffice FO-KN01,60000652,Flexoffice,https://product.hstatic.net/1000230347/product/43sff_dc06d46319e640a8b1a5f1a7fa7e19e6_1024x1024.jpg*****https://product.hstatic.net/1000230347/product/fo-kn01_copy_ac2ed0c8beaa4b979ba4b9b4104e374b_1024x1024.jpg*****https://product.hstatic.net/1000230347/product/dao_roc_giay_fo-kn01_1024x1024.jpg*****https://product.hstatic.net/1000230347/product/dao_roc_giay_thien_long_-_flexoffice__fo-kn01_9mm__3__1024x1024.jpg*****https://theme.hstatic.net/1000230347/1000782290/14/product-placeholder.png?v=26572*****https://theme.hstatic.net/1000230347/1000782290/14/product-placeholder.png?v=26572,"12,400₫",,https://thienlong.vn/products/dao-roc-giay-thien-long-flexoffice-fo-kn01
283,Bấm kim số 10 Flexoffice FO-ST03 (FS),63003117,Flexoffice,https://product.hstatic.net/1000230347/product/543dsf_d5ba1859d11f4e7e8b720fb333f1d2d7_1024x1024.jpg*****https://product.hstatic.net/1000230347/product/bam_kim_so_10_thien_long_-_flexoffice__fo-st03__3__1024x1024.jpg,"31,400₫",,https://thienlong.vn/products/bam-kim-so-10-thien-long-flexoffice-fo-st03
284,Bấm kim số 10 Flexoffice FO-ST02 (FS),60000551,Flexoffice,https://product.hstatic.net/1000230347/product/new16_587d03ad4cc047f1b7b120dca65dcdeb_1024x1024.jpg*****https://product.hstatic.net/1000230347/product/fo-st02_copy_74bd75888dc24afeb89708d609496d5b_1024x1024.jpg*****https://product.hstatic.net/1000230347/product/bam_kim_so_10_thien_long_-_flexoffice__fo-st02__8__1024x1024.jpg*****https://product.hstatic.net/1000230347/product/upload_9c40276e3d33413e9672e42dcc678db1_1024x1024.jpg*****https://theme.hstatic.net/1000230347/1000782290/14/product-placeholder.png?v=26572*****https://theme.hstatic.net/1000230347/1000782290/14/product-placeholder.png?v=26572*****https://theme.hstatic.net/1000230347/1000782290/14/product-placeholder.png?v=26572*****https://theme.hstatic.net/1000230347/1000782290/14/product-placeholder.png?v=26572*****https://theme.hstatic.net/1000230347/1000782290/14/product-placeholder.png?v=26572*****https://theme.hstatic.net/1000230347/1000782290/14/product-placeholder.png?v=26572,"28,000₫",,https://thienlong.vn/products/bam-kim-so-10-thien-long-flexoffice-fo-st02
285,Bút lông dầu Thiên Long PM-07,50006380,Thiên Long,https://product.hstatic.net/1000230347/product/pm-07_d751bb7f8d6242b5803fefbd61ec6042_1024x1024.jpg*****https://product.hstatic.net/1000230347/product/50006378_860ab9e7d365459bacda1ddf0550254e_1024x1024.jpg*****https://product.hstatic.net/1000230347/product/50006379_dea23c642bcd49f2ad42a936b37b9ec0_1024x1024.jpg*****https://product.hstatic.net/1000230347/product/50006380_054075e9f7cf466eb154d8238ef674a7_1024x1024.jpg,"
						
						13,000₫
						
					",,https://thienlong.vn/products/but-long-dau-thien-long-pm-07
286,Bút lông dầu Thiên Long PM-09,50004982,Thiên Long,https://product.hstatic.net/1000230347/product/artboard_1_copy_f802af050e0a4701bfe32d8ae12d8ac4_1024x1024.jpg*****https://product.hstatic.net/1000230347/product/artboard_2_591f2763ee584c7db8706cf22d3e37ef_1024x1024.jpg*****https://product.hstatic.net/1000230347/product/artboard_10_d91cd41edbfc4ef299e2dc53b3e0ca9a_1024x1024.jpg*****https://product.hstatic.net/1000230347/product/artboard_9_copy_126bf6b187754fd290793296498cab95_1024x1024.jpg*****https://theme.hstatic.net/1000230347/1000782290/14/product-placeholder.png?v=26572*****https://theme.hstatic.net/1000230347/1000782290/14/product-placeholder.png?v=26572*****https://theme.hstatic.net/1000230347/1000782290/14/product-placeholder.png?v=26572*****https://theme.hstatic.net/1000230347/1000782290/14/product-placeholder.png?v=26572*****https://theme.hstatic.net/1000230347/1000782290/14/product-placeholder.png?v=26572*****https://theme.hstatic.net/1000230347/1000782290/14/product-placeholder.png?v=26572*****https://theme.hstatic.net/1000230347/1000782290/14/product-placeholder.png?v=26572*****https://theme.hstatic.net/1000230347/1000782290/14/product-placeholder.png?v=26572*****https://theme.hstatic.net/1000230347/1000782290/14/product-placeholder.png?v=26572*****https://theme.hstatic.net/1000230347/1000782290/14/product-placeholder.png?v=26572*****https://theme.hstatic.net/1000230347/1000782290/14/product-placeholder.png?v=26572,"
						
						13,000₫
						
					",,https://thienlong.vn/products/but-long-dau-thien-long-pm-09
287,Bút lông bảng Thiên Long WB-03,50005012,Thiên Long,https://product.hstatic.net/1000230347/product/artboard_14_copy_33cfeba9fba3444caedac3933aead5ac_1024x1024.jpg*****https://product.hstatic.net/1000230347/product/artboard_1_6057e13413934c4a9b716357de758a33_1024x1024.jpg*****https://product.hstatic.net/1000230347/product/artboard_2_8898e03eb05d4544ba3a5c18b4454f4a_1024x1024.jpg*****https://product.hstatic.net/1000230347/product/artboard_3_df7eb8d58f8a4e01abf80434606f05a7_1024x1024.jpg*****https://theme.hstatic.net/1000230347/1000782290/14/product-placeholder.png?v=26572*****https://theme.hstatic.net/1000230347/1000782290/14/product-placeholder.png?v=26572*****https://theme.hstatic.net/1000230347/1000782290/14/product-placeholder.png?v=26572*****https://theme.hstatic.net/1000230347/1000782290/14/product-placeholder.png?v=26572*****https://theme.hstatic.net/1000230347/1000782290/14/product-placeholder.png?v=26572*****https://theme.hstatic.net/1000230347/1000782290/14/product-placeholder.png?v=26572*****https://theme.hstatic.net/1000230347/1000782290/14/product-placeholder.png?v=26572*****https://theme.hstatic.net/1000230347/1000782290/14/product-placeholder.png?v=26572*****https://theme.hstatic.net/1000230347/1000782290/14/product-placeholder.png?v=26572*****https://theme.hstatic.net/1000230347/1000782290/14/product-placeholder.png?v=26572,"
						
						10,500₫
						
					",,https://thienlong.vn/products/but-long-bang-thien-long-wb-03
288,Bút lông bảng Thiên Long-Doraemon TP-WB016/DO,50003916,Thiên Long,https://product.hstatic.net/1000230347/product/wb-016-do_9e5df01d220647609820e93041f90648_1024x1024.jpg*****https://product.hstatic.net/1000230347/product/wb-016-do-xanh_370fab68a3f34c9195467ecdce0a497e_1024x1024.jpg*****https://product.hstatic.net/1000230347/product/wb-016-do-den_20cfa72500ef4939b7be8293b658ee87_1024x1024.jpg*****https://product.hstatic.net/1000230347/product/but_long_bang_thien_long_wb-016-do__3__1024x1024.jpg*****https://theme.hstatic.net/1000230347/1000782290/14/product-placeholder.png?v=26572,"
						
						11,600₫
						
					",,https://thienlong.vn/products/but-long-bang-thien-long-wb-016-do
289,Bút lông bảng FlexOffice FO-WB-015,50004449,Flexoffice,https://product.hstatic.net/1000230347/product/fo-wb015_e717043422cc4d37a2c9d681fc70daa6_1024x1024.jpg*****https://product.hstatic.net/1000230347/product/upload_e69ec5b6e0e34e7a886e37b1cd1364b5_1024x1024.jpg*****https://product.hstatic.net/1000230347/product/upload_385b8b8672c74266b0a9bdf250a69ebf_1024x1024.jpg*****https://product.hstatic.net/1000230347/product/upload_8cf68b5d29954dc2a07f5b01a312fc5d_1024x1024.jpg*****https://theme.hstatic.net/1000230347/1000782290/14/product-placeholder.png?v=26572*****https://theme.hstatic.net/1000230347/1000782290/14/product-placeholder.png?v=26572*****https://theme.hstatic.net/1000230347/1000782290/14/product-placeholder.png?v=26572,"
						
						10,700₫
						
					",,https://thienlong.vn/products/but-long-bang-thien-long-flexoffice-fo-wb-015
290,Bút dạ quang FlexOffice FO-HL01,50004170,Flexoffice,https://product.hstatic.net/1000230347/product/50004170_4857243ccbd94ea78be9414ad949499c_1024x1024.jpg*****https://product.hstatic.net/1000230347/product/50004166_5ed72f8343f7414d951efbf0616f2e9d_1024x1024.jpg*****https://product.hstatic.net/1000230347/product/50004167_8a6abae377d4446a9ebb43419a4d8a18_1024x1024.jpg*****https://product.hstatic.net/1000230347/product/50004168_82ff66920fc44c5da9ef814588551538_1024x1024.jpg*****https://theme.hstatic.net/1000230347/1000782290/14/product-placeholder.png?v=26572*****https://theme.hstatic.net/1000230347/1000782290/14/product-placeholder.png?v=26572,"
						
						11,200₫
						
					",,https://thienlong.vn/products/but-da-quang-thien-long-flexoffice-fo-hl01
291,Bút dạ quang FlexOffice FO-HL02,50002705,Flexoffice,https://product.hstatic.net/1000230347/product/50002705_dfd8a71a9f1a43b48a4cd1d3d2e1b2e8_1024x1024.jpg*****https://product.hstatic.net/1000230347/product/50002705_dfd8a71a9f1a43b48a4cd1d3d2e1b2e8_1024x1024.jpg*****https://product.hstatic.net/1000230347/product/50002705_46993c421e4e480a9bd51f7b00538177_1024x1024.jpg*****https://product.hstatic.net/1000230347/product/50002706_69c48b6ea05f494f8796396482a5dfc9_1024x1024.jpg*****https://theme.hstatic.net/1000230347/1000782290/14/product-placeholder.png?v=26572*****https://theme.hstatic.net/1000230347/1000782290/14/product-placeholder.png?v=26572*****https://theme.hstatic.net/1000230347/1000782290/14/product-placeholder.png?v=26572,"
						
						14,900₫
						
					",,https://thienlong.vn/products/but-da-quang-thien-long-flexoffice-fo-hl02
292,Bút dạ quang FlexOffice FO-HL05,50005243,Flexoffice,https://product.hstatic.net/1000230347/product/50005243_2ddd3be80b8a400586876132bff26fd1_1024x1024.jpg*****https://product.hstatic.net/1000230347/product/50005242_ee7657c04a854cac953f2d620fb3c8b2_1024x1024.jpg*****https://product.hstatic.net/1000230347/product/50005243_b6e719ccd3b24048b390ddcb08ab3174_1024x1024.jpg*****https://product.hstatic.net/1000230347/product/50005246_5dd1ff3e3d3b4925982c6d9e0ba7f2e9_1024x1024.jpg*****https://theme.hstatic.net/1000230347/1000782290/14/product-placeholder.png?v=26572*****https://theme.hstatic.net/1000230347/1000782290/14/product-placeholder.png?v=26572*****https://theme.hstatic.net/1000230347/1000782290/14/product-placeholder.png?v=26572*****https://theme.hstatic.net/1000230347/1000782290/14/product-placeholder.png?v=26572*****https://theme.hstatic.net/1000230347/1000782290/14/product-placeholder.png?v=26572*****https://theme.hstatic.net/1000230347/1000782290/14/product-placeholder.png?v=26572*****https://theme.hstatic.net/1000230347/1000782290/14/product-placeholder.png?v=26572*****https://theme.hstatic.net/1000230347/1000782290/14/product-placeholder.png?v=26572,"
						
						10,000₫
						
					",,https://thienlong.vn/products/but-da-quang-thien-long-flexoffice-fo-hl05
293,Bút xóa kéo FlexOffice FO-CT02 (Màu ngẫu nhiên),63003934,Flexoffice,https://product.hstatic.net/1000230347/product/artboard_1_copy_921dc8eae0514832aa260403faf6c347_1024x1024.jpg*****https://product.hstatic.net/1000230347/product/artboard_1_8e5fa74294ee4f65ba7b7fe81332cb77_1024x1024.jpg*****https://product.hstatic.net/1000230347/product/artboard_5_f3239c7cfb7a4230a500904b5e8c9ab0_1024x1024.jpg*****https://product.hstatic.net/1000230347/product/artboard_5_copy_cac6686356734809839ad552c4357927_1024x1024.jpg*****https://theme.hstatic.net/1000230347/1000782290/14/product-placeholder.png?v=26572*****https://theme.hstatic.net/1000230347/1000782290/14/product-placeholder.png?v=26572*****https://theme.hstatic.net/1000230347/1000782290/14/product-placeholder.png?v=26572*****https://theme.hstatic.net/1000230347/1000782290/14/product-placeholder.png?v=26572*****https://theme.hstatic.net/1000230347/1000782290/14/product-placeholder.png?v=26572*****https://theme.hstatic.net/1000230347/1000782290/14/product-placeholder.png?v=26572*****https://theme.hstatic.net/1000230347/1000782290/14/product-placeholder.png?v=26572,"15,700₫",,https://thienlong.vn/products/but-xoa-keo-thien-long-flexoffice-fo-ct-02
294,Bút xóa FlexOffice FO-CP01 PLUS,63003935,Flexoffice,https://product.hstatic.net/1000230347/product/artboard_9_copy_045bf69f87094f22b42ce9df02fdefe9_1024x1024.jpg*****https://product.hstatic.net/1000230347/product/artboard_4_7c5664f4d477454ab20bc51deffddd6e_1024x1024.jpg*****https://product.hstatic.net/1000230347/product/artboard_3_copy_3_4b33ada329ee4b1aa33c68f841ed9016_1024x1024.jpg*****https://product.hstatic.net/1000230347/product/artboard_3_a0103295904948d38045096547a48d79_1024x1024.jpg*****https://theme.hstatic.net/1000230347/1000782290/14/product-placeholder.png?v=26572*****https://theme.hstatic.net/1000230347/1000782290/14/product-placeholder.png?v=26572*****https://theme.hstatic.net/1000230347/1000782290/14/product-placeholder.png?v=26572*****https://theme.hstatic.net/1000230347/1000782290/14/product-placeholder.png?v=26572*****https://theme.hstatic.net/1000230347/1000782290/14/product-placeholder.png?v=26572*****https://theme.hstatic.net/1000230347/1000782290/14/product-placeholder.png?v=26572,"19,000₫",,https://thienlong.vn/products/but-xoa-thien-long-flexoffice-fo-cp01
295,Bìa hộp Flexoffice PP 100A4 FO-BF03,50006297,Flexoffice,https://product.hstatic.net/1000230347/product/53df_9236b7b980cb4c32b7f2a580d5a6ff93_1024x1024.jpg*****https://product.hstatic.net/1000230347/product/bia_hop_thien_long_-_flexoffice_pp_90a4_fo-bf03__3__1024x1024.jpg*****https://product.hstatic.net/1000230347/product/upload_0ec73ea73ab74359ad2c5401b3616a62_1024x1024.jpg*****https://product.hstatic.net/1000230347/product/upload_25e0261352f648d8bc025bb8dad2bddb_1024x1024.jpg*****https://theme.hstatic.net/1000230347/1000782290/14/product-placeholder.png?v=26572,"120,000₫",,https://thienlong.vn/products/bia-hop-thien-long-flexoffice-pp-90a4-fo-bf03
296,Bìa hộp Flexoffice PP 55A4 FO-BF01,50006295,Flexoffice,https://product.hstatic.net/1000230347/product/654sfdjh_97c113fcb6ef4aff8d0c97912dc5633d_1024x1024.jpg*****https://product.hstatic.net/1000230347/product/bia_hop_thien_long_-_flexoffice_pp_50a4_fo-bf01__4__1024x1024.jpg*****https://product.hstatic.net/1000230347/product/upload_40ef092716de44149ab2212d2d859053_1024x1024.jpg*****https://product.hstatic.net/1000230347/product/upload_0a6442d400404c8cb3b5322ebe3ea9e1_1024x1024.jpg*****https://theme.hstatic.net/1000230347/1000782290/14/product-placeholder.png?v=26572,"75,200₫",,https://thienlong.vn/products/bia-hop-thien-long-flexoffice-pp-50a4-fo-bf01
297,Kéo Flexoffice FO-SC02,60000491,Flexoffice,https://product.hstatic.net/1000230347/product/32sdf_1e757acbae924ef4843198bf545a80de_1024x1024.jpg*****https://product.hstatic.net/1000230347/product/keo_thien_long_-_flexoffice_fo-sc02__8__1024x1024.jpg*****https://product.hstatic.net/1000230347/product/keo_thien_long_-_flexoffice_fo-sc02__4__c49e8f9c13264c4395baada0509253b9_1024x1024.jpg*****https://product.hstatic.net/1000230347/product/keo_thien_long_-_flexoffice_fo-sc02__2__7acd9e5cb7e44d93a62dbf06f8c01fa7_1024x1024.jpg*****https://theme.hstatic.net/1000230347/1000782290/14/product-placeholder.png?v=26572*****https://theme.hstatic.net/1000230347/1000782290/14/product-placeholder.png?v=26572*****https://theme.hstatic.net/1000230347/1000782290/14/product-placeholder.png?v=26572*****https://theme.hstatic.net/1000230347/1000782290/14/product-placeholder.png?v=26572*****https://theme.hstatic.net/1000230347/1000782290/14/product-placeholder.png?v=26572,"38,000₫",,https://thienlong.vn/products/keo-thien-long-flexoffice-fo-sc02
298,Kéo Flexoffice FO-SC01,60000490,Flexoffice,https://product.hstatic.net/1000230347/product/43276_c384e10ddc774aa69cd948be742a12b4_1024x1024.jpg*****https://product.hstatic.net/1000230347/product/keo_thien_long_-_flexoffice_fo-sc01__9__b883c72bef2f497784c40cffda1ba2ae_1024x1024.jpg*****https://product.hstatic.net/1000230347/product/keo_thien_long_-_flexoffice_fo-sc01__8__c26cc71522b7428c8dfa8a5eb56b7f33_1024x1024.jpg*****https://product.hstatic.net/1000230347/product/keo_thien_long_-_flexoffice_fo-sc01__7__9d413226af4b4337be84d5a21ed6a3fe_1024x1024.jpg*****https://theme.hstatic.net/1000230347/1000782290/14/product-placeholder.png?v=26572*****https://theme.hstatic.net/1000230347/1000782290/14/product-placeholder.png?v=26572*****https://theme.hstatic.net/1000230347/1000782290/14/product-placeholder.png?v=26572*****https://theme.hstatic.net/1000230347/1000782290/14/product-placeholder.png?v=26572*****https://theme.hstatic.net/1000230347/1000782290/14/product-placeholder.png?v=26572,"31,400₫",,https://thienlong.vn/products/keo-thien-long-flexoffice-fo-sc01
299,Bìa cây FlexOffice FO-RC02,50003662,Flexoffice,https://product.hstatic.net/1000230347/product/765sf_187f56f4376f48fa8594ff15359423ae_1024x1024.jpg*****https://product.hstatic.net/1000230347/product/upload_036f451885d2462caa6405aeb1b9ad32_1024x1024.jpg*****https://product.hstatic.net/1000230347/product/270__1__1ad8533cde5e481d875d1e3e51879dfb_1024x1024.jpg*****https://product.hstatic.net/1000230347/product/upload_dfb12c2ac8d54f009491e0878d4d22e6_1024x1024.jpg*****https://theme.hstatic.net/1000230347/1000782290/14/product-placeholder.png?v=26572*****https://theme.hstatic.net/1000230347/1000782290/14/product-placeholder.png?v=26572*****https://theme.hstatic.net/1000230347/1000782290/14/product-placeholder.png?v=26572*****https://theme.hstatic.net/1000230347/1000782290/14/product-placeholder.png?v=26572*****https://theme.hstatic.net/1000230347/1000782290/14/product-placeholder.png?v=26572*****https://theme.hstatic.net/1000230347/1000782290/14/product-placeholder.png?v=26572*****https://theme.hstatic.net/1000230347/1000782290/14/product-placeholder.png?v=26572,"6,400₫",,https://thienlong.vn/products/bia-cay-thien-long-flexoffice-fo-rc02
300,Bìa 80 lá A4 Flexoffice FO-DB04,50008324,Flexoffice,https://product.hstatic.net/1000230347/product/453dsf_4b0b3aaa50704cd092991280bdbdb25f_1024x1024.jpg*****https://product.hstatic.net/1000230347/product/bia_80_la_a4_thien_long_-_flexoffice_fo-db04__7__1024x1024.jpg*****https://product.hstatic.net/1000230347/product/bia_80_la_a4_thien_long_-_flexoffice_fo-db04__10__1024x1024.jpg*****https://product.hstatic.net/1000230347/product/upload_f56abf166be34087a4e69a91ca61ab67_1024x1024.jpg*****https://theme.hstatic.net/1000230347/1000782290/14/product-placeholder.png?v=26572*****https://theme.hstatic.net/1000230347/1000782290/14/product-placeholder.png?v=26572*****https://theme.hstatic.net/1000230347/1000782290/14/product-placeholder.png?v=26572,"
						
						114,000₫
						
					",,https://thienlong.vn/products/bia-80-la-a4-thien-long-flexoffice-fo-db04
301,Bìa 60 lá A4 Flexoffice FO-DB03,50008322,Flexoffice,https://product.hstatic.net/1000230347/product/6523_0a788242a54c4b83a2c9744f16f52367_1024x1024.jpg*****https://product.hstatic.net/1000230347/product/upload_3e9863c2efec46138114fd0d0c29c539_1024x1024.jpg*****https://product.hstatic.net/1000230347/product/upload_58d89c4aa71a41969ecd264f009d3d86_1024x1024.jpg,"
						
						89,900₫
						
					",,https://thienlong.vn/products/bia-60-la-a4-thien-long-flexoffice-fo-db03
302,Bìa 40 lá A4 Flexoffice FO-DB02,50008320,Flexoffice,https://product.hstatic.net/1000230347/product/765fd_37099fac12f34823aa83278b3d8b5bef_1024x1024.jpg*****https://product.hstatic.net/1000230347/product/267__1__1024x1024.jpg*****https://product.hstatic.net/1000230347/product/267__2__1024x1024.jpg*****https://product.hstatic.net/1000230347/product/upload_5ab173355c8242a190d5fc671d8c2f5d_1024x1024.jpg*****https://theme.hstatic.net/1000230347/1000782290/14/product-placeholder.png?v=26572*****https://theme.hstatic.net/1000230347/1000782290/14/product-placeholder.png?v=26572*****https://theme.hstatic.net/1000230347/1000782290/14/product-placeholder.png?v=26572,"
						
						65,000₫
						
					",,https://thienlong.vn/products/bia-40-la-a4-thien-long-flexoffice-fo-db02
303,Bìa 20 lá A4 Flexoffice FO-DB01,50008318,Flexoffice,https://product.hstatic.net/1000230347/product/fo-db01_ko_logo_ee4054919b824400882e63299e0ece9a_1024x1024.jpg*****https://product.hstatic.net/1000230347/product/fo-db01_copy_c364bc6fe18f4aa78a922e32efc44756_1024x1024.jpg*****https://product.hstatic.net/1000230347/product/266__1__1024x1024.jpg*****https://product.hstatic.net/1000230347/product/266__2__1024x1024.jpg*****https://theme.hstatic.net/1000230347/1000782290/14/product-placeholder.png?v=26572*****https://theme.hstatic.net/1000230347/1000782290/14/product-placeholder.png?v=26572*****https://theme.hstatic.net/1000230347/1000782290/14/product-placeholder.png?v=26572*****https://theme.hstatic.net/1000230347/1000782290/14/product-placeholder.png?v=26572,"
						
						45,000₫
						
					",,https://thienlong.vn/products/bia-20-la-a4-thien-long-flexoffice-fo-db01
304,Bìa Report File A4 Flexoffice FO-RFA4,50002476,Flexoffice,https://product.hstatic.net/1000230347/product/246__3__1024x1024.jpg,"8,900₫",,https://thienlong.vn/products/bia-report-file-a4-thien-long-flexoffice-fo-rfa4
305,Bìa Acco A4 Thiên Long Flexoffice FO-PPFFA4,50002477,Flexoffice,https://product.hstatic.net/1000230347/product/sdacxz_61c87024881a49319f9747329e6cf432_1024x1024.jpg*****https://product.hstatic.net/1000230347/product/fo-ppffa4_cam_541544099c1948e4b2acf9ed3e8cced6_1024x1024.jpg*****https://product.hstatic.net/1000230347/product/fo-ppffa4_do_45355bfa437a48c3a2bce415d28aecb1_1024x1024.jpg*****https://product.hstatic.net/1000230347/product/fo-ppffa4_la_fdee2a2fb02d4f6a93d51b77ac4f5081_1024x1024.jpg*****https://theme.hstatic.net/1000230347/1000782290/14/product-placeholder.png?v=26572*****https://theme.hstatic.net/1000230347/1000782290/14/product-placeholder.png?v=26572*****https://theme.hstatic.net/1000230347/1000782290/14/product-placeholder.png?v=26572*****https://theme.hstatic.net/1000230347/1000782290/14/product-placeholder.png?v=26572*****https://theme.hstatic.net/1000230347/1000782290/14/product-placeholder.png?v=26572*****https://theme.hstatic.net/1000230347/1000782290/14/product-placeholder.png?v=26572*****https://theme.hstatic.net/1000230347/1000782290/14/product-placeholder.png?v=26572,"
						
						8,900₫
						
					",,https://thienlong.vn/products/bia-acco-a4-thien-long-flexoffice-fo-ppffa4
306,Bìa lá F4 Flexoffice FO-CH04,50002631,Flexoffice,https://product.hstatic.net/1000230347/product/653ds_a764e98a3d994ee6a424e28f2786b087_1024x1024.jpg*****https://product.hstatic.net/1000230347/product/bia_la_f4_thien_long_-_flexoffice_fo_-_ch04___5__1024x1024.jpg*****https://product.hstatic.net/1000230347/product/upload_690a6800d92645df957bba8ff3210e5a_1024x1024.jpg*****https://product.hstatic.net/1000230347/product/upload_9dcbd313ce824c7fb78194f3213e2e8d_1024x1024.jpg,"5,000₫",,https://thienlong.vn/products/bia-la-f4-thien-long-flexoffice-fo-ch04
307,Bìa lá A4 Flexoffice FO-CH03,50002650,Flexoffice,https://product.hstatic.net/1000230347/product/45dsfs_481eb9e6f53340d0ab7c49b39e3366b0_1024x1024.jpg*****https://product.hstatic.net/1000230347/product/221__1__1024x1024.jpg,"3,600₫",,https://thienlong.vn/products/bia-la-a4-thien-long-flexoffice-fo-ch03
308,Bìa lá F4 Flexoffice FO-CH02,50001580,Flexoffice,https://product.hstatic.net/1000230347/product/56432dfs_bc8da948a97c4a9e8f2dd7ea9a028083_1024x1024.jpg*****https://product.hstatic.net/1000230347/product/bia_la_f4_thien_long_-_flexoffice_fo_-_ch02___3__1024x1024.jpg*****https://product.hstatic.net/1000230347/product/upload_1ddd16f489f942998d0863a30696f4f0_1024x1024.jpg*****https://product.hstatic.net/1000230347/product/upload_e720acd5c1444d92a9db9cdad4d48d6a_1024x1024.jpg,"4,500₫",,https://thienlong.vn/products/bia-la-f4-thien-long-flexoffice-fo-ch02
309,Bìa lá A4 Flexoffice FO-CH01,50001579,Flexoffice,https://product.hstatic.net/1000230347/product/12fs_f9779c20823d48729a4a7d174204495d_1024x1024.jpg*****https://product.hstatic.net/1000230347/product/bia_la_a4_thien_long_-_flexoffice_fo_-_ch01__3__1024x1024.jpg,"3,300₫",,https://thienlong.vn/products/bia-la-a4-thien-long-flexoffice-fo-ch01
310,Kéo Thiên Long SC-015,50005265,Thiên Long,https://product.hstatic.net/1000230347/product/54dghg_a628969e2a1e42509235c85c184a20ea_1024x1024.jpg*****https://product.hstatic.net/1000230347/product/keo_thien_long_sc-015__11__1024x1024.jpg,"48,700₫",,https://thienlong.vn/products/keo-thien-long-sc-015
311,Combo 5/10 Tập học sinh chống lóa 96 trang 4 ô ly vuông 2mm 100gsm Thiên Long NB-117/AK - Akooland thế giới học cụ thần kỳ - Mẫu ngẫu nhiên,60020746CB5,Thiên Long,https://cdn.hstatic.net/products/1000230347/artboard_1_copy_075c881aadba4fa5a1c8b64190fe13d2_c35a6c3e618d4bcbbfb4553ca9392a58_1024x1024.jpg*****https://cdn.hstatic.net/products/1000230347/artboard_1_54edc1e24d024762b42be56b456ee91d_91577211fa8444c98ba866cc0396198d_1024x1024.jpg*****https://cdn.hstatic.net/products/1000230347/artboard_5_copy_2_c15ab26e28d343c8be6d189a8258a8b2_038da387bc734d96afb5cf0c4cdc7699_1024x1024.jpg*****https://cdn.hstatic.net/products/1000230347/artboard_5_copy_3_996cfa4e52154ce28dc462a1bcd87372_44a86e1cd5bc4d21897bd8eb8d923b92_1024x1024.jpg*****https://theme.hstatic.net/1000230347/1000782290/14/product-placeholder.png?v=26572*****https://theme.hstatic.net/1000230347/1000782290/14/product-placeholder.png?v=26572*****https://theme.hstatic.net/1000230347/1000782290/14/product-placeholder.png?v=26572*****https://theme.hstatic.net/1000230347/1000782290/14/product-placeholder.png?v=26572*****https://theme.hstatic.net/1000230347/1000782290/14/product-placeholder.png?v=26572*****https://theme.hstatic.net/1000230347/1000782290/14/product-placeholder.png?v=26572,"
						
						95,000₫
						
					",,https://thienlong.vn/products/combo-5-10-tap-hoc-sinh-chong-loa-96-trang-4-o-ly-vuong-2mm-100gsm-thien-long-nb-117-ak-akooland-the-gioi-hoc-cu-than-ky-mau-ngau-nhien
312,Combo 5/10 Tập học sinh chống lóa 48 trang 4 ô ly vuông 2.5mm 100gsm Thiên Long NB-115/AK - Akooland thế giới học cụ thần kỳ - Mẫu ngẫu nhiên,60020744CB5,Thiên Long,https://cdn.hstatic.net/products/1000230347/artboard_6_copy_579e4bd68d4a4ff0ae8bb57435772397_6e3c372abc084adb96a8ff18c3175fe3_1024x1024.jpg*****https://cdn.hstatic.net/products/1000230347/artboard_6_c3d3ce679bff435db22bb12d25ddc4c4_b01fb8286e23409b850df83585080c6e_1024x1024.jpg*****https://cdn.hstatic.net/products/1000230347/artboard_5_copy_2_dcbbb44d5733401d85871ee285de3d04_6f92245f8ac54db7942858a39e80954f_1024x1024.jpg*****https://cdn.hstatic.net/products/1000230347/artboard_5_copy_b4f506681602451182b8b217d84946d2_580c4adff1504d5db0dacbda233b43b0_1024x1024.jpg*****https://theme.hstatic.net/1000230347/1000782290/14/product-placeholder.png?v=26572*****https://theme.hstatic.net/1000230347/1000782290/14/product-placeholder.png?v=26572*****https://theme.hstatic.net/1000230347/1000782290/14/product-placeholder.png?v=26572*****https://theme.hstatic.net/1000230347/1000782290/14/product-placeholder.png?v=26572,"
						
						72,000₫
						
					",,https://thienlong.vn/products/combo-5-10-tap-hoc-sinh-chong-loa-48-trang-4-o-ly-vuong-2-5mm-100gsm-thien-long-nb-115-ak-akooland-the-gioi-hoc-cu-than-ky-mau-ngau-nhien
313,Combo 5/10 Tập học sinh chống lem 96 trang 4 ô ly vuông 2mm 120gsm Thiên Long NB-121/AK - Akooland thế giới học cụ thần kỳ - Mẫu ngẫu nhiên,60020750CB5,Thiên Long,https://cdn.hstatic.net/products/1000230347/artboard_5_copy_3_10b77eda5e084915ad5b58da39df96c5_b6ad51b42e904d2a80d197861026d3a2_1024x1024.jpg*****https://cdn.hstatic.net/products/1000230347/artboard_5_d97cdfcf6aa74e509ac07812a93e7393_e9d539b5b7de41aaa35d40d425d1b39a_1024x1024.jpg*****https://cdn.hstatic.net/products/1000230347/artboard_5_copy_2_a8c174b68aa0444887683e6284619211_d985bf01b24b4550be81bccfd928c7f5_1024x1024.jpg*****https://cdn.hstatic.net/products/1000230347/artboard_5_copy_e4b7b45d7c954c0ebfe4a63ff0ced00a_0e35577c78bd40a18389850565f9855e_1024x1024.jpg*****https://theme.hstatic.net/1000230347/1000782290/14/product-placeholder.png?v=26572*****https://theme.hstatic.net/1000230347/1000782290/14/product-placeholder.png?v=26572*****https://theme.hstatic.net/1000230347/1000782290/14/product-placeholder.png?v=26572*****https://theme.hstatic.net/1000230347/1000782290/14/product-placeholder.png?v=26572*****https://theme.hstatic.net/1000230347/1000782290/14/product-placeholder.png?v=26572*****https://theme.hstatic.net/1000230347/1000782290/14/product-placeholder.png?v=26572,"
						
						124,000₫
						
					",,https://thienlong.vn/products/combo-5-10-tap-hoc-sinh-chong-lem-96-trang-4-o-ly-vuong-2mm-120gsm-thien-long-nb-121-ak-akooland-the-gioi-hoc-cu-than-ky-mau-ngau-nhien
314,Combo 5/10 Tập học sinh chống lem 48 trang 4 ô ly vuông 2.5mm 120gsm Thiên Long NB-119/AK - Akooland thế giới học cụ thần kỳ - Mẫu ngẫu nhiên,60020748CB5,Thiên Long,https://cdn.hstatic.net/products/1000230347/artboard_1_copy_57e28034046a4fa8a62fd8b42671f766_74e6627c80e0491e907c32f0b28cefb8_1024x1024.jpg*****https://cdn.hstatic.net/products/1000230347/artboard_1_29af78ad0bef4585a119a1749f96ee9d_bb1d834479e1400e8441791835342315_1024x1024.jpg*****https://cdn.hstatic.net/products/1000230347/artboard_4_21edcff300fe44b7baee3d0d7959e504_e5c8571e6193428395f8bff2e36c2538_1024x1024.jpg*****https://cdn.hstatic.net/products/1000230347/artboard_5_copy_2_45f4805436b64864b6f440cbed28968e_1d78d4ff865b4283b404669c189c1993_1024x1024.jpg*****https://theme.hstatic.net/1000230347/1000782290/14/product-placeholder.png?v=26572*****https://theme.hstatic.net/1000230347/1000782290/14/product-placeholder.png?v=26572*****https://theme.hstatic.net/1000230347/1000782290/14/product-placeholder.png?v=26572*****https://theme.hstatic.net/1000230347/1000782290/14/product-placeholder.png?v=26572*****https://theme.hstatic.net/1000230347/1000782290/14/product-placeholder.png?v=26572*****https://theme.hstatic.net/1000230347/1000782290/14/product-placeholder.png?v=26572,"
						
						80,000₫
						
					",,https://thienlong.vn/products/combo-5-10-tap-hoc-sinh-chong-lem-48-trang-4-o-ly-vuong-2-5mm-120gsm-thien-long-nb-119-ak-akooland-the-gioi-hoc-cu-than-ky-mau-ngau-nhien
315,Tập học sinh chống lem 96 trang 4 ô ly vuông 2mm 120gsm Thiên Long NB-121/AK - Akooland thế giới học cụ thần kỳ - Mẫu ngẫu nhiên,60020750,Thiên Long,https://cdn.hstatic.net/products/1000230347/artboard_5_copy_3_10b77eda5e084915ad5b58da39df96c5_1024x1024.jpg*****https://cdn.hstatic.net/products/1000230347/artboard_5_d97cdfcf6aa74e509ac07812a93e7393_1024x1024.jpg*****https://cdn.hstatic.net/products/1000230347/artboard_5_copy_2_a8c174b68aa0444887683e6284619211_1024x1024.jpg*****https://cdn.hstatic.net/products/1000230347/artboard_5_copy_e4b7b45d7c954c0ebfe4a63ff0ced00a_1024x1024.jpg*****https://theme.hstatic.net/1000230347/1000782290/14/product-placeholder.png?v=26572*****https://theme.hstatic.net/1000230347/1000782290/14/product-placeholder.png?v=26572*****https://theme.hstatic.net/1000230347/1000782290/14/product-placeholder.png?v=26572*****https://theme.hstatic.net/1000230347/1000782290/14/product-placeholder.png?v=26572*****https://theme.hstatic.net/1000230347/1000782290/14/product-placeholder.png?v=26572*****https://theme.hstatic.net/1000230347/1000782290/14/product-placeholder.png?v=26572,"24,800₫",,https://thienlong.vn/products/tap-hoc-sinh-chong-lem-96-trang-4-o-ly-vuong-2mm-120gsm-thien-long-nb-121-ak-akooland-the-gioi-hoc-cu-than-ky-mau-ngau-nhien
316,Tập học sinh chống lóa 96 trang 4 ô ly vuông 2mm 100gsm Thiên Long NB-117/AK - Akooland thế giới học cụ thần kỳ - Mẫu ngẫu nhiên,60020746,Thiên Long,https://cdn.hstatic.net/products/1000230347/artboard_1_copy_075c881aadba4fa5a1c8b64190fe13d2_1024x1024.jpg*****https://cdn.hstatic.net/products/1000230347/artboard_1_54edc1e24d024762b42be56b456ee91d_1024x1024.jpg*****https://cdn.hstatic.net/products/1000230347/artboard_5_copy_2_c15ab26e28d343c8be6d189a8258a8b2_1024x1024.jpg*****https://cdn.hstatic.net/products/1000230347/artboard_5_copy_3_996cfa4e52154ce28dc462a1bcd87372_1024x1024.jpg*****https://theme.hstatic.net/1000230347/1000782290/14/product-placeholder.png?v=26572*****https://theme.hstatic.net/1000230347/1000782290/14/product-placeholder.png?v=26572*****https://theme.hstatic.net/1000230347/1000782290/14/product-placeholder.png?v=26572*****https://theme.hstatic.net/1000230347/1000782290/14/product-placeholder.png?v=26572*****https://theme.hstatic.net/1000230347/1000782290/14/product-placeholder.png?v=26572*****https://theme.hstatic.net/1000230347/1000782290/14/product-placeholder.png?v=26572,"19,000₫",,https://thienlong.vn/products/tap-hoc-sinh-chong-loa-96-trang-4-o-ly-vuong-2mm-100gsm-thien-long-nb-115-ak-akooland-the-gioi-hoc-cu-than-ky-mau-ngau-nhien
317,Tập học sinh chống lem 48 trang 4 ô ly vuông 2.5mm 120gsm Thiên Long NB-119/AK - Akooland thế giới học cụ thần kỳ - Mẫu ngẫu nhiên,60020748,Thiên Long,https://cdn.hstatic.net/products/1000230347/artboard_1_copy_57e28034046a4fa8a62fd8b42671f766_1024x1024.jpg*****https://cdn.hstatic.net/products/1000230347/artboard_1_29af78ad0bef4585a119a1749f96ee9d_1024x1024.jpg*****https://cdn.hstatic.net/products/1000230347/artboard_4_21edcff300fe44b7baee3d0d7959e504_1024x1024.jpg*****https://cdn.hstatic.net/products/1000230347/artboard_5_copy_2_45f4805436b64864b6f440cbed28968e_1024x1024.jpg*****https://theme.hstatic.net/1000230347/1000782290/14/product-placeholder.png?v=26572*****https://theme.hstatic.net/1000230347/1000782290/14/product-placeholder.png?v=26572*****https://theme.hstatic.net/1000230347/1000782290/14/product-placeholder.png?v=26572*****https://theme.hstatic.net/1000230347/1000782290/14/product-placeholder.png?v=26572*****https://theme.hstatic.net/1000230347/1000782290/14/product-placeholder.png?v=26572*****https://theme.hstatic.net/1000230347/1000782290/14/product-placeholder.png?v=26572,"16,000₫",,https://thienlong.vn/products/tap-hoc-sinh-48-trang-4-o-ly-vuong-2-5mm-120gsm-thien-long-nb-119-ak-akooland-the-gioi-hoc-cu-than-ky-mau-ngau-nhien
318,Tập học sinh chống lóa 48 trang 4 ô ly vuông 2.5mm 100gsm Thiên Long NB-115/AK - Akooland thế giới học cụ thần kỳ - Mẫu ngẫu nhiên,60020744,Thiên Long,https://cdn.hstatic.net/products/1000230347/artboard_6_copy_579e4bd68d4a4ff0ae8bb57435772397_1024x1024.jpg*****https://cdn.hstatic.net/products/1000230347/artboard_6_c3d3ce679bff435db22bb12d25ddc4c4_1024x1024.jpg*****https://cdn.hstatic.net/products/1000230347/artboard_5_copy_2_dcbbb44d5733401d85871ee285de3d04_1024x1024.jpg*****https://cdn.hstatic.net/products/1000230347/artboard_5_copy_b4f506681602451182b8b217d84946d2_1024x1024.jpg*****https://theme.hstatic.net/1000230347/1000782290/14/product-placeholder.png?v=26572*****https://theme.hstatic.net/1000230347/1000782290/14/product-placeholder.png?v=26572*****https://theme.hstatic.net/1000230347/1000782290/14/product-placeholder.png?v=26572*****https://theme.hstatic.net/1000230347/1000782290/14/product-placeholder.png?v=26572,"14,400₫",,https://thienlong.vn/products/tap-hoc-sinh-48-trang-4-o-ly-vuong-2-5mm-100gsm-thien-long-nb-115-ak-akooland-the-gioi-hoc-cu-than-ky-mau-ngau-nhien
319,Combo 10 Tập học sinh 96 trang 5 ô ly vuông 2mm chấm kẻ 2/3 120gsm NB-122 Thiên Long - Mẫu ngẫu nhiên,60020751CB10,Thiên Long,https://cdn.hstatic.net/products/1000230347/artboard_1_copy_4993248ff1db4d05a66641e1f3abd63f_1024x1024.jpg*****https://cdn.hstatic.net/products/1000230347/artboard_1_72c36c67803140a0a36bd6cac06108f6_1024x1024.jpg*****https://cdn.hstatic.net/products/1000230347/artboard_5_copy_2_2ee0a23850b34867b52bfbc814fdba3e_1024x1024.jpg*****https://cdn.hstatic.net/products/1000230347/artboard_5_copy_6556f241cf8a4d72bad4a7f8a7611b99_1024x1024.jpg*****https://theme.hstatic.net/1000230347/1000782290/14/product-placeholder.png?v=26572*****https://theme.hstatic.net/1000230347/1000782290/14/product-placeholder.png?v=26572*****https://theme.hstatic.net/1000230347/1000782290/14/product-placeholder.png?v=26572*****https://theme.hstatic.net/1000230347/1000782290/14/product-placeholder.png?v=26572*****https://theme.hstatic.net/1000230347/1000782290/14/product-placeholder.png?v=26572,"248,000₫",,https://thienlong.vn/products/combo-10-tap-hoc-sinh-96-trang-5-o-ly-vuong-2mm-cham-ke-2-3-120gsm-nb-122-thien-long-mau-ngau-nhien
320,Combo 5 Tập học sinh 96 trang 5 ô ly vuông 2mm chấm kẻ 2/3 120gsm NB-122 Thiên Long - Mẫu ngẫu nhiên,60020751CB5,Thiên Long,https://cdn.hstatic.net/products/1000230347/artboard_1_copy_6f85c1eda5df4da7af384b9e835e7587_1024x1024.jpg*****https://cdn.hstatic.net/products/1000230347/artboard_1_6491e9061fcb49f9a7f3f7935f21b8e8_1024x1024.jpg*****https://cdn.hstatic.net/products/1000230347/artboard_5_copy_2_aa611a7c61274202a77f5d117720162a_1024x1024.jpg*****https://cdn.hstatic.net/products/1000230347/artboard_5_copy_4c92b98b18e2488b80e02a9375841dab_1024x1024.jpg*****https://theme.hstatic.net/1000230347/1000782290/14/product-placeholder.png?v=26572*****https://theme.hstatic.net/1000230347/1000782290/14/product-placeholder.png?v=26572*****https://theme.hstatic.net/1000230347/1000782290/14/product-placeholder.png?v=26572*****https://theme.hstatic.net/1000230347/1000782290/14/product-placeholder.png?v=26572*****https://theme.hstatic.net/1000230347/1000782290/14/product-placeholder.png?v=26572,"124,000₫",,https://thienlong.vn/products/combo-5-tap-hoc-sinh-96-trang-5-o-ly-vuong-2mm-cham-ke-2-3-120gsm-nb-122-thien-long-mau-ngau-nhien
321,Tập học sinh 96 trang 5 ô ly vuông 2mm chấm kẻ 2/3 120gsm NB-122 Thiên Long - Mẫu ngẫu nhiên,60020751,Thiên Long,https://cdn.hstatic.net/products/1000230347/artboard_2_copy_c3fcf3644fe24006bae5c0732fc5f862_1024x1024.jpg*****https://cdn.hstatic.net/products/1000230347/artboard_2_1ad9183de5034473ab6f17d2bcbb279d_1024x1024.jpg*****https://cdn.hstatic.net/products/1000230347/artboard_5_copy_2_2437e5d5dc5e41e0a378d06577e37973_1024x1024.jpg*****https://cdn.hstatic.net/products/1000230347/artboard_5_copy_77a8e9ef44924277a93a9dd4ab1f1d49_1024x1024.jpg*****https://theme.hstatic.net/1000230347/1000782290/14/product-placeholder.png?v=26572*****https://theme.hstatic.net/1000230347/1000782290/14/product-placeholder.png?v=26572*****https://theme.hstatic.net/1000230347/1000782290/14/product-placeholder.png?v=26572*****https://theme.hstatic.net/1000230347/1000782290/14/product-placeholder.png?v=26572*****https://theme.hstatic.net/1000230347/1000782290/14/product-placeholder.png?v=26572,"24,800₫",,https://thienlong.vn/products/tap-hoc-sinh-96-trang-5-o-ly-vuong-2mm-cham-ke-2-3-120gsm-nb-118-thien-long-mau-ngau-nhien
322,Combo 10 Tập học sinh 96 trang 5 ô ly vuông 2mm chấm kẻ 2/3 100gsm NB-118 Thiên Long - Mẫu ngẫu nhiên,60020747CB10,Thiên Long,https://cdn.hstatic.net/products/1000230347/artboard_1_copy_fa916782261e45dc973cfcb860c25051_1024x1024.jpg*****https://cdn.hstatic.net/products/1000230347/artboard_1_438874d8dee249b1bb4931d1fd8cc074_1024x1024.jpg*****https://cdn.hstatic.net/products/1000230347/artboard_5_copy_2_7e40ac5e3e8f4fc48504618bb8f1a4f7_1024x1024.jpg*****https://cdn.hstatic.net/products/1000230347/artboard_5_copy_3bef593ec5054a0bbf1acef13cda5e0f_1024x1024.jpg*****https://theme.hstatic.net/1000230347/1000782290/14/product-placeholder.png?v=26572*****https://theme.hstatic.net/1000230347/1000782290/14/product-placeholder.png?v=26572*****https://theme.hstatic.net/1000230347/1000782290/14/product-placeholder.png?v=26572*****https://theme.hstatic.net/1000230347/1000782290/14/product-placeholder.png?v=26572*****https://theme.hstatic.net/1000230347/1000782290/14/product-placeholder.png?v=26572*****https://theme.hstatic.net/1000230347/1000782290/14/product-placeholder.png?v=26572,"190,000₫",,https://thienlong.vn/products/combo-10-tap-hoc-sinh-96-trang-5-o-ly-vuong-2mm-cham-ke-2-3-100gsm-nb-118-thien-long-mau-ngau-nhien
323,Combo 5 Tập học sinh 96 trang 5 ô ly vuông 2mm chấm kẻ 2/3 100gsm NB-118 Thiên Long - Mẫu ngẫu nhiên,60020747CB5,Thiên Long,https://cdn.hstatic.net/products/1000230347/artboard_1_copy_486ca44709f642b6babccb65518d5268_1024x1024.jpg*****https://cdn.hstatic.net/products/1000230347/artboard_1_e0cb610b8da7461c94ed5605bd7b8e46_1024x1024.jpg*****https://cdn.hstatic.net/products/1000230347/artboard_5_copy_2_ef89a064bac44457a2380f83e89e560d_1024x1024.jpg*****https://cdn.hstatic.net/products/1000230347/artboard_5_copy_0629cd149b0741178bc40b955d00b41f_1024x1024.jpg*****https://theme.hstatic.net/1000230347/1000782290/14/product-placeholder.png?v=26572*****https://theme.hstatic.net/1000230347/1000782290/14/product-placeholder.png?v=26572*****https://theme.hstatic.net/1000230347/1000782290/14/product-placeholder.png?v=26572*****https://theme.hstatic.net/1000230347/1000782290/14/product-placeholder.png?v=26572*****https://theme.hstatic.net/1000230347/1000782290/14/product-placeholder.png?v=26572*****https://theme.hstatic.net/1000230347/1000782290/14/product-placeholder.png?v=26572,"95,000₫",,https://thienlong.vn/products/combo-5-tap-hoc-sinh-96-trang-5-o-ly-vuong-2mm-cham-ke-2-3-100gsm-nb-118-thien-long-mau-ngau-nhien
324,Tập học sinh 96 trang 5 ô ly vuông 2mm chấm kẻ 2/3 100gsm NB-118 Thiên Long - Mẫu ngẫu nhiên,60020747,Thiên Long,https://cdn.hstatic.net/products/1000230347/artboard_1_copy_9014071b8a7c4d61a5c271a39836badc_1024x1024.jpg*****https://cdn.hstatic.net/products/1000230347/artboard_1_528363dc584b48aab7f141273c77dab7_1024x1024.jpg*****https://cdn.hstatic.net/products/1000230347/artboard_5_copy_2_547166db3c3f4620afa254cc26d4ca24_1024x1024.jpg*****https://cdn.hstatic.net/products/1000230347/artboard_5_copy_0e7e3c77cf54444ea21c68f8fe8abf89_1024x1024.jpg*****https://theme.hstatic.net/1000230347/1000782290/14/product-placeholder.png?v=26572*****https://theme.hstatic.net/1000230347/1000782290/14/product-placeholder.png?v=26572*****https://theme.hstatic.net/1000230347/1000782290/14/product-placeholder.png?v=26572*****https://theme.hstatic.net/1000230347/1000782290/14/product-placeholder.png?v=26572*****https://theme.hstatic.net/1000230347/1000782290/14/product-placeholder.png?v=26572*****https://theme.hstatic.net/1000230347/1000782290/14/product-placeholder.png?v=26572,"19,000₫",,https://thienlong.vn/products/tap-hoc-sinh-96-trang-5-o-ly-vuong-2mm-cham-ke-2-3-100gsm-nb-118-thien-long-mau-ngau-nhien
325,Combo 10 Tập học sinh 48 trang 5 ô ly vuông 2.5mm chấm kẻ 2/3 100gsm NB-116 Thiên Long - Mẫu ngẫu nhiên,60020745CB10,Thiên Long,https://cdn.hstatic.net/products/1000230347/artboard_1_copy_8e651f0233cf4aa5b7af89c8d2e4e83b_1024x1024.jpg*****https://cdn.hstatic.net/products/1000230347/artboard_1_1177cd58006f43028a5e164e82064e1e_1024x1024.jpg*****https://cdn.hstatic.net/products/1000230347/artboard_5_copy_2_9ce49e44adb548af801a38160e93aa15_1024x1024.jpg*****https://cdn.hstatic.net/products/1000230347/artboard_5_copy_c47f9da83e5a40da9fe4a88e00d8f6a0_1024x1024.jpg*****https://theme.hstatic.net/1000230347/1000782290/14/product-placeholder.png?v=26572*****https://theme.hstatic.net/1000230347/1000782290/14/product-placeholder.png?v=26572*****https://theme.hstatic.net/1000230347/1000782290/14/product-placeholder.png?v=26572*****https://theme.hstatic.net/1000230347/1000782290/14/product-placeholder.png?v=26572*****https://theme.hstatic.net/1000230347/1000782290/14/product-placeholder.png?v=26572*****https://theme.hstatic.net/1000230347/1000782290/14/product-placeholder.png?v=26572,"144,000₫",,https://thienlong.vn/products/combo-10-tap-hoc-sinh-48-trang-5-o-ly-vuong-2-5mm-cham-ke-2-3-100gsm-nb-116-thien-long-mau-ngau-nhien
326,Combo 5 Tập học sinh 48 trang 5 ô ly vuông 2.5mm chấm kẻ 2/3 100gsm NB-116 Thiên Long - Mẫu ngẫu nhiên,60020745CB5,Thiên Long,https://cdn.hstatic.net/products/1000230347/artboard_1_copy_c9f28f74cdfd4aa2b8822d41de3e482e_1024x1024.jpg*****https://cdn.hstatic.net/products/1000230347/artboard_1_0a80c6e5fa5a418dbf55f4312a0005ac_1024x1024.jpg*****https://cdn.hstatic.net/products/1000230347/artboard_5_copy_2_69fa881c97d04d29ac48ddc07fa70cc6_1024x1024.jpg*****https://cdn.hstatic.net/products/1000230347/artboard_5_copy_1b87fbc8198a439b9708eba2ba157efa_1024x1024.jpg*****https://theme.hstatic.net/1000230347/1000782290/14/product-placeholder.png?v=26572*****https://theme.hstatic.net/1000230347/1000782290/14/product-placeholder.png?v=26572*****https://theme.hstatic.net/1000230347/1000782290/14/product-placeholder.png?v=26572*****https://theme.hstatic.net/1000230347/1000782290/14/product-placeholder.png?v=26572*****https://theme.hstatic.net/1000230347/1000782290/14/product-placeholder.png?v=26572*****https://theme.hstatic.net/1000230347/1000782290/14/product-placeholder.png?v=26572,"72,000₫",,https://thienlong.vn/products/combo-5-tap-hoc-sinh-48-trang-5-o-ly-vuong-2-5mm-cham-ke-2-3-100gsm-nb-116-thien-long-mau-ngau-nhien
327,Combo 10 Tập học sinh 48 trang 5 ô ly vuông 2.5mm chấm kẻ 2/3 120gsm NB-120 Thiên Long - Mẫu ngẫu nhiên,60020749CB10,Thiên Long,https://cdn.hstatic.net/products/1000230347/artboard_2_copy_813d238162a3404d8578b22cf359d569_1024x1024.jpg*****https://cdn.hstatic.net/products/1000230347/artboard_2_4220cbd7887c46f0ac7fcd01a949169d_1024x1024.jpg*****https://cdn.hstatic.net/products/1000230347/artboard_5_copy_2_8eac355388604c21a25f177109f101a3_1024x1024.jpg*****https://cdn.hstatic.net/products/1000230347/artboard_5_copy_15072c1c67a64f8fb3e1fdc7dce54b7f_1024x1024.jpg*****https://theme.hstatic.net/1000230347/1000782290/14/product-placeholder.png?v=26572*****https://theme.hstatic.net/1000230347/1000782290/14/product-placeholder.png?v=26572*****https://theme.hstatic.net/1000230347/1000782290/14/product-placeholder.png?v=26572*****https://theme.hstatic.net/1000230347/1000782290/14/product-placeholder.png?v=26572*****https://theme.hstatic.net/1000230347/1000782290/14/product-placeholder.png?v=26572,"160,000₫",,https://thienlong.vn/products/combo-10-tap-hoc-sinh-48-trang-5-o-ly-vuong-2-5mm-cham-ke-2-3-120gsm-nb-120-thien-long-mau-ngau-nhien
328,Combo 5 Tập học sinh 48 trang 5 ô ly vuông 2.5mm chấm kẻ 2/3 120gsm NB-120 Thiên Long - Mẫu ngẫu nhiên,60020749CB5,Thiên Long,https://cdn.hstatic.net/products/1000230347/artboard_2_copy_4152c736e56e4e1d9944119aeeee31c2_1024x1024.jpg*****https://cdn.hstatic.net/products/1000230347/artboard_2_c494e042757c41149de4fa1ee3f6b50c_1024x1024.jpg*****https://cdn.hstatic.net/products/1000230347/artboard_5_copy_2_5090ff172cfd491aa62bc8f2f2678bd4_1024x1024.jpg*****https://cdn.hstatic.net/products/1000230347/artboard_5_copy_9231f49d25894927abef7970eacb68b7_1024x1024.jpg*****https://theme.hstatic.net/1000230347/1000782290/14/product-placeholder.png?v=26572*****https://theme.hstatic.net/1000230347/1000782290/14/product-placeholder.png?v=26572*****https://theme.hstatic.net/1000230347/1000782290/14/product-placeholder.png?v=26572*****https://theme.hstatic.net/1000230347/1000782290/14/product-placeholder.png?v=26572*****https://theme.hstatic.net/1000230347/1000782290/14/product-placeholder.png?v=26572,"80,000₫",,https://thienlong.vn/products/combo-5-tap-hoc-sinh-48-trang-5-o-ly-vuong-2-5mm-cham-ke-2-3-120gsm-nb-120-thien-long-mau-ngau-nhien
329,Tập học sinh 48 trang 5 ô ly vuông 2.5mm chấm kẻ 2/3 120gsm NB-120 Thiên Long - Mẫu ngẫu nhiên,60020749,Thiên Long,https://cdn.hstatic.net/products/1000230347/artboard_1_copy_1e05d9f0dff54217ae9f6409797aa519_1024x1024.jpg*****https://cdn.hstatic.net/products/1000230347/artboard_1_166d562c59c245878fc8471ad6a2d9f2_1024x1024.jpg*****https://cdn.hstatic.net/products/1000230347/artboard_5_copy_2_43269b6b9bb14a569281be4edb93e5b7_1024x1024.jpg*****https://cdn.hstatic.net/products/1000230347/artboard_5_copy_a270cea1907e462db276492377b363b9_1024x1024.jpg*****https://theme.hstatic.net/1000230347/1000782290/14/product-placeholder.png?v=26572*****https://theme.hstatic.net/1000230347/1000782290/14/product-placeholder.png?v=26572*****https://theme.hstatic.net/1000230347/1000782290/14/product-placeholder.png?v=26572*****https://theme.hstatic.net/1000230347/1000782290/14/product-placeholder.png?v=26572*****https://theme.hstatic.net/1000230347/1000782290/14/product-placeholder.png?v=26572*****https://theme.hstatic.net/1000230347/1000782290/14/product-placeholder.png?v=26572,"16,000₫",,https://thienlong.vn/products/tap-hoc-sinh-48-trang-5-o-ly-vuong-2-5mm-cham-ke-2-3-100gsm-nb-120-thien-long-mau-ngau-nhien
330,Tập học sinh 48 trang 5 ô ly vuông 2.5mm chấm kẻ 2/3 100gsm NB-116 Thiên Long - Mẫu ngẫu nhiên,60020745,Thiên Long,https://cdn.hstatic.net/products/1000230347/artboard_1_copy_57df9f07852b4dc5b3cdf129075ebab9_1024x1024.jpg*****https://cdn.hstatic.net/products/1000230347/artboard_1_70a6c27c55774f8ab31a9285b74d9a1e_1024x1024.jpg*****https://cdn.hstatic.net/products/1000230347/artboard_5_copy_2_e6093d542bc04b2bbbfda822a2300b56_1024x1024.jpg*****https://cdn.hstatic.net/products/1000230347/artboard_5_copy_09dd7c85347240f8878862f1966700ee_1024x1024.jpg*****https://theme.hstatic.net/1000230347/1000782290/14/product-placeholder.png?v=26572*****https://theme.hstatic.net/1000230347/1000782290/14/product-placeholder.png?v=26572*****https://theme.hstatic.net/1000230347/1000782290/14/product-placeholder.png?v=26572*****https://theme.hstatic.net/1000230347/1000782290/14/product-placeholder.png?v=26572*****https://theme.hstatic.net/1000230347/1000782290/14/product-placeholder.png?v=26572*****https://theme.hstatic.net/1000230347/1000782290/14/product-placeholder.png?v=26572,"14,400₫",,https://thienlong.vn/products/tap-hoc-sinh-48-trang-5-o-ly-vuong-2-5mm-cham-ke-2-3-100gsm-nb-116-thien-long-mau-ngau-nhien
331,[TẶNG 02 CUỐN] Combo 10 Tập học sinh 80 trang 4 ô ly vuông 2.5mm 100gsm NB-123 Thiên Long - Mẫu ngẫu nhiên,60020950CB12,Thiên Long,https://cdn.hstatic.net/products/1000230347/artboard_7_copy_3_9e0911ed67d1455d93a29e127a5fe1d7_1024x1024.jpg*****https://cdn.hstatic.net/products/1000230347/artboard_7_copy_2_0e3a3f90cb6341ea814c1d243a7e8088_1024x1024.jpg*****https://cdn.hstatic.net/products/1000230347/artboard_5_copy_2_7c1371c6417146ca98bcc180dbbafa40_1024x1024.jpg*****https://cdn.hstatic.net/products/1000230347/artboard_5_copy_f2969ce947e1419bbc9e729062e1f26c_1024x1024.jpg*****https://theme.hstatic.net/1000230347/1000782290/14/product-placeholder.png?v=26572*****https://theme.hstatic.net/1000230347/1000782290/14/product-placeholder.png?v=26572*****https://theme.hstatic.net/1000230347/1000782290/14/product-placeholder.png?v=26572*****https://theme.hstatic.net/1000230347/1000782290/14/product-placeholder.png?v=26572*****https://theme.hstatic.net/1000230347/1000782290/14/product-placeholder.png?v=26572*****https://theme.hstatic.net/1000230347/1000782290/14/product-placeholder.png?v=26572,"200,000₫",,https://thienlong.vn/products/tang-02-cuon-combo-10-tap-hoc-sinh-80-trang-4-o-ly-vuong-2-5mm-100gsm-nb-123-thien-long-mau-ngau-nhien
332,[TẶNG 01 CUỐN] Combo 5 Tập học sinh 80 trang 4 ô ly vuông 2.5mm 100gsm NB-123 Thiên Long - Mẫu ngẫu nhiên,60020950CB6,Thiên Long,https://cdn.hstatic.net/products/1000230347/artboard_7_copy_3_8a1d134c7dbc478ca2a4f4dfd56d9627_1024x1024.jpg*****https://cdn.hstatic.net/products/1000230347/artboard_7_copy_2_b1da0bbcf0f642acb58d6d7bf7cfa42b_1024x1024.jpg*****https://cdn.hstatic.net/products/1000230347/artboard_5_copy_2_5d3f1dadf7ab4d2fa1004e0b29c7d187_1024x1024.jpg*****https://cdn.hstatic.net/products/1000230347/artboard_5_copy_c513e310725e4e698e5ff1de7e87177b_1024x1024.jpg*****https://theme.hstatic.net/1000230347/1000782290/14/product-placeholder.png?v=26572*****https://theme.hstatic.net/1000230347/1000782290/14/product-placeholder.png?v=26572*****https://theme.hstatic.net/1000230347/1000782290/14/product-placeholder.png?v=26572*****https://theme.hstatic.net/1000230347/1000782290/14/product-placeholder.png?v=26572*****https://theme.hstatic.net/1000230347/1000782290/14/product-placeholder.png?v=26572*****https://theme.hstatic.net/1000230347/1000782290/14/product-placeholder.png?v=26572,"100,000₫",,https://thienlong.vn/products/tang-01-cuon-combo-5-tap-hoc-sinh-80-trang-4-o-ly-vuong-2-5mm-100gsm-nb-123-thien-long-mau-ngau-nhien
333,Tập học sinh 80 trang 4 ô ly vuông 2.5mm 100gsm NB-123 Thiên Long - Mẫu ngẫu nhiên,60020950,Thiên Long,https://cdn.hstatic.net/products/1000230347/artboard_7_copy_3_b08727a7f0b643eebd61499874636341_1024x1024.jpg*****https://cdn.hstatic.net/products/1000230347/artboard_7_copy_2_0701730407ba4acfabaf3b09f0dd707a_1024x1024.jpg*****https://cdn.hstatic.net/products/1000230347/artboard_5_copy_2_de7c039a5059461e8e67ec4a4076ee07_1024x1024.jpg*****https://cdn.hstatic.net/products/1000230347/artboard_5_copy_6e97fa78bb3545eab0bf33a84bfb9215_1024x1024.jpg*****https://theme.hstatic.net/1000230347/1000782290/14/product-placeholder.png?v=26572*****https://theme.hstatic.net/1000230347/1000782290/14/product-placeholder.png?v=26572*****https://theme.hstatic.net/1000230347/1000782290/14/product-placeholder.png?v=26572*****https://theme.hstatic.net/1000230347/1000782290/14/product-placeholder.png?v=26572*****https://theme.hstatic.net/1000230347/1000782290/14/product-placeholder.png?v=26572*****https://theme.hstatic.net/1000230347/1000782290/14/product-placeholder.png?v=26572,"20,000₫",,https://thienlong.vn/products/tap-hoc-sinh-80-trang-4-o-ly-vuong-2-5mm-100gsm-nb-123-thien-long-mau-ngau-nhien
334,[TẶNG 02 CUỐN] Combo 10 Tập học sinh 96 trang 4 ô ly vuông 2mm 100gsm NB-124 Thiên Long - Mẫu ngẫu nhiên,60020951CB12,Thiên Long,https://cdn.hstatic.net/products/1000230347/artboard_3_b4be4d51b09b408690f88ff1aa791d8c_1024x1024.jpg*****https://cdn.hstatic.net/products/1000230347/artboard_5_copy_2_72245bc101344c3fb1d9d1aaf8bd1cb0_1024x1024.jpg*****https://cdn.hstatic.net/products/1000230347/artboard_5_copy_44e8f53903f0462f962e770fd2a84d54_1024x1024.jpg*****https://cdn.hstatic.net/products/1000230347/artboard_5_0604045236c74ed4b733d5da7cc98179_1024x1024.jpg*****https://theme.hstatic.net/1000230347/1000782290/14/product-placeholder.png?v=26572*****https://theme.hstatic.net/1000230347/1000782290/14/product-placeholder.png?v=26572*****https://theme.hstatic.net/1000230347/1000782290/14/product-placeholder.png?v=26572,"170,000₫",,https://thienlong.vn/products/tang-02-cuon-combo-10-tap-hoc-sinh-96-trang-4-o-ly-vuong-2mm-100gsm-nb-124-thien-long-mau-ngau-nhien
335,[TẶNG 01 CUỐN] Combo 5 Tập học sinh 96 trang 4 ô ly vuông 2mm 100gsm NB-124 Thiên Long - Mẫu ngẫu nhiên,60020951CB6,Thiên Long,https://cdn.hstatic.net/products/1000230347/artboard_1_c12763562ae84df7ae2beb11f7853bcd_1024x1024.jpg*****https://cdn.hstatic.net/products/1000230347/artboard_5_copy_2_d5221aa222e34e7e860a8b40ef275b77_1024x1024.jpg*****https://cdn.hstatic.net/products/1000230347/artboard_5_copy_9b06d382e6764a66a3173942f1746626_1024x1024.jpg*****https://cdn.hstatic.net/products/1000230347/artboard_5_74d815cc4a7c4817936946f8d744dfa9_1024x1024.jpg*****https://theme.hstatic.net/1000230347/1000782290/14/product-placeholder.png?v=26572*****https://theme.hstatic.net/1000230347/1000782290/14/product-placeholder.png?v=26572*****https://theme.hstatic.net/1000230347/1000782290/14/product-placeholder.png?v=26572,"85,000₫",,https://thienlong.vn/products/tang-01-cuon-combo-5-tap-hoc-sinh-96-trang-4-o-ly-vuong-2mm-100gsm-nb-124-thien-long-mau-ngau-nhien
336,Tập học sinh 96 trang 4 ô ly vuông 2mm 100gsm NB-124 Thiên Long - Mẫu ngẫu nhiên,60020951,Thiên Long,https://cdn.hstatic.net/products/1000230347/artboard_2_c23b5ad04b554f71ae5b5c9f73153a78_1024x1024.jpg*****https://cdn.hstatic.net/products/1000230347/artboard_5_copy_2_11fc482fd7774b06a41a41a5445c6a81_1024x1024.jpg*****https://cdn.hstatic.net/products/1000230347/artboard_5_copy_8d94cc30673a4f8fadeae68490275056_1024x1024.jpg*****https://cdn.hstatic.net/products/1000230347/artboard_5_3a401ea3fa6446dfac1a8da5f7aa0f08_1024x1024.jpg*****https://theme.hstatic.net/1000230347/1000782290/14/product-placeholder.png?v=26572*****https://theme.hstatic.net/1000230347/1000782290/14/product-placeholder.png?v=26572*****https://theme.hstatic.net/1000230347/1000782290/14/product-placeholder.png?v=26572,"17,000₫",,https://thienlong.vn/products/tap-hoc-sinh-96-trang-4-o-ly-vuong-2-mm-100-gsm-nb-124-thien-long-mau-ngau-nhien
337,"Cặp học sinh Strive Thiên Long - Balo teen thời trang, phù hợp đi học, đi chơi, đệm mút êm",60020053,Thiên Long,https://product.hstatic.net/1000230347/product/artboard_6_copy_4ad15ccae6e84d0ab9cbed07e45894c2_1024x1024.jpg*****https://product.hstatic.net/1000230347/product/artboard_6_8656a1e01092417bbbac17f967d36e42_1024x1024.jpg*****https://product.hstatic.net/1000230347/product/artboard_3_copy_5_40beaba95cf0411fb23eb980c5c99d4e_1024x1024.jpg*****https://product.hstatic.net/1000230347/product/artboard_3_copy_6_97bdb46f709e4a4ca3ac44a7175e451f_1024x1024.jpg*****https://theme.hstatic.net/1000230347/1000782290/14/product-placeholder.png?v=26572*****https://theme.hstatic.net/1000230347/1000782290/14/product-placeholder.png?v=26572*****https://theme.hstatic.net/1000230347/1000782290/14/product-placeholder.png?v=26572*****https://theme.hstatic.net/1000230347/1000782290/14/product-placeholder.png?v=26572*****https://theme.hstatic.net/1000230347/1000782290/14/product-placeholder.png?v=26572*****https://theme.hstatic.net/1000230347/1000782290/14/product-placeholder.png?v=26572*****https://theme.hstatic.net/1000230347/1000782290/14/product-placeholder.png?v=26572*****https://theme.hstatic.net/1000230347/1000782290/14/product-placeholder.png?v=26572,"
						
						379,500₫
						
					",,https://thienlong.vn/products/cap-chong-gu-strive-thien-long
338,Cặp chống gù - Balo học sinh Thiên Long - Jungle Dino - Glubby,60020047,Thiên Long,https://product.hstatic.net/1000230347/product/artboard_1_copy_10bf8b498fc446c1a1ba88cb28e97dca_1024x1024.jpg*****https://product.hstatic.net/1000230347/product/artboard_1_copy_2_e6eb75fbbd8444179b70823440c12b36_1024x1024.jpg*****https://product.hstatic.net/1000230347/product/artboard_3_copy_5_796937c4407a4c1083cfe091c5dd9777_1024x1024.jpg*****https://product.hstatic.net/1000230347/product/artboard_3_copy_6_226945277f934b28b801debf91a03c1b_1024x1024.jpg*****https://theme.hstatic.net/1000230347/1000782290/14/product-placeholder.png?v=26572*****https://theme.hstatic.net/1000230347/1000782290/14/product-placeholder.png?v=26572*****https://theme.hstatic.net/1000230347/1000782290/14/product-placeholder.png?v=26572*****https://theme.hstatic.net/1000230347/1000782290/14/product-placeholder.png?v=26572*****https://theme.hstatic.net/1000230347/1000782290/14/product-placeholder.png?v=26572*****https://theme.hstatic.net/1000230347/1000782290/14/product-placeholder.png?v=26572,"
						
						457,100₫
						
					",,https://thienlong.vn/products/cap-chong-gu-thien-long-jungle-dino-glubby
339,Bút chì bấm Thiên Long PC-034 - Màu thân ngẫu nhiên,60017533,Thiên Long,https://product.hstatic.net/1000230347/product/pc-034_2_d7edd566b6a34581b5d6772e8da9d63e_1024x1024.jpg*****https://product.hstatic.net/1000230347/product/pc-034_d39aadf766474bc89471ffe721e07852_1024x1024.jpg,"8,000₫",,https://thienlong.vn/products/but-chi-bam-thien-long-pc-034-mau-than-ngau-nhien
340,Thước đo độ 180º Strive Thiên Long SR-035,50015513,Thiên Long,https://product.hstatic.net/1000230347/product/sr-035_2_341d669682cc48088d74233ae20c5545_1024x1024.jpg*****https://product.hstatic.net/1000230347/product/sr-035_f08e481540744fd19bd74836891c02a0_1024x1024.jpg,"4,800₫",,https://thienlong.vn/products/thuoc-do-do-180-strive-thien-long-sr-035
341,Compa - Pencil Compass Thiên Long C-021 - Màu ngẫu nhiên,60019772,Thiên Long,https://product.hstatic.net/1000230347/product/c-021_2_a89a84652bf545cf9a70d71fc3cfcd12_1024x1024.jpg*****https://product.hstatic.net/1000230347/product/c-021_9b2d776b3ec3423fbb0a69e2d27e91ca_1024x1024.jpg,"17,300₫",,https://thienlong.vn/products/compa-pencil-compass-thien-long-c-021-mau-ngau-nhien
342,Thước thẳng 15cm Ezpik PeTiTe Thiên Long SR-037 - Mẫu ngẫu nhiên,50015514,Thiên Long,https://product.hstatic.net/1000230347/product/sr-037_1c753958cc1f45b5bfbbe1cf61a085bf_1024x1024.jpg*****https://product.hstatic.net/1000230347/product/sr-037_2_7a24969c9d3a431192959c372a00d9b2_1024x1024.jpg,"6,400₫",,https://thienlong.vn/products/thuoc-thang-15cm-ezpik-petite-thien-long-sr-037-mau-ngau-nhien
343,Túi bóp đựng bút viết nhân vật Demon Slayer Thiên Long PCA-022/DS,60017969,Thiên Long,https://product.hstatic.net/1000230347/product/artboard_1_copy_9ee5f0339f424ad387b25b42c9fddc74_1024x1024.jpg*****https://product.hstatic.net/1000230347/product/artboard_1_2696645f90354dbbb3dfd2e54ab4a5ec_1024x1024.jpg*****https://product.hstatic.net/1000230347/product/artboard_4_copy_2_a7e3d503dc7c4b6f925c4cd79e7137f2_1024x1024.jpg*****https://product.hstatic.net/1000230347/product/artboard_4_copy_3_fe30c99d943c43cea78edf2dd62418df_1024x1024.jpg*****https://theme.hstatic.net/1000230347/1000782290/14/product-placeholder.png?v=26572*****https://theme.hstatic.net/1000230347/1000782290/14/product-placeholder.png?v=26572*****https://theme.hstatic.net/1000230347/1000782290/14/product-placeholder.png?v=26572*****https://theme.hstatic.net/1000230347/1000782290/14/product-placeholder.png?v=26572*****https://theme.hstatic.net/1000230347/1000782290/14/product-placeholder.png?v=26572*****https://theme.hstatic.net/1000230347/1000782290/14/product-placeholder.png?v=26572,"
						
						99,000₫
						
					",,https://thienlong.vn/products/tui-dung-but-nhan-vat-demon-slayer-thien-long-pca-022-ds
344,Combo 10 Bút chì bấm Hoshi Thiên Long PC-037/HS - Công nghệ Nhật Bản,50014645CB10,Thiên Long,https://product.hstatic.net/1000230347/product/artboard_2_copy_3_4c52e5107cd545a5935b938a8592d321_1024x1024.jpg*****https://product.hstatic.net/1000230347/product/artboard_2_copy_2_5e9e94727eb948a7acbc36c5a2a72f8f_1024x1024.jpg*****https://product.hstatic.net/1000230347/product/artboard_3_4969959305fb47879e3f067e332f3009_1024x1024.jpg*****https://product.hstatic.net/1000230347/product/artboard_4_copy_2_a2826dbdaf6b481eaf18e099a3d671e4_1024x1024.jpg*****https://theme.hstatic.net/1000230347/1000782290/14/product-placeholder.png?v=26572*****https://theme.hstatic.net/1000230347/1000782290/14/product-placeholder.png?v=26572*****https://theme.hstatic.net/1000230347/1000782290/14/product-placeholder.png?v=26572*****https://theme.hstatic.net/1000230347/1000782290/14/product-placeholder.png?v=26572*****https://theme.hstatic.net/1000230347/1000782290/14/product-placeholder.png?v=26572*****https://theme.hstatic.net/1000230347/1000782290/14/product-placeholder.png?v=26572,"
						
						165,000₫
						
					",,https://thienlong.vn/products/combo-10-but-chi-bam-hoshi-thien-long-pc-037-hs-cong-nghe-nhat-ban
345,Bút chì bấm Hoshi Thiên Long PC-037/HS - Công nghệ Nhật Bản,50014705,Thiên Long,https://product.hstatic.net/1000230347/product/artboard_2_copy_2c77f9e6662f42c4970f1af047d7e1a3_1024x1024.jpg*****https://product.hstatic.net/1000230347/product/artboard_1_7db8ce8126a8402aa464f9c687bc6b99_1024x1024.jpg*****https://product.hstatic.net/1000230347/product/artboard_4_copy_2_4d009a038ec34821a703d036e5fcb535_1024x1024.jpg*****https://product.hstatic.net/1000230347/product/artboard_4_copy_3_45eaab7a732048e7807f7fc4bc8b8ab1_1024x1024.jpg*****https://theme.hstatic.net/1000230347/1000782290/14/product-placeholder.png?v=26572*****https://theme.hstatic.net/1000230347/1000782290/14/product-placeholder.png?v=26572*****https://theme.hstatic.net/1000230347/1000782290/14/product-placeholder.png?v=26572*****https://theme.hstatic.net/1000230347/1000782290/14/product-placeholder.png?v=26572*****https://theme.hstatic.net/1000230347/1000782290/14/product-placeholder.png?v=26572*****https://theme.hstatic.net/1000230347/1000782290/14/product-placeholder.png?v=26572,"
						
						16,500₫
						
					",,https://thienlong.vn/products/but-chi-bam-hoshi-thien-long-pc-037-hs-cong-nghe-nhat-ban
346,Bảng học sinh 2 mặt nhân vật Akooland Thiên Long B-023/AK,50014869,Thiên Long,https://product.hstatic.net/1000230347/product/b-023_ak_2_4ede954f203d4bd39a75937332310a17_1024x1024.jpg*****https://product.hstatic.net/1000230347/product/b-023_ak_306044e5d3334db59cb5abf3f6483b57_1024x1024.jpg,"54,500₫",,https://thienlong.vn/products/bang-hoc-sinh-2-mat-nhan-vat-akooland-thien-long-b-023-ak
347,Combo 10 Bút chì gỗ nhân vật Akooland Thiên Long TP-GP021/AK - Mẫu ngẫu nhiên,50014817CB10,Thiên Long,https://product.hstatic.net/1000230347/product/tp-gp021_ak_hop_10_2_25d14e6ab53b4cfaba30899a0cca8dd1_1024x1024.jpg*****https://product.hstatic.net/1000230347/product/tp-gp021_ak_hop_10_b513e8c1f8e74d0f92ea6e9daa3a9a1b_1024x1024.jpg,"50,000₫",,https://thienlong.vn/products/combo-10-but-chi-go-nhan-vat-akooland-thien-long-tp-gp021-ak-mau-ngau-nhien
348,Bút chì gỗ nhân vật Akooland Thiên Long TP-GP021/AK - Mẫu ngẫu nhiên,50014817,Thiên Long,https://product.hstatic.net/1000230347/product/tp-gp021_ak_2_a5ef924b392a4b44a8252bc8865d80ed_1024x1024.jpg*****https://product.hstatic.net/1000230347/product/tp-gp021_ak_c1577186724f4f57bd26e12a96df6d02_1024x1024.jpg,"5,000₫",,https://thienlong.vn/products/but-chi-go-nhan-vat-akooland-thien-long-tp-gp021-ak-mau-ngau-nhien
349,Gôm tẩy nhân vật Akooland Thiên Long TP-E017/AK - Mẫu ngẫu nhiên,50014816,Thiên Long,https://product.hstatic.net/1000230347/product/tp-e017_ak_2_89c9b21539624231bc268195937e3379_1024x1024.jpg*****https://product.hstatic.net/1000230347/product/tp-e017_ak_41cf3f2a7e534bea9ad7c4b18908a43e_1024x1024.jpg,"6,100₫",,https://thienlong.vn/products/gom-tay-nhan-vat-akooland-thien-long-tp-e017-ak-mau-ngau-nhien
350,Combo 10 Bìa bao tập học sinh phiên bản Akooland TP-NBC01/AK,60019463CB10,Thiên Long,https://product.hstatic.net/1000230347/product/tp-nbc01_ak_3_8a52c3b324f34788bcde283deb33dc40_1024x1024.jpg*****https://product.hstatic.net/1000230347/product/tp-nbc01_ak_2_c40ffd48c5b64cb2a9318f366f3ec07f_1024x1024.jpg,"13,000₫",,https://thienlong.vn/products/combo-10-bia-bao-tap-hoc-sinh-phien-ban-akooland-tp-nbc01-ak
351,Combo 10 Bút chì gỗ đen nhân vật Demon Slayer Thiên Long GP-030/DS - Mẫu ngẫu nhiên,60017968CB10,Thiên Long,https://product.hstatic.net/1000230347/product/artboard_1_copy_7e536d4ea6f44c699d5a4048e46832d1_1024x1024.jpg*****https://product.hstatic.net/1000230347/product/artboard_1_c6138f6f4f35477f819242820b146904_1024x1024.jpg*****https://product.hstatic.net/1000230347/product/artboard_4_copy_2_2b84b2fe17f447e2849e18f27e105cb1_1024x1024.jpg*****https://product.hstatic.net/1000230347/product/artboard_4_copy_3_36c0d75b58b440bb8e5eaa492a1b3ab7_1024x1024.jpg*****https://theme.hstatic.net/1000230347/1000782290/14/product-placeholder.png?v=26572*****https://theme.hstatic.net/1000230347/1000782290/14/product-placeholder.png?v=26572*****https://theme.hstatic.net/1000230347/1000782290/14/product-placeholder.png?v=26572*****https://theme.hstatic.net/1000230347/1000782290/14/product-placeholder.png?v=26572*****https://theme.hstatic.net/1000230347/1000782290/14/product-placeholder.png?v=26572,"91,000₫",,https://thienlong.vn/products/combo-10-but-chi-go-den-nhan-vat-demon-slayer-thien-long-gp-030-ds-mau-ngau-nhien
352,Bút chì gỗ đen nhân vật Demon Slayer Thiên Long GP-030/DS - Mẫu ngẫu nhiên,60017968,Thiên Long,https://product.hstatic.net/1000230347/product/artboard_7_copy_601f62d0add24420861c6cda1c37bec3_1024x1024.jpg*****https://product.hstatic.net/1000230347/product/artboard_7_fd30c6bad4a44acf9cc002d2fa715811_1024x1024.jpg*****https://product.hstatic.net/1000230347/product/artboard_4_copy_2_d96ea7eb11784e3ab7eaab75d6157d0e_1024x1024.jpg*****https://product.hstatic.net/1000230347/product/artboard_4_copy_3_4b4e3db286a843ee8f387c2d17a87151_1024x1024.jpg*****https://theme.hstatic.net/1000230347/1000782290/14/product-placeholder.png?v=26572*****https://theme.hstatic.net/1000230347/1000782290/14/product-placeholder.png?v=26572*****https://theme.hstatic.net/1000230347/1000782290/14/product-placeholder.png?v=26572*****https://theme.hstatic.net/1000230347/1000782290/14/product-placeholder.png?v=26572*****https://theme.hstatic.net/1000230347/1000782290/14/product-placeholder.png?v=26572,"9,100₫",,https://thienlong.vn/products/but-chi-go-den-nhan-vat-demon-slayer-thien-long-gp-030-ds
353,Gôm tẩy nhân vật Demon Slayer Thiên Long E-036/DS - Mẫu ngẫu nhiên,50014177,Thiên Long,https://product.hstatic.net/1000230347/product/artboard_7_fa9ace0346ef46bb88901b4c67ee3fe4_1024x1024.jpg*****https://product.hstatic.net/1000230347/product/artboard_7_copy_de2bd1353c2c4d9081add9d14ac47aca_1024x1024.jpg*****https://product.hstatic.net/1000230347/product/artboard_2_cf93b0d0d99e44fa80ca02a3c55bfbf6_1024x1024.jpg*****https://product.hstatic.net/1000230347/product/artboard_4_copy_4_e7f64461cde34709a6fe51ba6e8e77cd_1024x1024.jpg*****https://theme.hstatic.net/1000230347/1000782290/14/product-placeholder.png?v=26572*****https://theme.hstatic.net/1000230347/1000782290/14/product-placeholder.png?v=26572,"7,100₫",,https://thienlong.vn/products/gom-tay-nhan-vat-demon-slayer-thien-long-e-036-ds
354,Máy tính văn phòng Thiên Long Flexio CAL-011,60017531,Flexio,https://product.hstatic.net/1000230347/product/artboard_1_copy_f7536bcfc2f94ce6a82346a47427bedf_1024x1024.jpg*****https://product.hstatic.net/1000230347/product/artboard_7_copy_2_8fca0f9d8d1c4c7a8400d780ef5da739_1024x1024.jpg*****https://product.hstatic.net/1000230347/product/artboard_7_copy_b2f900a6656f47b08101015f0f0e6535_1024x1024.jpg*****https://product.hstatic.net/1000230347/product/artboard_7_7ffcfc3d9d0b46c5b39f1db6118cb20f_1024x1024.jpg*****https://theme.hstatic.net/1000230347/1000782290/14/product-placeholder.png?v=26572*****https://theme.hstatic.net/1000230347/1000782290/14/product-placeholder.png?v=26572*****https://theme.hstatic.net/1000230347/1000782290/14/product-placeholder.png?v=26572*****https://theme.hstatic.net/1000230347/1000782290/14/product-placeholder.png?v=26572*****https://theme.hstatic.net/1000230347/1000782290/14/product-placeholder.png?v=26572,"
						
						189,000₫
						
					",,https://thienlong.vn/products/may-tinh-van-phong-thien-long-flexio-cal-011
355,Máy tính văn phòng Thiên Long Flexio CAL-010,60016908,Flexio,https://product.hstatic.net/1000230347/product/artboard_1_copy_421e4b512be4446cb676753b12c90d04_1024x1024.jpg*****https://product.hstatic.net/1000230347/product/artboard_1_374c416eafe5480bbb570fa68dda49e1_1024x1024.jpg*****https://product.hstatic.net/1000230347/product/artboard_7_copy_2_eb1f8b0752814800a6c3ee60cad1b99a_1024x1024.jpg*****https://product.hstatic.net/1000230347/product/artboard_7_copy_3_ee1ba47525324ff4b2942cfbbae73b05_1024x1024.jpg*****https://theme.hstatic.net/1000230347/1000782290/14/product-placeholder.png?v=26572*****https://theme.hstatic.net/1000230347/1000782290/14/product-placeholder.png?v=26572*****https://theme.hstatic.net/1000230347/1000782290/14/product-placeholder.png?v=26572*****https://theme.hstatic.net/1000230347/1000782290/14/product-placeholder.png?v=26572*****https://theme.hstatic.net/1000230347/1000782290/14/product-placeholder.png?v=26572*****https://theme.hstatic.net/1000230347/1000782290/14/product-placeholder.png?v=26572*****https://theme.hstatic.net/1000230347/1000782290/14/product-placeholder.png?v=26572,"
						
						239,300₫
						
					",,https://thienlong.vn/products/may-tinh-van-phong-thien-long-flexio-cal-010
356,Máy tính văn phòng Thiên Long Flexio CAL-009,60016903,Flexio,https://product.hstatic.net/1000230347/product/artboard_1_copy_cd75a5af63cf4788ad2104292ec96212_1024x1024.jpg*****https://product.hstatic.net/1000230347/product/artboard_1_39301c53c78c4463bd96771da210b254_1024x1024.jpg*****https://product.hstatic.net/1000230347/product/artboard_3_18c4e66921de4678b8c079e68f215a5b_1024x1024.jpg*****https://product.hstatic.net/1000230347/product/artboard_4_4160956e29f24b67bd10c7ed620d8961_1024x1024.jpg*****https://theme.hstatic.net/1000230347/1000782290/14/product-placeholder.png?v=26572*****https://theme.hstatic.net/1000230347/1000782290/14/product-placeholder.png?v=26572*****https://theme.hstatic.net/1000230347/1000782290/14/product-placeholder.png?v=26572*****https://theme.hstatic.net/1000230347/1000782290/14/product-placeholder.png?v=26572*****https://theme.hstatic.net/1000230347/1000782290/14/product-placeholder.png?v=26572*****https://theme.hstatic.net/1000230347/1000782290/14/product-placeholder.png?v=26572*****https://theme.hstatic.net/1000230347/1000782290/14/product-placeholder.png?v=26572*****https://theme.hstatic.net/1000230347/1000782290/14/product-placeholder.png?v=26572,"
						
						102,300₫
						
					",,https://thienlong.vn/products/may-tinh-van-phong-thien-long-flexio-cal-009
357,Máy tính văn phòng Thiên Long Flexio CAL-008,60016887,Flexio,https://product.hstatic.net/1000230347/product/artboard_18_copy_5f1bba9c910a48d09912b64ddc179ce3_1024x1024.jpg*****https://product.hstatic.net/1000230347/product/artboard_18_4b9784542c504fc2869d8ad837b059bf_1024x1024.jpg*****https://product.hstatic.net/1000230347/product/artboard_4_7bd202c0aa3b484195a5546165416961_1024x1024.jpg*****https://product.hstatic.net/1000230347/product/artboard_7_copy_2_e411ddc0b04a4fea978b1cf553ede547_1024x1024.jpg*****https://theme.hstatic.net/1000230347/1000782290/14/product-placeholder.png?v=26572*****https://theme.hstatic.net/1000230347/1000782290/14/product-placeholder.png?v=26572*****https://theme.hstatic.net/1000230347/1000782290/14/product-placeholder.png?v=26572*****https://theme.hstatic.net/1000230347/1000782290/14/product-placeholder.png?v=26572*****https://theme.hstatic.net/1000230347/1000782290/14/product-placeholder.png?v=26572*****https://theme.hstatic.net/1000230347/1000782290/14/product-placeholder.png?v=26572*****https://theme.hstatic.net/1000230347/1000782290/14/product-placeholder.png?v=26572*****https://theme.hstatic.net/1000230347/1000782290/14/product-placeholder.png?v=26572*****https://theme.hstatic.net/1000230347/1000782290/14/product-placeholder.png?v=26572,"
						
						156,800₫
						
					",,https://thienlong.vn/products/may-tinh-van-phong-thien-long-flexio-cal-008
358,Máy tính văn phòng Thiên Long Flexio CAL-007,60016882,Flexio,https://product.hstatic.net/1000230347/product/artboard_1_copy_71f74fac79c8419e8dbbf595640d7d61_1024x1024.jpg*****https://product.hstatic.net/1000230347/product/artboard_1_7fc54796bc8d4ebda9ffb8f040a3231f_1024x1024.jpg*****https://product.hstatic.net/1000230347/product/artboard_5_6e9e18747120488a92c15e7b14e19cd9_1024x1024.jpg*****https://product.hstatic.net/1000230347/product/artboard_7_copy_2_de9caaee01c949d29c981564068e6f64_1024x1024.jpg*****https://theme.hstatic.net/1000230347/1000782290/14/product-placeholder.png?v=26572*****https://theme.hstatic.net/1000230347/1000782290/14/product-placeholder.png?v=26572*****https://theme.hstatic.net/1000230347/1000782290/14/product-placeholder.png?v=26572*****https://theme.hstatic.net/1000230347/1000782290/14/product-placeholder.png?v=26572*****https://theme.hstatic.net/1000230347/1000782290/14/product-placeholder.png?v=26572*****https://theme.hstatic.net/1000230347/1000782290/14/product-placeholder.png?v=26572*****https://theme.hstatic.net/1000230347/1000782290/14/product-placeholder.png?v=26572*****https://theme.hstatic.net/1000230347/1000782290/14/product-placeholder.png?v=26572,"
						
						130,400₫
						
					",,https://thienlong.vn/products/may-tinh-van-phong-thien-long-flexio-cal-007
359,Máy tính khoa học Thiên Long Flexio Fx509VN - Có hơn 240 tính năng,60017523,Flexio,https://product.hstatic.net/1000230347/product/artboard_1_copy_a8c9d709215c4c6585c2cd8ca198f43f_1024x1024.jpg*****https://product.hstatic.net/1000230347/product/artboard_1_1ffbdcd74b06409dbedd0473b3457b03_1024x1024.jpg*****https://product.hstatic.net/1000230347/product/artboard_7_copy_2_ddbe685cd52f4e3fa05f26000ff55d92_1024x1024.jpg*****https://product.hstatic.net/1000230347/product/artboard_7_copy_4b9d1a4f79a24a0999d8f2188407784b_1024x1024.jpg*****https://theme.hstatic.net/1000230347/1000782290/14/product-placeholder.png?v=26572*****https://theme.hstatic.net/1000230347/1000782290/14/product-placeholder.png?v=26572*****https://theme.hstatic.net/1000230347/1000782290/14/product-placeholder.png?v=26572*****https://theme.hstatic.net/1000230347/1000782290/14/product-placeholder.png?v=26572*****https://theme.hstatic.net/1000230347/1000782290/14/product-placeholder.png?v=26572*****https://theme.hstatic.net/1000230347/1000782290/14/product-placeholder.png?v=26572*****https://theme.hstatic.net/1000230347/1000782290/14/product-placeholder.png?v=26572*****https://theme.hstatic.net/1000230347/1000782290/14/product-placeholder.png?v=26572*****https://theme.hstatic.net/1000230347/1000782290/14/product-placeholder.png?v=26572*****https://theme.hstatic.net/1000230347/1000782290/14/product-placeholder.png?v=26572,"
						
						158,400₫
						
					",,https://thienlong.vn/products/may-tinh-khoa-hoc-thien-long-flexio-fx509vn
360,Gôm tẩy không bụi mịn - Strive Dust Free Thiên Long E-035 - Chứa ion bạc kháng khuẩn,50014498,Thiên Long,https://product.hstatic.net/1000230347/product/e-035_97cedfd8798d4bc1a3fd2460b9d0d82e_1024x1024.jpg*****https://product.hstatic.net/1000230347/product/e-035_2_469c71685a934a13ae10f63fe0066d2d_1024x1024.jpg*****https://product.hstatic.net/1000230347/product/e-035_3_4aa5c6bf31b843fbb70907974da5ae5b_1024x1024.jpg,"6,600₫",,https://thienlong.vn/products/gom-tay-khong-bui-min-strive-dust-free-thien-long-e-035-chua-ion-bac-khang-khuan
361,Keo dán giấy - Akooland Liquid Glue Thiên Long G-024 - Mẫu thân ngẫu nhiên,50013879,Thiên Long,https://product.hstatic.net/1000230347/product/g-024_ak_2_41e9fed7d17542f9b6581b134015a111_1024x1024.jpg*****https://product.hstatic.net/1000230347/product/g-024_ak_052ed1bdfc7f4ec0a5a1e23105b601f0_1024x1024.jpg*****https://product.hstatic.net/1000230347/product/g-024_ak_3_98e9994d33034d46848cf760ec053aea_1024x1024.jpg,"6,900₫",,https://thienlong.vn/products/keo-dan-giay-akooland-liquid-glue-thien-long-g-024
362,Keo dán giấy - Glubby Liquid Glue Thiên Long G-025 - Mẫu thân ngẫu nhiên,50013880,Thiên Long,https://product.hstatic.net/1000230347/product/g-025_2_e1937a24c0824c1188dd39add9bbec47_1024x1024.jpg*****https://product.hstatic.net/1000230347/product/g-025_d440059135844d4cac7f7504bd4632de_1024x1024.jpg*****https://product.hstatic.net/1000230347/product/g-025_3_7d0303009936471a81caf6ba70c5a5f3_1024x1024.jpg,"6,600₫",,https://thienlong.vn/products/keo-dan-giay-glubby-liquid-glue-thien-long-g-025
363,Chuốt chì Thiên Long S-022 - Hình mèo Tabby so cute - Mẫu ngẫu nhiên,50013760,Thiên Long,https://product.hstatic.net/1000230347/product/s-022_2_df68493140d549f5b458a1302d67c1fb_1024x1024.jpg*****https://product.hstatic.net/1000230347/product/s-022_06d13d739f714f5386dac82fc6835ec5_1024x1024.jpg*****https://product.hstatic.net/1000230347/product/s-022_3_3d406a7e0a7c42f79d6c5cc32dee63dc_1024x1024.jpg,"5,000₫",,https://thienlong.vn/products/chuot-chi-thien-long-s-022-hinh-meo-so-cute
364,Bút chì bấm Thiên Long PC-032 - Tích hợp chuốt chì trên thân bút - Màu thân ngẫu nhiên,60016310,Thiên Long,https://product.hstatic.net/1000230347/product/artboard_1_copy_6f85d3b8062c40b2bfce27b939f3ab81_1024x1024.jpg*****https://product.hstatic.net/1000230347/product/artboard_1_66d110434a724590bda5e35bb4a3fc6f_1024x1024.jpg*****https://product.hstatic.net/1000230347/product/artboard_5_copy_2_3d1846bd89b047859907552b6fb5452c_1024x1024.jpg*****https://product.hstatic.net/1000230347/product/artboard_5_copy_3_8b3c8bf3375041a2a9e43060439fca21_1024x1024.jpg*****https://theme.hstatic.net/1000230347/1000782290/14/product-placeholder.png?v=26572*****https://theme.hstatic.net/1000230347/1000782290/14/product-placeholder.png?v=26572*****https://theme.hstatic.net/1000230347/1000782290/14/product-placeholder.png?v=26572*****https://theme.hstatic.net/1000230347/1000782290/14/product-placeholder.png?v=26572*****https://theme.hstatic.net/1000230347/1000782290/14/product-placeholder.png?v=26572,"10,700₫",,https://thienlong.vn/products/but-chi-bam-thien-long-pc-032-tich-hop-chuot-chi-tren-than-but-mau-than-ngau-nhien
365,Bộ 2 bút chì và gôm Thiên Long BTS-022/AK - Nhân vật Akooland thế giới học cụ thần kỳ - Mẫu ngẫu nhiên,50013738,Thiên Long,https://product.hstatic.net/1000230347/product/bts-022_ak_2_cc5d96bbb936432ca1b7736b14fef237_1024x1024.jpg*****https://product.hstatic.net/1000230347/product/bts-022_ak_9ef40ed12f214f2db2b1a2103695a81a_1024x1024.jpg*****https://product.hstatic.net/1000230347/product/bts-022_ak_3_165f5e558a4d4446aaa36bc23bf4aae6_1024x1024.jpg,"21,500₫",,https://thienlong.vn/products/bo-2-but-chi-va-gom-thien-long-bts-022-ak-nhan-vat-akooland-the-gioi-hoc-cu-than-ky-mau-ngau-nhien
366,Bút xóa kéo - Correction Tape Thiên Long - Khô siêu nhanh Viết được ngay sau khi xóa,60016781,Thiên Long,https://product.hstatic.net/1000230347/product/artboard_1_copy_59abe579daed4518be12fce79721f9b9_1024x1024.jpg*****https://product.hstatic.net/1000230347/product/artboard_1_74e8a8645ec3422f982d73b3dfc31aff_1024x1024.jpg*****https://product.hstatic.net/1000230347/product/artboard_2_a36421d72922485fb30b1dd9408a25f9_1024x1024.jpg*****https://product.hstatic.net/1000230347/product/artboard_3_4a9ecd83ebbb4a3286e8842b24951f1f_1024x1024.jpg*****https://theme.hstatic.net/1000230347/1000782290/14/product-placeholder.png?v=26572*****https://theme.hstatic.net/1000230347/1000782290/14/product-placeholder.png?v=26572*****https://theme.hstatic.net/1000230347/1000782290/14/product-placeholder.png?v=26572*****https://theme.hstatic.net/1000230347/1000782290/14/product-placeholder.png?v=26572*****https://theme.hstatic.net/1000230347/1000782290/14/product-placeholder.png?v=26572*****https://theme.hstatic.net/1000230347/1000782290/14/product-placeholder.png?v=26572*****https://theme.hstatic.net/1000230347/1000782290/14/product-placeholder.png?v=26572*****https://theme.hstatic.net/1000230347/1000782290/14/product-placeholder.png?v=26572*****https://theme.hstatic.net/1000230347/1000782290/14/product-placeholder.png?v=26572*****https://theme.hstatic.net/1000230347/1000782290/14/product-placeholder.png?v=26572,"
						
						19,100₫
						
					",,https://thienlong.vn/products/but-xoa-keo-correction-tape-thien-long-kho-sieu-nhanh-viet-duoc-ngay-sau-khi-xoa
367,Keo sữa - White Glue Thiên Long G-022 - Độ dính cao,60016388,Thiên Long,https://product.hstatic.net/1000230347/product/g-022_3_48c36a6a73b14c3da35a58e360100c0c_1024x1024.jpg*****https://product.hstatic.net/1000230347/product/g-022_6ae75f23f4ca4f6daa78a7041c523efe_1024x1024.jpg*****https://product.hstatic.net/1000230347/product/g-022_2_6a4e2dfa36d84f4e956355bd450e4013_1024x1024.jpg,"10,700₫",,https://thienlong.vn/products/keo-sua-white-glue-thien-long-g-022-do-dinh-cao
368,Bảng học sinh 2 mặt Thiên Long TP-B09/AK - Nhân vật Akooland thế giới học cụ thần kỳ,50013737,Thiên Long,https://product.hstatic.net/1000230347/product/artboard_1_copy_e2532caeb2af48779271de6ad5ff77aa_1024x1024.jpg*****https://product.hstatic.net/1000230347/product/artboard_1_013f34f5a91a4808b6997a8dcacc106a_1024x1024.jpg*****https://product.hstatic.net/1000230347/product/artboard_2_79614b140679499bad6b57ca83862c55_1024x1024.jpg*****https://product.hstatic.net/1000230347/product/artboard_3_copy_5_eb14c56f790a440fb7377999008ba57f_1024x1024.jpg*****https://theme.hstatic.net/1000230347/1000782290/14/product-placeholder.png?v=26572*****https://theme.hstatic.net/1000230347/1000782290/14/product-placeholder.png?v=26572*****https://theme.hstatic.net/1000230347/1000782290/14/product-placeholder.png?v=26572*****https://theme.hstatic.net/1000230347/1000782290/14/product-placeholder.png?v=26572*****https://theme.hstatic.net/1000230347/1000782290/14/product-placeholder.png?v=26572*****https://theme.hstatic.net/1000230347/1000782290/14/product-placeholder.png?v=26572*****https://theme.hstatic.net/1000230347/1000782290/14/product-placeholder.png?v=26572*****https://theme.hstatic.net/1000230347/1000782290/14/product-placeholder.png?v=26572,"57,800₫",,https://thienlong.vn/products/bang-hoc-sinh-2-mat-thien-long-tp-b09-ak-nhan-vat-akooland-the-gioi-hoc-cu-than-ky
369,Nhãn vở Thiên Long - Nhân vật Akooland thế giới học cụ thần kỳ,60017225,Thiên Long,https://product.hstatic.net/1000230347/product/artboard_2_copy_0530e1a77ac24f2d9275662020bcb756_1024x1024.jpg*****https://product.hstatic.net/1000230347/product/artboard_12_ae5bd612d8bd4c8fb19bfea430d3724f_1024x1024.jpg*****https://product.hstatic.net/1000230347/product/artboard_13_6fdf2b21865a4faeb1bab68896007477_1024x1024.jpg*****https://product.hstatic.net/1000230347/product/artboard_8_fcd7480623b64fba9985eff1abca922f_1024x1024.jpg*****https://theme.hstatic.net/1000230347/1000782290/14/product-placeholder.png?v=26572*****https://theme.hstatic.net/1000230347/1000782290/14/product-placeholder.png?v=26572*****https://theme.hstatic.net/1000230347/1000782290/14/product-placeholder.png?v=26572*****https://theme.hstatic.net/1000230347/1000782290/14/product-placeholder.png?v=26572*****https://theme.hstatic.net/1000230347/1000782290/14/product-placeholder.png?v=26572*****https://theme.hstatic.net/1000230347/1000782290/14/product-placeholder.png?v=26572,"
						
						6,600₫
						
					",,https://thienlong.vn/products/nhan-vo-thien-long-nhan-vat-akooland-the-gioi-hoc-cu-than-ky
370,Keo khô - Glue Stick Thiên Long G-026/AK - Nhân vật Akooland thế giới học cụ thần kỳ,50013893,Thiên Long,https://product.hstatic.net/1000230347/product/artboard_10_copy_b84501a1090f432c80acf18e020c6a43_1024x1024.jpg*****https://product.hstatic.net/1000230347/product/artboard_1_47ce9f2c08c14074bc6e05ce5994c1f4_1024x1024.jpg*****https://product.hstatic.net/1000230347/product/artboard_9_720bb04ef00a4a248246050c13f2ab61_1024x1024.jpg*****https://product.hstatic.net/1000230347/product/artboard_2_48f778433131403c887d35d6b19aeee3_1024x1024.jpg*****https://theme.hstatic.net/1000230347/1000782290/14/product-placeholder.png?v=26572*****https://theme.hstatic.net/1000230347/1000782290/14/product-placeholder.png?v=26572*****https://theme.hstatic.net/1000230347/1000782290/14/product-placeholder.png?v=26572*****https://theme.hstatic.net/1000230347/1000782290/14/product-placeholder.png?v=26572*****https://theme.hstatic.net/1000230347/1000782290/14/product-placeholder.png?v=26572*****https://theme.hstatic.net/1000230347/1000782290/14/product-placeholder.png?v=26572,"6,100₫",,https://thienlong.vn/products/keo-kho-glue-stick-thien-long-g-026-ak-nhan-vat-akooland-the-gioi-hoc-cu-than-ky
371,Thước thẳng 20cm Thiên Long TP-SR011/AK - Nhân vật Akooland thế giới học cụ thần kỳ,50013739,Thiên Long,https://product.hstatic.net/1000230347/product/artboard_10_3f3227c1757944b6921bfac245b75998_1024x1024.jpg*****https://product.hstatic.net/1000230347/product/artboard_2_c6f5b430d19948d794f80e25bf8097c7_1024x1024.jpg*****https://product.hstatic.net/1000230347/product/artboard_3_1de2e32e857b49168394a314f25695e1_1024x1024.jpg*****https://product.hstatic.net/1000230347/product/artboard_8_copy_2_303a6ee4f86e4a6e84e56718c450a664_1024x1024.jpg*****https://theme.hstatic.net/1000230347/1000782290/14/product-placeholder.png?v=26572*****https://theme.hstatic.net/1000230347/1000782290/14/product-placeholder.png?v=26572*****https://theme.hstatic.net/1000230347/1000782290/14/product-placeholder.png?v=26572*****https://theme.hstatic.net/1000230347/1000782290/14/product-placeholder.png?v=26572,"5,800₫",,https://thienlong.vn/products/thuoc-thang-20cm-thien-long-tp-sr011-ak-nhan-vat-akooland-the-gioi-hoc-cu-than-ky
372,Tập học sinh 48 trang 4 ô ly vuông 2.5mm 80-100gsm Thiên Long - Akooland thế giới học cụ thần kỳ - Mẫu ngẫu nhiên,60017223,Thiên Long,https://product.hstatic.net/1000230347/product/artboard_1_copy_c72fc3c3d5a644099d347a3a836df7a7_1024x1024.jpg*****https://product.hstatic.net/1000230347/product/artboard_1_da9dee5e1ad5453db5fce54785b8b5a5_1024x1024.jpg*****https://product.hstatic.net/1000230347/product/artboard_7_3bf2e508876640ee8900865d1a1b8c5d_1024x1024.jpg*****https://product.hstatic.net/1000230347/product/artboard_8_copy_2_1905180e145b40bba4d430ac5a668d57_1024x1024.jpg*****https://theme.hstatic.net/1000230347/1000782290/14/product-placeholder.png?v=26572*****https://theme.hstatic.net/1000230347/1000782290/14/product-placeholder.png?v=26572*****https://theme.hstatic.net/1000230347/1000782290/14/product-placeholder.png?v=26572*****https://theme.hstatic.net/1000230347/1000782290/14/product-placeholder.png?v=26572*****https://theme.hstatic.net/1000230347/1000782290/14/product-placeholder.png?v=26572*****https://theme.hstatic.net/1000230347/1000782290/14/product-placeholder.png?v=26572*****https://theme.hstatic.net/1000230347/1000782290/14/product-placeholder.png?v=26572,"
						
						13,200₫
						
					",,https://thienlong.vn/products/tap-hoc-sinh-48-trang-4-o-ly-vuong-2-5mm-100gsm-thien-long-akooland-the-gioi-hoc-cu-than-ky
373,Tập học sinh 96 trang 4 ô ly vuông 2mm 80-100gsm Thiên Long - Akooland thế giới học cụ thần kỳ - Mẫu ngẫu nhiên,60017222,Thiên Long,https://product.hstatic.net/1000230347/product/artboard_1_copy_eb58e910ccb649a59e904ac2436755a0_1024x1024.jpg*****https://product.hstatic.net/1000230347/product/artboard_1_b1a089faddbd4389a729b5083f16e7d4_1024x1024.jpg*****https://product.hstatic.net/1000230347/product/artboard_8_copy_3_b64d1b450a854f3eb9f3fe5fb1883a99_1024x1024.jpg*****https://product.hstatic.net/1000230347/product/artboard_8_copy_3b55639d1ec34150bf0618c099661e21_1024x1024.jpg*****https://theme.hstatic.net/1000230347/1000782290/14/product-placeholder.png?v=26572*****https://theme.hstatic.net/1000230347/1000782290/14/product-placeholder.png?v=26572*****https://theme.hstatic.net/1000230347/1000782290/14/product-placeholder.png?v=26572*****https://theme.hstatic.net/1000230347/1000782290/14/product-placeholder.png?v=26572*****https://theme.hstatic.net/1000230347/1000782290/14/product-placeholder.png?v=26572*****https://theme.hstatic.net/1000230347/1000782290/14/product-placeholder.png?v=26572,"
						
						16,500₫
						
					",,https://thienlong.vn/products/tap-hoc-sinh-96-trang-4-o-ly-vuong-2mm-100gsm-thien-long-akooland-the-gioi-hoc-cu-than-ky
374,Cặp chống gù - Balo học sinh AkooLand Thiên Long BP-022/AK - Đệm mút dày dặn hơn,60020496,Thiên Long,https://product.hstatic.net/1000230347/product/artboard_1_copy_baab57488b244f3c8fc5415fd0355d62_1024x1024.jpg*****https://product.hstatic.net/1000230347/product/artboard_2_copy_9d26ceae68b044c7bc4748afc9f22098_1024x1024.jpg*****https://product.hstatic.net/1000230347/product/artboard_3_copy_4_f1900ed949a7496cb1e56542633ba431_1024x1024.jpg*****https://product.hstatic.net/1000230347/product/artboard_3_copy_5_61fbc6dbbe4048358a530334bd75d1cb_1024x1024.jpg*****https://theme.hstatic.net/1000230347/1000782290/14/product-placeholder.png?v=26572*****https://theme.hstatic.net/1000230347/1000782290/14/product-placeholder.png?v=26572*****https://theme.hstatic.net/1000230347/1000782290/14/product-placeholder.png?v=26572*****https://theme.hstatic.net/1000230347/1000782290/14/product-placeholder.png?v=26572*****https://theme.hstatic.net/1000230347/1000782290/14/product-placeholder.png?v=26572*****https://theme.hstatic.net/1000230347/1000782290/14/product-placeholder.png?v=26572*****https://theme.hstatic.net/1000230347/1000782290/14/product-placeholder.png?v=26572*****https://theme.hstatic.net/1000230347/1000782290/14/product-placeholder.png?v=26572*****https://theme.hstatic.net/1000230347/1000782290/14/product-placeholder.png?v=26572*****https://theme.hstatic.net/1000230347/1000782290/14/product-placeholder.png?v=26572*****https://theme.hstatic.net/1000230347/1000782290/14/product-placeholder.png?v=26572*****https://theme.hstatic.net/1000230347/1000782290/14/product-placeholder.png?v=26572*****https://theme.hstatic.net/1000230347/1000782290/14/product-placeholder.png?v=26572*****https://theme.hstatic.net/1000230347/1000782290/14/product-placeholder.png?v=26572,"
						
						404,000₫
						
					",,https://thienlong.vn/products/cap-chong-gu-akooland-thien-long-dem-mut-day-dan-hon
375,Cặp chống gù - Balo học sinh Thiên Long - Đệm mút dày dặn hơn,60020490,Thiên Long,https://product.hstatic.net/1000230347/product/artboard_1_copy_f3acc823929649c6982b34daac0e89d2_1024x1024.jpg*****https://product.hstatic.net/1000230347/product/artboard_1_e5c879f7574a4b9e91bff56b6514f83e_1024x1024.jpg*****https://product.hstatic.net/1000230347/product/artboard_3_copy_4_9fb9c7850fd043e284b370ec20d06781_1024x1024.jpg*****https://product.hstatic.net/1000230347/product/artboard_3_copy_5_f1c3ca0136eb4858b96128ebc5f2dfa5_1024x1024.jpg*****https://theme.hstatic.net/1000230347/1000782290/14/product-placeholder.png?v=26572*****https://theme.hstatic.net/1000230347/1000782290/14/product-placeholder.png?v=26572*****https://theme.hstatic.net/1000230347/1000782290/14/product-placeholder.png?v=26572*****https://theme.hstatic.net/1000230347/1000782290/14/product-placeholder.png?v=26572*****https://theme.hstatic.net/1000230347/1000782290/14/product-placeholder.png?v=26572*****https://theme.hstatic.net/1000230347/1000782290/14/product-placeholder.png?v=26572*****https://theme.hstatic.net/1000230347/1000782290/14/product-placeholder.png?v=26572*****https://theme.hstatic.net/1000230347/1000782290/14/product-placeholder.png?v=26572*****https://theme.hstatic.net/1000230347/1000782290/14/product-placeholder.png?v=26572*****https://theme.hstatic.net/1000230347/1000782290/14/product-placeholder.png?v=26572*****https://theme.hstatic.net/1000230347/1000782290/14/product-placeholder.png?v=26572*****https://theme.hstatic.net/1000230347/1000782290/14/product-placeholder.png?v=26572*****https://theme.hstatic.net/1000230347/1000782290/14/product-placeholder.png?v=26572*****https://theme.hstatic.net/1000230347/1000782290/14/product-placeholder.png?v=26572*****https://theme.hstatic.net/1000230347/1000782290/14/product-placeholder.png?v=26572*****https://theme.hstatic.net/1000230347/1000782290/14/product-placeholder.png?v=26572*****https://theme.hstatic.net/1000230347/1000782290/14/product-placeholder.png?v=26572*****https://theme.hstatic.net/1000230347/1000782290/14/product-placeholder.png?v=26572,"
						
						404,000₫
						
					",,https://thienlong.vn/products/cap-chong-gu-thien-long-dem-mut-day-dan-hon
376,Bút chì bấm Thiên Long PC-029 - Tích hợp chuốt chì trên thân bút - Màu thân ngẫu nhiên,60014289,Thiên Long,https://product.hstatic.net/1000230347/product/artboard_1_copy_bef3341c85194f4cbb2da21060caa041_1024x1024.jpg*****https://product.hstatic.net/1000230347/product/artboard_2_f2a25e76b44a4952a13819e7ed5828f5_1024x1024.jpg*****https://product.hstatic.net/1000230347/product/artboard_3_e4c8d728cab04cdcb1cdbe17b02869cf_1024x1024.jpg*****https://product.hstatic.net/1000230347/product/artboard_7_403bb708879b4aeb9b4f76e8afa035ae_1024x1024.jpg*****https://theme.hstatic.net/1000230347/1000782290/14/product-placeholder.png?v=26572*****https://theme.hstatic.net/1000230347/1000782290/14/product-placeholder.png?v=26572*****https://theme.hstatic.net/1000230347/1000782290/14/product-placeholder.png?v=26572*****https://theme.hstatic.net/1000230347/1000782290/14/product-placeholder.png?v=26572*****https://theme.hstatic.net/1000230347/1000782290/14/product-placeholder.png?v=26572*****https://theme.hstatic.net/1000230347/1000782290/14/product-placeholder.png?v=26572,"5,800₫",,https://thienlong.vn/products/but-chi-bam-thien-long-pc-029-tich-hop-chuot-chi-tren-than-but-mau-than-ngau-nhien
377,Bút chì bấm Thiên Long PC-030 - Màu thân ngẫu nhiên,60014290,Thiên Long,https://product.hstatic.net/1000230347/product/artboard_1_copy_835c60a061e048afbea66ffeba9fbf4e_1024x1024.jpg*****https://product.hstatic.net/1000230347/product/artboard_2_6c7430dabeb149cabe31b34f5f3bb8d1_1024x1024.jpg*****https://product.hstatic.net/1000230347/product/artboard_3_8cfc98f6e55c4e5b866b74888a562b63_1024x1024.jpg*****https://product.hstatic.net/1000230347/product/artboard_4_94b6ff845ec34abb8f910c033846f1cf_1024x1024.jpg*****https://theme.hstatic.net/1000230347/1000782290/14/product-placeholder.png?v=26572*****https://theme.hstatic.net/1000230347/1000782290/14/product-placeholder.png?v=26572*****https://theme.hstatic.net/1000230347/1000782290/14/product-placeholder.png?v=26572*****https://theme.hstatic.net/1000230347/1000782290/14/product-placeholder.png?v=26572*****https://theme.hstatic.net/1000230347/1000782290/14/product-placeholder.png?v=26572*****https://theme.hstatic.net/1000230347/1000782290/14/product-placeholder.png?v=26572*****https://theme.hstatic.net/1000230347/1000782290/14/product-placeholder.png?v=26572,"9,900₫",,https://thienlong.vn/products/but-chi-bam-thien-long-pc-030
378,Bộ 02 lưỡi chuốt Thiên Long Flexio SER-001 - Dùng cho máy chuốt tự động SE-001,60015344,Flexio,https://product.hstatic.net/1000230347/product/artboard_1_copy_742e1111f0df47499c511665684adbf4_1024x1024.jpg*****https://product.hstatic.net/1000230347/product/artboard_10_9923247daf9e405288028a5db0108dac_1024x1024.jpg*****https://product.hstatic.net/1000230347/product/artboard_15_c42ea482cc5c43b992b3f0d8a1d4ecbd_1024x1024.jpg*****https://product.hstatic.net/1000230347/product/111_175db0ae13fe45059916422ee63a03cd_1024x1024.jpg*****https://theme.hstatic.net/1000230347/1000782290/14/product-placeholder.png?v=26572,"23,100₫",,https://thienlong.vn/products/bo-02-luoi-chuot-thien-long-flexio-ser-001-dung-cho-may-chuot-tu-dong-se-001
379,Máy hút bụi mini Thiên Long Flexio MVE-001 - Không bao gồm pin,60015325,Flexio,https://product.hstatic.net/1000230347/product/artboard_6_copy_fcf05a1ae9bc4da8bac714cf33b92c88_1024x1024.jpg*****https://product.hstatic.net/1000230347/product/artboard_2_copy_f6a520a37d0a4811a7d957c438be7479_1024x1024.jpg*****https://product.hstatic.net/1000230347/product/artboard_3_copy_7d4146a1a8ea4cf490f7d87f27b24c41_1024x1024.jpg*****https://product.hstatic.net/1000230347/product/artboard_4_48fcc930cb8245849f52e5f639c00b17_1024x1024.jpg*****https://theme.hstatic.net/1000230347/1000782290/14/product-placeholder.png?v=26572*****https://theme.hstatic.net/1000230347/1000782290/14/product-placeholder.png?v=26572*****https://theme.hstatic.net/1000230347/1000782290/14/product-placeholder.png?v=26572*****https://theme.hstatic.net/1000230347/1000782290/14/product-placeholder.png?v=26572*****https://theme.hstatic.net/1000230347/1000782290/14/product-placeholder.png?v=26572*****https://theme.hstatic.net/1000230347/1000782290/14/product-placeholder.png?v=26572*****https://theme.hstatic.net/1000230347/1000782290/14/product-placeholder.png?v=26572*****https://theme.hstatic.net/1000230347/1000782290/14/product-placeholder.png?v=26572,"
						
						167,000₫
						
					",,https://thienlong.vn/products/may-hut-bui-mini-thien-long-flexio-mve-001-khong-bao-gom-pin
380,Máy chuốt chì tự động Thiên Long Flexio SE-001 - Không bao gồm pin,60015323,Flexio,https://product.hstatic.net/1000230347/product/artboard_2_copy_404474c068934094a1ca388d4f5a79b1_1024x1024.jpg*****https://product.hstatic.net/1000230347/product/artboard_6_0d16caf5fbdf445da5e01402d5ebe115_1024x1024.jpg*****https://product.hstatic.net/1000230347/product/artboard_12_aae72108a128422ea3a5a15c7160c974_1024x1024.jpg*****https://product.hstatic.net/1000230347/product/artboard_10_copy_2_30968e6bcdc34bdab173df6568fe0926_1024x1024.jpg*****https://theme.hstatic.net/1000230347/1000782290/14/product-placeholder.png?v=26572*****https://theme.hstatic.net/1000230347/1000782290/14/product-placeholder.png?v=26572*****https://theme.hstatic.net/1000230347/1000782290/14/product-placeholder.png?v=26572*****https://theme.hstatic.net/1000230347/1000782290/14/product-placeholder.png?v=26572*****https://theme.hstatic.net/1000230347/1000782290/14/product-placeholder.png?v=26572*****https://theme.hstatic.net/1000230347/1000782290/14/product-placeholder.png?v=26572*****https://theme.hstatic.net/1000230347/1000782290/14/product-placeholder.png?v=26572*****https://theme.hstatic.net/1000230347/1000782290/14/product-placeholder.png?v=26572,"
						
						139,000₫
						
					",,https://thienlong.vn/products/may-chuot-chi-tu-dong-thien-long-flexio-se-001-khong-bao-gom-pin
381,Lõi - Ruột gôm Thiên Long Flexio EER-009 - Dùng cho gôm điện tự động EE-001,60015322,Flexio,https://product.hstatic.net/1000230347/product/artboard_2_75753b8d885c4848b74b633fabca06b7_1024x1024.jpg*****https://product.hstatic.net/1000230347/product/artboard_14_4afc6ff274014e8f8ccd7b25863e86c5_1024x1024.jpg*****https://product.hstatic.net/1000230347/product/artboard_16_7d6021b60ca646bb8b63d656bc7385d9_1024x1024.jpg*****https://product.hstatic.net/1000230347/product/artboard_3_43c6fcbf13034ff892d28fd6a0a4dced_1024x1024.jpg*****https://theme.hstatic.net/1000230347/1000782290/14/product-placeholder.png?v=26572*****https://theme.hstatic.net/1000230347/1000782290/14/product-placeholder.png?v=26572,"19,800₫",,https://thienlong.vn/products/loi-ruot-gom-thien-long-flexio-eer-009-dung-cho-gom-dien-tu-dong-ee-001
382,Gôm điện tự động Thiên Long Flexio EE-001 - Không bao gồm pin,60015320,Flexio,https://product.hstatic.net/1000230347/product/artboard_1_copy_944254baf7d04b25b99ca485ac2e78eb_1024x1024.jpg*****https://product.hstatic.net/1000230347/product/artboard_15_copy_5a6ae12445e9418dadca8e26467cdaed_1024x1024.jpg*****https://product.hstatic.net/1000230347/product/artboard_15_3e00dab8cb8e4c1b81586f721bb2a5c6_1024x1024.jpg*****https://product.hstatic.net/1000230347/product/artboard_16_1dff9751a9ae4a06af4512ebf0490f8e_1024x1024.jpg*****https://theme.hstatic.net/1000230347/1000782290/14/product-placeholder.png?v=26572*****https://theme.hstatic.net/1000230347/1000782290/14/product-placeholder.png?v=26572*****https://theme.hstatic.net/1000230347/1000782290/14/product-placeholder.png?v=26572*****https://theme.hstatic.net/1000230347/1000782290/14/product-placeholder.png?v=26572*****https://theme.hstatic.net/1000230347/1000782290/14/product-placeholder.png?v=26572*****https://theme.hstatic.net/1000230347/1000782290/14/product-placeholder.png?v=26572*****https://theme.hstatic.net/1000230347/1000782290/14/product-placeholder.png?v=26572*****https://theme.hstatic.net/1000230347/1000782290/14/product-placeholder.png?v=26572*****https://theme.hstatic.net/1000230347/1000782290/14/product-placeholder.png?v=26572,"
						
						73,400₫
						
					",,https://thienlong.vn/products/gom-dien-tu-dong-thien-long-flexio-ee-001-khong-bao-gom-pin
383,Bút xóa nước Thiên Long CP-015,60014908,Thiên Long,https://product.hstatic.net/1000230347/product/img_9577_cfcc94c142284b819e3a0b42c3e8dbe3_1024x1024.jpg*****https://product.hstatic.net/1000230347/product/img_9540_4b75aaafea634fa9a514bcae7f1d162a_1024x1024.jpg*****https://product.hstatic.net/1000230347/product/img_9602_c0ae17984d2f4a3e987b8e37e640a383_1024x1024.jpg*****https://product.hstatic.net/1000230347/product/cp-015_2_e2ef8736f4034429a9037ba49d5e4980_1024x1024.jpg*****https://theme.hstatic.net/1000230347/1000782290/14/product-placeholder.png?v=26572,"7,800₫",,https://thienlong.vn/products/but-xoa-nuoc-thien-long-cp-015
384,Bút xóa nước Thiên Long CP-012,60014907,Thiên Long,https://product.hstatic.net/1000230347/product/img_9559_e3b6f76e3b6142129c8cd007fb942f71_1024x1024.jpg*****https://product.hstatic.net/1000230347/product/img_9552_e3355271d9b54a19b5006d78c90a1e26_1024x1024.jpg*****https://product.hstatic.net/1000230347/product/img_9601_c1e979904c3b456ebcd7bc6a794e5e70_1024x1024.jpg*****https://product.hstatic.net/1000230347/product/cp-012_ca0a3fa2878240608f7843b83d775839_1024x1024.jpg*****https://theme.hstatic.net/1000230347/1000782290/14/product-placeholder.png?v=26572,"6,900₫",,https://thienlong.vn/products/but-xoa-nuoc-thien-long-cp-012
385,Kéo học sinh trợ lực Thiên Long SC-024,60014387,Thiên Long,https://theme.hstatic.net/1000230347/1000782290/14/product-placeholder.png?v=26572*****https://theme.hstatic.net/1000230347/1000782290/14/product-placeholder.png?v=26572*****https://theme.hstatic.net/1000230347/1000782290/14/product-placeholder.png?v=26572*****https://theme.hstatic.net/1000230347/1000782290/14/product-placeholder.png?v=26572*****https://theme.hstatic.net/1000230347/1000782290/14/product-placeholder.png?v=26572*****https://theme.hstatic.net/1000230347/1000782290/14/product-placeholder.png?v=26572*****https://theme.hstatic.net/1000230347/1000782290/14/product-placeholder.png?v=26572,"33,000₫",,https://thienlong.vn/products/keo-hoc-sinh-tro-luc-thien-long-sc-024
386,Kéo học sinh trợ lực Thiên Long SC-023,60014386,Thiên Long,https://theme.hstatic.net/1000230347/1000782290/14/product-placeholder.png?v=26572*****https://theme.hstatic.net/1000230347/1000782290/14/product-placeholder.png?v=26572*****https://theme.hstatic.net/1000230347/1000782290/14/product-placeholder.png?v=26572*****https://theme.hstatic.net/1000230347/1000782290/14/product-placeholder.png?v=26572,"29,700₫",,https://thienlong.vn/products/keo-hoc-sinh-tro-luc-thien-long-sc-023
387,"Combo Xanh lá tươi mát 08 món - Bộ dụng cụ học tập gồm Máy tính cầm tay Hot trend, sổ, bút trang trí, gôm, thước, bìa tài liệu",TONELA7M,Thiên Long,https://theme.hstatic.net/1000230347/1000782290/14/product-placeholder.png?v=26572*****https://theme.hstatic.net/1000230347/1000782290/14/product-placeholder.png?v=26572*****https://theme.hstatic.net/1000230347/1000782290/14/product-placeholder.png?v=26572*****https://theme.hstatic.net/1000230347/1000782290/14/product-placeholder.png?v=26572*****https://theme.hstatic.net/1000230347/1000782290/14/product-placeholder.png?v=26572*****https://theme.hstatic.net/1000230347/1000782290/14/product-placeholder.png?v=26572*****https://theme.hstatic.net/1000230347/1000782290/14/product-placeholder.png?v=26572*****https://theme.hstatic.net/1000230347/1000782290/14/product-placeholder.png?v=26572*****https://theme.hstatic.net/1000230347/1000782290/14/product-placeholder.png?v=26572*****https://theme.hstatic.net/1000230347/1000782290/14/product-placeholder.png?v=26572*****https://theme.hstatic.net/1000230347/1000782290/14/product-placeholder.png?v=26572,"928,000₫",,https://thienlong.vn/products/combo-dung-cu-hoc-tap-the-hien-ca-tinh-tone-xanh-la-tuoi-mat-07-mon
388,"Combo Xanh pastel dịu mát 08 món - Bộ dụng cụ học tập gồm Máy tính cầm tay Hot trend, sổ, bút trang trí, gôm, thước",TONEXANH8M,Thiên Long,https://theme.hstatic.net/1000230347/1000782290/14/product-placeholder.png?v=26572*****https://theme.hstatic.net/1000230347/1000782290/14/product-placeholder.png?v=26572*****https://theme.hstatic.net/1000230347/1000782290/14/product-placeholder.png?v=26572*****https://theme.hstatic.net/1000230347/1000782290/14/product-placeholder.png?v=26572*****https://theme.hstatic.net/1000230347/1000782290/14/product-placeholder.png?v=26572*****https://theme.hstatic.net/1000230347/1000782290/14/product-placeholder.png?v=26572*****https://theme.hstatic.net/1000230347/1000782290/14/product-placeholder.png?v=26572*****https://theme.hstatic.net/1000230347/1000782290/14/product-placeholder.png?v=26572*****https://theme.hstatic.net/1000230347/1000782290/14/product-placeholder.png?v=26572*****https://theme.hstatic.net/1000230347/1000782290/14/product-placeholder.png?v=26572*****https://theme.hstatic.net/1000230347/1000782290/14/product-placeholder.png?v=26572*****https://theme.hstatic.net/1000230347/1000782290/14/product-placeholder.png?v=26572,"976,000₫",,https://thienlong.vn/products/combo-dung-cu-hoc-tap-the-hien-ca-tinh-tone-xanh-pastel-diu-mat-08-mon
389,"Combo Tím pastel 08 món - Bộ dụng cụ học tập gồm Máy tính cầm tay Hot trend, sổ, bút trang trí, gôm, thước, bìa tài liệu",TONETIM8M,Thiên Long,https://theme.hstatic.net/1000230347/1000782290/14/product-placeholder.png?v=26572*****https://theme.hstatic.net/1000230347/1000782290/14/product-placeholder.png?v=26572*****https://theme.hstatic.net/1000230347/1000782290/14/product-placeholder.png?v=26572*****https://theme.hstatic.net/1000230347/1000782290/14/product-placeholder.png?v=26572*****https://theme.hstatic.net/1000230347/1000782290/14/product-placeholder.png?v=26572*****https://theme.hstatic.net/1000230347/1000782290/14/product-placeholder.png?v=26572*****https://theme.hstatic.net/1000230347/1000782290/14/product-placeholder.png?v=26572*****https://theme.hstatic.net/1000230347/1000782290/14/product-placeholder.png?v=26572*****https://theme.hstatic.net/1000230347/1000782290/14/product-placeholder.png?v=26572*****https://theme.hstatic.net/1000230347/1000782290/14/product-placeholder.png?v=26572*****https://theme.hstatic.net/1000230347/1000782290/14/product-placeholder.png?v=26572*****https://theme.hstatic.net/1000230347/1000782290/14/product-placeholder.png?v=26572,"960,000₫",,https://thienlong.vn/products/combo-dung-cu-hoc-tap-the-hien-ca-tinh-tone-tim-pastel-08-mon
390,"Combo Hồng ngọt ngào 08 món - Bộ dụng cụ học tập gồm Máy tính cầm tay màu Hot trend, sổ, bút trang trí, gôm, thước, bìa tài liệu",TONEHONG8M,Thiên Long,https://theme.hstatic.net/1000230347/1000782290/14/product-placeholder.png?v=26572*****https://theme.hstatic.net/1000230347/1000782290/14/product-placeholder.png?v=26572*****https://theme.hstatic.net/1000230347/1000782290/14/product-placeholder.png?v=26572*****https://theme.hstatic.net/1000230347/1000782290/14/product-placeholder.png?v=26572*****https://theme.hstatic.net/1000230347/1000782290/14/product-placeholder.png?v=26572*****https://theme.hstatic.net/1000230347/1000782290/14/product-placeholder.png?v=26572*****https://theme.hstatic.net/1000230347/1000782290/14/product-placeholder.png?v=26572*****https://theme.hstatic.net/1000230347/1000782290/14/product-placeholder.png?v=26572*****https://theme.hstatic.net/1000230347/1000782290/14/product-placeholder.png?v=26572*****https://theme.hstatic.net/1000230347/1000782290/14/product-placeholder.png?v=26572*****https://theme.hstatic.net/1000230347/1000782290/14/product-placeholder.png?v=26572*****https://theme.hstatic.net/1000230347/1000782290/14/product-placeholder.png?v=26572,"976,000₫",,https://thienlong.vn/products/bo-dung-cu-hoc-tap-the-hien-ca-tinh-tone-hong-ngot-ngao-08-mon
391,Combo 10 Tập học sinh 96 trang Điểm 10 TP-NB053 (hình ngẫu nhiên),60001171CB10,Điểm 10,https://theme.hstatic.net/1000230347/1000782290/14/product-placeholder.png?v=26572*****https://theme.hstatic.net/1000230347/1000782290/14/product-placeholder.png?v=26572*****https://theme.hstatic.net/1000230347/1000782290/14/product-placeholder.png?v=26572*****https://theme.hstatic.net/1000230347/1000782290/14/product-placeholder.png?v=26572*****https://theme.hstatic.net/1000230347/1000782290/14/product-placeholder.png?v=26572*****https://theme.hstatic.net/1000230347/1000782290/14/product-placeholder.png?v=26572*****https://theme.hstatic.net/1000230347/1000782290/14/product-placeholder.png?v=26572*****https://theme.hstatic.net/1000230347/1000782290/14/product-placeholder.png?v=26572*****https://theme.hstatic.net/1000230347/1000782290/14/product-placeholder.png?v=26572*****https://theme.hstatic.net/1000230347/1000782290/14/product-placeholder.png?v=26572*****https://theme.hstatic.net/1000230347/1000782290/14/product-placeholder.png?v=26572*****https://theme.hstatic.net/1000230347/1000782290/14/product-placeholder.png?v=26572*****https://theme.hstatic.net/1000230347/1000782290/14/product-placeholder.png?v=26572*****https://theme.hstatic.net/1000230347/1000782290/14/product-placeholder.png?v=26572*****https://theme.hstatic.net/1000230347/1000782290/14/product-placeholder.png?v=26572*****https://theme.hstatic.net/1000230347/1000782290/14/product-placeholder.png?v=26572*****https://theme.hstatic.net/1000230347/1000782290/14/product-placeholder.png?v=26572*****https://theme.hstatic.net/1000230347/1000782290/14/product-placeholder.png?v=26572,"140,000₫",,https://thienlong.vn/products/combo-10-tap-hoc-sinh-thien-long-diem-10-tp-nb-053
392,Combo 10 Tập học sinh 96 trang 4 ô ly vuông 100 gsm Điểm 10 TP-NB061 (hình ngẫu nhiên),60001167CB10,Điểm 10,https://theme.hstatic.net/1000230347/1000782290/14/product-placeholder.png?v=26572*****https://theme.hstatic.net/1000230347/1000782290/14/product-placeholder.png?v=26572*****https://theme.hstatic.net/1000230347/1000782290/14/product-placeholder.png?v=26572*****https://theme.hstatic.net/1000230347/1000782290/14/product-placeholder.png?v=26572*****https://theme.hstatic.net/1000230347/1000782290/14/product-placeholder.png?v=26572*****https://theme.hstatic.net/1000230347/1000782290/14/product-placeholder.png?v=26572*****https://theme.hstatic.net/1000230347/1000782290/14/product-placeholder.png?v=26572*****https://theme.hstatic.net/1000230347/1000782290/14/product-placeholder.png?v=26572*****https://theme.hstatic.net/1000230347/1000782290/14/product-placeholder.png?v=26572*****https://theme.hstatic.net/1000230347/1000782290/14/product-placeholder.png?v=26572*****https://theme.hstatic.net/1000230347/1000782290/14/product-placeholder.png?v=26572*****https://theme.hstatic.net/1000230347/1000782290/14/product-placeholder.png?v=26572*****https://theme.hstatic.net/1000230347/1000782290/14/product-placeholder.png?v=26572*****https://theme.hstatic.net/1000230347/1000782290/14/product-placeholder.png?v=26572*****https://theme.hstatic.net/1000230347/1000782290/14/product-placeholder.png?v=26572*****https://theme.hstatic.net/1000230347/1000782290/14/product-placeholder.png?v=26572*****https://theme.hstatic.net/1000230347/1000782290/14/product-placeholder.png?v=26572*****https://theme.hstatic.net/1000230347/1000782290/14/product-placeholder.png?v=26572*****https://theme.hstatic.net/1000230347/1000782290/14/product-placeholder.png?v=26572*****https://theme.hstatic.net/1000230347/1000782290/14/product-placeholder.png?v=26572*****https://theme.hstatic.net/1000230347/1000782290/14/product-placeholder.png?v=26572*****https://theme.hstatic.net/1000230347/1000782290/14/product-placeholder.png?v=26572*****https://theme.hstatic.net/1000230347/1000782290/14/product-placeholder.png?v=26572*****https://theme.hstatic.net/1000230347/1000782290/14/product-placeholder.png?v=26572*****https://theme.hstatic.net/1000230347/1000782290/14/product-placeholder.png?v=26572*****https://theme.hstatic.net/1000230347/1000782290/14/product-placeholder.png?v=26572*****https://theme.hstatic.net/1000230347/1000782290/14/product-placeholder.png?v=26572*****https://theme.hstatic.net/1000230347/1000782290/14/product-placeholder.png?v=26572*****https://theme.hstatic.net/1000230347/1000782290/14/product-placeholder.png?v=26572*****https://theme.hstatic.net/1000230347/1000782290/14/product-placeholder.png?v=26572,"170,000₫",,https://thienlong.vn/products/combo-10-tap-hoc-sinh-96-trang-thien-long-diem-10-nb-061
393,Combo 10 Tập học sinh 200 trang 4 ô ly ngang Điểm 10 TP-NB049 (hình ngẫu nhiên),60001169CB10,Điểm 10,https://theme.hstatic.net/1000230347/1000782290/14/product-placeholder.png?v=26572*****https://theme.hstatic.net/1000230347/1000782290/14/product-placeholder.png?v=26572*****https://theme.hstatic.net/1000230347/1000782290/14/product-placeholder.png?v=26572*****https://theme.hstatic.net/1000230347/1000782290/14/product-placeholder.png?v=26572*****https://theme.hstatic.net/1000230347/1000782290/14/product-placeholder.png?v=26572*****https://theme.hstatic.net/1000230347/1000782290/14/product-placeholder.png?v=26572*****https://theme.hstatic.net/1000230347/1000782290/14/product-placeholder.png?v=26572*****https://theme.hstatic.net/1000230347/1000782290/14/product-placeholder.png?v=26572*****https://theme.hstatic.net/1000230347/1000782290/14/product-placeholder.png?v=26572*****https://theme.hstatic.net/1000230347/1000782290/14/product-placeholder.png?v=26572*****https://theme.hstatic.net/1000230347/1000782290/14/product-placeholder.png?v=26572*****https://theme.hstatic.net/1000230347/1000782290/14/product-placeholder.png?v=26572*****https://theme.hstatic.net/1000230347/1000782290/14/product-placeholder.png?v=26572*****https://theme.hstatic.net/1000230347/1000782290/14/product-placeholder.png?v=26572*****https://theme.hstatic.net/1000230347/1000782290/14/product-placeholder.png?v=26572*****https://theme.hstatic.net/1000230347/1000782290/14/product-placeholder.png?v=26572*****https://theme.hstatic.net/1000230347/1000782290/14/product-placeholder.png?v=26572*****https://theme.hstatic.net/1000230347/1000782290/14/product-placeholder.png?v=26572*****https://theme.hstatic.net/1000230347/1000782290/14/product-placeholder.png?v=26572,"220,000₫",,https://thienlong.vn/products/combo-10-tap-hoc-sinh-200-trang-thien-long-diem-10-nb-049
394,Combo 5 Tập học sinh 96 trang Điểm 10 TP-NB053 (hình ngẫu nhiên),60001171CB5,Điểm 10,https://theme.hstatic.net/1000230347/1000782290/14/product-placeholder.png?v=26572*****https://theme.hstatic.net/1000230347/1000782290/14/product-placeholder.png?v=26572*****https://theme.hstatic.net/1000230347/1000782290/14/product-placeholder.png?v=26572*****https://theme.hstatic.net/1000230347/1000782290/14/product-placeholder.png?v=26572*****https://theme.hstatic.net/1000230347/1000782290/14/product-placeholder.png?v=26572*****https://theme.hstatic.net/1000230347/1000782290/14/product-placeholder.png?v=26572*****https://theme.hstatic.net/1000230347/1000782290/14/product-placeholder.png?v=26572*****https://theme.hstatic.net/1000230347/1000782290/14/product-placeholder.png?v=26572*****https://theme.hstatic.net/1000230347/1000782290/14/product-placeholder.png?v=26572*****https://theme.hstatic.net/1000230347/1000782290/14/product-placeholder.png?v=26572*****https://theme.hstatic.net/1000230347/1000782290/14/product-placeholder.png?v=26572*****https://theme.hstatic.net/1000230347/1000782290/14/product-placeholder.png?v=26572*****https://theme.hstatic.net/1000230347/1000782290/14/product-placeholder.png?v=26572*****https://theme.hstatic.net/1000230347/1000782290/14/product-placeholder.png?v=26572*****https://theme.hstatic.net/1000230347/1000782290/14/product-placeholder.png?v=26572*****https://theme.hstatic.net/1000230347/1000782290/14/product-placeholder.png?v=26572*****https://theme.hstatic.net/1000230347/1000782290/14/product-placeholder.png?v=26572*****https://theme.hstatic.net/1000230347/1000782290/14/product-placeholder.png?v=26572,"70,000₫",,https://thienlong.vn/products/combo-5-tap-hoc-sinh-thien-long-diem-10-tp-nb-053
395,Combo 5 Tập học sinh 96 trang 4 ô ly vuông 100 gsm Điểm 10 TP-NB061 (hình ngẫu nhiên),60001167CB5,Điểm 10,https://theme.hstatic.net/1000230347/1000782290/14/product-placeholder.png?v=26572*****https://theme.hstatic.net/1000230347/1000782290/14/product-placeholder.png?v=26572*****https://theme.hstatic.net/1000230347/1000782290/14/product-placeholder.png?v=26572*****https://theme.hstatic.net/1000230347/1000782290/14/product-placeholder.png?v=26572*****https://theme.hstatic.net/1000230347/1000782290/14/product-placeholder.png?v=26572*****https://theme.hstatic.net/1000230347/1000782290/14/product-placeholder.png?v=26572*****https://theme.hstatic.net/1000230347/1000782290/14/product-placeholder.png?v=26572*****https://theme.hstatic.net/1000230347/1000782290/14/product-placeholder.png?v=26572*****https://theme.hstatic.net/1000230347/1000782290/14/product-placeholder.png?v=26572*****https://theme.hstatic.net/1000230347/1000782290/14/product-placeholder.png?v=26572*****https://theme.hstatic.net/1000230347/1000782290/14/product-placeholder.png?v=26572*****https://theme.hstatic.net/1000230347/1000782290/14/product-placeholder.png?v=26572*****https://theme.hstatic.net/1000230347/1000782290/14/product-placeholder.png?v=26572*****https://theme.hstatic.net/1000230347/1000782290/14/product-placeholder.png?v=26572*****https://theme.hstatic.net/1000230347/1000782290/14/product-placeholder.png?v=26572*****https://theme.hstatic.net/1000230347/1000782290/14/product-placeholder.png?v=26572*****https://theme.hstatic.net/1000230347/1000782290/14/product-placeholder.png?v=26572*****https://theme.hstatic.net/1000230347/1000782290/14/product-placeholder.png?v=26572*****https://theme.hstatic.net/1000230347/1000782290/14/product-placeholder.png?v=26572*****https://theme.hstatic.net/1000230347/1000782290/14/product-placeholder.png?v=26572*****https://theme.hstatic.net/1000230347/1000782290/14/product-placeholder.png?v=26572*****https://theme.hstatic.net/1000230347/1000782290/14/product-placeholder.png?v=26572*****https://theme.hstatic.net/1000230347/1000782290/14/product-placeholder.png?v=26572*****https://theme.hstatic.net/1000230347/1000782290/14/product-placeholder.png?v=26572*****https://theme.hstatic.net/1000230347/1000782290/14/product-placeholder.png?v=26572*****https://theme.hstatic.net/1000230347/1000782290/14/product-placeholder.png?v=26572*****https://theme.hstatic.net/1000230347/1000782290/14/product-placeholder.png?v=26572*****https://theme.hstatic.net/1000230347/1000782290/14/product-placeholder.png?v=26572*****https://theme.hstatic.net/1000230347/1000782290/14/product-placeholder.png?v=26572*****https://theme.hstatic.net/1000230347/1000782290/14/product-placeholder.png?v=26572,"85,000₫",,https://thienlong.vn/products/combo-5-tap-hoc-sinh-96-trang-thien-long-diem-10-nb-061
396,Combo 5 Tập học sinh 200 trang 4 ô ly ngang Điểm 10 TP-NB049 (hình ngẫu nhiên),60001169CB5,Điểm 10,https://theme.hstatic.net/1000230347/1000782290/14/product-placeholder.png?v=26572*****https://theme.hstatic.net/1000230347/1000782290/14/product-placeholder.png?v=26572*****https://theme.hstatic.net/1000230347/1000782290/14/product-placeholder.png?v=26572*****https://theme.hstatic.net/1000230347/1000782290/14/product-placeholder.png?v=26572*****https://theme.hstatic.net/1000230347/1000782290/14/product-placeholder.png?v=26572*****https://theme.hstatic.net/1000230347/1000782290/14/product-placeholder.png?v=26572*****https://theme.hstatic.net/1000230347/1000782290/14/product-placeholder.png?v=26572*****https://theme.hstatic.net/1000230347/1000782290/14/product-placeholder.png?v=26572*****https://theme.hstatic.net/1000230347/1000782290/14/product-placeholder.png?v=26572*****https://theme.hstatic.net/1000230347/1000782290/14/product-placeholder.png?v=26572*****https://theme.hstatic.net/1000230347/1000782290/14/product-placeholder.png?v=26572*****https://theme.hstatic.net/1000230347/1000782290/14/product-placeholder.png?v=26572*****https://theme.hstatic.net/1000230347/1000782290/14/product-placeholder.png?v=26572*****https://theme.hstatic.net/1000230347/1000782290/14/product-placeholder.png?v=26572*****https://theme.hstatic.net/1000230347/1000782290/14/product-placeholder.png?v=26572*****https://theme.hstatic.net/1000230347/1000782290/14/product-placeholder.png?v=26572*****https://theme.hstatic.net/1000230347/1000782290/14/product-placeholder.png?v=26572*****https://theme.hstatic.net/1000230347/1000782290/14/product-placeholder.png?v=26572*****https://theme.hstatic.net/1000230347/1000782290/14/product-placeholder.png?v=26572,"110,000₫",,https://thienlong.vn/products/combo-5-tap-hoc-sinh-200-trang-thien-long-diem-10-nb-049
397,Gôm tẩy nhân vật hoạt hình Công chúa Ariel Disney Thiên Long E-033/PR,50012669,Thiên Long,https://theme.hstatic.net/1000230347/1000782290/14/product-placeholder.png?v=26572*****https://theme.hstatic.net/1000230347/1000782290/14/product-placeholder.png?v=26572*****https://theme.hstatic.net/1000230347/1000782290/14/product-placeholder.png?v=26572*****https://theme.hstatic.net/1000230347/1000782290/14/product-placeholder.png?v=26572*****https://theme.hstatic.net/1000230347/1000782290/14/product-placeholder.png?v=26572*****https://theme.hstatic.net/1000230347/1000782290/14/product-placeholder.png?v=26572*****https://theme.hstatic.net/1000230347/1000782290/14/product-placeholder.png?v=26572*****https://theme.hstatic.net/1000230347/1000782290/14/product-placeholder.png?v=26572*****https://theme.hstatic.net/1000230347/1000782290/14/product-placeholder.png?v=26572*****https://theme.hstatic.net/1000230347/1000782290/14/product-placeholder.png?v=26572*****https://theme.hstatic.net/1000230347/1000782290/14/product-placeholder.png?v=26572*****https://theme.hstatic.net/1000230347/1000782290/14/product-placeholder.png?v=26572*****https://theme.hstatic.net/1000230347/1000782290/14/product-placeholder.png?v=26572*****https://theme.hstatic.net/1000230347/1000782290/14/product-placeholder.png?v=26572*****https://theme.hstatic.net/1000230347/1000782290/14/product-placeholder.png?v=26572*****https://theme.hstatic.net/1000230347/1000782290/14/product-placeholder.png?v=26572*****https://theme.hstatic.net/1000230347/1000782290/14/product-placeholder.png?v=26572*****https://theme.hstatic.net/1000230347/1000782290/14/product-placeholder.png?v=26572*****https://theme.hstatic.net/1000230347/1000782290/14/product-placeholder.png?v=26572*****https://theme.hstatic.net/1000230347/1000782290/14/product-placeholder.png?v=26572*****https://theme.hstatic.net/1000230347/1000782290/14/product-placeholder.png?v=26572*****https://theme.hstatic.net/1000230347/1000782290/14/product-placeholder.png?v=26572*****https://theme.hstatic.net/1000230347/1000782290/14/product-placeholder.png?v=26572,"6,400₫",,https://thienlong.vn/products/gom-tay-nhan-vat-hoat-hinh-cong-chua-ariel-disney-thien-long-e-033-pr
398,Gôm tẩy nhân vật hoạt hình Gấu Pooh Disney Thiên Long E-032/PO,50012668,Thiên Long,https://theme.hstatic.net/1000230347/1000782290/14/product-placeholder.png?v=26572*****https://theme.hstatic.net/1000230347/1000782290/14/product-placeholder.png?v=26572*****https://theme.hstatic.net/1000230347/1000782290/14/product-placeholder.png?v=26572*****https://theme.hstatic.net/1000230347/1000782290/14/product-placeholder.png?v=26572*****https://theme.hstatic.net/1000230347/1000782290/14/product-placeholder.png?v=26572*****https://theme.hstatic.net/1000230347/1000782290/14/product-placeholder.png?v=26572*****https://theme.hstatic.net/1000230347/1000782290/14/product-placeholder.png?v=26572*****https://theme.hstatic.net/1000230347/1000782290/14/product-placeholder.png?v=26572*****https://theme.hstatic.net/1000230347/1000782290/14/product-placeholder.png?v=26572*****https://theme.hstatic.net/1000230347/1000782290/14/product-placeholder.png?v=26572*****https://theme.hstatic.net/1000230347/1000782290/14/product-placeholder.png?v=26572*****https://theme.hstatic.net/1000230347/1000782290/14/product-placeholder.png?v=26572*****https://theme.hstatic.net/1000230347/1000782290/14/product-placeholder.png?v=26572*****https://theme.hstatic.net/1000230347/1000782290/14/product-placeholder.png?v=26572*****https://theme.hstatic.net/1000230347/1000782290/14/product-placeholder.png?v=26572*****https://theme.hstatic.net/1000230347/1000782290/14/product-placeholder.png?v=26572*****https://theme.hstatic.net/1000230347/1000782290/14/product-placeholder.png?v=26572*****https://theme.hstatic.net/1000230347/1000782290/14/product-placeholder.png?v=26572*****https://theme.hstatic.net/1000230347/1000782290/14/product-placeholder.png?v=26572*****https://theme.hstatic.net/1000230347/1000782290/14/product-placeholder.png?v=26572*****https://theme.hstatic.net/1000230347/1000782290/14/product-placeholder.png?v=26572*****https://theme.hstatic.net/1000230347/1000782290/14/product-placeholder.png?v=26572*****https://theme.hstatic.net/1000230347/1000782290/14/product-placeholder.png?v=26572,"6,400₫",,https://thienlong.vn/products/gom-tay-nhan-vat-hoat-hinh-gau-pooh-disney-thien-long-e-032-po
399,Túi 10 Bìa bao Tập sinh viên Thiên Long NBC-005,60013841CB10,Thiên Long,https://theme.hstatic.net/1000230347/1000782290/14/product-placeholder.png?v=26572*****https://theme.hstatic.net/1000230347/1000782290/14/product-placeholder.png?v=26572*****https://theme.hstatic.net/1000230347/1000782290/14/product-placeholder.png?v=26572*****https://theme.hstatic.net/1000230347/1000782290/14/product-placeholder.png?v=26572,"15,000₫",,https://thienlong.vn/products/bia-bao-tap-sinh-vien-thien-long-nbc-005
400,"Máy tính khoa học Thiên Long Flexio Fx799VN, 4 màu pastel mới, bảo hành 7 năm, 1 đổi 1 trong 1 năm đầu",60020830,Flexio,https://theme.hstatic.net/1000230347/1000782290/14/product-placeholder.png?v=26572*****https://theme.hstatic.net/1000230347/1000782290/14/product-placeholder.png?v=26572*****https://theme.hstatic.net/1000230347/1000782290/14/product-placeholder.png?v=26572*****https://theme.hstatic.net/1000230347/1000782290/14/product-placeholder.png?v=26572*****https://theme.hstatic.net/1000230347/1000782290/14/product-placeholder.png?v=26572*****https://theme.hstatic.net/1000230347/1000782290/14/product-placeholder.png?v=26572*****https://theme.hstatic.net/1000230347/1000782290/14/product-placeholder.png?v=26572*****https://theme.hstatic.net/1000230347/1000782290/14/product-placeholder.png?v=26572*****https://theme.hstatic.net/1000230347/1000782290/14/product-placeholder.png?v=26572*****https://theme.hstatic.net/1000230347/1000782290/14/product-placeholder.png?v=26572*****https://theme.hstatic.net/1000230347/1000782290/14/product-placeholder.png?v=26572*****https://theme.hstatic.net/1000230347/1000782290/14/product-placeholder.png?v=26572,"
						
						856,000₫
						
					",,https://thienlong.vn/products/may-tinh-khoa-hoc-thien-long-flexio-fx799vn
401,Máy tính khoa học Thiên Long Flexio Fx680VN Plus,60014343,Flexio,https://theme.hstatic.net/1000230347/1000782290/14/product-placeholder.png?v=26572*****https://theme.hstatic.net/1000230347/1000782290/14/product-placeholder.png?v=26572*****https://theme.hstatic.net/1000230347/1000782290/14/product-placeholder.png?v=26572*****https://theme.hstatic.net/1000230347/1000782290/14/product-placeholder.png?v=26572*****https://theme.hstatic.net/1000230347/1000782290/14/product-placeholder.png?v=26572*****https://theme.hstatic.net/1000230347/1000782290/14/product-placeholder.png?v=26572*****https://theme.hstatic.net/1000230347/1000782290/14/product-placeholder.png?v=26572*****https://theme.hstatic.net/1000230347/1000782290/14/product-placeholder.png?v=26572*****https://theme.hstatic.net/1000230347/1000782290/14/product-placeholder.png?v=26572*****https://theme.hstatic.net/1000230347/1000782290/14/product-placeholder.png?v=26572,"
						
						790,400₫
						
					",,https://thienlong.vn/products/may-tinh-khoa-hoc-thien-long-flexio-fx680vn-plus
402,Gôm tẩy Creativ Thiên Long E-031 - tiêu chuẩn châu Âu,50012399,Thiên Long,https://theme.hstatic.net/1000230347/1000782290/14/product-placeholder.png?v=26572*****https://theme.hstatic.net/1000230347/1000782290/14/product-placeholder.png?v=26572*****https://theme.hstatic.net/1000230347/1000782290/14/product-placeholder.png?v=26572*****https://theme.hstatic.net/1000230347/1000782290/14/product-placeholder.png?v=26572*****https://theme.hstatic.net/1000230347/1000782290/14/product-placeholder.png?v=26572*****https://theme.hstatic.net/1000230347/1000782290/14/product-placeholder.png?v=26572*****https://theme.hstatic.net/1000230347/1000782290/14/product-placeholder.png?v=26572,"6,900₫",,https://thienlong.vn/products/gom-tay-creativ-thien-long-e-031-tieu-chuan-chau-au
403,Bút chì gỗ 2B Thiên Long GP-027,60001743,Thiên Long,https://theme.hstatic.net/1000230347/1000782290/14/product-placeholder.png?v=26572*****https://theme.hstatic.net/1000230347/1000782290/14/product-placeholder.png?v=26572*****https://theme.hstatic.net/1000230347/1000782290/14/product-placeholder.png?v=26572*****https://theme.hstatic.net/1000230347/1000782290/14/product-placeholder.png?v=26572*****https://theme.hstatic.net/1000230347/1000782290/14/product-placeholder.png?v=26572,"4,100₫",,https://thienlong.vn/products/but-chi-go-2b-thien-long-gp-027
404,Tập học sinh 120 trang dòng kẻ ngang 60 gsm Thiên Long NB-096 (hình ngẫu nhiên),60000982,Thiên Long,https://theme.hstatic.net/1000230347/1000782290/14/product-placeholder.png?v=26572*****https://theme.hstatic.net/1000230347/1000782290/14/product-placeholder.png?v=26572*****https://theme.hstatic.net/1000230347/1000782290/14/product-placeholder.png?v=26572*****https://theme.hstatic.net/1000230347/1000782290/14/product-placeholder.png?v=26572*****https://theme.hstatic.net/1000230347/1000782290/14/product-placeholder.png?v=26572,"19,000₫",,https://thienlong.vn/products/tap-hoc-sinh-120-trang-dong-ke-ngang-60-gsm-thien-long-nb-096-hinh-ngau-nhien
405,Thước nhựa thẳng màu Pastel dài 20 cm Thiên Long Pazto SR-010 - Màu ngẫu nhiên,50011428,Thiên Long,https://theme.hstatic.net/1000230347/1000782290/14/product-placeholder.png?v=26572*****https://theme.hstatic.net/1000230347/1000782290/14/product-placeholder.png?v=26572*****https://theme.hstatic.net/1000230347/1000782290/14/product-placeholder.png?v=26572*****https://theme.hstatic.net/1000230347/1000782290/14/product-placeholder.png?v=26572*****https://theme.hstatic.net/1000230347/1000782290/14/product-placeholder.png?v=26572*****https://theme.hstatic.net/1000230347/1000782290/14/product-placeholder.png?v=26572*****https://theme.hstatic.net/1000230347/1000782290/14/product-placeholder.png?v=26572*****https://theme.hstatic.net/1000230347/1000782290/14/product-placeholder.png?v=26572*****https://theme.hstatic.net/1000230347/1000782290/14/product-placeholder.png?v=26572,"6,300₫",,https://thienlong.vn/products/thuoc-nhua-thang-mau-pastel-dai-20-cm-thien-long-sr-010
406,Gôm tẩy không mùi Pastel Pazto Thiên Long E-010,50011427,Thiên Long,https://theme.hstatic.net/1000230347/1000782290/14/product-placeholder.png?v=26572*****https://theme.hstatic.net/1000230347/1000782290/14/product-placeholder.png?v=26572*****https://theme.hstatic.net/1000230347/1000782290/14/product-placeholder.png?v=26572*****https://theme.hstatic.net/1000230347/1000782290/14/product-placeholder.png?v=26572*****https://theme.hstatic.net/1000230347/1000782290/14/product-placeholder.png?v=26572*****https://theme.hstatic.net/1000230347/1000782290/14/product-placeholder.png?v=26572*****https://theme.hstatic.net/1000230347/1000782290/14/product-placeholder.png?v=26572*****https://theme.hstatic.net/1000230347/1000782290/14/product-placeholder.png?v=26572*****https://theme.hstatic.net/1000230347/1000782290/14/product-placeholder.png?v=26572*****https://theme.hstatic.net/1000230347/1000782290/14/product-placeholder.png?v=26572*****https://theme.hstatic.net/1000230347/1000782290/14/product-placeholder.png?v=26572*****https://theme.hstatic.net/1000230347/1000782290/14/product-placeholder.png?v=26572*****https://theme.hstatic.net/1000230347/1000782290/14/product-placeholder.png?v=26572*****https://theme.hstatic.net/1000230347/1000782290/14/product-placeholder.png?v=26572*****https://theme.hstatic.net/1000230347/1000782290/14/product-placeholder.png?v=26572*****https://theme.hstatic.net/1000230347/1000782290/14/product-placeholder.png?v=26572*****https://theme.hstatic.net/1000230347/1000782290/14/product-placeholder.png?v=26572*****https://theme.hstatic.net/1000230347/1000782290/14/product-placeholder.png?v=26572*****https://theme.hstatic.net/1000230347/1000782290/14/product-placeholder.png?v=26572,"5,800₫",,https://thienlong.vn/products/gom-tay-khong-mui-pastel-pazto-thien-long-e-010
407,Giấy kiểm tra Thiên Long Điểm 10 TP-GKT07 - 4 ô ly vuông,60001246,Điểm 10,https://theme.hstatic.net/1000230347/1000782290/14/product-placeholder.png?v=26572*****https://theme.hstatic.net/1000230347/1000782290/14/product-placeholder.png?v=26572*****https://theme.hstatic.net/1000230347/1000782290/14/product-placeholder.png?v=26572*****https://theme.hstatic.net/1000230347/1000782290/14/product-placeholder.png?v=26572,"16,000₫",,https://thienlong.vn/products/giay-kiem-tra-thien-long-diem-10-tp-gkt07-4-o-ly-vuong
408,Combo 5 Bút chì bấm Điểm 10 TP-PC01,60001866CB5,Điểm 10,https://theme.hstatic.net/1000230347/1000782290/14/product-placeholder.png?v=26572*****https://theme.hstatic.net/1000230347/1000782290/14/product-placeholder.png?v=26572*****https://theme.hstatic.net/1000230347/1000782290/14/product-placeholder.png?v=26572*****https://theme.hstatic.net/1000230347/1000782290/14/product-placeholder.png?v=26572*****https://theme.hstatic.net/1000230347/1000782290/14/product-placeholder.png?v=26572*****https://theme.hstatic.net/1000230347/1000782290/14/product-placeholder.png?v=26572*****https://theme.hstatic.net/1000230347/1000782290/14/product-placeholder.png?v=26572*****https://theme.hstatic.net/1000230347/1000782290/14/product-placeholder.png?v=26572,"47,000₫",,https://thienlong.vn/products/combo-5-but-chi-bam-diem-10-tp-pc01
409,Combo 5 Bút chì gỗ Điểm 10 TP-GP015,60001669CB5,Điểm 10,https://theme.hstatic.net/1000230347/1000782290/14/product-placeholder.png?v=26572*****https://theme.hstatic.net/1000230347/1000782290/14/product-placeholder.png?v=26572*****https://theme.hstatic.net/1000230347/1000782290/14/product-placeholder.png?v=26572*****https://theme.hstatic.net/1000230347/1000782290/14/product-placeholder.png?v=26572*****https://theme.hstatic.net/1000230347/1000782290/14/product-placeholder.png?v=26572*****https://theme.hstatic.net/1000230347/1000782290/14/product-placeholder.png?v=26572,"34,500₫",,https://thienlong.vn/products/combo-5-but-chi-go-diem-10-tp-gp015
410,Combo 5 Bút chì gỗ 2B Flexoffice FO-GP06/VN,63021970CB5,Flexoffice,https://theme.hstatic.net/1000230347/1000782290/14/product-placeholder.png?v=26572*****https://theme.hstatic.net/1000230347/1000782290/14/product-placeholder.png?v=26572*****https://theme.hstatic.net/1000230347/1000782290/14/product-placeholder.png?v=26572*****https://theme.hstatic.net/1000230347/1000782290/14/product-placeholder.png?v=26572*****https://theme.hstatic.net/1000230347/1000782290/14/product-placeholder.png?v=26572*****https://theme.hstatic.net/1000230347/1000782290/14/product-placeholder.png?v=26572*****https://theme.hstatic.net/1000230347/1000782290/14/product-placeholder.png?v=26572,"21,500₫",,https://thienlong.vn/products/combo-5-but-chi-go-2b-flexoffice-fo-gp06-vn
411,Combo 5 Bút chì gỗ HB Flexoffice FO-GP07/VN,63021971CB5,Flexoffice,https://theme.hstatic.net/1000230347/1000782290/14/product-placeholder.png?v=26572*****https://theme.hstatic.net/1000230347/1000782290/14/product-placeholder.png?v=26572*****https://theme.hstatic.net/1000230347/1000782290/14/product-placeholder.png?v=26572*****https://theme.hstatic.net/1000230347/1000782290/14/product-placeholder.png?v=26572*****https://theme.hstatic.net/1000230347/1000782290/14/product-placeholder.png?v=26572*****https://theme.hstatic.net/1000230347/1000782290/14/product-placeholder.png?v=26572*****https://theme.hstatic.net/1000230347/1000782290/14/product-placeholder.png?v=26572,"22,500₫",,https://thienlong.vn/products/combo-5-but-chi-go-hb-flexoffice-fo-gp07-vn
412,Combo 5 Bút chì gỗ Thiên Long GP-018,60000638CB5,Thiên Long,https://theme.hstatic.net/1000230347/1000782290/14/product-placeholder.png?v=26572,"25,000₫",,https://thienlong.vn/products/combo-5-but-chi-go-thien-long-gp-018
413,Combo 5 Bút chì gỗ HB Flexoffice FO-GP03,63019783CB5,Flexoffice,https://theme.hstatic.net/1000230347/1000782290/14/product-placeholder.png?v=26572*****https://theme.hstatic.net/1000230347/1000782290/14/product-placeholder.png?v=26572*****https://theme.hstatic.net/1000230347/1000782290/14/product-placeholder.png?v=26572*****https://theme.hstatic.net/1000230347/1000782290/14/product-placeholder.png?v=26572*****https://theme.hstatic.net/1000230347/1000782290/14/product-placeholder.png?v=26572,"21,500₫",,https://thienlong.vn/products/combo-5-but-chi-go-hb-flexoffice-fo-gp03
414,Combo 5 Bút chì mỹ thuật Thiên Long 5B GP-024,60000906CB5,Thiên Long,https://theme.hstatic.net/1000230347/1000782290/14/product-placeholder.png?v=26572*****https://theme.hstatic.net/1000230347/1000782290/14/product-placeholder.png?v=26572,"41,500₫",,https://thienlong.vn/products/combo-5-but-chi-my-thuat-thien-long-5b-gp-024
415,Bút chì bấm Mechanical Thiên Long PC-003 2mm,60002023,Thiên Long,https://theme.hstatic.net/1000230347/1000782290/14/product-placeholder.png?v=26572*****https://theme.hstatic.net/1000230347/1000782290/14/product-placeholder.png?v=26572*****https://theme.hstatic.net/1000230347/1000782290/14/product-placeholder.png?v=26572*****https://theme.hstatic.net/1000230347/1000782290/14/product-placeholder.png?v=26572*****https://theme.hstatic.net/1000230347/1000782290/14/product-placeholder.png?v=26572*****https://theme.hstatic.net/1000230347/1000782290/14/product-placeholder.png?v=26572*****https://theme.hstatic.net/1000230347/1000782290/14/product-placeholder.png?v=26572*****https://theme.hstatic.net/1000230347/1000782290/14/product-placeholder.png?v=26572,"5,800₫",,https://thienlong.vn/products/but-chi-bam-mechanical-thien-long-pc-003-2mm
416,Bút chì gỗ Thiên Long Điểm 10 2B TP-GP009/DO,60001744,Điểm 10,https://theme.hstatic.net/1000230347/1000782290/14/product-placeholder.png?v=26572*****https://theme.hstatic.net/1000230347/1000782290/14/product-placeholder.png?v=26572*****https://theme.hstatic.net/1000230347/1000782290/14/product-placeholder.png?v=26572*****https://theme.hstatic.net/1000230347/1000782290/14/product-placeholder.png?v=26572*****https://theme.hstatic.net/1000230347/1000782290/14/product-placeholder.png?v=26572*****https://theme.hstatic.net/1000230347/1000782290/14/product-placeholder.png?v=26572*****https://theme.hstatic.net/1000230347/1000782290/14/product-placeholder.png?v=26572*****https://theme.hstatic.net/1000230347/1000782290/14/product-placeholder.png?v=26572,"7,300₫",,https://thienlong.vn/products/but-chi-go-thien-long-diem-10-2b-tp-gp009-do
417,Giấy kiểm tra Thiên Long Điểm 10 TP-GKT08 - 5 ô ly vuông,60001247,Điểm 10,https://theme.hstatic.net/1000230347/1000782290/14/product-placeholder.png?v=26572*****https://theme.hstatic.net/1000230347/1000782290/14/product-placeholder.png?v=26572,"16,000₫",,https://thienlong.vn/products/giay-kiem-tra-thien-long-diem-10-tp-gkt08-5-o-ly-vuong-1
418,Keo đa năng 502 Thiên Long Flexoffice FO-SG001/VN - Siêu dính,60002114,Flexoffice,https://theme.hstatic.net/1000230347/1000782290/14/product-placeholder.png?v=26572*****https://theme.hstatic.net/1000230347/1000782290/14/product-placeholder.png?v=26572*****https://theme.hstatic.net/1000230347/1000782290/14/product-placeholder.png?v=26572*****https://theme.hstatic.net/1000230347/1000782290/14/product-placeholder.png?v=26572,"7,400₫",,https://thienlong.vn/products/keo-da-nang-502-thien-long-flexoffice-fo-sg001-vn
419,Giấy kiểm tra Thiên Long Điểm 10 TP-GKT09 - 4 ô ly ngang,60001248,Điểm 10,https://theme.hstatic.net/1000230347/1000782290/14/product-placeholder.png?v=26572*****https://theme.hstatic.net/1000230347/1000782290/14/product-placeholder.png?v=26572*****https://theme.hstatic.net/1000230347/1000782290/14/product-placeholder.png?v=26572*****https://theme.hstatic.net/1000230347/1000782290/14/product-placeholder.png?v=26572*****https://theme.hstatic.net/1000230347/1000782290/14/product-placeholder.png?v=26572*****https://theme.hstatic.net/1000230347/1000782290/14/product-placeholder.png?v=26572,"16,000₫",,https://thienlong.vn/products/giay-kiem-tra-thien-long-diem-10-tp-gkt09-4-o-ly-ngang
420,Giấy kiểm tra Thiên Long Điểm 10 TP-GKT06 - Dòng kẻ ngang,60001245,Điểm 10,https://theme.hstatic.net/1000230347/1000782290/14/product-placeholder.png?v=26572*****https://theme.hstatic.net/1000230347/1000782290/14/product-placeholder.png?v=26572*****https://theme.hstatic.net/1000230347/1000782290/14/product-placeholder.png?v=26572*****https://theme.hstatic.net/1000230347/1000782290/14/product-placeholder.png?v=26572*****https://theme.hstatic.net/1000230347/1000782290/14/product-placeholder.png?v=26572,"22,000₫",,https://thienlong.vn/products/giay-kiem-tra-thien-long-diem-10-tp-gkt06-dong-ke-ngang
421,Giấy kiểm tra Thiên Long Điểm 10 TP-GKT05 - Dòng kẻ ngang 7mm,60001244,Điểm 10,https://theme.hstatic.net/1000230347/1000782290/14/product-placeholder.png?v=26572*****https://theme.hstatic.net/1000230347/1000782290/14/product-placeholder.png?v=26572*****https://theme.hstatic.net/1000230347/1000782290/14/product-placeholder.png?v=26572*****https://theme.hstatic.net/1000230347/1000782290/14/product-placeholder.png?v=26572*****https://theme.hstatic.net/1000230347/1000782290/14/product-placeholder.png?v=26572,"19,000₫",,https://thienlong.vn/products/giay-kiem-tra-thien-long-diem-10-tp-gkt05-dong-ke-ngang-7mm
422,Thước thẳng Thiên Long Điểm 10 TP-SR032 15cm,50011031,Điểm 10,https://theme.hstatic.net/1000230347/1000782290/14/product-placeholder.png?v=26572*****https://theme.hstatic.net/1000230347/1000782290/14/product-placeholder.png?v=26572*****https://theme.hstatic.net/1000230347/1000782290/14/product-placeholder.png?v=26572*****https://theme.hstatic.net/1000230347/1000782290/14/product-placeholder.png?v=26572,"6,000₫",,https://thienlong.vn/products/thuoc-thang-thien-long-diem-10-tp-sr032-15cm
423,Bảng 2 mặt học Toán và Tiếng Việt theo chương trình Bộ Sách Giáo Khoa Chân Trời Sáng Tạo TP-B018 PLUS,50011064,Điểm 10,https://theme.hstatic.net/1000230347/1000782290/14/product-placeholder.png?v=26572*****https://theme.hstatic.net/1000230347/1000782290/14/product-placeholder.png?v=26572,"27,200₫",,https://thienlong.vn/products/bang-2-mat-hoc-toan-va-tieng-viet-theo-chuong-trinh-bo-sach-giao-khoa-chan-troi-sang-tao-tp-b018-plus
424,[Combo 10 cuốn] Tập học sinh 48 trang Điểm 10 TP-NB100  (hình ngẫu nhiên),60001195CB10,Điểm 10,https://theme.hstatic.net/1000230347/1000782290/14/product-placeholder.png?v=26572*****https://theme.hstatic.net/1000230347/1000782290/14/product-placeholder.png?v=26572*****https://theme.hstatic.net/1000230347/1000782290/14/product-placeholder.png?v=26572,"125,000₫",,https://thienlong.vn/products/combo-10-cuon-tap-hoc-sinh-48-trang-diem-10-tp-nb100-hinh-ngau-nhien
425,[Combo 5 cuốn] Tập học sinh 48 trang Điểm 10 TP-NB100  (hình ngẫu nhiên),60001195CB5,Điểm 10,https://theme.hstatic.net/1000230347/1000782290/14/product-placeholder.png?v=26572*****https://theme.hstatic.net/1000230347/1000782290/14/product-placeholder.png?v=26572*****https://theme.hstatic.net/1000230347/1000782290/14/product-placeholder.png?v=26572,"62,500₫",,https://thienlong.vn/products/combo-5-cuon-tap-hoc-sinh-48-trang-diem-10-tp-nb100-hinh-ngau-nhien
426,[Combo 10 cuốn] Tập học sinh 96 trang Điểm 10 TP-NB039 (hình ngẫu nhiên),60001162CB10,Điểm 10,https://theme.hstatic.net/1000230347/1000782290/14/product-placeholder.png?v=26572*****https://theme.hstatic.net/1000230347/1000782290/14/product-placeholder.png?v=26572*****https://theme.hstatic.net/1000230347/1000782290/14/product-placeholder.png?v=26572*****https://theme.hstatic.net/1000230347/1000782290/14/product-placeholder.png?v=26572*****https://theme.hstatic.net/1000230347/1000782290/14/product-placeholder.png?v=26572*****https://theme.hstatic.net/1000230347/1000782290/14/product-placeholder.png?v=26572*****https://theme.hstatic.net/1000230347/1000782290/14/product-placeholder.png?v=26572*****https://theme.hstatic.net/1000230347/1000782290/14/product-placeholder.png?v=26572*****https://theme.hstatic.net/1000230347/1000782290/14/product-placeholder.png?v=26572*****https://theme.hstatic.net/1000230347/1000782290/14/product-placeholder.png?v=26572*****https://theme.hstatic.net/1000230347/1000782290/14/product-placeholder.png?v=26572*****https://theme.hstatic.net/1000230347/1000782290/14/product-placeholder.png?v=26572*****https://theme.hstatic.net/1000230347/1000782290/14/product-placeholder.png?v=26572*****https://theme.hstatic.net/1000230347/1000782290/14/product-placeholder.png?v=26572*****https://theme.hstatic.net/1000230347/1000782290/14/product-placeholder.png?v=26572*****https://theme.hstatic.net/1000230347/1000782290/14/product-placeholder.png?v=26572*****https://theme.hstatic.net/1000230347/1000782290/14/product-placeholder.png?v=26572*****https://theme.hstatic.net/1000230347/1000782290/14/product-placeholder.png?v=26572*****https://theme.hstatic.net/1000230347/1000782290/14/product-placeholder.png?v=26572*****https://theme.hstatic.net/1000230347/1000782290/14/product-placeholder.png?v=26572*****https://theme.hstatic.net/1000230347/1000782290/14/product-placeholder.png?v=26572*****https://theme.hstatic.net/1000230347/1000782290/14/product-placeholder.png?v=26572*****https://theme.hstatic.net/1000230347/1000782290/14/product-placeholder.png?v=26572*****https://theme.hstatic.net/1000230347/1000782290/14/product-placeholder.png?v=26572*****https://theme.hstatic.net/1000230347/1000782290/14/product-placeholder.png?v=26572*****https://theme.hstatic.net/1000230347/1000782290/14/product-placeholder.png?v=26572,"100,000₫",,https://thienlong.vn/products/combo-10-cuon-tap-hoc-sinh-96-trang-diem-10-tp-nb039-hinh-ngau-nhien
427,[Combo 5 cuốn] Tập học sinh 96 trang Điểm 10 TP-NB039 (hình ngẫu nhiên),60001162CB5,Điểm 10,https://theme.hstatic.net/1000230347/1000782290/14/product-placeholder.png?v=26572*****https://theme.hstatic.net/1000230347/1000782290/14/product-placeholder.png?v=26572*****https://theme.hstatic.net/1000230347/1000782290/14/product-placeholder.png?v=26572*****https://theme.hstatic.net/1000230347/1000782290/14/product-placeholder.png?v=26572*****https://theme.hstatic.net/1000230347/1000782290/14/product-placeholder.png?v=26572*****https://theme.hstatic.net/1000230347/1000782290/14/product-placeholder.png?v=26572*****https://theme.hstatic.net/1000230347/1000782290/14/product-placeholder.png?v=26572*****https://theme.hstatic.net/1000230347/1000782290/14/product-placeholder.png?v=26572*****https://theme.hstatic.net/1000230347/1000782290/14/product-placeholder.png?v=26572*****https://theme.hstatic.net/1000230347/1000782290/14/product-placeholder.png?v=26572*****https://theme.hstatic.net/1000230347/1000782290/14/product-placeholder.png?v=26572*****https://theme.hstatic.net/1000230347/1000782290/14/product-placeholder.png?v=26572*****https://theme.hstatic.net/1000230347/1000782290/14/product-placeholder.png?v=26572*****https://theme.hstatic.net/1000230347/1000782290/14/product-placeholder.png?v=26572*****https://theme.hstatic.net/1000230347/1000782290/14/product-placeholder.png?v=26572*****https://theme.hstatic.net/1000230347/1000782290/14/product-placeholder.png?v=26572*****https://theme.hstatic.net/1000230347/1000782290/14/product-placeholder.png?v=26572*****https://theme.hstatic.net/1000230347/1000782290/14/product-placeholder.png?v=26572*****https://theme.hstatic.net/1000230347/1000782290/14/product-placeholder.png?v=26572*****https://theme.hstatic.net/1000230347/1000782290/14/product-placeholder.png?v=26572*****https://theme.hstatic.net/1000230347/1000782290/14/product-placeholder.png?v=26572*****https://theme.hstatic.net/1000230347/1000782290/14/product-placeholder.png?v=26572*****https://theme.hstatic.net/1000230347/1000782290/14/product-placeholder.png?v=26572*****https://theme.hstatic.net/1000230347/1000782290/14/product-placeholder.png?v=26572*****https://theme.hstatic.net/1000230347/1000782290/14/product-placeholder.png?v=26572*****https://theme.hstatic.net/1000230347/1000782290/14/product-placeholder.png?v=26572,"50,000₫",,https://thienlong.vn/products/combo-5-cuon-tap-hoc-sinh-96-trang-diem-10-tp-nb039-hinh-ngau-nhien
428,[Combo 10 cuốn] Tập học sinh 96 trang Điểm 10 TP-NB044 (hình ngẫu nhiên),60001161CB10,Điểm 10,https://theme.hstatic.net/1000230347/1000782290/14/product-placeholder.png?v=26572*****https://theme.hstatic.net/1000230347/1000782290/14/product-placeholder.png?v=26572*****https://theme.hstatic.net/1000230347/1000782290/14/product-placeholder.png?v=26572*****https://theme.hstatic.net/1000230347/1000782290/14/product-placeholder.png?v=26572*****https://theme.hstatic.net/1000230347/1000782290/14/product-placeholder.png?v=26572*****https://theme.hstatic.net/1000230347/1000782290/14/product-placeholder.png?v=26572*****https://theme.hstatic.net/1000230347/1000782290/14/product-placeholder.png?v=26572*****https://theme.hstatic.net/1000230347/1000782290/14/product-placeholder.png?v=26572*****https://theme.hstatic.net/1000230347/1000782290/14/product-placeholder.png?v=26572*****https://theme.hstatic.net/1000230347/1000782290/14/product-placeholder.png?v=26572*****https://theme.hstatic.net/1000230347/1000782290/14/product-placeholder.png?v=26572*****https://theme.hstatic.net/1000230347/1000782290/14/product-placeholder.png?v=26572*****https://theme.hstatic.net/1000230347/1000782290/14/product-placeholder.png?v=26572*****https://theme.hstatic.net/1000230347/1000782290/14/product-placeholder.png?v=26572*****https://theme.hstatic.net/1000230347/1000782290/14/product-placeholder.png?v=26572*****https://theme.hstatic.net/1000230347/1000782290/14/product-placeholder.png?v=26572,"112,000₫",,https://thienlong.vn/products/combo-10-cuon-tap-hoc-sinh-96-trang-diem-10-tp-nb044-hinh-ngau-nhien
429,[Combo 5 cuốn] Tập học sinh 96 trang Điểm 10 TP-NB044 (hình ngẫu nhiên),60001161CB5,Điểm 10,https://theme.hstatic.net/1000230347/1000782290/14/product-placeholder.png?v=26572*****https://theme.hstatic.net/1000230347/1000782290/14/product-placeholder.png?v=26572*****https://theme.hstatic.net/1000230347/1000782290/14/product-placeholder.png?v=26572*****https://theme.hstatic.net/1000230347/1000782290/14/product-placeholder.png?v=26572*****https://theme.hstatic.net/1000230347/1000782290/14/product-placeholder.png?v=26572*****https://theme.hstatic.net/1000230347/1000782290/14/product-placeholder.png?v=26572*****https://theme.hstatic.net/1000230347/1000782290/14/product-placeholder.png?v=26572*****https://theme.hstatic.net/1000230347/1000782290/14/product-placeholder.png?v=26572*****https://theme.hstatic.net/1000230347/1000782290/14/product-placeholder.png?v=26572*****https://theme.hstatic.net/1000230347/1000782290/14/product-placeholder.png?v=26572*****https://theme.hstatic.net/1000230347/1000782290/14/product-placeholder.png?v=26572*****https://theme.hstatic.net/1000230347/1000782290/14/product-placeholder.png?v=26572*****https://theme.hstatic.net/1000230347/1000782290/14/product-placeholder.png?v=26572*****https://theme.hstatic.net/1000230347/1000782290/14/product-placeholder.png?v=26572*****https://theme.hstatic.net/1000230347/1000782290/14/product-placeholder.png?v=26572*****https://theme.hstatic.net/1000230347/1000782290/14/product-placeholder.png?v=26572,"56,000₫",,https://thienlong.vn/products/combo-5-cuon-tap-hoc-sinh-96-trang-diem-10-tp-nb044-hinh-ngau-nhien
430,[Combo 10 cuốn] Tập học sinh 96 trang Điểm 10 TP-NB072 (hình ngẫu nhiên),60001163CB10,Điểm 10,https://theme.hstatic.net/1000230347/1000782290/14/product-placeholder.png?v=26572*****https://theme.hstatic.net/1000230347/1000782290/14/product-placeholder.png?v=26572*****https://theme.hstatic.net/1000230347/1000782290/14/product-placeholder.png?v=26572*****https://theme.hstatic.net/1000230347/1000782290/14/product-placeholder.png?v=26572*****https://theme.hstatic.net/1000230347/1000782290/14/product-placeholder.png?v=26572*****https://theme.hstatic.net/1000230347/1000782290/14/product-placeholder.png?v=26572*****https://theme.hstatic.net/1000230347/1000782290/14/product-placeholder.png?v=26572*****https://theme.hstatic.net/1000230347/1000782290/14/product-placeholder.png?v=26572*****https://theme.hstatic.net/1000230347/1000782290/14/product-placeholder.png?v=26572*****https://theme.hstatic.net/1000230347/1000782290/14/product-placeholder.png?v=26572*****https://theme.hstatic.net/1000230347/1000782290/14/product-placeholder.png?v=26572*****https://theme.hstatic.net/1000230347/1000782290/14/product-placeholder.png?v=26572*****https://theme.hstatic.net/1000230347/1000782290/14/product-placeholder.png?v=26572*****https://theme.hstatic.net/1000230347/1000782290/14/product-placeholder.png?v=26572*****https://theme.hstatic.net/1000230347/1000782290/14/product-placeholder.png?v=26572*****https://theme.hstatic.net/1000230347/1000782290/14/product-placeholder.png?v=26572*****https://theme.hstatic.net/1000230347/1000782290/14/product-placeholder.png?v=26572*****https://theme.hstatic.net/1000230347/1000782290/14/product-placeholder.png?v=26572*****https://theme.hstatic.net/1000230347/1000782290/14/product-placeholder.png?v=26572*****https://theme.hstatic.net/1000230347/1000782290/14/product-placeholder.png?v=26572*****https://theme.hstatic.net/1000230347/1000782290/14/product-placeholder.png?v=26572*****https://theme.hstatic.net/1000230347/1000782290/14/product-placeholder.png?v=26572*****https://theme.hstatic.net/1000230347/1000782290/14/product-placeholder.png?v=26572*****https://theme.hstatic.net/1000230347/1000782290/14/product-placeholder.png?v=26572*****https://theme.hstatic.net/1000230347/1000782290/14/product-placeholder.png?v=26572*****https://theme.hstatic.net/1000230347/1000782290/14/product-placeholder.png?v=26572,"97,000₫",,https://thienlong.vn/products/combo-10-cuon-tap-hoc-sinh-96-trang-diem-10-tp-nb072-hinh-ngau-nhien
431,[Combo 5 cuốn] Tập học sinh 96 trang Điểm 10 TP-NB072 (hình ngẫu nhiên),60001163CB5,Điểm 10,https://theme.hstatic.net/1000230347/1000782290/14/product-placeholder.png?v=26572*****https://theme.hstatic.net/1000230347/1000782290/14/product-placeholder.png?v=26572*****https://theme.hstatic.net/1000230347/1000782290/14/product-placeholder.png?v=26572*****https://theme.hstatic.net/1000230347/1000782290/14/product-placeholder.png?v=26572*****https://theme.hstatic.net/1000230347/1000782290/14/product-placeholder.png?v=26572*****https://theme.hstatic.net/1000230347/1000782290/14/product-placeholder.png?v=26572*****https://theme.hstatic.net/1000230347/1000782290/14/product-placeholder.png?v=26572*****https://theme.hstatic.net/1000230347/1000782290/14/product-placeholder.png?v=26572*****https://theme.hstatic.net/1000230347/1000782290/14/product-placeholder.png?v=26572*****https://theme.hstatic.net/1000230347/1000782290/14/product-placeholder.png?v=26572*****https://theme.hstatic.net/1000230347/1000782290/14/product-placeholder.png?v=26572*****https://theme.hstatic.net/1000230347/1000782290/14/product-placeholder.png?v=26572*****https://theme.hstatic.net/1000230347/1000782290/14/product-placeholder.png?v=26572*****https://theme.hstatic.net/1000230347/1000782290/14/product-placeholder.png?v=26572*****https://theme.hstatic.net/1000230347/1000782290/14/product-placeholder.png?v=26572*****https://theme.hstatic.net/1000230347/1000782290/14/product-placeholder.png?v=26572*****https://theme.hstatic.net/1000230347/1000782290/14/product-placeholder.png?v=26572*****https://theme.hstatic.net/1000230347/1000782290/14/product-placeholder.png?v=26572*****https://theme.hstatic.net/1000230347/1000782290/14/product-placeholder.png?v=26572*****https://theme.hstatic.net/1000230347/1000782290/14/product-placeholder.png?v=26572*****https://theme.hstatic.net/1000230347/1000782290/14/product-placeholder.png?v=26572*****https://theme.hstatic.net/1000230347/1000782290/14/product-placeholder.png?v=26572*****https://theme.hstatic.net/1000230347/1000782290/14/product-placeholder.png?v=26572*****https://theme.hstatic.net/1000230347/1000782290/14/product-placeholder.png?v=26572*****https://theme.hstatic.net/1000230347/1000782290/14/product-placeholder.png?v=26572*****https://theme.hstatic.net/1000230347/1000782290/14/product-placeholder.png?v=26572,"48,500₫",,https://thienlong.vn/products/combo-5-cuon-tap-hoc-sinh-96-trang-diem-10-tp-nb072-hinh-ngau-nhien
432,[Combo 10 cuốn] Tập học sinh 72 trang Điểm 10 NB-081 (hình ngẫu nhiên),60000669CB10,Điểm 10,https://theme.hstatic.net/1000230347/1000782290/14/product-placeholder.png?v=26572*****https://theme.hstatic.net/1000230347/1000782290/14/product-placeholder.png?v=26572,"104,000₫",,https://thienlong.vn/products/combo-10-cuon-tap-hoc-sinh-72-trang-diem-10-nb-081-hinh-ngau-nhien
433,[Combo 5 cuốn] Tập học sinh 72 trang Điểm 10 NB-081 (hình ngẫu nhiên),60000669CB5,Điểm 10,https://theme.hstatic.net/1000230347/1000782290/14/product-placeholder.png?v=26572*****https://theme.hstatic.net/1000230347/1000782290/14/product-placeholder.png?v=26572,"52,000₫",,https://thienlong.vn/products/combo-5-cuon-tap-hoc-sinh-72-trang-diem-10-nb-081-hinh-ngau-nhien
434,[Combo 10 cuốn] Tập học sinh 96 trang Điểm 10 TP-NB028 (hình ngẫu nhiên),60001159CB10,Điểm 10,https://theme.hstatic.net/1000230347/1000782290/14/product-placeholder.png?v=26572*****https://theme.hstatic.net/1000230347/1000782290/14/product-placeholder.png?v=26572*****https://theme.hstatic.net/1000230347/1000782290/14/product-placeholder.png?v=26572*****https://theme.hstatic.net/1000230347/1000782290/14/product-placeholder.png?v=26572*****https://theme.hstatic.net/1000230347/1000782290/14/product-placeholder.png?v=26572*****https://theme.hstatic.net/1000230347/1000782290/14/product-placeholder.png?v=26572*****https://theme.hstatic.net/1000230347/1000782290/14/product-placeholder.png?v=26572*****https://theme.hstatic.net/1000230347/1000782290/14/product-placeholder.png?v=26572*****https://theme.hstatic.net/1000230347/1000782290/14/product-placeholder.png?v=26572*****https://theme.hstatic.net/1000230347/1000782290/14/product-placeholder.png?v=26572*****https://theme.hstatic.net/1000230347/1000782290/14/product-placeholder.png?v=26572*****https://theme.hstatic.net/1000230347/1000782290/14/product-placeholder.png?v=26572*****https://theme.hstatic.net/1000230347/1000782290/14/product-placeholder.png?v=26572*****https://theme.hstatic.net/1000230347/1000782290/14/product-placeholder.png?v=26572,"97,000₫",,https://thienlong.vn/products/combo-10-cuon-tap-hoc-sinh-96-trang-diem-10-tp-nb028-hinh-ngau-nhien
435,[Combo 5 cuốn] Tập học sinh 96 trang Điểm 10 TP-NB028 (hình ngẫu nhiên),60001159CB5,Điểm 10,https://theme.hstatic.net/1000230347/1000782290/14/product-placeholder.png?v=26572*****https://theme.hstatic.net/1000230347/1000782290/14/product-placeholder.png?v=26572*****https://theme.hstatic.net/1000230347/1000782290/14/product-placeholder.png?v=26572*****https://theme.hstatic.net/1000230347/1000782290/14/product-placeholder.png?v=26572*****https://theme.hstatic.net/1000230347/1000782290/14/product-placeholder.png?v=26572*****https://theme.hstatic.net/1000230347/1000782290/14/product-placeholder.png?v=26572*****https://theme.hstatic.net/1000230347/1000782290/14/product-placeholder.png?v=26572*****https://theme.hstatic.net/1000230347/1000782290/14/product-placeholder.png?v=26572*****https://theme.hstatic.net/1000230347/1000782290/14/product-placeholder.png?v=26572*****https://theme.hstatic.net/1000230347/1000782290/14/product-placeholder.png?v=26572*****https://theme.hstatic.net/1000230347/1000782290/14/product-placeholder.png?v=26572*****https://theme.hstatic.net/1000230347/1000782290/14/product-placeholder.png?v=26572*****https://theme.hstatic.net/1000230347/1000782290/14/product-placeholder.png?v=26572*****https://theme.hstatic.net/1000230347/1000782290/14/product-placeholder.png?v=26572,"48,500₫",,https://thienlong.vn/products/combo-5-cuon-tap-hoc-sinh-96-trang-diem-10-tp-nb028-hinh-ngau-nhien
436,[Combo 10 cuốn] Tập học sinh 96 trang Điểm 10 TP-NB048  (hình ngẫu nhiên),60001164CB10,Điểm 10,https://theme.hstatic.net/1000230347/1000782290/14/product-placeholder.png?v=26572*****https://theme.hstatic.net/1000230347/1000782290/14/product-placeholder.png?v=26572*****https://theme.hstatic.net/1000230347/1000782290/14/product-placeholder.png?v=26572*****https://theme.hstatic.net/1000230347/1000782290/14/product-placeholder.png?v=26572*****https://theme.hstatic.net/1000230347/1000782290/14/product-placeholder.png?v=26572*****https://theme.hstatic.net/1000230347/1000782290/14/product-placeholder.png?v=26572*****https://theme.hstatic.net/1000230347/1000782290/14/product-placeholder.png?v=26572*****https://theme.hstatic.net/1000230347/1000782290/14/product-placeholder.png?v=26572*****https://theme.hstatic.net/1000230347/1000782290/14/product-placeholder.png?v=26572*****https://theme.hstatic.net/1000230347/1000782290/14/product-placeholder.png?v=26572*****https://theme.hstatic.net/1000230347/1000782290/14/product-placeholder.png?v=26572*****https://theme.hstatic.net/1000230347/1000782290/14/product-placeholder.png?v=26572*****https://theme.hstatic.net/1000230347/1000782290/14/product-placeholder.png?v=26572*****https://theme.hstatic.net/1000230347/1000782290/14/product-placeholder.png?v=26572*****https://theme.hstatic.net/1000230347/1000782290/14/product-placeholder.png?v=26572*****https://theme.hstatic.net/1000230347/1000782290/14/product-placeholder.png?v=26572,"107,000₫",,https://thienlong.vn/products/combo-10-cuon-tap-hoc-sinh-96-trang-diem-10-tp-nb048-hinh-ngau-nhien
437,[Combo 5 cuốn] Tập học sinh 96 trang Điểm 10 TP-NB048  (hình ngẫu nhiên),60001164CB5,Điểm 10,https://theme.hstatic.net/1000230347/1000782290/14/product-placeholder.png?v=26572*****https://theme.hstatic.net/1000230347/1000782290/14/product-placeholder.png?v=26572*****https://theme.hstatic.net/1000230347/1000782290/14/product-placeholder.png?v=26572*****https://theme.hstatic.net/1000230347/1000782290/14/product-placeholder.png?v=26572*****https://theme.hstatic.net/1000230347/1000782290/14/product-placeholder.png?v=26572*****https://theme.hstatic.net/1000230347/1000782290/14/product-placeholder.png?v=26572*****https://theme.hstatic.net/1000230347/1000782290/14/product-placeholder.png?v=26572*****https://theme.hstatic.net/1000230347/1000782290/14/product-placeholder.png?v=26572*****https://theme.hstatic.net/1000230347/1000782290/14/product-placeholder.png?v=26572*****https://theme.hstatic.net/1000230347/1000782290/14/product-placeholder.png?v=26572*****https://theme.hstatic.net/1000230347/1000782290/14/product-placeholder.png?v=26572*****https://theme.hstatic.net/1000230347/1000782290/14/product-placeholder.png?v=26572*****https://theme.hstatic.net/1000230347/1000782290/14/product-placeholder.png?v=26572*****https://theme.hstatic.net/1000230347/1000782290/14/product-placeholder.png?v=26572*****https://theme.hstatic.net/1000230347/1000782290/14/product-placeholder.png?v=26572*****https://theme.hstatic.net/1000230347/1000782290/14/product-placeholder.png?v=26572,"53,500₫",,https://thienlong.vn/products/combo-5-cuon-tap-hoc-sinh-96-trang-diem-10-tp-nb048-hinh-ngau-nhien
438,Nhãn vở Thiên Long Điểm 10 TP-NBL006,60002048,Điểm 10,https://theme.hstatic.net/1000230347/1000782290/14/product-placeholder.png?v=26572*****https://theme.hstatic.net/1000230347/1000782290/14/product-placeholder.png?v=26572*****https://theme.hstatic.net/1000230347/1000782290/14/product-placeholder.png?v=26572,"5,100₫",,https://thienlong.vn/products/nhan-vo-thien-long-diem-10-tp-nbl006
439,Nhãn vở Thiên Long Điểm 10 TP-NBL005,60002047,Điểm 10,https://theme.hstatic.net/1000230347/1000782290/14/product-placeholder.png?v=26572*****https://theme.hstatic.net/1000230347/1000782290/14/product-placeholder.png?v=26572*****https://theme.hstatic.net/1000230347/1000782290/14/product-placeholder.png?v=26572,"5,800₫",,https://thienlong.vn/products/nhan-vo-thien-long-diem-10-tp-nbl005
440,Bảng 2 mặt học Toán và Tiếng Việt theo chương trình Bộ Sách Giáo Khoa Chân Trời Sáng Tạo TP-B018,50005805,Điểm 10,https://theme.hstatic.net/1000230347/1000782290/14/product-placeholder.png?v=26572*****https://theme.hstatic.net/1000230347/1000782290/14/product-placeholder.png?v=26572,"25,000₫",,https://thienlong.vn/products/bang-2-mat-hoc-toan-va-tieng-viet-theo-chuong-trinh-bo-sach-giao-khoa-chan-troi-sang-tao-tp-b018
441,"Bút chì khúc Thiên Long Điểm 10 TP-PC005 - Lõi chắc chắn nét đậm, ít bột chì",60002112,Điểm 10,https://theme.hstatic.net/1000230347/1000782290/14/product-placeholder.png?v=26572*****https://theme.hstatic.net/1000230347/1000782290/14/product-placeholder.png?v=26572*****https://theme.hstatic.net/1000230347/1000782290/14/product-placeholder.png?v=26572*****https://theme.hstatic.net/1000230347/1000782290/14/product-placeholder.png?v=26572,"4,100₫",,https://thienlong.vn/products/but-chi-khuc-thien-long-diem-10-tp-pc005-loi-chac-chan-net-dam-it-bot-chi
442,Bút chì bấm Neon Thiên Long Colokit PC-C002,60002022,Colokit,https://theme.hstatic.net/1000230347/1000782290/14/product-placeholder.png?v=26572*****https://theme.hstatic.net/1000230347/1000782290/14/product-placeholder.png?v=26572*****https://theme.hstatic.net/1000230347/1000782290/14/product-placeholder.png?v=26572*****https://theme.hstatic.net/1000230347/1000782290/14/product-placeholder.png?v=26572*****https://theme.hstatic.net/1000230347/1000782290/14/product-placeholder.png?v=26572*****https://theme.hstatic.net/1000230347/1000782290/14/product-placeholder.png?v=26572*****https://theme.hstatic.net/1000230347/1000782290/14/product-placeholder.png?v=26572,"6,600₫",,https://thienlong.vn/products/but-chi-bam-neon-thien-long-colokit-pc-c002
443,Compa Thiên Long C-015,60002078,Thiên Long,https://theme.hstatic.net/1000230347/1000782290/14/product-placeholder.png?v=26572*****https://theme.hstatic.net/1000230347/1000782290/14/product-placeholder.png?v=26572,"17,300₫",,https://thienlong.vn/products/compa-thien-long-c-015
444,Bảng học sinh Mondee Thiên Long Điểm 10 TP-B022 - Màu xanh,50010691,Điểm 10,https://theme.hstatic.net/1000230347/1000782290/14/product-placeholder.png?v=26572*****https://theme.hstatic.net/1000230347/1000782290/14/product-placeholder.png?v=26572*****https://theme.hstatic.net/1000230347/1000782290/14/product-placeholder.png?v=26572*****https://theme.hstatic.net/1000230347/1000782290/14/product-placeholder.png?v=26572*****https://theme.hstatic.net/1000230347/1000782290/14/product-placeholder.png?v=26572,"34,700₫",,https://thienlong.vn/products/bang-hoc-sinh-4-o-ly-mondee-thien-long-diem-10-tp-b022
445,Bảng học sinh 4 - 5 ô ly Mondee Thiên Long Điểm 10 TP-B021 - Màu Đen,50010690,Điểm 10,https://theme.hstatic.net/1000230347/1000782290/14/product-placeholder.png?v=26572*****https://theme.hstatic.net/1000230347/1000782290/14/product-placeholder.png?v=26572,"34,700₫",,https://thienlong.vn/products/bang-hoc-sinh-5-o-ly-mondee-thien-long-diem-10-tp-b021
446,Compa Thiên Long C-017,50010081,Thiên Long,https://theme.hstatic.net/1000230347/1000782290/14/product-placeholder.png?v=26572*****https://theme.hstatic.net/1000230347/1000782290/14/product-placeholder.png?v=26572,"31,400₫",,https://thienlong.vn/products/compa-thien-long-c-017
447,Compa Thiên Long C-016,50010080,Thiên Long,https://theme.hstatic.net/1000230347/1000782290/14/product-placeholder.png?v=26572*****https://theme.hstatic.net/1000230347/1000782290/14/product-placeholder.png?v=26572,"26,400₫",,https://thienlong.vn/products/compa-thien-long-c-016
448,Compa Thiên Long C-018,50010082,Thiên Long,https://theme.hstatic.net/1000230347/1000782290/14/product-placeholder.png?v=26572*****https://theme.hstatic.net/1000230347/1000782290/14/product-placeholder.png?v=26572,"26,400₫",,https://thienlong.vn/products/compa-thien-long-c-018
449,Túi 20 tờ đôi và 6 tờ đơn giấy kiểm tra 70gsm Thiên Long Điểm 10 TP-GKT015 kẻ ngang,60001890,Điểm 10,https://theme.hstatic.net/1000230347/1000782290/14/product-placeholder.png?v=26572*****https://theme.hstatic.net/1000230347/1000782290/14/product-placeholder.png?v=26572*****https://theme.hstatic.net/1000230347/1000782290/14/product-placeholder.png?v=26572,"19,000₫",,https://thienlong.vn/products/giay-kiem-tra-thien-long-diem-10-tp-gkt15-ke-ngang
450,Túi 20 tờ đôi giấy kiểm tra 100gsm Thiên Long Điểm 10 TP-GKT012 4 ôly vuông,60001888,Điểm 10,https://theme.hstatic.net/1000230347/1000782290/14/product-placeholder.png?v=26572*****https://theme.hstatic.net/1000230347/1000782290/14/product-placeholder.png?v=26572*****https://theme.hstatic.net/1000230347/1000782290/14/product-placeholder.png?v=26572*****https://theme.hstatic.net/1000230347/1000782290/14/product-placeholder.png?v=26572*****https://theme.hstatic.net/1000230347/1000782290/14/product-placeholder.png?v=26572,"22,000₫",,https://thienlong.vn/products/giay-kiem-tra-thien-long-diem-10-tp-gkt12-4-oly-vuong
451,Gôm tẩy chì 'Siêu kul ngầu' Black &amp; Pink Trendy Thiên Long E-011,50010649,Thiên Long,https://theme.hstatic.net/1000230347/1000782290/14/product-placeholder.png?v=26572*****https://theme.hstatic.net/1000230347/1000782290/14/product-placeholder.png?v=26572*****https://theme.hstatic.net/1000230347/1000782290/14/product-placeholder.png?v=26572*****https://theme.hstatic.net/1000230347/1000782290/14/product-placeholder.png?v=26572*****https://theme.hstatic.net/1000230347/1000782290/14/product-placeholder.png?v=26572*****https://theme.hstatic.net/1000230347/1000782290/14/product-placeholder.png?v=26572,"5,900₫",,https://thienlong.vn/products/gom-black-and-pink-thien-long-e-011
452,"Keo dán giấy Tắc Kè (keo khô) Thiên Long Colokit G-C011 màu trắng trong suốt, độ kết dính cao, không độc hại",50010526,Colokit,https://theme.hstatic.net/1000230347/1000782290/14/product-placeholder.png?v=26572*****https://theme.hstatic.net/1000230347/1000782290/14/product-placeholder.png?v=26572*****https://theme.hstatic.net/1000230347/1000782290/14/product-placeholder.png?v=26572*****https://theme.hstatic.net/1000230347/1000782290/14/product-placeholder.png?v=26572,"5,800₫",,https://thienlong.vn/products/keo-kho-colokit-trang-g-c011
453,Keo khô FlexOffice trắng  FO-G005,50010529,Flexoffice,https://theme.hstatic.net/1000230347/1000782290/14/product-placeholder.png?v=26572*****https://theme.hstatic.net/1000230347/1000782290/14/product-placeholder.png?v=26572*****https://theme.hstatic.net/1000230347/1000782290/14/product-placeholder.png?v=26572*****https://theme.hstatic.net/1000230347/1000782290/14/product-placeholder.png?v=26572,"6,900₫",,https://thienlong.vn/products/keo-kho-flexoffice-trang-fo-g005
454,Keo khô Colokit tím đổi màu trong suốt G-C008,50010523,Colokit,https://theme.hstatic.net/1000230347/1000782290/14/product-placeholder.png?v=26572*****https://theme.hstatic.net/1000230347/1000782290/14/product-placeholder.png?v=26572*****https://theme.hstatic.net/1000230347/1000782290/14/product-placeholder.png?v=26572*****https://theme.hstatic.net/1000230347/1000782290/14/product-placeholder.png?v=26572,"5,800₫",,https://thienlong.vn/products/keo-kho-colokit-tim-doi-mau-trong-suot-g-c008
455,Giấy thủ công Colokit GTC-C006 12 màu khổ lớn,60001867,Colokit,https://theme.hstatic.net/1000230347/1000782290/14/product-placeholder.png?v=26572*****https://theme.hstatic.net/1000230347/1000782290/14/product-placeholder.png?v=26572*****https://theme.hstatic.net/1000230347/1000782290/14/product-placeholder.png?v=26572*****https://theme.hstatic.net/1000230347/1000782290/14/product-placeholder.png?v=26572*****https://theme.hstatic.net/1000230347/1000782290/14/product-placeholder.png?v=26572*****https://theme.hstatic.net/1000230347/1000782290/14/product-placeholder.png?v=26572,"30,000₫",,https://thienlong.vn/products/giay-thu-cong-colokit-gtc-c006-12-mau-kho-lon
456,Bộ compa Điểm 10 MTEN TP-C019,50009443,Điểm 10,https://theme.hstatic.net/1000230347/1000782290/14/product-placeholder.png?v=26572*****https://theme.hstatic.net/1000230347/1000782290/14/product-placeholder.png?v=26572*****https://theme.hstatic.net/1000230347/1000782290/14/product-placeholder.png?v=26572*****https://theme.hstatic.net/1000230347/1000782290/14/product-placeholder.png?v=26572,"31,400₫",,https://thienlong.vn/products/bo-compa-diem-10-mten-tp-c019
457,Bộ compa Thiên Long Y C-020,50009442,Thiên Long,https://theme.hstatic.net/1000230347/1000782290/14/product-placeholder.png?v=26572*****https://theme.hstatic.net/1000230347/1000782290/14/product-placeholder.png?v=26572,"31,400₫",,https://thienlong.vn/products/bo-compa-thien-long-y-c-020
458,Bút chì gỗ Thiên Long HB GP-026,60001742,Thiên Long,https://theme.hstatic.net/1000230347/1000782290/14/product-placeholder.png?v=26572*****https://theme.hstatic.net/1000230347/1000782290/14/product-placeholder.png?v=26572,"4,100₫",,https://thienlong.vn/products/but-chi-go-thien-long-hb-gp-026
459,Bút chì gỗ Colokit 2B GP-C003,60001739,Colokit,https://theme.hstatic.net/1000230347/1000782290/14/product-placeholder.png?v=26572*****https://theme.hstatic.net/1000230347/1000782290/14/product-placeholder.png?v=26572*****https://theme.hstatic.net/1000230347/1000782290/14/product-placeholder.png?v=26572*****https://theme.hstatic.net/1000230347/1000782290/14/product-placeholder.png?v=26572,"6,900₫",,https://thienlong.vn/products/but-chi-go-2b-gp-c003
460,Giấy gói quà Thiên Long 70x50cm phủ mờ GGQ-004,60001759,Thiên Long,https://theme.hstatic.net/1000230347/1000782290/14/product-placeholder.png?v=26572*****https://theme.hstatic.net/1000230347/1000782290/14/product-placeholder.png?v=26572*****https://theme.hstatic.net/1000230347/1000782290/14/product-placeholder.png?v=26572,"38,000₫",,https://thienlong.vn/products/giay-goi-qua-thien-long-70x50cm-phu-mo-ggq-004
461,Giấy gói quà Thiên Long 70x50cm phủ bóng GGQ-003,60001758,Thiên Long,https://theme.hstatic.net/1000230347/1000782290/14/product-placeholder.png?v=26572*****https://theme.hstatic.net/1000230347/1000782290/14/product-placeholder.png?v=26572*****https://theme.hstatic.net/1000230347/1000782290/14/product-placeholder.png?v=26572*****https://theme.hstatic.net/1000230347/1000782290/14/product-placeholder.png?v=26572*****https://theme.hstatic.net/1000230347/1000782290/14/product-placeholder.png?v=26572*****https://theme.hstatic.net/1000230347/1000782290/14/product-placeholder.png?v=26572*****https://theme.hstatic.net/1000230347/1000782290/14/product-placeholder.png?v=26572,"38,000₫",,https://thienlong.vn/products/giay-goi-qua-thien-long-70x50cm-phu-bong-ggq-003
462,Kéo học sinh Panda Điểm 10 TP-SC02,60001657,Điểm 10,https://theme.hstatic.net/1000230347/1000782290/14/product-placeholder.png?v=26572*****https://theme.hstatic.net/1000230347/1000782290/14/product-placeholder.png?v=26572*****https://theme.hstatic.net/1000230347/1000782290/14/product-placeholder.png?v=26572*****https://theme.hstatic.net/1000230347/1000782290/14/product-placeholder.png?v=26572*****https://theme.hstatic.net/1000230347/1000782290/14/product-placeholder.png?v=26572,"31,400₫",,https://thienlong.vn/products/keo-hoc-sinh-panda-diem-10-tp-sc02
463,Kéo học sinh có nắp đậy Điểm 10 TP-SC01,60001656,Điểm 10,https://theme.hstatic.net/1000230347/1000782290/14/product-placeholder.png?v=26572*****https://theme.hstatic.net/1000230347/1000782290/14/product-placeholder.png?v=26572*****https://theme.hstatic.net/1000230347/1000782290/14/product-placeholder.png?v=26572*****https://theme.hstatic.net/1000230347/1000782290/14/product-placeholder.png?v=26572*****https://theme.hstatic.net/1000230347/1000782290/14/product-placeholder.png?v=26572*****https://theme.hstatic.net/1000230347/1000782290/14/product-placeholder.png?v=26572*****https://theme.hstatic.net/1000230347/1000782290/14/product-placeholder.png?v=26572,"34,700₫",,https://thienlong.vn/products/keo-hoc-sinh-co-nap-day-diem-10-tp-sc01
464,Bút chì gỗ 2B Điểm 10 TP-GP06,60001696,Điểm 10,https://theme.hstatic.net/1000230347/1000782290/14/product-placeholder.png?v=26572*****https://theme.hstatic.net/1000230347/1000782290/14/product-placeholder.png?v=26572*****https://theme.hstatic.net/1000230347/1000782290/14/product-placeholder.png?v=26572*****https://theme.hstatic.net/1000230347/1000782290/14/product-placeholder.png?v=26572*****https://theme.hstatic.net/1000230347/1000782290/14/product-placeholder.png?v=26572*****https://theme.hstatic.net/1000230347/1000782290/14/product-placeholder.png?v=26572*****https://theme.hstatic.net/1000230347/1000782290/14/product-placeholder.png?v=26572*****https://theme.hstatic.net/1000230347/1000782290/14/product-placeholder.png?v=26572*****https://theme.hstatic.net/1000230347/1000782290/14/product-placeholder.png?v=26572*****https://theme.hstatic.net/1000230347/1000782290/14/product-placeholder.png?v=26572*****https://theme.hstatic.net/1000230347/1000782290/14/product-placeholder.png?v=26572*****https://theme.hstatic.net/1000230347/1000782290/14/product-placeholder.png?v=26572*****https://theme.hstatic.net/1000230347/1000782290/14/product-placeholder.png?v=26572,"5,300₫",,https://thienlong.vn/products/but-chi-go-diem-10-tp-gp06
465,Bút chì gỗ HB Điểm 10 TP-GP05,60001695,Điểm 10,https://theme.hstatic.net/1000230347/1000782290/14/product-placeholder.png?v=26572*****https://theme.hstatic.net/1000230347/1000782290/14/product-placeholder.png?v=26572*****https://theme.hstatic.net/1000230347/1000782290/14/product-placeholder.png?v=26572*****https://theme.hstatic.net/1000230347/1000782290/14/product-placeholder.png?v=26572*****https://theme.hstatic.net/1000230347/1000782290/14/product-placeholder.png?v=26572*****https://theme.hstatic.net/1000230347/1000782290/14/product-placeholder.png?v=26572*****https://theme.hstatic.net/1000230347/1000782290/14/product-placeholder.png?v=26572*****https://theme.hstatic.net/1000230347/1000782290/14/product-placeholder.png?v=26572*****https://theme.hstatic.net/1000230347/1000782290/14/product-placeholder.png?v=26572*****https://theme.hstatic.net/1000230347/1000782290/14/product-placeholder.png?v=26572,"5,300₫",,https://thienlong.vn/products/but-chi-go-diem-10-tp-gp05
466,Chuốt chì máy bay Thiên Long S-021,60001677,Thiên Long,https://theme.hstatic.net/1000230347/1000782290/14/product-placeholder.png?v=26572*****https://theme.hstatic.net/1000230347/1000782290/14/product-placeholder.png?v=26572*****https://theme.hstatic.net/1000230347/1000782290/14/product-placeholder.png?v=26572*****https://theme.hstatic.net/1000230347/1000782290/14/product-placeholder.png?v=26572,"20,600₫",,https://thienlong.vn/products/chuot-chi-may-bay-thien-long-s-021
467,Chuốt chì đĩa bay Thiên Long S-019,60001676,Thiên Long,https://theme.hstatic.net/1000230347/1000782290/14/product-placeholder.png?v=26572*****https://theme.hstatic.net/1000230347/1000782290/14/product-placeholder.png?v=26572*****https://theme.hstatic.net/1000230347/1000782290/14/product-placeholder.png?v=26572*****https://theme.hstatic.net/1000230347/1000782290/14/product-placeholder.png?v=26572,"14,000₫",,https://thienlong.vn/products/chuot-chi-thien-long-dia-bay-s-019
468,Chuốt chì phi thuyền Thiên Long S-018,60001675,Thiên Long,https://theme.hstatic.net/1000230347/1000782290/14/product-placeholder.png?v=26572*****https://theme.hstatic.net/1000230347/1000782290/14/product-placeholder.png?v=26572*****https://theme.hstatic.net/1000230347/1000782290/14/product-placeholder.png?v=26572*****https://theme.hstatic.net/1000230347/1000782290/14/product-placeholder.png?v=26572*****https://theme.hstatic.net/1000230347/1000782290/14/product-placeholder.png?v=26572,"10,200₫",,https://thienlong.vn/products/chuot-chi-phi-thuyen-thien-long-s-018
469,Hộp bút Điểm 10 TP-PCA016,50009444,Điểm 10,https://theme.hstatic.net/1000230347/1000782290/14/product-placeholder.png?v=26572*****https://theme.hstatic.net/1000230347/1000782290/14/product-placeholder.png?v=26572*****https://theme.hstatic.net/1000230347/1000782290/14/product-placeholder.png?v=26572*****https://theme.hstatic.net/1000230347/1000782290/14/product-placeholder.png?v=26572*****https://theme.hstatic.net/1000230347/1000782290/14/product-placeholder.png?v=26572*****https://theme.hstatic.net/1000230347/1000782290/14/product-placeholder.png?v=26572*****https://theme.hstatic.net/1000230347/1000782290/14/product-placeholder.png?v=26572*****https://theme.hstatic.net/1000230347/1000782290/14/product-placeholder.png?v=26572*****https://theme.hstatic.net/1000230347/1000782290/14/product-placeholder.png?v=26572,"53,600₫",,https://thienlong.vn/products/hop-but-diem-10-tp-pca016
470,Bút chì gỗ Neon Thiên Long Colokit GP-C01,60001330,Colokit,https://theme.hstatic.net/1000230347/1000782290/14/product-placeholder.png?v=26572*****https://theme.hstatic.net/1000230347/1000782290/14/product-placeholder.png?v=26572*****https://theme.hstatic.net/1000230347/1000782290/14/product-placeholder.png?v=26572*****https://theme.hstatic.net/1000230347/1000782290/14/product-placeholder.png?v=26572*****https://theme.hstatic.net/1000230347/1000782290/14/product-placeholder.png?v=26572*****https://theme.hstatic.net/1000230347/1000782290/14/product-placeholder.png?v=26572*****https://theme.hstatic.net/1000230347/1000782290/14/product-placeholder.png?v=26572*****https://theme.hstatic.net/1000230347/1000782290/14/product-placeholder.png?v=26572*****https://theme.hstatic.net/1000230347/1000782290/14/product-placeholder.png?v=26572*****https://theme.hstatic.net/1000230347/1000782290/14/product-placeholder.png?v=26572,"11,200₫",,https://thienlong.vn/products/but-chi-go-2b-colokit-gp-c01
471,Gôm tẩy xóa chì Thiên Long Hi Polymer E-030,50009661,Thiên Long,https://theme.hstatic.net/1000230347/1000782290/14/product-placeholder.png?v=26572*****https://theme.hstatic.net/1000230347/1000782290/14/product-placeholder.png?v=26572*****https://theme.hstatic.net/1000230347/1000782290/14/product-placeholder.png?v=26572,"6,400₫",,https://thienlong.vn/products/gom-thien-long-hi-polymer-e-030
472,Chuốt chì hình nấm Điểm 10 TP-S020,60001678,Điểm 10,https://theme.hstatic.net/1000230347/1000782290/14/product-placeholder.png?v=26572*****https://theme.hstatic.net/1000230347/1000782290/14/product-placeholder.png?v=26572*****https://theme.hstatic.net/1000230347/1000782290/14/product-placeholder.png?v=26572*****https://theme.hstatic.net/1000230347/1000782290/14/product-placeholder.png?v=26572*****https://theme.hstatic.net/1000230347/1000782290/14/product-placeholder.png?v=26572,"14,000₫",,https://thienlong.vn/products/chuot-chi-hinh-nam-diem-10-tp-s020
473,Chuốt chì chiếc lá Điểm 10 TP-S021,60001679,Điểm 10,https://theme.hstatic.net/1000230347/1000782290/14/product-placeholder.png?v=26572*****https://theme.hstatic.net/1000230347/1000782290/14/product-placeholder.png?v=26572*****https://theme.hstatic.net/1000230347/1000782290/14/product-placeholder.png?v=26572*****https://theme.hstatic.net/1000230347/1000782290/14/product-placeholder.png?v=26572*****https://theme.hstatic.net/1000230347/1000782290/14/product-placeholder.png?v=26572*****https://theme.hstatic.net/1000230347/1000782290/14/product-placeholder.png?v=26572*****https://theme.hstatic.net/1000230347/1000782290/14/product-placeholder.png?v=26572*****https://theme.hstatic.net/1000230347/1000782290/14/product-placeholder.png?v=26572*****https://theme.hstatic.net/1000230347/1000782290/14/product-placeholder.png?v=26572*****https://theme.hstatic.net/1000230347/1000782290/14/product-placeholder.png?v=26572*****https://theme.hstatic.net/1000230347/1000782290/14/product-placeholder.png?v=26572,"4,600₫",,https://thienlong.vn/products/chuot-chi-chiec-la-diem-10-tp-s021
474,Thước thẳng Thiên Long 30 cm SR-031,50009662,Thiên Long,https://theme.hstatic.net/1000230347/1000782290/14/product-placeholder.png?v=26572*****https://theme.hstatic.net/1000230347/1000782290/14/product-placeholder.png?v=26572*****https://theme.hstatic.net/1000230347/1000782290/14/product-placeholder.png?v=26572,"11,200₫",,https://thienlong.vn/products/thuoc-thang-thien-long-30-cm-sr-031
475,Bút chì gỗ Điểm 10 TP-GP08,60001670,Điểm 10,https://theme.hstatic.net/1000230347/1000782290/14/product-placeholder.png?v=26572*****https://theme.hstatic.net/1000230347/1000782290/14/product-placeholder.png?v=26572*****https://theme.hstatic.net/1000230347/1000782290/14/product-placeholder.png?v=26572*****https://theme.hstatic.net/1000230347/1000782290/14/product-placeholder.png?v=26572*****https://theme.hstatic.net/1000230347/1000782290/14/product-placeholder.png?v=26572*****https://theme.hstatic.net/1000230347/1000782290/14/product-placeholder.png?v=26572*****https://theme.hstatic.net/1000230347/1000782290/14/product-placeholder.png?v=26572*****https://theme.hstatic.net/1000230347/1000782290/14/product-placeholder.png?v=26572*****https://theme.hstatic.net/1000230347/1000782290/14/product-placeholder.png?v=26572,"6,400₫",,https://thienlong.vn/products/but-chi-go-diem-10-tp-gp08
476,Bút chì gỗ Điểm 10 TP-GP015,60001669,Điểm 10,https://theme.hstatic.net/1000230347/1000782290/14/product-placeholder.png?v=26572*****https://theme.hstatic.net/1000230347/1000782290/14/product-placeholder.png?v=26572*****https://theme.hstatic.net/1000230347/1000782290/14/product-placeholder.png?v=26572*****https://theme.hstatic.net/1000230347/1000782290/14/product-placeholder.png?v=26572*****https://theme.hstatic.net/1000230347/1000782290/14/product-placeholder.png?v=26572,"6,900₫",,https://thienlong.vn/products/but-chi-go-diem-10-tp-gp015
477,Bộ kéo thủ công Colokit SC-C05,60001659,Colokit,https://theme.hstatic.net/1000230347/1000782290/14/product-placeholder.png?v=26572*****https://theme.hstatic.net/1000230347/1000782290/14/product-placeholder.png?v=26572*****https://theme.hstatic.net/1000230347/1000782290/14/product-placeholder.png?v=26572*****https://theme.hstatic.net/1000230347/1000782290/14/product-placeholder.png?v=26572*****https://theme.hstatic.net/1000230347/1000782290/14/product-placeholder.png?v=26572*****https://theme.hstatic.net/1000230347/1000782290/14/product-placeholder.png?v=26572*****https://theme.hstatic.net/1000230347/1000782290/14/product-placeholder.png?v=26572*****https://theme.hstatic.net/1000230347/1000782290/14/product-placeholder.png?v=26572*****https://theme.hstatic.net/1000230347/1000782290/14/product-placeholder.png?v=26572*****https://theme.hstatic.net/1000230347/1000782290/14/product-placeholder.png?v=26572*****https://theme.hstatic.net/1000230347/1000782290/14/product-placeholder.png?v=26572*****https://theme.hstatic.net/1000230347/1000782290/14/product-placeholder.png?v=26572,"147,000₫",,https://thienlong.vn/products/bo-keo-thu-cong-colokit-sc-c05
478,Kéo học sinh kẹo ngọt Colokit SC-C04,60001658,Colokit,https://theme.hstatic.net/1000230347/1000782290/14/product-placeholder.png?v=26572*****https://theme.hstatic.net/1000230347/1000782290/14/product-placeholder.png?v=26572*****https://theme.hstatic.net/1000230347/1000782290/14/product-placeholder.png?v=26572*****https://theme.hstatic.net/1000230347/1000782290/14/product-placeholder.png?v=26572*****https://theme.hstatic.net/1000230347/1000782290/14/product-placeholder.png?v=26572*****https://theme.hstatic.net/1000230347/1000782290/14/product-placeholder.png?v=26572*****https://theme.hstatic.net/1000230347/1000782290/14/product-placeholder.png?v=26572*****https://theme.hstatic.net/1000230347/1000782290/14/product-placeholder.png?v=26572,"
						
						29,700₫
						
					",,https://thienlong.vn/products/keo-hoc-sinh-keo-ngot-colokit-sc-c04
479,Tập học sinh 200 trang dòng kẻ ngang 60 gsm Điểm 10 NB-095 (hình ngẫu nhiên),60000981,Điểm 10,https://theme.hstatic.net/1000230347/1000782290/14/product-placeholder.png?v=26572*****https://theme.hstatic.net/1000230347/1000782290/14/product-placeholder.png?v=26572*****https://theme.hstatic.net/1000230347/1000782290/14/product-placeholder.png?v=26572*****https://theme.hstatic.net/1000230347/1000782290/14/product-placeholder.png?v=26572*****https://theme.hstatic.net/1000230347/1000782290/14/product-placeholder.png?v=26572*****https://theme.hstatic.net/1000230347/1000782290/14/product-placeholder.png?v=26572,"29,000₫",,https://thienlong.vn/products/tap-hoc-sinh-diem-10-nb-095-hinh-ngau-nhien
480,Hộp bút SP TP-PCA019/MR,60001804,Điểm 10,https://theme.hstatic.net/1000230347/1000782290/14/product-placeholder.png?v=26572*****https://theme.hstatic.net/1000230347/1000782290/14/product-placeholder.png?v=26572*****https://theme.hstatic.net/1000230347/1000782290/14/product-placeholder.png?v=26572*****https://theme.hstatic.net/1000230347/1000782290/14/product-placeholder.png?v=26572,"87,000₫",,https://thienlong.vn/products/hop-but-sp-tp-pca019-mr
481,Bút chì gỗ HB Flexoffice FO-GP07/VN,63021971,Flexoffice,https://theme.hstatic.net/1000230347/1000782290/14/product-placeholder.png?v=26572*****https://theme.hstatic.net/1000230347/1000782290/14/product-placeholder.png?v=26572*****https://theme.hstatic.net/1000230347/1000782290/14/product-placeholder.png?v=26572*****https://theme.hstatic.net/1000230347/1000782290/14/product-placeholder.png?v=26572*****https://theme.hstatic.net/1000230347/1000782290/14/product-placeholder.png?v=26572*****https://theme.hstatic.net/1000230347/1000782290/14/product-placeholder.png?v=26572,"4,500₫",,https://thienlong.vn/products/but-chi-go-hb-flexoffice-fo-gp07-vn
482,Bút chì gỗ 2B Flexoffice FO-GP06/VN,63021970,Flexoffice,https://theme.hstatic.net/1000230347/1000782290/14/product-placeholder.png?v=26572*****https://theme.hstatic.net/1000230347/1000782290/14/product-placeholder.png?v=26572*****https://theme.hstatic.net/1000230347/1000782290/14/product-placeholder.png?v=26572*****https://theme.hstatic.net/1000230347/1000782290/14/product-placeholder.png?v=26572*****https://theme.hstatic.net/1000230347/1000782290/14/product-placeholder.png?v=26572,"4,300₫",,https://thienlong.vn/products/but-chi-go-2b-flexoffice-fo-gp06-vn
483,Gôm tẩy xóa chì kháng khuẩn Điểm 10 TP-E029,50009835,Điểm 10,https://theme.hstatic.net/1000230347/1000782290/14/product-placeholder.png?v=26572*****https://theme.hstatic.net/1000230347/1000782290/14/product-placeholder.png?v=26572*****https://theme.hstatic.net/1000230347/1000782290/14/product-placeholder.png?v=26572*****https://theme.hstatic.net/1000230347/1000782290/14/product-placeholder.png?v=26572*****https://theme.hstatic.net/1000230347/1000782290/14/product-placeholder.png?v=26572*****https://theme.hstatic.net/1000230347/1000782290/14/product-placeholder.png?v=26572*****https://theme.hstatic.net/1000230347/1000782290/14/product-placeholder.png?v=26572,"8,300₫",,https://thienlong.vn/products/gom-khang-khuan-tp-e029
484,Giấy thủ công Colokit  GTC-C003 12 màu khổ lớn,60001709,Colokit,https://theme.hstatic.net/1000230347/1000782290/14/product-placeholder.png?v=26572*****https://theme.hstatic.net/1000230347/1000782290/14/product-placeholder.png?v=26572*****https://theme.hstatic.net/1000230347/1000782290/14/product-placeholder.png?v=26572*****https://theme.hstatic.net/1000230347/1000782290/14/product-placeholder.png?v=26572*****https://theme.hstatic.net/1000230347/1000782290/14/product-placeholder.png?v=26572*****https://theme.hstatic.net/1000230347/1000782290/14/product-placeholder.png?v=26572*****https://theme.hstatic.net/1000230347/1000782290/14/product-placeholder.png?v=26572,"9,000₫",,https://thienlong.vn/products/giay-thu-cong-gtc-c003-12-mau-kho-lon
485,Giấy thủ công Colokit GTC-C002 12 màu khổ vừa,60001708,Colokit,https://theme.hstatic.net/1000230347/1000782290/14/product-placeholder.png?v=26572*****https://theme.hstatic.net/1000230347/1000782290/14/product-placeholder.png?v=26572*****https://theme.hstatic.net/1000230347/1000782290/14/product-placeholder.png?v=26572*****https://theme.hstatic.net/1000230347/1000782290/14/product-placeholder.png?v=26572*****https://theme.hstatic.net/1000230347/1000782290/14/product-placeholder.png?v=26572*****https://theme.hstatic.net/1000230347/1000782290/14/product-placeholder.png?v=26572,"8,100₫",,https://thienlong.vn/products/giay-thu-cong-gtc-c002-12-mau-kho-vua
486,Compa MTEN Điểm 10 TP-C012 TSTT4 Elsa,50007363,Điểm 10,https://theme.hstatic.net/1000230347/1000782290/14/product-placeholder.png?v=26572*****https://theme.hstatic.net/1000230347/1000782290/14/product-placeholder.png?v=26572*****https://theme.hstatic.net/1000230347/1000782290/14/product-placeholder.png?v=26572,"26,400₫",,https://thienlong.vn/products/compa-mten-diem-10-tp-c012-tstt4-e
487,Bút chì bấm Thiên Long PC-024,60001865,Thiên Long,https://theme.hstatic.net/1000230347/1000782290/14/product-placeholder.png?v=26572*****https://theme.hstatic.net/1000230347/1000782290/14/product-placeholder.png?v=26572*****https://theme.hstatic.net/1000230347/1000782290/14/product-placeholder.png?v=26572*****https://theme.hstatic.net/1000230347/1000782290/14/product-placeholder.png?v=26572*****https://theme.hstatic.net/1000230347/1000782290/14/product-placeholder.png?v=26572*****https://theme.hstatic.net/1000230347/1000782290/14/product-placeholder.png?v=26572,"23,900₫",,https://thienlong.vn/products/but-chi-bam-thien-long-pc-024
488,Giấy kiểm tra  Điểm 10 TP-GKT011 5 ôly,60001650,Điểm 10,https://theme.hstatic.net/1000230347/1000782290/14/product-placeholder.png?v=26572*****https://theme.hstatic.net/1000230347/1000782290/14/product-placeholder.png?v=26572*****https://theme.hstatic.net/1000230347/1000782290/14/product-placeholder.png?v=26572*****https://theme.hstatic.net/1000230347/1000782290/14/product-placeholder.png?v=26572*****https://theme.hstatic.net/1000230347/1000782290/14/product-placeholder.png?v=26572,"19,000₫",,https://thienlong.vn/products/giay-kiem-tra-diem-10-tp-gkt011-5-oly
489,Bút chì bấm Điểm 10 TP-PC01,60001866,Điểm 10,https://theme.hstatic.net/1000230347/1000782290/14/product-placeholder.png?v=26572*****https://theme.hstatic.net/1000230347/1000782290/14/product-placeholder.png?v=26572*****https://theme.hstatic.net/1000230347/1000782290/14/product-placeholder.png?v=26572*****https://theme.hstatic.net/1000230347/1000782290/14/product-placeholder.png?v=26572*****https://theme.hstatic.net/1000230347/1000782290/14/product-placeholder.png?v=26572*****https://theme.hstatic.net/1000230347/1000782290/14/product-placeholder.png?v=26572*****https://theme.hstatic.net/1000230347/1000782290/14/product-placeholder.png?v=26572*****https://theme.hstatic.net/1000230347/1000782290/14/product-placeholder.png?v=26572,"9,400₫",,https://thienlong.vn/products/but-chi-bam-diem-10-tp-pc01
490,Bút chì mỹ thuật Thiên Long 6B GP-025,60000907,Thiên Long,https://theme.hstatic.net/1000230347/1000782290/14/product-placeholder.png?v=26572*****https://theme.hstatic.net/1000230347/1000782290/14/product-placeholder.png?v=26572*****https://theme.hstatic.net/1000230347/1000782290/14/product-placeholder.png?v=26572*****https://theme.hstatic.net/1000230347/1000782290/14/product-placeholder.png?v=26572*****https://theme.hstatic.net/1000230347/1000782290/14/product-placeholder.png?v=26572*****https://theme.hstatic.net/1000230347/1000782290/14/product-placeholder.png?v=26572*****https://theme.hstatic.net/1000230347/1000782290/14/product-placeholder.png?v=26572*****https://theme.hstatic.net/1000230347/1000782290/14/product-placeholder.png?v=26572*****https://theme.hstatic.net/1000230347/1000782290/14/product-placeholder.png?v=26572*****https://theme.hstatic.net/1000230347/1000782290/14/product-placeholder.png?v=26572*****https://theme.hstatic.net/1000230347/1000782290/14/product-placeholder.png?v=26572*****https://theme.hstatic.net/1000230347/1000782290/14/product-placeholder.png?v=26572*****https://theme.hstatic.net/1000230347/1000782290/14/product-placeholder.png?v=26572*****https://theme.hstatic.net/1000230347/1000782290/14/product-placeholder.png?v=26572*****https://theme.hstatic.net/1000230347/1000782290/14/product-placeholder.png?v=26572*****https://theme.hstatic.net/1000230347/1000782290/14/product-placeholder.png?v=26572*****https://theme.hstatic.net/1000230347/1000782290/14/product-placeholder.png?v=26572*****https://theme.hstatic.net/1000230347/1000782290/14/product-placeholder.png?v=26572*****https://theme.hstatic.net/1000230347/1000782290/14/product-placeholder.png?v=26572*****https://theme.hstatic.net/1000230347/1000782290/14/product-placeholder.png?v=26572*****https://theme.hstatic.net/1000230347/1000782290/14/product-placeholder.png?v=26572*****https://theme.hstatic.net/1000230347/1000782290/14/product-placeholder.png?v=26572*****https://theme.hstatic.net/1000230347/1000782290/14/product-placeholder.png?v=26572*****https://theme.hstatic.net/1000230347/1000782290/14/product-placeholder.png?v=26572*****https://theme.hstatic.net/1000230347/1000782290/14/product-placeholder.png?v=26572*****https://theme.hstatic.net/1000230347/1000782290/14/product-placeholder.png?v=26572,"9,100₫",,https://thienlong.vn/products/but-chi-my-thuat-thien-long-6b-gp-025
491,Bút chì mỹ thuật Thiên Long 5B GP-024,60000906,Thiên Long,https://theme.hstatic.net/1000230347/1000782290/14/product-placeholder.png?v=26572*****https://theme.hstatic.net/1000230347/1000782290/14/product-placeholder.png?v=26572*****https://theme.hstatic.net/1000230347/1000782290/14/product-placeholder.png?v=26572*****https://theme.hstatic.net/1000230347/1000782290/14/product-placeholder.png?v=26572*****https://theme.hstatic.net/1000230347/1000782290/14/product-placeholder.png?v=26572*****https://theme.hstatic.net/1000230347/1000782290/14/product-placeholder.png?v=26572*****https://theme.hstatic.net/1000230347/1000782290/14/product-placeholder.png?v=26572*****https://theme.hstatic.net/1000230347/1000782290/14/product-placeholder.png?v=26572*****https://theme.hstatic.net/1000230347/1000782290/14/product-placeholder.png?v=26572*****https://theme.hstatic.net/1000230347/1000782290/14/product-placeholder.png?v=26572*****https://theme.hstatic.net/1000230347/1000782290/14/product-placeholder.png?v=26572*****https://theme.hstatic.net/1000230347/1000782290/14/product-placeholder.png?v=26572*****https://theme.hstatic.net/1000230347/1000782290/14/product-placeholder.png?v=26572*****https://theme.hstatic.net/1000230347/1000782290/14/product-placeholder.png?v=26572*****https://theme.hstatic.net/1000230347/1000782290/14/product-placeholder.png?v=26572*****https://theme.hstatic.net/1000230347/1000782290/14/product-placeholder.png?v=26572*****https://theme.hstatic.net/1000230347/1000782290/14/product-placeholder.png?v=26572*****https://theme.hstatic.net/1000230347/1000782290/14/product-placeholder.png?v=26572*****https://theme.hstatic.net/1000230347/1000782290/14/product-placeholder.png?v=26572*****https://theme.hstatic.net/1000230347/1000782290/14/product-placeholder.png?v=26572*****https://theme.hstatic.net/1000230347/1000782290/14/product-placeholder.png?v=26572*****https://theme.hstatic.net/1000230347/1000782290/14/product-placeholder.png?v=26572*****https://theme.hstatic.net/1000230347/1000782290/14/product-placeholder.png?v=26572*****https://theme.hstatic.net/1000230347/1000782290/14/product-placeholder.png?v=26572*****https://theme.hstatic.net/1000230347/1000782290/14/product-placeholder.png?v=26572*****https://theme.hstatic.net/1000230347/1000782290/14/product-placeholder.png?v=26572,"8,300₫",,https://thienlong.vn/products/but-chi-my-thuat-thien-long-5b-gp-024
492,Bút chì mỹ thuật Thiên Long 4B GP-023,60000905,Thiên Long,https://theme.hstatic.net/1000230347/1000782290/14/product-placeholder.png?v=26572*****https://theme.hstatic.net/1000230347/1000782290/14/product-placeholder.png?v=26572*****https://theme.hstatic.net/1000230347/1000782290/14/product-placeholder.png?v=26572*****https://theme.hstatic.net/1000230347/1000782290/14/product-placeholder.png?v=26572*****https://theme.hstatic.net/1000230347/1000782290/14/product-placeholder.png?v=26572*****https://theme.hstatic.net/1000230347/1000782290/14/product-placeholder.png?v=26572*****https://theme.hstatic.net/1000230347/1000782290/14/product-placeholder.png?v=26572*****https://theme.hstatic.net/1000230347/1000782290/14/product-placeholder.png?v=26572*****https://theme.hstatic.net/1000230347/1000782290/14/product-placeholder.png?v=26572*****https://theme.hstatic.net/1000230347/1000782290/14/product-placeholder.png?v=26572*****https://theme.hstatic.net/1000230347/1000782290/14/product-placeholder.png?v=26572*****https://theme.hstatic.net/1000230347/1000782290/14/product-placeholder.png?v=26572*****https://theme.hstatic.net/1000230347/1000782290/14/product-placeholder.png?v=26572*****https://theme.hstatic.net/1000230347/1000782290/14/product-placeholder.png?v=26572*****https://theme.hstatic.net/1000230347/1000782290/14/product-placeholder.png?v=26572*****https://theme.hstatic.net/1000230347/1000782290/14/product-placeholder.png?v=26572*****https://theme.hstatic.net/1000230347/1000782290/14/product-placeholder.png?v=26572*****https://theme.hstatic.net/1000230347/1000782290/14/product-placeholder.png?v=26572*****https://theme.hstatic.net/1000230347/1000782290/14/product-placeholder.png?v=26572*****https://theme.hstatic.net/1000230347/1000782290/14/product-placeholder.png?v=26572*****https://theme.hstatic.net/1000230347/1000782290/14/product-placeholder.png?v=26572*****https://theme.hstatic.net/1000230347/1000782290/14/product-placeholder.png?v=26572*****https://theme.hstatic.net/1000230347/1000782290/14/product-placeholder.png?v=26572*****https://theme.hstatic.net/1000230347/1000782290/14/product-placeholder.png?v=26572*****https://theme.hstatic.net/1000230347/1000782290/14/product-placeholder.png?v=26572*****https://theme.hstatic.net/1000230347/1000782290/14/product-placeholder.png?v=26572,"7,800₫",,https://thienlong.vn/products/but-chi-my-thuat-thien-long-4b-gp-023
493,Bút chì mỹ thuật Thiên Long 3B GP-022,60000904,Thiên Long,https://theme.hstatic.net/1000230347/1000782290/14/product-placeholder.png?v=26572*****https://theme.hstatic.net/1000230347/1000782290/14/product-placeholder.png?v=26572*****https://theme.hstatic.net/1000230347/1000782290/14/product-placeholder.png?v=26572*****https://theme.hstatic.net/1000230347/1000782290/14/product-placeholder.png?v=26572*****https://theme.hstatic.net/1000230347/1000782290/14/product-placeholder.png?v=26572*****https://theme.hstatic.net/1000230347/1000782290/14/product-placeholder.png?v=26572*****https://theme.hstatic.net/1000230347/1000782290/14/product-placeholder.png?v=26572*****https://theme.hstatic.net/1000230347/1000782290/14/product-placeholder.png?v=26572*****https://theme.hstatic.net/1000230347/1000782290/14/product-placeholder.png?v=26572*****https://theme.hstatic.net/1000230347/1000782290/14/product-placeholder.png?v=26572*****https://theme.hstatic.net/1000230347/1000782290/14/product-placeholder.png?v=26572*****https://theme.hstatic.net/1000230347/1000782290/14/product-placeholder.png?v=26572*****https://theme.hstatic.net/1000230347/1000782290/14/product-placeholder.png?v=26572*****https://theme.hstatic.net/1000230347/1000782290/14/product-placeholder.png?v=26572*****https://theme.hstatic.net/1000230347/1000782290/14/product-placeholder.png?v=26572*****https://theme.hstatic.net/1000230347/1000782290/14/product-placeholder.png?v=26572*****https://theme.hstatic.net/1000230347/1000782290/14/product-placeholder.png?v=26572*****https://theme.hstatic.net/1000230347/1000782290/14/product-placeholder.png?v=26572*****https://theme.hstatic.net/1000230347/1000782290/14/product-placeholder.png?v=26572*****https://theme.hstatic.net/1000230347/1000782290/14/product-placeholder.png?v=26572*****https://theme.hstatic.net/1000230347/1000782290/14/product-placeholder.png?v=26572*****https://theme.hstatic.net/1000230347/1000782290/14/product-placeholder.png?v=26572*****https://theme.hstatic.net/1000230347/1000782290/14/product-placeholder.png?v=26572*****https://theme.hstatic.net/1000230347/1000782290/14/product-placeholder.png?v=26572*****https://theme.hstatic.net/1000230347/1000782290/14/product-placeholder.png?v=26572*****https://theme.hstatic.net/1000230347/1000782290/14/product-placeholder.png?v=26572,"7,800₫",,https://thienlong.vn/products/but-chi-my-thuat-thien-long-3b-gp-022
494,Bút xóa FlexOffice FO-CP02/VN,63020227,Flexoffice,https://theme.hstatic.net/1000230347/1000782290/14/product-placeholder.png?v=26572*****https://theme.hstatic.net/1000230347/1000782290/14/product-placeholder.png?v=26572*****https://theme.hstatic.net/1000230347/1000782290/14/product-placeholder.png?v=26572*****https://theme.hstatic.net/1000230347/1000782290/14/product-placeholder.png?v=26572*****https://theme.hstatic.net/1000230347/1000782290/14/product-placeholder.png?v=26572*****https://theme.hstatic.net/1000230347/1000782290/14/product-placeholder.png?v=26572*****https://theme.hstatic.net/1000230347/1000782290/14/product-placeholder.png?v=26572,"25,100₫",,https://thienlong.vn/products/but-xoa-flexoffice-fo-cp02-vn
495,Kéo học sinh Colokit SC-C03,50008845,Colokit,https://theme.hstatic.net/1000230347/1000782290/14/product-placeholder.png?v=26572*****https://theme.hstatic.net/1000230347/1000782290/14/product-placeholder.png?v=26572*****https://theme.hstatic.net/1000230347/1000782290/14/product-placeholder.png?v=26572*****https://theme.hstatic.net/1000230347/1000782290/14/product-placeholder.png?v=26572*****https://theme.hstatic.net/1000230347/1000782290/14/product-placeholder.png?v=26572*****https://theme.hstatic.net/1000230347/1000782290/14/product-placeholder.png?v=26572*****https://theme.hstatic.net/1000230347/1000782290/14/product-placeholder.png?v=26572,"44,600₫",,https://thienlong.vn/products/keo-hoc-sinh-colokit-sc-c03
496,Bút chì gỗ HB Flexoffice FO-GP03,63019783,Flexoffice,https://theme.hstatic.net/1000230347/1000782290/14/product-placeholder.png?v=26572*****https://theme.hstatic.net/1000230347/1000782290/14/product-placeholder.png?v=26572*****https://theme.hstatic.net/1000230347/1000782290/14/product-placeholder.png?v=26572*****https://theme.hstatic.net/1000230347/1000782290/14/product-placeholder.png?v=26572*****https://theme.hstatic.net/1000230347/1000782290/14/product-placeholder.png?v=26572,"4,300₫",,https://thienlong.vn/products/but-chi-go-hb-flexoffice-fo-gp03
497,Bảng bộ Điểm 10 Babora TP-B020,50009041,Điểm 10,https://theme.hstatic.net/1000230347/1000782290/14/product-placeholder.png?v=26572*****https://theme.hstatic.net/1000230347/1000782290/14/product-placeholder.png?v=26572*****https://theme.hstatic.net/1000230347/1000782290/14/product-placeholder.png?v=26572*****https://theme.hstatic.net/1000230347/1000782290/14/product-placeholder.png?v=26572*****https://theme.hstatic.net/1000230347/1000782290/14/product-placeholder.png?v=26572,"69,300₫",,https://thienlong.vn/products/bang-bo-diem-10-babora-tp-b020
498,Gôm tẩy xóa chì Flexoffice FO-E04,50008847,Flexoffice,https://theme.hstatic.net/1000230347/1000782290/14/product-placeholder.png?v=26572*****https://theme.hstatic.net/1000230347/1000782290/14/product-placeholder.png?v=26572*****https://theme.hstatic.net/1000230347/1000782290/14/product-placeholder.png?v=26572*****https://theme.hstatic.net/1000230347/1000782290/14/product-placeholder.png?v=26572*****https://theme.hstatic.net/1000230347/1000782290/14/product-placeholder.png?v=26572,"4,000₫",,https://thienlong.vn/products/gom-flexoffice-fo-e04
499,Bút chì gỗ cao cấp Bizner BIZ-P03,60001329,Bizner,https://theme.hstatic.net/1000230347/1000782290/14/product-placeholder.png?v=26572*****https://theme.hstatic.net/1000230347/1000782290/14/product-placeholder.png?v=26572*****https://theme.hstatic.net/1000230347/1000782290/14/product-placeholder.png?v=26572*****https://theme.hstatic.net/1000230347/1000782290/14/product-placeholder.png?v=26572*****https://theme.hstatic.net/1000230347/1000782290/14/product-placeholder.png?v=26572*****https://theme.hstatic.net/1000230347/1000782290/14/product-placeholder.png?v=26572*****https://theme.hstatic.net/1000230347/1000782290/14/product-placeholder.png?v=26572*****https://theme.hstatic.net/1000230347/1000782290/14/product-placeholder.png?v=26572*****https://theme.hstatic.net/1000230347/1000782290/14/product-placeholder.png?v=26572,"12,400₫",,https://thienlong.vn/products/but-chi-go-cao-cap-bizner-biz-p03
