product_id,product_name,sku,brand,image,price,description,url
500,Gôm tẩy xóa chì Flexoffice FO-E05,50008249,Flexoffice,https://product.hstatic.net/1000230347/product/gom_fo-e05_-_01_5805a669ce244087abf3d76e64a2d9e2_1024x1024.jpg*****https://product.hstatic.net/1000230347/product/gom_fo-e05_-_02_3b1ab0aeed94449a829511969f988b5f_1024x1024.jpg*****https://product.hstatic.net/1000230347/product/gom_fo-e05_-_03_d27ceabc081740d6807ccff928f40583_1024x1024.jpg*****https://product.hstatic.net/1000230347/product/gom_fo-e05_-_05_58dc3468a3cd4d1fb3e02809117c3be8_1024x1024.jpg*****https://theme.hstatic.net/1000230347/1000782290/14/product-placeholder.png?v=26576,"4,500₫",,https://thienlong.vn/products/gom-flexoffice-fo-e05
501,Chuốt chì Điểm 10 TP-S018,50007613,Điểm 10,https://product.hstatic.net/1000230347/product/chuot_chi_fa-8_39bba369229e40f9815bf1323d8f7009_1024x1024.jpg*****https://product.hstatic.net/1000230347/product/chuot_chi_fa-3_ca52f07c798741328f4b2112bfe924d9_1024x1024.jpg*****https://product.hstatic.net/1000230347/product/chuot_chi_fa-2_df180f99731a4804b3302f8df84d1008_1024x1024.jpg*****https://product.hstatic.net/1000230347/product/chuot_chi_fa-4_c4b7ca61bfc04972a87636234f5e2edf_1024x1024.jpg*****https://theme.hstatic.net/1000230347/1000782290/14/product-placeholder.png?v=26576,"11,600₫",,https://thienlong.vn/products/chuot-chi-diem-10-tp-s018
502,Kéo văn phòng Điểm 10 SC-016,50008514,Điểm 10,https://product.hstatic.net/1000230347/product/sc-016_2b070a34929d4710bb44b6ddc31dbe22_1024x1024.jpg,"56,900₫",,https://thienlong.vn/products/keo-van-phong-diem-10-sc-016
503,Combo 10 Bìa bao sách Điểm 10 TP-BC01,60000567CB10,Điểm 10,https://product.hstatic.net/1000230347/product/5432sdf_1405e6d0466e475e858ed10bfec0e549_1024x1024.jpg*****https://product.hstatic.net/1000230347/product/tp-bc01_4_0a37e77c65e64a099396df682faad842_1024x1024.jpg*****https://product.hstatic.net/1000230347/product/bia_bao_tap_tp-bc01-_02_0f7beca625e94df6bbbb9fd983712c1f_1024x1024.jpg*****https://product.hstatic.net/1000230347/product/bia_bao_tap_tp-bc01-_01_840da06077c74bf7ac5ee82abb9b9cc6_1024x1024.jpg*****https://theme.hstatic.net/1000230347/1000782290/14/product-placeholder.png?v=26576*****https://theme.hstatic.net/1000230347/1000782290/14/product-placeholder.png?v=26576*****https://theme.hstatic.net/1000230347/1000782290/14/product-placeholder.png?v=26576,"17,000₫",,https://thienlong.vn/products/bia-bao-sach-diem-10-tp-bc01
504,Bút xóa Điểm 10 TP-CP01,60001201,Điểm 10,https://product.hstatic.net/1000230347/product/but_xoa_tp_cp01_01_a4d224cc811d4432b899ad2de79f2aa1_1024x1024.jpg*****https://product.hstatic.net/1000230347/product/but_xoa_diem_10_tp-cp01_33e88964777042dcbabf84d0a0681f09_1024x1024.jpg*****https://product.hstatic.net/1000230347/product/but_xoa_tp_cp01_02_23a8f31ff0b948adb919c2f604ad0675_1024x1024.jpg*****https://product.hstatic.net/1000230347/product/but_xoa_tp_cp01_03_2abe9e8be4c04fd8a38b7ec8de44d38f_1024x1024.jpg*****https://theme.hstatic.net/1000230347/1000782290/14/product-placeholder.png?v=26576*****https://theme.hstatic.net/1000230347/1000782290/14/product-placeholder.png?v=26576*****https://theme.hstatic.net/1000230347/1000782290/14/product-placeholder.png?v=26576*****https://theme.hstatic.net/1000230347/1000782290/14/product-placeholder.png?v=26576*****https://theme.hstatic.net/1000230347/1000782290/14/product-placeholder.png?v=26576,"21,500₫",,https://thienlong.vn/products/but-xoa-diem-10-tp-cp01
505,Cặp học thêm Điểm 10 Doraemon TP-DF01/DO,50008128,Điểm 10,https://product.hstatic.net/1000230347/product/c_p_h_c_sinh_tp-df01do__1__1024x1024.png*****https://product.hstatic.net/1000230347/product/c_p_h_c_sinh_tp-df01do__13__1024x1024.png*****https://product.hstatic.net/1000230347/product/c_p_h_c_sinh_tp-df01do__12__1024x1024.png*****https://product.hstatic.net/1000230347/product/c_p_h_c_sinh_tp-df01do__6__1024x1024.png*****https://theme.hstatic.net/1000230347/1000782290/14/product-placeholder.png?v=26576*****https://theme.hstatic.net/1000230347/1000782290/14/product-placeholder.png?v=26576*****https://theme.hstatic.net/1000230347/1000782290/14/product-placeholder.png?v=26576,"92,000₫",,https://thienlong.vn/products/cap-hoc-them-diem-10-doraemon-tp-df01-do
506,Hộp bút điểm 10 Doraemon TP-PCA012/DO,60001204,Điểm 10,https://product.hstatic.net/1000230347/product/tp-pca012do__2__1024x1024.png*****https://product.hstatic.net/1000230347/product/tp-pca012do__1__1024x1024.png*****https://product.hstatic.net/1000230347/product/tp-pca012do__4__1024x1024.png*****https://product.hstatic.net/1000230347/product/tp-pca012do__3__1024x1024.png*****https://theme.hstatic.net/1000230347/1000782290/14/product-placeholder.png?v=26576*****https://theme.hstatic.net/1000230347/1000782290/14/product-placeholder.png?v=26576*****https://theme.hstatic.net/1000230347/1000782290/14/product-placeholder.png?v=26576,"47,900₫",,https://thienlong.vn/products/hop-but-diem-10-tp-pca012-do
507,Chuốt chì Điểm 10 TP-S019,50008078,Điểm 10,https://product.hstatic.net/1000230347/product/tp-s019__21__1024x1024.png*****https://product.hstatic.net/1000230347/product/tp-s019__22__1024x1024.png*****https://product.hstatic.net/1000230347/product/tp-s019__27__1024x1024.png*****https://product.hstatic.net/1000230347/product/tp-s019__19__1024x1024.png*****https://theme.hstatic.net/1000230347/1000782290/14/product-placeholder.png?v=26576,"4,100₫",,https://thienlong.vn/products/chuot-chi-diem-10-tp-s019
508,Nhãn vở Điểm 10 TP-NBL03 (8 cái/ tờ),60001224,Điểm 10,https://product.hstatic.net/1000230347/product/tp-nbl03_-1_1024x1024.jpg*****https://product.hstatic.net/1000230347/product/tp-nbl03_-4_1024x1024.jpg*****https://product.hstatic.net/1000230347/product/tp-nbl03-2_1024x1024.jpg*****https://product.hstatic.net/1000230347/product/tp-nbl03_1024x1024.jpg*****https://theme.hstatic.net/1000230347/1000782290/14/product-placeholder.png?v=26576,"14,500₫",,https://thienlong.vn/products/nhan-vo-diem-10-tp-nbl03-5-xap-8-cai-xap
509,Nhãn vở Thiên Long Điểm 10 TP-NBL02,60001223,Điểm 10,https://product.hstatic.net/1000230347/product/tp-nbl02_1_1024x1024.jpg*****https://product.hstatic.net/1000230347/product/tp-nbl02_1024x1024.jpg,"6,100₫",,https://thienlong.vn/products/nhan-vo-diem-10-tp-nbl02
510,Nhãn vở Điểm 10 TP-NBL01 4 xấp (3 cái/xấp),60001222,Điểm 10,https://product.hstatic.net/1000230347/product/432dfsd_6b083a6728864c5299a3ba8db2558896_1024x1024.jpg*****https://product.hstatic.net/1000230347/product/tp-nbl01_new_b1dc4afc47714930a8a464db11bb078d_1024x1024.jpg,"5,600₫",,https://thienlong.vn/products/nhan-vo-diem-10-tp-nbl01-4-xap-3-cai-xap
511,Giấy kiểm tra Điểm 10 TP-GKT04 5 ô ly vuông,60001243,Điểm 10,https://product.hstatic.net/1000230347/product/giay_kiem_tra_tp-gtk04_-03_1024x1024.jpg*****https://product.hstatic.net/1000230347/product/giay_kiem_tra_tp-gtk04_-04_1024x1024.jpg,"22,300₫",,https://thienlong.vn/products/giay-kiem-tra-diem-10-tp-gkt04-5-o-ly-vuong
512,Giấy kiểm tra Điểm 10 TP-GKT02 4 ô ly vuông,60001241,Điểm 10,https://product.hstatic.net/1000230347/product/giay_kiem_tra_tp-gtk02_-04_1024x1024.jpg*****https://product.hstatic.net/1000230347/product/giay_kiem_tra_tp-gtk02_-05_1024x1024.jpg*****https://product.hstatic.net/1000230347/product/giay_kiem_tra_tp-gtk02_-03_1024x1024.jpg,"22,300₫",,https://thienlong.vn/products/giay-kiem-tra-diem-10-tp-gkt02-4-o-ly-vuong
513,Giấy kiểm tra Điểm 10 TP-GKT01 4 ô ly vuông,60001240,Điểm 10,https://product.hstatic.net/1000230347/product/giay_kiem_tra_tp-gtk01_-05_1024x1024.jpg*****https://product.hstatic.net/1000230347/product/giay_kiem_tra_tp-gtk01_-04_1024x1024.jpg*****https://product.hstatic.net/1000230347/product/giay_kiem_tra_tp-gtk01_-03_1024x1024.jpg,"19,000₫",,https://thienlong.vn/products/giay-kiem-tra-diem-10-tp-gkt01-4-o-ly-vuong
514,Gôm tẩy xóa chì Điểm 10 TP-E022,50007612,Điểm 10,https://product.hstatic.net/1000230347/product/g_m_tp-e022-04_1024x1024.jpg*****https://product.hstatic.net/1000230347/product/g_m_tp-e022-02_1024x1024.jpg*****https://product.hstatic.net/1000230347/product/g_m_tp-e022-01_1024x1024.jpg*****https://product.hstatic.net/1000230347/product/g_m_tp-e022-03_1024x1024.jpg*****https://theme.hstatic.net/1000230347/1000782290/14/product-placeholder.png?v=26576,"6,400₫",,https://thienlong.vn/products/gom-diem-10-tp-e022
515,Compa MTEN Điểm 10 TP-C012,50007363,Điểm 10,https://product.hstatic.net/1000230347/product/compa_tp-c012-01_1024x1024.jpg*****https://product.hstatic.net/1000230347/product/compa_tp-c012-02_1024x1024.jpg*****https://product.hstatic.net/1000230347/product/compa_tp-c012-03_1024x1024.jpg*****https://product.hstatic.net/1000230347/product/compa_tp-c012-04_1024x1024.jpg*****https://theme.hstatic.net/1000230347/1000782290/14/product-placeholder.png?v=26576*****https://theme.hstatic.net/1000230347/1000782290/14/product-placeholder.png?v=26576*****https://theme.hstatic.net/1000230347/1000782290/14/product-placeholder.png?v=26576,"26,400₫",,https://thienlong.vn/products/compa-mten-diem-10-tp-c012
516,Compa Y Thiên Long TL-C01 (Compass Y C-014),50010087,Thiên Long,https://product.hstatic.net/1000230347/product/compa_y_c-014-03_1024x1024.jpg,"26,400₫",,https://thienlong.vn/products/compa-y-thien-long-tl-c01-compass-y-c-014
517,Tập học sinh 80 trang 5 ô ly vuông 100 gsm Điểm 10 TP-NB101  (hình ngẫu nhiên),60001196,Điểm 10,https://product.hstatic.net/1000230347/product/tp-nb101_a966071400ee429ab94da96da63d9883_1024x1024.jpg*****https://product.hstatic.net/1000230347/product/101_mtsp-ths__tp-nb101_fa-6_1024x1024.jpg,"21,000₫",,https://thienlong.vn/products/tap-hoc-sinh-thien-long-diem-10-tp-nb101
518,Tập học sinh 48 trang 5 ô ly vuông 100 gsm Điểm 10 TP-NB100  (hình ngẫu nhiên),60001195,Điểm 10,https://product.hstatic.net/1000230347/product/5asfg_6755613929494a3e810d796a15cbd24c_1024x1024.jpg*****https://product.hstatic.net/1000230347/product/tp-nb100_0263f4e2fe8c47d0836fb5ecad52ca54_1024x1024.jpg*****https://product.hstatic.net/1000230347/product/mtsp-ths_tp-nb100_fa-20_1024x1024.jpg,"12,500₫",,https://thienlong.vn/products/tap-hoc-sinh-thien-long-diem-10-tp-nb100
519,Chuốt chì Điểm 10 TP-S017,50007365,Điểm 10,https://product.hstatic.net/1000230347/product/mtsp_chuotchi_tp-s017_fa-51_1024x1024.jpg*****https://product.hstatic.net/1000230347/product/mtsp_chuotchi_tp-s017_fa-41_1024x1024.jpg*****https://product.hstatic.net/1000230347/product/mtsp_chuotchi_tp-s017_fa-31_1024x1024.jpg*****https://product.hstatic.net/1000230347/product/mtsp_chuotchi_tp-s017_fa-21_1024x1024.jpg*****https://theme.hstatic.net/1000230347/1000782290/14/product-placeholder.png?v=26576,"4,100₫",,https://thienlong.vn/products/chuot-chi-thien-long-diem-10-tp-s017
520,Chuốt chì Điểm 10 TP-S016,50007355,Điểm 10,https://product.hstatic.net/1000230347/product/5.1_1024x1024.jpg*****https://product.hstatic.net/1000230347/product/1.1_1024x1024.jpg*****https://product.hstatic.net/1000230347/product/2.1_1024x1024.jpg*****https://product.hstatic.net/1000230347/product/3.1_1024x1024.jpg*****https://theme.hstatic.net/1000230347/1000782290/14/product-placeholder.png?v=26576,"10,200₫",,https://thienlong.vn/products/chuot-chi-thien-long-diem-10-tp-s016
521,Bảng bộ Điểm 10 B-015/DO,50005803,Điểm 10,https://product.hstatic.net/1000230347/product/bang_bo_b-015do_t40__1__1024x1024.jpg,"65,200₫",,https://thienlong.vn/products/bang-bo-thien-long-diem-10-b-015-do
522,Bảng bộ Điểm 10 B-09,50002270,Điểm 10,https://product.hstatic.net/1000230347/product/bang_bo_b-09__1__1024x1024.jpg,"59,400₫",,https://thienlong.vn/products/bang-bo-thien-long-diem-10-b-09
523,Gôm tẩy xóa chì Flexoffice FO-E02,50007453,Flexoffice,https://product.hstatic.net/1000230347/product/gom_thien_long_-_flexoffice_fo-e02__6__1024x1024.jpg,"3,000₫",,https://thienlong.vn/products/gom-thien-long-flexoffice-fo-e02
524,Thước thẳng Flexoffice FO-SR02,50007425,Flexoffice,https://product.hstatic.net/1000230347/product/thuoc_thang_thien_long_-_flexoffice_fo-sr02__1__1024x1024.jpg,"5,800₫",,https://thienlong.vn/products/thuoc-thang-thien-long-flexoffice-fo-sr02
525,Thước thẳng Flexoffice FO-SR01,50007424,Flexoffice,https://product.hstatic.net/1000230347/product/432fgaf_06cb2434cdbd42a5bd215a04df1c1d4c_1024x1024.jpg*****https://product.hstatic.net/1000230347/product/fo-sr01_copy_42643f4b85fd4a0889be2c3484c96e8f_1024x1024.jpg*****https://product.hstatic.net/1000230347/product/thuoc_thang_thien_long_-_flexoffice_fo-sr01___1__1024x1024.jpg,"6,900₫",,https://thienlong.vn/products/thuoc-thang-thien-long-flexoffice-fo-sr01
526,Hộp viết Điểm 10 Doraemon PCA-011/DO,60001868,Điểm 10,https://product.hstatic.net/1000230347/product/hop_viet_thien_long_-_diem_10_pca-011-do__5__1024x1024.jpg*****https://product.hstatic.net/1000230347/product/hop_viet_thien_long_-_diem_10_pca-011-do__4__1024x1024.jpg*****https://product.hstatic.net/1000230347/product/hop_viet_thien_long_-_diem_10_pca-011-do__6__1024x1024.jpg*****https://product.hstatic.net/1000230347/product/hop_viet_thien_long_-_diem_10_pca-011-do__2__1024x1024.jpg*****https://theme.hstatic.net/1000230347/1000782290/14/product-placeholder.png?v=26576*****https://theme.hstatic.net/1000230347/1000782290/14/product-placeholder.png?v=26576,"
						
						66,000₫
						
					",,https://thienlong.vn/products/hop-viet-thien-long-diem-10-doraemon-pca-011-do
527,Hộp viết Điểm 10 Doraemon TP-PCA08/DO,50003193,Điểm 10,https://product.hstatic.net/1000230347/product/53ds_45d2cd2a84b9486b85eea02741a3fb7a_1024x1024.jpg*****https://product.hstatic.net/1000230347/product/tp-pca08do_do2_2695332209a345c2ac2dbf2411ea3b70_1024x1024.jpg*****https://product.hstatic.net/1000230347/product/tp-pca08do_do_f3c21aea27f84da28654c884c7f42071_1024x1024.jpg*****https://product.hstatic.net/1000230347/product/tp-pca08do_do3_10a521b7843c49168eefd60a2354905a_1024x1024.jpg*****https://theme.hstatic.net/1000230347/1000782290/14/product-placeholder.png?v=26576*****https://theme.hstatic.net/1000230347/1000782290/14/product-placeholder.png?v=26576*****https://theme.hstatic.net/1000230347/1000782290/14/product-placeholder.png?v=26576,"29,700₫",,https://thienlong.vn/products/hop-viet-thien-long-diem-10-doraemon-pca08-do
528,Tập học sinh 80 trang 4 ô ly vuông 100 gsm Điểm 10 TP-NB076 (hình ngẫu nhiên),60001175,Điểm 10,https://product.hstatic.net/1000230347/product/tp-nb076_1e66d4cf121840f296a74b655101d96b_1024x1024.jpg*****https://product.hstatic.net/1000230347/product/tp-nb076_2_e6e20d61d0e34e5f91c9811efe0a1ae1_1024x1024.jpg*****https://product.hstatic.net/1000230347/product/tp-nb076_3_87ded42775c84bb288cb49528e3e06e9_1024x1024.jpg*****https://product.hstatic.net/1000230347/product/tp-nb076_4_49c49bf6104c45aaa9c1e7d1254b4d0a_1024x1024.jpg*****https://theme.hstatic.net/1000230347/1000782290/14/product-placeholder.png?v=26576*****https://theme.hstatic.net/1000230347/1000782290/14/product-placeholder.png?v=26576*****https://theme.hstatic.net/1000230347/1000782290/14/product-placeholder.png?v=26576*****https://theme.hstatic.net/1000230347/1000782290/14/product-placeholder.png?v=26576,"20,000₫",,https://thienlong.vn/products/tap-hoc-sinh-thien-long-diem-10-nb-076
529,Tập học sinh 48 trang Điểm 10 TP-NB068 (hình ngẫu nhiên),60001174,Điểm 10,https://product.hstatic.net/1000230347/product/tap_hoc_sinh_thien_long_-__diem_10_nb-068__1__1024x1024.jpg,"13,000₫",,https://thienlong.vn/products/tap-hoc-sinh-48-trang-thien-long-diem-10-nb-068
530,Tập học sinh 96 trang 4 ô ly vuông 100 gsm Điểm 10 TP-NB061 (hình ngẫu nhiên),60001167,Điểm 10,https://product.hstatic.net/1000230347/product/tp-nb061_copy_30a61a42e788405285663591eca89dad_1024x1024.jpg*****https://product.hstatic.net/1000230347/product/tp-nb061_1a1931537ad847b18f193a7f7747539f_1024x1024.jpg*****https://product.hstatic.net/1000230347/product/tp-nb061_2_7a89fcadaec0466998b7f01eaa43a22c_1024x1024.jpg*****https://product.hstatic.net/1000230347/product/tp-nb061_3_d4a740af952241548fbd510f78326841_1024x1024.jpg*****https://theme.hstatic.net/1000230347/1000782290/14/product-placeholder.png?v=26576*****https://theme.hstatic.net/1000230347/1000782290/14/product-placeholder.png?v=26576*****https://theme.hstatic.net/1000230347/1000782290/14/product-placeholder.png?v=26576*****https://theme.hstatic.net/1000230347/1000782290/14/product-placeholder.png?v=26576*****https://theme.hstatic.net/1000230347/1000782290/14/product-placeholder.png?v=26576*****https://theme.hstatic.net/1000230347/1000782290/14/product-placeholder.png?v=26576*****https://theme.hstatic.net/1000230347/1000782290/14/product-placeholder.png?v=26576*****https://theme.hstatic.net/1000230347/1000782290/14/product-placeholder.png?v=26576*****https://theme.hstatic.net/1000230347/1000782290/14/product-placeholder.png?v=26576*****https://theme.hstatic.net/1000230347/1000782290/14/product-placeholder.png?v=26576*****https://theme.hstatic.net/1000230347/1000782290/14/product-placeholder.png?v=26576*****https://theme.hstatic.net/1000230347/1000782290/14/product-placeholder.png?v=26576*****https://theme.hstatic.net/1000230347/1000782290/14/product-placeholder.png?v=26576*****https://theme.hstatic.net/1000230347/1000782290/14/product-placeholder.png?v=26576*****https://theme.hstatic.net/1000230347/1000782290/14/product-placeholder.png?v=26576*****https://theme.hstatic.net/1000230347/1000782290/14/product-placeholder.png?v=26576*****https://theme.hstatic.net/1000230347/1000782290/14/product-placeholder.png?v=26576*****https://theme.hstatic.net/1000230347/1000782290/14/product-placeholder.png?v=26576*****https://theme.hstatic.net/1000230347/1000782290/14/product-placeholder.png?v=26576*****https://theme.hstatic.net/1000230347/1000782290/14/product-placeholder.png?v=26576*****https://theme.hstatic.net/1000230347/1000782290/14/product-placeholder.png?v=26576*****https://theme.hstatic.net/1000230347/1000782290/14/product-placeholder.png?v=26576*****https://theme.hstatic.net/1000230347/1000782290/14/product-placeholder.png?v=26576*****https://theme.hstatic.net/1000230347/1000782290/14/product-placeholder.png?v=26576*****https://theme.hstatic.net/1000230347/1000782290/14/product-placeholder.png?v=26576*****https://theme.hstatic.net/1000230347/1000782290/14/product-placeholder.png?v=26576,"17,000₫",,https://thienlong.vn/products/tap-hoc-sinh-96-trang-thien-long-diem-10-nb-061
531,Tập học sinh 96 trang 5 ô ly vuông 80 gsm Điểm 10 TP-NB074 (hình ngẫu nhiên),60001172,Điểm 10,https://product.hstatic.net/1000230347/product/new24_fc6986a266304e358ba4405bb673f8da_1024x1024.jpg*****https://product.hstatic.net/1000230347/product/tp-nb074_8ab95545d9c2460c81a262a487363bba_1024x1024.jpg*****https://product.hstatic.net/1000230347/product/tp-nb074_2_2d327cbb7da34da2bbb72129ea189df9_1024x1024.jpg*****https://product.hstatic.net/1000230347/product/tp-nb074_3_83467f620af24d128d61bb6e84fd6f5b_1024x1024.jpg*****https://theme.hstatic.net/1000230347/1000782290/14/product-placeholder.png?v=26576,"14,000₫",,https://thienlong.vn/products/tap-hoc-sinh-96-trang-thien-long-diem-10-tp-nb-074
532,Tập học sinh 96 trang Điểm 10 NB-057 (hình ngẫu nhiên),60001166,Điểm 10,https://product.hstatic.net/1000230347/product/nb-057_copy_dc7fc57fcf5d486794e870dc78e528ac_1024x1024.jpg*****https://product.hstatic.net/1000230347/product/tap_hoc_sinh_thien_long_-__diem_10_nb-057__1__1024x1024.jpg,"13,400₫",,https://thienlong.vn/products/tap-hoc-sinh-96-trang-thien-long-diem-10-nb-057
533,Tập học sinh 96 trang Điểm 10 TP-NB053 (hình ngẫu nhiên),60001171,Điểm 10,https://product.hstatic.net/1000230347/product/tp-nb053_copy_bf1dc81d14f049a2b6a65b905f0c0190_1024x1024.jpg*****https://product.hstatic.net/1000230347/product/tp-nb053_5da6c4f8d29541cc911b0f922d186c81_1024x1024.jpg*****https://product.hstatic.net/1000230347/product/tp-nb053_2_c805b83953984888a7cf3b65ce6655f6_1024x1024.jpg*****https://product.hstatic.net/1000230347/product/tp-nb053_3_314bd21702664123905fcdf9f8f131a2_1024x1024.jpg*****https://theme.hstatic.net/1000230347/1000782290/14/product-placeholder.png?v=26577*****https://theme.hstatic.net/1000230347/1000782290/14/product-placeholder.png?v=26577*****https://theme.hstatic.net/1000230347/1000782290/14/product-placeholder.png?v=26577*****https://theme.hstatic.net/1000230347/1000782290/14/product-placeholder.png?v=26577*****https://theme.hstatic.net/1000230347/1000782290/14/product-placeholder.png?v=26577*****https://theme.hstatic.net/1000230347/1000782290/14/product-placeholder.png?v=26577*****https://theme.hstatic.net/1000230347/1000782290/14/product-placeholder.png?v=26577*****https://theme.hstatic.net/1000230347/1000782290/14/product-placeholder.png?v=26577*****https://theme.hstatic.net/1000230347/1000782290/14/product-placeholder.png?v=26577*****https://theme.hstatic.net/1000230347/1000782290/14/product-placeholder.png?v=26577*****https://theme.hstatic.net/1000230347/1000782290/14/product-placeholder.png?v=26577*****https://theme.hstatic.net/1000230347/1000782290/14/product-placeholder.png?v=26577*****https://theme.hstatic.net/1000230347/1000782290/14/product-placeholder.png?v=26577*****https://theme.hstatic.net/1000230347/1000782290/14/product-placeholder.png?v=26577,"14,000₫",,https://thienlong.vn/products/tap-hoc-sinh-thien-long-diem-10-tp-nb-053
534,Tập học sinh 200 trang 4 ô ly ngang Điểm 10 TP-NB049 (hình ngẫu nhiên),60001169,Điểm 10,https://product.hstatic.net/1000230347/product/453sa_bd80344fd9774f0cade24c12f98b4e20_1024x1024.jpg*****https://product.hstatic.net/1000230347/product/tp-nb049_e4f50c647c7742afa9de66cf980b6ad4_1024x1024.jpg*****https://product.hstatic.net/1000230347/product/tp-nb049_2_8d0fd54d446f4f27863a24f585a9cdf1_1024x1024.jpg*****https://product.hstatic.net/1000230347/product/tp-nb049_3_e3a931ac43a94aed9a8601424606be59_1024x1024.jpg*****https://theme.hstatic.net/1000230347/1000782290/14/product-placeholder.png?v=26577*****https://theme.hstatic.net/1000230347/1000782290/14/product-placeholder.png?v=26577*****https://theme.hstatic.net/1000230347/1000782290/14/product-placeholder.png?v=26577*****https://theme.hstatic.net/1000230347/1000782290/14/product-placeholder.png?v=26577*****https://theme.hstatic.net/1000230347/1000782290/14/product-placeholder.png?v=26577*****https://theme.hstatic.net/1000230347/1000782290/14/product-placeholder.png?v=26577*****https://theme.hstatic.net/1000230347/1000782290/14/product-placeholder.png?v=26577*****https://theme.hstatic.net/1000230347/1000782290/14/product-placeholder.png?v=26577*****https://theme.hstatic.net/1000230347/1000782290/14/product-placeholder.png?v=26577*****https://theme.hstatic.net/1000230347/1000782290/14/product-placeholder.png?v=26577*****https://theme.hstatic.net/1000230347/1000782290/14/product-placeholder.png?v=26577*****https://theme.hstatic.net/1000230347/1000782290/14/product-placeholder.png?v=26577*****https://theme.hstatic.net/1000230347/1000782290/14/product-placeholder.png?v=26577*****https://theme.hstatic.net/1000230347/1000782290/14/product-placeholder.png?v=26577*****https://theme.hstatic.net/1000230347/1000782290/14/product-placeholder.png?v=26577,"22,000₫",,https://thienlong.vn/products/tap-hoc-sinh-200-trang-thien-long-diem-10-nb-049
535,Tập học sinh 96 trang 4 ô ly ngang 70 gsm Điểm 10 TP-NB048  (hình ngẫu nhiên),60001164,Điểm 10,https://product.hstatic.net/1000230347/product/tp-nb048_copy_1e06f44d29df4d13a3dd13237ab858b8_1024x1024.jpg*****https://product.hstatic.net/1000230347/product/tp-nb048_b9ada1c1c5a64e0ba936f55df7038560_1024x1024.jpg*****https://product.hstatic.net/1000230347/product/tp-nb048_2_dfcec93d7c804a2197131b70502e7ef5_1024x1024.jpg*****https://product.hstatic.net/1000230347/product/tp-nb048_3_fe15dd5380de4b828ce5e92f49dabab1_1024x1024.jpg*****https://theme.hstatic.net/1000230347/1000782290/14/product-placeholder.png?v=26577*****https://theme.hstatic.net/1000230347/1000782290/14/product-placeholder.png?v=26577*****https://theme.hstatic.net/1000230347/1000782290/14/product-placeholder.png?v=26577*****https://theme.hstatic.net/1000230347/1000782290/14/product-placeholder.png?v=26577*****https://theme.hstatic.net/1000230347/1000782290/14/product-placeholder.png?v=26577*****https://theme.hstatic.net/1000230347/1000782290/14/product-placeholder.png?v=26577*****https://theme.hstatic.net/1000230347/1000782290/14/product-placeholder.png?v=26577*****https://theme.hstatic.net/1000230347/1000782290/14/product-placeholder.png?v=26577*****https://theme.hstatic.net/1000230347/1000782290/14/product-placeholder.png?v=26577*****https://theme.hstatic.net/1000230347/1000782290/14/product-placeholder.png?v=26577*****https://theme.hstatic.net/1000230347/1000782290/14/product-placeholder.png?v=26577*****https://theme.hstatic.net/1000230347/1000782290/14/product-placeholder.png?v=26577,"10,700₫",,https://thienlong.vn/products/tap-hoc-sinh-96-trang-thien-long-diem-10-tp-nb-048
536,Tập học sinh 96 trang 4 ô ly vuông 70 gsm Điểm 10 TP-NB044 (hình ngẫu nhiên),60001161,Điểm 10,https://product.hstatic.net/1000230347/product/tp-nb044_copy_c92582b8be2a464095796c5768fbd026_1024x1024.jpg*****https://product.hstatic.net/1000230347/product/tp-nb044_867c19c249a24339a1e3987918d40973_1024x1024.jpg*****https://product.hstatic.net/1000230347/product/tp-nb044_2_d74f8729dc9b4ea7b6d9c6aaba2d70b9_1024x1024.jpg*****https://product.hstatic.net/1000230347/product/tp-nb044_3_1e50d2ad3f2049a1a4aa131ddf7a73f0_1024x1024.jpg*****https://theme.hstatic.net/1000230347/1000782290/14/product-placeholder.png?v=26577*****https://theme.hstatic.net/1000230347/1000782290/14/product-placeholder.png?v=26577*****https://theme.hstatic.net/1000230347/1000782290/14/product-placeholder.png?v=26577*****https://theme.hstatic.net/1000230347/1000782290/14/product-placeholder.png?v=26577*****https://theme.hstatic.net/1000230347/1000782290/14/product-placeholder.png?v=26577*****https://theme.hstatic.net/1000230347/1000782290/14/product-placeholder.png?v=26577*****https://theme.hstatic.net/1000230347/1000782290/14/product-placeholder.png?v=26577*****https://theme.hstatic.net/1000230347/1000782290/14/product-placeholder.png?v=26577*****https://theme.hstatic.net/1000230347/1000782290/14/product-placeholder.png?v=26577*****https://theme.hstatic.net/1000230347/1000782290/14/product-placeholder.png?v=26577*****https://theme.hstatic.net/1000230347/1000782290/14/product-placeholder.png?v=26577*****https://theme.hstatic.net/1000230347/1000782290/14/product-placeholder.png?v=26577,"11,200₫",,https://thienlong.vn/products/tap-hoc-sinh-96-trang-thien-long-diem-10-tp-nb-044
537,Tập học sinh 120 trang Điểm 10 NB-083 (hình ngẫu nhiên),60000671,Điểm 10,https://product.hstatic.net/1000230347/product/tap_hoc_sinh_thien_long_-__diem_10_nb-083__1__1024x1024.jpg*****https://product.hstatic.net/1000230347/product/nb-083_042efb1d3f9e4be89bee1131334db703_1024x1024.jpg*****https://product.hstatic.net/1000230347/product/tap_hoc_sinh_thien_long_-__diem_10_nb-083__2__1024x1024.jpg,"16,300₫",,https://thienlong.vn/products/tap-hoc-sinh-120-trang-thien-long-diem-10-nb-083
538,Tập học sinh 72 trang dòng kẻ ngang 60 gsm Điểm 10  TP-NB081 (hình ngẫu nhiên),60000669,Điểm 10,https://product.hstatic.net/1000230347/product/543fd_61c17a39ce8c4b1c8ad6346ef4656855_1024x1024.jpg*****https://product.hstatic.net/1000230347/product/tp-nb081_9bf7d4562c154975b9fc2d1a5d9ef16e_1024x1024.jpg*****https://product.hstatic.net/1000230347/product/tp-nb081_2_614d38df8a9146f288e36f4dbc36c3a9_1024x1024.jpg*****https://product.hstatic.net/1000230347/product/tp-nb081_3_690baabbb23348ce982520ea038f39d1_1024x1024.jpg*****https://theme.hstatic.net/1000230347/1000782290/14/product-placeholder.png?v=26577*****https://theme.hstatic.net/1000230347/1000782290/14/product-placeholder.png?v=26577,"10,400₫",,https://thienlong.vn/products/tap-hoc-sinh-72-trang-thien-long-diem-10-tp-nb-081
539,Tập học sinh 96 trang 4 ô ly ngang 60 gsm Điểm 10 TP-NB072 (hình ngẫu nhiên),60001163,Điểm 10,https://product.hstatic.net/1000230347/product/tp-nb072_copy_b5a02ef545a243ca818c9f11faf5dcaa_1024x1024.jpg*****https://product.hstatic.net/1000230347/product/tp-nb072_8f3e23b85a0b40df8763232046b8e042_1024x1024.jpg*****https://product.hstatic.net/1000230347/product/tp-nb072_2_d074e5e7272347d0bcda07a6d342b43b_1024x1024.jpg*****https://product.hstatic.net/1000230347/product/tp-nb072_3_f569d70d57fc49b3810d247348d79fb5_1024x1024.jpg*****https://theme.hstatic.net/1000230347/1000782290/14/product-placeholder.png?v=26577*****https://theme.hstatic.net/1000230347/1000782290/14/product-placeholder.png?v=26577*****https://theme.hstatic.net/1000230347/1000782290/14/product-placeholder.png?v=26577*****https://theme.hstatic.net/1000230347/1000782290/14/product-placeholder.png?v=26577*****https://theme.hstatic.net/1000230347/1000782290/14/product-placeholder.png?v=26577*****https://theme.hstatic.net/1000230347/1000782290/14/product-placeholder.png?v=26577*****https://theme.hstatic.net/1000230347/1000782290/14/product-placeholder.png?v=26577*****https://theme.hstatic.net/1000230347/1000782290/14/product-placeholder.png?v=26577*****https://theme.hstatic.net/1000230347/1000782290/14/product-placeholder.png?v=26577*****https://theme.hstatic.net/1000230347/1000782290/14/product-placeholder.png?v=26577*****https://theme.hstatic.net/1000230347/1000782290/14/product-placeholder.png?v=26577*****https://theme.hstatic.net/1000230347/1000782290/14/product-placeholder.png?v=26577*****https://theme.hstatic.net/1000230347/1000782290/14/product-placeholder.png?v=26577*****https://theme.hstatic.net/1000230347/1000782290/14/product-placeholder.png?v=26577*****https://theme.hstatic.net/1000230347/1000782290/14/product-placeholder.png?v=26577*****https://theme.hstatic.net/1000230347/1000782290/14/product-placeholder.png?v=26577*****https://theme.hstatic.net/1000230347/1000782290/14/product-placeholder.png?v=26577*****https://theme.hstatic.net/1000230347/1000782290/14/product-placeholder.png?v=26577*****https://theme.hstatic.net/1000230347/1000782290/14/product-placeholder.png?v=26577*****https://theme.hstatic.net/1000230347/1000782290/14/product-placeholder.png?v=26577*****https://theme.hstatic.net/1000230347/1000782290/14/product-placeholder.png?v=26577*****https://theme.hstatic.net/1000230347/1000782290/14/product-placeholder.png?v=26577,"9,700₫",,https://thienlong.vn/products/tap-hoc-sinh-96-trang-thien-long-diem-10-nb-072
540,Tập học sinh 96 trang 4 ô ly vuông 60 gsm Điểm 10 TP-NB039 (hình ngẫu nhiên),60001162,Điểm 10,https://product.hstatic.net/1000230347/product/tp-nb039_copy_f017265c0bca42b48e14670ac0b9f40f_1024x1024.jpg*****https://product.hstatic.net/1000230347/product/tp-nb039_ced68550a52e4dc6a4f0a343c88950e1_1024x1024.jpg*****https://product.hstatic.net/1000230347/product/tp-nb039_2_0f006cd75c9043e2a5643aa6963b2653_1024x1024.jpg*****https://product.hstatic.net/1000230347/product/tp-nb039_3_4490e0bf22894be6a623cf569e28cb77_1024x1024.jpg*****https://theme.hstatic.net/1000230347/1000782290/14/product-placeholder.png?v=26577*****https://theme.hstatic.net/1000230347/1000782290/14/product-placeholder.png?v=26577*****https://theme.hstatic.net/1000230347/1000782290/14/product-placeholder.png?v=26577*****https://theme.hstatic.net/1000230347/1000782290/14/product-placeholder.png?v=26577*****https://theme.hstatic.net/1000230347/1000782290/14/product-placeholder.png?v=26577*****https://theme.hstatic.net/1000230347/1000782290/14/product-placeholder.png?v=26577*****https://theme.hstatic.net/1000230347/1000782290/14/product-placeholder.png?v=26577*****https://theme.hstatic.net/1000230347/1000782290/14/product-placeholder.png?v=26577*****https://theme.hstatic.net/1000230347/1000782290/14/product-placeholder.png?v=26577*****https://theme.hstatic.net/1000230347/1000782290/14/product-placeholder.png?v=26577*****https://theme.hstatic.net/1000230347/1000782290/14/product-placeholder.png?v=26577*****https://theme.hstatic.net/1000230347/1000782290/14/product-placeholder.png?v=26577*****https://theme.hstatic.net/1000230347/1000782290/14/product-placeholder.png?v=26577*****https://theme.hstatic.net/1000230347/1000782290/14/product-placeholder.png?v=26577*****https://theme.hstatic.net/1000230347/1000782290/14/product-placeholder.png?v=26577*****https://theme.hstatic.net/1000230347/1000782290/14/product-placeholder.png?v=26577*****https://theme.hstatic.net/1000230347/1000782290/14/product-placeholder.png?v=26577*****https://theme.hstatic.net/1000230347/1000782290/14/product-placeholder.png?v=26577*****https://theme.hstatic.net/1000230347/1000782290/14/product-placeholder.png?v=26577*****https://theme.hstatic.net/1000230347/1000782290/14/product-placeholder.png?v=26577*****https://theme.hstatic.net/1000230347/1000782290/14/product-placeholder.png?v=26577*****https://theme.hstatic.net/1000230347/1000782290/14/product-placeholder.png?v=26577,"10,000₫",,https://thienlong.vn/products/tap-hoc-sinh-thien-long-diem-10-tp-nb-039
541,Tập học sinh 96 trang 4 ô ly vuông 60 gsm Điểm 10 TP-NB028 (hình ngẫu nhiên),60001159,Điểm 10,https://product.hstatic.net/1000230347/product/tp-nb028_ko_logo_cf3faf4a089c4558929c9170e6a4e0ec_1024x1024.jpg*****https://product.hstatic.net/1000230347/product/tp-nb028_eeec2b9d5fb6466d8942dd8136e52ba4_1024x1024.jpg*****https://product.hstatic.net/1000230347/product/tp-nb028_2_e338ae76777c4cfab92c716c2a8b47d2_1024x1024.jpg*****https://product.hstatic.net/1000230347/product/tp-nb028_3_b473fe7f885640dfabeae0997611bf2e_1024x1024.jpg*****https://theme.hstatic.net/1000230347/1000782290/14/product-placeholder.png?v=26576*****https://theme.hstatic.net/1000230347/1000782290/14/product-placeholder.png?v=26576*****https://theme.hstatic.net/1000230347/1000782290/14/product-placeholder.png?v=26576*****https://theme.hstatic.net/1000230347/1000782290/14/product-placeholder.png?v=26576*****https://theme.hstatic.net/1000230347/1000782290/14/product-placeholder.png?v=26576*****https://theme.hstatic.net/1000230347/1000782290/14/product-placeholder.png?v=26576*****https://theme.hstatic.net/1000230347/1000782290/14/product-placeholder.png?v=26576*****https://theme.hstatic.net/1000230347/1000782290/14/product-placeholder.png?v=26576*****https://theme.hstatic.net/1000230347/1000782290/14/product-placeholder.png?v=26576*****https://theme.hstatic.net/1000230347/1000782290/14/product-placeholder.png?v=26576,"9,700₫",,https://thienlong.vn/products/tap-hoc-sinh-thien-long-diem-10-tp-nb-028
542,Thước thẳng Điểm 10 Doraemon SR-011/DO,50004030,Điểm 10,https://product.hstatic.net/1000230347/product/a8_0ee1b30b9c87472888a0a51b44e107ff_1024x1024.jpg*****https://product.hstatic.net/1000230347/product/sr-011_do_copy_9389e3a0457a4876b8fe24e6bf99c74e_1024x1024.jpg*****https://product.hstatic.net/1000230347/product/sr-011_do_copy_2_f0b1d90cd8d24e4786a71de49145189e_1024x1024.jpg*****https://product.hstatic.net/1000230347/product/thuoc_thang_thien_long_-_diem_10_doraemon_sr-011-do__2__1024x1024.jpg*****https://theme.hstatic.net/1000230347/1000782290/14/product-placeholder.png?v=26577*****https://theme.hstatic.net/1000230347/1000782290/14/product-placeholder.png?v=26577*****https://theme.hstatic.net/1000230347/1000782290/14/product-placeholder.png?v=26577,"5,800₫",,https://thienlong.vn/products/thuoc-thang-thien-long-diem-10-doraemon-sr-011-do
543,Bảng dẻo học sinh Điểm 10 B-019,50007024,Điểm 10,https://product.hstatic.net/1000230347/product/bang_hoc_sinh_thien_long_-_diem_10_b-019__2__1024x1024.jpg*****https://product.hstatic.net/1000230347/product/bang_hoc_sinh_thien_long_-_diem_10_b-019__1__1024x1024.jpg*****https://product.hstatic.net/1000230347/product/bang_hoc_sinh_thien_long_-_diem_10_b-019__3__1024x1024.jpg*****https://product.hstatic.net/1000230347/product/bang_hoc_sinh_thien_long_-_diem_10_b-019__4__1024x1024.jpg,"19,000₫",,https://thienlong.vn/products/bang-hoc-sinh-thien-long-diem-10-b-019
544,Bảng học sinh Điểm 10 B-016 PLUS,50003482,Điểm 10,https://product.hstatic.net/1000230347/product/bang_hoc_sinh_thien_long_-_diem_10_b-016_plus__1__1024x1024.jpg*****https://product.hstatic.net/1000230347/product/bang_hoc_sinh_thien_long_-_diem_10_b-016_plus__2__1024x1024.jpg,"27,200₫",,https://thienlong.vn/products/bang-hoc-sinh-thien-long-diem-10-b-016-plus
545,Bảng học sinh Điểm 10 B-016,50005804,Điểm 10,https://product.hstatic.net/1000230347/product/bang_hoc_sinh_thien_long_-_diem_10_b-016__1__1024x1024.jpg*****https://product.hstatic.net/1000230347/product/bang_hoc_sinh_thien_long_-_diem_10_b-016__2__1024x1024.jpg,"26,000₫",,https://thienlong.vn/products/bang-hoc-sinh-thien-long-diem-10-b-016
546,Bảng bộ Điểm 10 B-011,50002616,Điểm 10,https://product.hstatic.net/1000230347/product/bang_bo_thien_long_-_diem_10__b-011__2__1024x1024.jpg*****https://product.hstatic.net/1000230347/product/bang_bo_thien_long_-_diem_10__b-011__3__1024x1024.jpg*****https://product.hstatic.net/1000230347/product/bang_bo_thien_long_-_diem_10__b-011__1__1024x1024.jpg,"50,300₫",,https://thienlong.vn/products/bang-bo-thien-long-diem-10-b-011
547,Bút chì khúc Thiên Long PC-09,60000069,Thiên Long,https://product.hstatic.net/1000230347/product/img_9302_85b8189eab5149cc838a85e92662b3bc_1024x1024.jpg*****https://product.hstatic.net/1000230347/product/das2_ca3d374a1028433583747afc13a27ea2_1024x1024.jpg*****https://product.hstatic.net/1000230347/product/pc-09_copy_2_41b0f57681b745f0b41a142955588c2a_1024x1024.jpg*****https://product.hstatic.net/1000230347/product/but_chi_khuc_thien_long_pc-09_ea0a1f1599f94e58854935f3c807ee66_1024x1024.jpg,"5,800₫",,https://thienlong.vn/products/but-chi-khuc-thien-long-pc-09
548,Bút chì gỗ 2B Thiên Long GP-018,60000638,Thiên Long,https://product.hstatic.net/1000230347/product/artboard_8_2_c869af3a3a26454595ed954f9d017824_1024x1024.jpg*****https://product.hstatic.net/1000230347/product/artboard_8_6876e24d08d94230a94ecd5a1a14e221_1024x1024.jpg*****https://product.hstatic.net/1000230347/product/artboard_1_copy_2_6e6bc6251ee4412c819b387047a09e23_1024x1024.jpg*****https://product.hstatic.net/1000230347/product/artboard_1_copy_3_cc0712f05495494ab929e28c42ccd2d3_1024x1024.jpg*****https://theme.hstatic.net/1000230347/1000782290/14/product-placeholder.png?v=26577*****https://theme.hstatic.net/1000230347/1000782290/14/product-placeholder.png?v=26577*****https://theme.hstatic.net/1000230347/1000782290/14/product-placeholder.png?v=26577*****https://theme.hstatic.net/1000230347/1000782290/14/product-placeholder.png?v=26577,"5,000₫",,https://thienlong.vn/products/but-chi-go-thien-long-gp-018
549,Bút chì gỗ Thiên Long GP-01,60000612,Thiên Long,https://product.hstatic.net/1000230347/product/artboard_3_copy_c8c066e27bfe47d3ab2b31f1aa2632d8_1024x1024.jpg*****https://product.hstatic.net/1000230347/product/artboard_3_e77306cd9115496dab35db9bb2961299_1024x1024.jpg*****https://product.hstatic.net/1000230347/product/artboard_1__1__0a52ef15139241d884e26568a9fd4172_1024x1024.jpg*****https://product.hstatic.net/1000230347/product/artboard_1_copy__1__55db68f9c00449728259ef951013ef38_1024x1024.jpg*****https://theme.hstatic.net/1000230347/1000782290/14/product-placeholder.png?v=26577*****https://theme.hstatic.net/1000230347/1000782290/14/product-placeholder.png?v=26577*****https://theme.hstatic.net/1000230347/1000782290/14/product-placeholder.png?v=26577*****https://theme.hstatic.net/1000230347/1000782290/14/product-placeholder.png?v=26577*****https://theme.hstatic.net/1000230347/1000782290/14/product-placeholder.png?v=26577*****https://theme.hstatic.net/1000230347/1000782290/14/product-placeholder.png?v=26577,"4,500₫",,https://thienlong.vn/products/but-chi-go-thien-long-gp-01
550,Keo khô Điểm 10 G-014,50003516,Điểm 10,https://product.hstatic.net/1000230347/product/keo_kho_thien_long_-_diem_10_g-014__7__1024x1024.jpg*****https://product.hstatic.net/1000230347/product/keo_kho_thien_long_-_diem_10_g-014__1__1024x1024.jpg*****https://product.hstatic.net/1000230347/product/keo_kho_thien_long_-_diem_10_g-014__3__1024x1024.jpg*****https://product.hstatic.net/1000230347/product/keo_kho_thien_long_-_diem_10_g-014__4__1024x1024.jpg,"9,000₫",,https://thienlong.vn/products/keo-kho-thien-long-diem-10-g-014
551,Keo khô Điểm 10 Doraemon TP-G011/DO,50001635,Điểm 10,https://product.hstatic.net/1000230347/product/keo_kho_thien_long_diem_10_doraemon_g-011-do__1__1024x1024.jpg*****https://product.hstatic.net/1000230347/product/keo_kho_thien_long_diem_10_doraemon_g-011-do__3__1024x1024.jpg*****https://product.hstatic.net/1000230347/product/keo_kho_thien_long_diem_10_doraemon_g-011-do__2__1024x1024.jpg,"10,600₫",,https://thienlong.vn/products/keo-kho-thien-long-diem-10-doraemon-tp-g011-do
552,Keo dán giấy Điểm 10 G-015 (FS),50003998,Điểm 10,https://product.hstatic.net/1000230347/product/a56_cc03f3b6162540609574ccb793f616b5_1024x1024.jpg*****https://product.hstatic.net/1000230347/product/g-015_5_2_7b7b4ed02134466cb71e2565bce9df93_1024x1024.jpg*****https://product.hstatic.net/1000230347/product/g-015_2_aa385febd2434fbea11cfd474c882a79_1024x1024.jpg*****https://product.hstatic.net/1000230347/product/g-015_3_a240426837c6446d8d8f9d81874dddec_1024x1024.jpg*****https://theme.hstatic.net/1000230347/1000782290/14/product-placeholder.png?v=26578*****https://theme.hstatic.net/1000230347/1000782290/14/product-placeholder.png?v=26578*****https://theme.hstatic.net/1000230347/1000782290/14/product-placeholder.png?v=26578*****https://theme.hstatic.net/1000230347/1000782290/14/product-placeholder.png?v=26578*****https://theme.hstatic.net/1000230347/1000782290/14/product-placeholder.png?v=26578*****https://theme.hstatic.net/1000230347/1000782290/14/product-placeholder.png?v=26578,"4,500₫",,https://thienlong.vn/products/keo-dan-giay-thien-long-diem-10-g-015
553,Keo dán giấy Điểm 10 G-08,50010542,Điểm 10,https://product.hstatic.net/1000230347/product/keo_dan_giay_thien_long_-_diem_10_g-08__1__1024x1024.jpg*****https://product.hstatic.net/1000230347/product/keo_dan_giay_thien_long_-_diem_10_g-08__2__1024x1024.jpg*****https://product.hstatic.net/1000230347/product/keo_dan_giay_thien_long_-_diem_10_g-08__3__1024x1024.jpg*****https://product.hstatic.net/1000230347/product/keo_dan_giay_thien_long_-_diem_10_g-08__4__1024x1024.jpg,"5,300₫",,https://thienlong.vn/products/keo-dan-giay-thien-long-diem-10-g-08
554,Bút xóa Thiên Long CP-05,60000772,Thiên Long,https://product.hstatic.net/1000230347/product/321fas_518f8e9f6ed94a76b15dbdd59fd3f2b4_1024x1024.jpg*****https://product.hstatic.net/1000230347/product/cp-05_56da874c89b94ee29d463b5948040933_1024x1024.jpg*****https://product.hstatic.net/1000230347/product/cp-05_2_6bcd7f4c22ee44f3bd125609c563fbba_1024x1024.jpg*****https://product.hstatic.net/1000230347/product/but_xoa_thien_long_cp-05_fefdc22d961e4af5b108a0304e4f5111_1024x1024.jpg,"25,100₫",,https://thienlong.vn/products/but-xoa-thien-long-cp-05
555,Bút xóa Thiên Long CP-02,60000495,Thiên Long,https://product.hstatic.net/1000230347/product/artboard_2_copy_9bdc9a99e2b04da98f6d39a192c620c4_1024x1024.jpg*****https://product.hstatic.net/1000230347/product/artboard_2_a4a2140bd0b54bcf89e9053934f93bc6_1024x1024.jpg*****https://product.hstatic.net/1000230347/product/artboard_3_copy_2_2a62fb413f10472e97648a6982bc19f2_1024x1024.jpg*****https://product.hstatic.net/1000230347/product/artboard_3_copy_3_28e9db2914bc49a39346c2b0d1d323fc_1024x1024.jpg*****https://theme.hstatic.net/1000230347/1000782290/14/product-placeholder.png?v=26578*****https://theme.hstatic.net/1000230347/1000782290/14/product-placeholder.png?v=26578*****https://theme.hstatic.net/1000230347/1000782290/14/product-placeholder.png?v=26578*****https://theme.hstatic.net/1000230347/1000782290/14/product-placeholder.png?v=26578*****https://theme.hstatic.net/1000230347/1000782290/14/product-placeholder.png?v=26578*****https://theme.hstatic.net/1000230347/1000782290/14/product-placeholder.png?v=26578*****https://theme.hstatic.net/1000230347/1000782290/14/product-placeholder.png?v=26578*****https://theme.hstatic.net/1000230347/1000782290/14/product-placeholder.png?v=26578*****https://theme.hstatic.net/1000230347/1000782290/14/product-placeholder.png?v=26578,"32,200₫",,https://thienlong.vn/products/but-xoa-thien-long-cp02
556,Bút chì gỗ cao cấp Bizner BIZ-P02,60000574,Bizner,https://product.hstatic.net/1000230347/product/423fds_bda9f9626dec4419a4d42130cf3a1c90_1024x1024.jpg*****https://product.hstatic.net/1000230347/product/but_chi_go_cao_cap_bizner_biz-p02_f5f4c7de388e45488d267682accf80f9_1024x1024.jpg*****https://product.hstatic.net/1000230347/product/biz-p02_76cb5a42b2a04bee925026d1506931cf_1024x1024.jpg*****https://product.hstatic.net/1000230347/product/biz-p02_425392cd37b748ba9d7e9e132771abbf_1024x1024.jpg*****https://theme.hstatic.net/1000230347/1000782290/14/product-placeholder.png?v=26578*****https://theme.hstatic.net/1000230347/1000782290/14/product-placeholder.png?v=26578*****https://theme.hstatic.net/1000230347/1000782290/14/product-placeholder.png?v=26578,"11,200₫",,https://thienlong.vn/products/but-chi-go-cao-cap-thien-long-bizner-biz-p02
557,Bút chì gỗ cao cấp Bizner BIZ-P01,60000573,Bizner,https://product.hstatic.net/1000230347/product/artboard_6_copy_27e41a6c56804ebdb49b76174a5c9d0d_1024x1024.png*****https://product.hstatic.net/1000230347/product/artboard_6_e9624ff1a4cb48f794f886c915b25371_1024x1024.png*****https://product.hstatic.net/1000230347/product/artboard_2_3e10d5f05ae541b7976f21edbbc7552b_1024x1024.png*****https://product.hstatic.net/1000230347/product/artboard_5_copy_2_c483de71be0942a6a5882dca747eb828_1024x1024.jpg*****https://theme.hstatic.net/1000230347/1000782290/14/product-placeholder.png?v=26578*****https://theme.hstatic.net/1000230347/1000782290/14/product-placeholder.png?v=26578*****https://theme.hstatic.net/1000230347/1000782290/14/product-placeholder.png?v=26578*****https://theme.hstatic.net/1000230347/1000782290/14/product-placeholder.png?v=26578,"8,300₫",,https://thienlong.vn/products/but-chi-go-cao-cap-thien-long-bizner-biz-p01
558,Bút xóa kéo FlexOffice FO-CT02 (Màu ngẫu nhiên),63003934,Flexoffice,https://product.hstatic.net/1000230347/product/artboard_1_copy_921dc8eae0514832aa260403faf6c347_1024x1024.jpg*****https://product.hstatic.net/1000230347/product/artboard_1_8e5fa74294ee4f65ba7b7fe81332cb77_1024x1024.jpg*****https://product.hstatic.net/1000230347/product/artboard_5_f3239c7cfb7a4230a500904b5e8c9ab0_1024x1024.jpg*****https://product.hstatic.net/1000230347/product/artboard_5_copy_cac6686356734809839ad552c4357927_1024x1024.jpg*****https://theme.hstatic.net/1000230347/1000782290/14/product-placeholder.png?v=26578*****https://theme.hstatic.net/1000230347/1000782290/14/product-placeholder.png?v=26578*****https://theme.hstatic.net/1000230347/1000782290/14/product-placeholder.png?v=26578*****https://theme.hstatic.net/1000230347/1000782290/14/product-placeholder.png?v=26578*****https://theme.hstatic.net/1000230347/1000782290/14/product-placeholder.png?v=26578*****https://theme.hstatic.net/1000230347/1000782290/14/product-placeholder.png?v=26578*****https://theme.hstatic.net/1000230347/1000782290/14/product-placeholder.png?v=26578,"15,700₫",,https://thienlong.vn/products/but-xoa-keo-thien-long-flexoffice-fo-ct-02
559,Bút xóa FlexOffice FO-CP01 PLUS,63003935,Flexoffice,https://product.hstatic.net/1000230347/product/artboard_9_copy_045bf69f87094f22b42ce9df02fdefe9_1024x1024.jpg*****https://product.hstatic.net/1000230347/product/artboard_4_7c5664f4d477454ab20bc51deffddd6e_1024x1024.jpg*****https://product.hstatic.net/1000230347/product/artboard_3_copy_3_4b33ada329ee4b1aa33c68f841ed9016_1024x1024.jpg*****https://product.hstatic.net/1000230347/product/artboard_3_a0103295904948d38045096547a48d79_1024x1024.jpg*****https://theme.hstatic.net/1000230347/1000782290/14/product-placeholder.png?v=26578*****https://theme.hstatic.net/1000230347/1000782290/14/product-placeholder.png?v=26578*****https://theme.hstatic.net/1000230347/1000782290/14/product-placeholder.png?v=26578*****https://theme.hstatic.net/1000230347/1000782290/14/product-placeholder.png?v=26578*****https://theme.hstatic.net/1000230347/1000782290/14/product-placeholder.png?v=26578*****https://theme.hstatic.net/1000230347/1000782290/14/product-placeholder.png?v=26578,"19,000₫",,https://thienlong.vn/products/but-xoa-thien-long-flexoffice-fo-cp01
560,Bút chì gỗ Thiên Long GP-03 màu ngẫu nhiên,60000194,Thiên Long,https://product.hstatic.net/1000230347/product/artboard_2_copy_1bab4826baba4c80b25d66bba0f95cb9_1024x1024.jpg*****https://product.hstatic.net/1000230347/product/artboard_2_d56d1e141c684368b640f668672511ec_1024x1024.jpg*****https://product.hstatic.net/1000230347/product/artboard_4_3b603d09f1c644199da9b65c4b557768_1024x1024.jpg*****https://product.hstatic.net/1000230347/product/artboard_3_7210a705b2464a378811d5f4e10b2a98_1024x1024.jpg*****https://theme.hstatic.net/1000230347/1000782290/14/product-placeholder.png?v=26578*****https://theme.hstatic.net/1000230347/1000782290/14/product-placeholder.png?v=26578*****https://theme.hstatic.net/1000230347/1000782290/14/product-placeholder.png?v=26578*****https://theme.hstatic.net/1000230347/1000782290/14/product-placeholder.png?v=26578,"5,500₫",,https://thienlong.vn/products/but-chi-go-thien-long-gp-03
561,Bút chì gỗ Điểm 10 TP-GP012 (màu ngẫu nhiên),60000068,Điểm 10,https://product.hstatic.net/1000230347/product/artboard_5_copy_47af1c9ed8a446f29b7f7893011daadf_1024x1024.jpg*****https://product.hstatic.net/1000230347/product/artboard_6_0f833e81b4ef40acbd410312840024eb_1024x1024.jpg*****https://product.hstatic.net/1000230347/product/artboard_7_e28005e5ef3644bda924dfa8b19d880c_1024x1024.jpg*****https://product.hstatic.net/1000230347/product/artboard_8_fd3d5ecf69dd42fc9b41fe1a62265e80_1024x1024.jpg*****https://theme.hstatic.net/1000230347/1000782290/14/product-placeholder.png?v=26578*****https://theme.hstatic.net/1000230347/1000782290/14/product-placeholder.png?v=26578*****https://theme.hstatic.net/1000230347/1000782290/14/product-placeholder.png?v=26578*****https://theme.hstatic.net/1000230347/1000782290/14/product-placeholder.png?v=26578*****https://theme.hstatic.net/1000230347/1000782290/14/product-placeholder.png?v=26578,"4,600₫",,https://thienlong.vn/products/but-chi-go-thien-long-gp-012
562,Bút chì nhựa Thiên Long GP-016,50003511,Thiên Long,https://product.hstatic.net/1000230347/product/432fds_1578ff3f576c44e89af990e55e8135a4_1024x1024.jpg*****https://product.hstatic.net/1000230347/product/gp-016_copy_f84bbf9f508941588e466a500883535f_1024x1024.jpg*****https://product.hstatic.net/1000230347/product/but_chi_nhua_thien_long_gp-016_86f256ed8a7847709614a2768fe35a43_1024x1024.jpg,"2,000₫",,https://thienlong.vn/products/but-chi-go-thien-long-gp-016
563,Bút chì gỗ Thiên Long GP-020,60001136,Thiên Long,https://product.hstatic.net/1000230347/product/3543zf_802c3614ceb9469dbd60fadf7763691b_1024x1024.jpg*****https://product.hstatic.net/1000230347/product/gp-020_copy_1d3da7969e5a4f18b801f50985515bc4_1024x1024.jpg*****https://product.hstatic.net/1000230347/product/but_chi_go_thien_long_gp-020_b07c12274e5f4af38ff80c56b8dd2c80_1024x1024.jpg,"4,600₫",,https://thienlong.vn/products/but-chi-go-thien-long-gp-020
564,Bút chì gỗ Điểm 10 TP-GP021,60001137,Điểm 10,https://product.hstatic.net/1000230347/product/b13_15c425d010ac4dc4abad24d9e8cd4eef_1024x1024.jpg*****https://product.hstatic.net/1000230347/product/tp-gp021_copy_e31d14816a2c4f91808e3c2cad8d7df3_1024x1024.jpg*****https://product.hstatic.net/1000230347/product/but_chi_go_diem_10_gp-021_23fc9452055d499882b46d65dabdbe5b_1024x1024.jpg*****https://product.hstatic.net/1000230347/product/but_chi_go_thien_long_-_diem_10_gp-021__4__1024x1024.jpg*****https://theme.hstatic.net/1000230347/1000782290/14/product-placeholder.png?v=26578*****https://theme.hstatic.net/1000230347/1000782290/14/product-placeholder.png?v=26578*****https://theme.hstatic.net/1000230347/1000782290/14/product-placeholder.png?v=26578,"4,600₫",,https://thienlong.vn/products/but-chi-go-thien-long-gp-021
565,Bút chì bấm Thiên Long PC-018,50001636,Thiên Long,https://product.hstatic.net/1000230347/product/artboard_2_copy_828f03b35cba4f0881b180bdf2b66b64_1024x1024.jpg*****https://product.hstatic.net/1000230347/product/artboard_1_e69131b8ea1b445486e24216b0dec0f2_1024x1024.jpg*****https://product.hstatic.net/1000230347/product/artboard_2_a1f038ccbad747bbb46d2e04f6028a4c_1024x1024.jpg*****https://product.hstatic.net/1000230347/product/artboard_3_6b3e46ed3a9a403ba8cc4f0eedd4f672_1024x1024.jpg*****https://theme.hstatic.net/1000230347/1000782290/14/product-placeholder.png?v=26578*****https://theme.hstatic.net/1000230347/1000782290/14/product-placeholder.png?v=26578*****https://theme.hstatic.net/1000230347/1000782290/14/product-placeholder.png?v=26578*****https://theme.hstatic.net/1000230347/1000782290/14/product-placeholder.png?v=26578,"9,700₫",,https://thienlong.vn/products/but-chi-bam-thien-long-pc-018
566,Bút chì bấm Thiên Long PC-022,50005082,Thiên Long,https://product.hstatic.net/1000230347/product/342sdfa_3e06171a22a34704bf1c48968a71ca32_1024x1024.jpg*****https://product.hstatic.net/1000230347/product/but_chi_bam_thien_long_pc-022_259ef67ff26b442fb163d06997f45f5f_1024x1024.jpg*****https://product.hstatic.net/1000230347/product/but_chi_bam_thien_long_pc-022__3__1024x1024.jpg*****https://product.hstatic.net/1000230347/product/but_chi_bam_thien_long_pc-022__1__1024x1024.jpg*****https://theme.hstatic.net/1000230347/1000782290/14/product-placeholder.png?v=26578,"5,000₫",,https://thienlong.vn/products/but-chi-bam-thien-long-pc-022
567,Gôm tẩy xóa chì Điểm 10 Disney Frozen E-017/FR,50006620,Điểm 10,https://product.hstatic.net/1000230347/product/e-017_fr_5_a51898785cbd48478e38b0367b51bdd3_1024x1024.jpg*****https://product.hstatic.net/1000230347/product/e-017_fr_2_5cafe19a891c403b93465f15a321cef2_1024x1024.jpg*****https://product.hstatic.net/1000230347/product/e-017_fr_3_9624f6d3338f497eb8a35827c4e5f859_1024x1024.jpg*****https://product.hstatic.net/1000230347/product/e-017_fr_4_2b6f87a061cd4b67a1847d157036c7dc_1024x1024.jpg*****https://theme.hstatic.net/1000230347/1000782290/14/product-placeholder.png?v=26578*****https://theme.hstatic.net/1000230347/1000782290/14/product-placeholder.png?v=26578*****https://theme.hstatic.net/1000230347/1000782290/14/product-placeholder.png?v=26578*****https://theme.hstatic.net/1000230347/1000782290/14/product-placeholder.png?v=26578*****https://theme.hstatic.net/1000230347/1000782290/14/product-placeholder.png?v=26578*****https://theme.hstatic.net/1000230347/1000782290/14/product-placeholder.png?v=26578*****https://theme.hstatic.net/1000230347/1000782290/14/product-placeholder.png?v=26578*****https://theme.hstatic.net/1000230347/1000782290/14/product-placeholder.png?v=26578*****https://theme.hstatic.net/1000230347/1000782290/14/product-placeholder.png?v=26578*****https://theme.hstatic.net/1000230347/1000782290/14/product-placeholder.png?v=26578*****https://theme.hstatic.net/1000230347/1000782290/14/product-placeholder.png?v=26578*****https://theme.hstatic.net/1000230347/1000782290/14/product-placeholder.png?v=26578*****https://theme.hstatic.net/1000230347/1000782290/14/product-placeholder.png?v=26578*****https://theme.hstatic.net/1000230347/1000782290/14/product-placeholder.png?v=26578*****https://theme.hstatic.net/1000230347/1000782290/14/product-placeholder.png?v=26578*****https://theme.hstatic.net/1000230347/1000782290/14/product-placeholder.png?v=26578*****https://theme.hstatic.net/1000230347/1000782290/14/product-placeholder.png?v=26578*****https://theme.hstatic.net/1000230347/1000782290/14/product-placeholder.png?v=26578*****https://theme.hstatic.net/1000230347/1000782290/14/product-placeholder.png?v=26578,"7,100₫",,https://thienlong.vn/products/gom-thien-long-diem-10-disney-e-17-fr
568,Gôm tẩy xóa chì Điểm 10 Disney Mickey E-017/MI,50006619,Điểm 10,https://product.hstatic.net/1000230347/product/e-017_mi_2_57ed38d392e5498c9353db4e1a5d3b60_1024x1024.jpg*****https://product.hstatic.net/1000230347/product/e-017_mi_3cd3f9c4d23c44219a59fe0043bfed6a_1024x1024.jpg*****https://product.hstatic.net/1000230347/product/e-017_mi_3_95d0752bb434463aab739df11da368c5_1024x1024.jpg*****https://product.hstatic.net/1000230347/product/e-017_mi_4_a2228b5874bd489caa44912da8c2e4e1_1024x1024.jpg*****https://theme.hstatic.net/1000230347/1000782290/14/product-placeholder.png?v=26578*****https://theme.hstatic.net/1000230347/1000782290/14/product-placeholder.png?v=26578*****https://theme.hstatic.net/1000230347/1000782290/14/product-placeholder.png?v=26578*****https://theme.hstatic.net/1000230347/1000782290/14/product-placeholder.png?v=26578*****https://theme.hstatic.net/1000230347/1000782290/14/product-placeholder.png?v=26578*****https://theme.hstatic.net/1000230347/1000782290/14/product-placeholder.png?v=26578*****https://theme.hstatic.net/1000230347/1000782290/14/product-placeholder.png?v=26578*****https://theme.hstatic.net/1000230347/1000782290/14/product-placeholder.png?v=26578*****https://theme.hstatic.net/1000230347/1000782290/14/product-placeholder.png?v=26578*****https://theme.hstatic.net/1000230347/1000782290/14/product-placeholder.png?v=26578*****https://theme.hstatic.net/1000230347/1000782290/14/product-placeholder.png?v=26578*****https://theme.hstatic.net/1000230347/1000782290/14/product-placeholder.png?v=26578*****https://theme.hstatic.net/1000230347/1000782290/14/product-placeholder.png?v=26578*****https://theme.hstatic.net/1000230347/1000782290/14/product-placeholder.png?v=26578*****https://theme.hstatic.net/1000230347/1000782290/14/product-placeholder.png?v=26578*****https://theme.hstatic.net/1000230347/1000782290/14/product-placeholder.png?v=26578*****https://theme.hstatic.net/1000230347/1000782290/14/product-placeholder.png?v=26578*****https://theme.hstatic.net/1000230347/1000782290/14/product-placeholder.png?v=26578*****https://theme.hstatic.net/1000230347/1000782290/14/product-placeholder.png?v=26578,"7,100₫",,https://thienlong.vn/products/gom-thien-long-diem-10-disney-e-17-mi
569,Gôm tẩy xóa chì Điểm 10 E-015,50006749,Điểm 10,https://product.hstatic.net/1000230347/product/gom_thien_long_-_diem_10_e-15__4__1024x1024.jpg*****https://product.hstatic.net/1000230347/product/gom_thien_long_-_diem_10_e-15__8__1024x1024.jpg*****https://product.hstatic.net/1000230347/product/gom_thien_long_-_diem_10_e-15__3__1024x1024.jpg*****https://product.hstatic.net/1000230347/product/gom_thien_long_-_diem_10_e-15__2__1024x1024.jpg*****https://theme.hstatic.net/1000230347/1000782290/14/product-placeholder.png?v=26578*****https://theme.hstatic.net/1000230347/1000782290/14/product-placeholder.png?v=26578*****https://theme.hstatic.net/1000230347/1000782290/14/product-placeholder.png?v=26578*****https://theme.hstatic.net/1000230347/1000782290/14/product-placeholder.png?v=26578,"5,300₫",,https://thienlong.vn/products/gom-thien-long-diem-10-e-15
570,Gôm tẩy xóa chì Điểm 10 E-09,50003512,Điểm 10,https://product.hstatic.net/1000230347/product/gom_thien_long_diem_10_e-09__9__1024x1024.jpg*****https://product.hstatic.net/1000230347/product/gom_thien_long_diem_10_e-09__11__1024x1024.jpg*****https://product.hstatic.net/1000230347/product/gom_thien_long_diem_10_e-09__10__1024x1024.jpg,"5,300₫",,https://thienlong.vn/products/gom-thien-long-diem-10-e-09
571,Gôm tẩy xóa chì Thiên Long E-08,50003532,Thiên Long,https://product.hstatic.net/1000230347/product/gom_thien_long_e-08__7__1024x1024.jpg,"5,900₫",,https://thienlong.vn/products/gom-thien-long-e-08
572,Gôm tẩy xóa chì Thiên Long E-06,50003531,Thiên Long,https://product.hstatic.net/1000230347/product/gom_thien_long_e-06__9__1024x1024.jpg,"5,300₫",,https://thienlong.vn/products/gom-thien-long-e-06
573,Gôm tẩy xóa chì Joyee Thiên Long E-05 - Mẫu ngẫu nhiên,50003530,Thiên Long,https://product.hstatic.net/1000230347/product/logo_thien_long_-_ceq_opy_copy_38164d48dabe48f2965647b907853fdd_1024x1024.jpg*****https://product.hstatic.net/1000230347/product/logo_thien_long_-_copy_cd_opy_a51fbe910f784a4cb86626ad6efda853_1024x1024.jpg*****https://product.hstatic.net/1000230347/product/gom_thien_long_e-05__11__1024x1024.jpg,"5,000₫",,https://thienlong.vn/products/gom-thien-long-e-05
574,Chuốt chì Điểm 10 S-09,50004987,Điểm 10,https://product.hstatic.net/1000230347/product/chuot_chi_thien_long_s-09__1__1024x1024.jpg*****https://product.hstatic.net/1000230347/product/chuot_chi_thien_long_s-09__2__1024x1024.jpg*****https://product.hstatic.net/1000230347/product/chuot_chi_thien_long_s-09__3__1024x1024.jpg*****https://product.hstatic.net/1000230347/product/chuot_chi_thien_long_s-09__4__1024x1024.jpg*****https://theme.hstatic.net/1000230347/1000782290/14/product-placeholder.png?v=26578*****https://theme.hstatic.net/1000230347/1000782290/14/product-placeholder.png?v=26578*****https://theme.hstatic.net/1000230347/1000782290/14/product-placeholder.png?v=26578*****https://theme.hstatic.net/1000230347/1000782290/14/product-placeholder.png?v=26578*****https://theme.hstatic.net/1000230347/1000782290/14/product-placeholder.png?v=26578*****https://theme.hstatic.net/1000230347/1000782290/14/product-placeholder.png?v=26578,"4,600₫",,https://thienlong.vn/products/chuot-chi-thien-long-diem-10-s-09
575,Chuốt chì Thiên Long S-01,50003533,Thiên Long,https://product.hstatic.net/1000230347/product/chuot_chi_thien_long_s-01__9__1024x1024.jpg,"3,600₫",,https://thienlong.vn/products/chuot-chi-thien-long-s-01
576,Thước thẳng Điểm 10 Disney Princess SR-029/PR,50006622,Điểm 10,https://product.hstatic.net/1000230347/product/423fdfdsdf_b9e6c7dc3e124cca848e19bf75e48734_1024x1024.jpg*****https://product.hstatic.net/1000230347/product/sr-029_pr_3_3c95cbe333f0400db8813ebeb705442a_1024x1024.jpg,"7,600₫",,https://thienlong.vn/products/thuoc-thang-thien-long-diem-10-disney-sr-029-pr
577,Thước thẳng Điểm 10 Disney Mickey SR-029/MI,50006621,Điểm 10,https://product.hstatic.net/1000230347/product/sr-029_mi_d9eacdc9d52f4af9a63603960f48ce50_1024x1024.jpg*****https://product.hstatic.net/1000230347/product/sr-029_mi_2_ae8745fc915f437699d1ca2a8b9b5ced_1024x1024.jpg*****https://product.hstatic.net/1000230347/product/sr-029_mi_3_e028da43091e43e59bd08370dcf1ff41_1024x1024.jpg,"7,600₫",,https://thienlong.vn/products/thuoc-thang-thien-long-diem-10-disney-sr-029-mi
578,Thước thẳng Điểm 10 SR-027,50006568,Điểm 10,https://product.hstatic.net/1000230347/product/thuoc_thang_thien_long_-_diem_10_sr-027__2__1024x1024.jpg*****https://product.hstatic.net/1000230347/product/thuoc_thang_thien_long_-_diem_10_sr-027_1024x1024.jpg*****https://product.hstatic.net/1000230347/product/thuoc_thang_thien_long_-_diem_10_sr-027__3__1024x1024.jpg,"5,000₫",,https://thienlong.vn/products/thuoc-thang-thien-long-diem-10-sr-027
579,Thước dẻo PVC Điểm 10 SR-025,50008928,Điểm 10,https://product.hstatic.net/1000230347/product/453sf_5afea59b410f404693ba83964f3e78b3_1024x1024.jpg*****https://product.hstatic.net/1000230347/product/sr-025_604bc630a04d49e494c354ace9e5eb62_1024x1024.jpg*****https://product.hstatic.net/1000230347/product/thuoc_deo_pvc_thien_long_-_diem_10_sr-025__1__1024x1024.jpg*****https://product.hstatic.net/1000230347/product/thuoc_deo_pvc_thien_long_-_diem_10_sr-025__2__1024x1024.jpg*****https://theme.hstatic.net/1000230347/1000782290/14/product-placeholder.png?v=26578*****https://theme.hstatic.net/1000230347/1000782290/14/product-placeholder.png?v=26578*****https://theme.hstatic.net/1000230347/1000782290/14/product-placeholder.png?v=26578*****https://theme.hstatic.net/1000230347/1000782290/14/product-placeholder.png?v=26578*****https://theme.hstatic.net/1000230347/1000782290/14/product-placeholder.png?v=26578*****https://theme.hstatic.net/1000230347/1000782290/14/product-placeholder.png?v=26578*****https://theme.hstatic.net/1000230347/1000782290/14/product-placeholder.png?v=26578*****https://theme.hstatic.net/1000230347/1000782290/14/product-placeholder.png?v=26578,"9,000₫",,https://thienlong.vn/products/thuoc-deo-pvc-thien-long-diem-10-sr-025
580,Thước dẻo PVC Thiên Long SR-024,50010048,Thiên Long,https://product.hstatic.net/1000230347/product/453sad_ad23899697ec4d31b00c600eda2f4336_1024x1024.jpg*****https://product.hstatic.net/1000230347/product/sr-024_557484f223db4d038fc9c69b26df8414_1024x1024.jpg*****https://product.hstatic.net/1000230347/product/thuoc_deo_pvc_thien_long_sr-024__1__1024x1024.jpg*****https://product.hstatic.net/1000230347/product/thuoc_deo_pvc_thien_long_sr-024__2__1024x1024.jpg*****https://theme.hstatic.net/1000230347/1000782290/14/product-placeholder.png?v=26578*****https://theme.hstatic.net/1000230347/1000782290/14/product-placeholder.png?v=26578*****https://theme.hstatic.net/1000230347/1000782290/14/product-placeholder.png?v=26578*****https://theme.hstatic.net/1000230347/1000782290/14/product-placeholder.png?v=26578*****https://theme.hstatic.net/1000230347/1000782290/14/product-placeholder.png?v=26578*****https://theme.hstatic.net/1000230347/1000782290/14/product-placeholder.png?v=26578*****https://theme.hstatic.net/1000230347/1000782290/14/product-placeholder.png?v=26578*****https://theme.hstatic.net/1000230347/1000782290/14/product-placeholder.png?v=26578*****https://theme.hstatic.net/1000230347/1000782290/14/product-placeholder.png?v=26578*****https://theme.hstatic.net/1000230347/1000782290/14/product-placeholder.png?v=26578,"11,200₫",,https://thienlong.vn/products/thuoc-deo-pvc-thien-long-sr-024
581,Thước dẻo PP Điểm 10 SR-023,50005484,Điểm 10,https://product.hstatic.net/1000230347/product/thuoc_deo_pp_thien_long_-_diem_10_sr-023__2__1024x1024.jpg*****https://product.hstatic.net/1000230347/product/thuoc_deo_pp_thien_long_-_diem_10_sr-023__3__1024x1024.jpg*****https://product.hstatic.net/1000230347/product/thuoc_deo_pp_thien_long_-_diem_10_sr-023_1024x1024.jpg*****https://product.hstatic.net/1000230347/product/thuoc_deo_pp_thien_long_-_diem_10_sr-023__4__1024x1024.jpg*****https://theme.hstatic.net/1000230347/1000782290/14/product-placeholder.png?v=26578*****https://theme.hstatic.net/1000230347/1000782290/14/product-placeholder.png?v=26578*****https://theme.hstatic.net/1000230347/1000782290/14/product-placeholder.png?v=26578*****https://theme.hstatic.net/1000230347/1000782290/14/product-placeholder.png?v=26578,"3,600₫",,https://thienlong.vn/products/thuoc-deo-pp-thien-long-diem-10-sr-023
582,Thước dẻo PVC Điểm 10 SR-022,50004823,Điểm 10,https://product.hstatic.net/1000230347/product/thuoc_deo_pvc_thien_long_-_diem_10_sr-022_1024x1024.jpg*****https://product.hstatic.net/1000230347/product/sr-022_2_aa7955d134cf40b39ca432e786cd3873_1024x1024.jpg*****https://product.hstatic.net/1000230347/product/thuoc_deo_pvc_thien_long_-_diem_10_sr-022__2__1024x1024.jpg*****https://product.hstatic.net/1000230347/product/thuoc_deo_pvc_thien_long_diem_10_sr-022__2__373e3122cfe74ea1990dc8a03bcc23ca_1024x1024.jpg*****https://theme.hstatic.net/1000230347/1000782290/14/product-placeholder.png?v=26578,"3,300₫",,https://thienlong.vn/products/thuoc-deo-pvc-thien-long-diem-10-sr-022
583,Thước dẻo PVC Điểm 10 SR-021,50004824,Điểm 10,https://product.hstatic.net/1000230347/product/432afgfd_9440dddf248a4d24b331175268f48080_1024x1024.jpg*****https://product.hstatic.net/1000230347/product/thuoc_deo_pvc_thien_long_-_diem_10_sr-021__2__1024x1024.jpg*****https://product.hstatic.net/1000230347/product/thuoc_deo_pvc_thien_long_-_diem_10_sr-021__4__1024x1024.jpg*****https://product.hstatic.net/1000230347/product/thuoc_deo_pvc_thien_long_-_diem_10_sr-021_1024x1024.jpg*****https://theme.hstatic.net/1000230347/1000782290/14/product-placeholder.png?v=26578*****https://theme.hstatic.net/1000230347/1000782290/14/product-placeholder.png?v=26578,"4,500₫",,https://thienlong.vn/products/thuoc-deo-pvc-thien-long-diem-10-sr-021
584,Thước bộ Điểm 10 SR-012,50002974,Điểm 10,https://product.hstatic.net/1000230347/product/a6_b603e1f722f54cdea555e185b36bcf91_1024x1024.jpg*****https://product.hstatic.net/1000230347/product/diem_10_copy_b3a8d6832fbd403393771a7a7b142687_1024x1024.jpg*****https://product.hstatic.net/1000230347/product/tp-sr012_copy_2_6fcb5023f3c145509c312554329d0385_1024x1024.jpg*****https://product.hstatic.net/1000230347/product/tp-sr012_copy_3_a3fb251a255d4870a804fd3555eae162_1024x1024.jpg,"17,300₫",,https://thienlong.vn/products/thuoc-bo-thien-long-diem-10-sr-012
585,Thước bộ Điểm 10 TP-SR09/DO,50004740,Điểm 10,https://product.hstatic.net/1000230347/product/thuoc_bo_thien_long_diem_10_sr-09do__1__1024x1024.jpg*****https://product.hstatic.net/1000230347/product/thuoc_bo_thien_long_-_diem_10_sr-09do_1024x1024.jpg*****https://product.hstatic.net/1000230347/product/thuoc_bo_thien_long_-_diem_10_sr-09do__2__1024x1024.jpg*****https://product.hstatic.net/1000230347/product/thuoc_bo_thien_long_-_diem_10_sr-09do__4__1024x1024.jpg*****https://theme.hstatic.net/1000230347/1000782290/14/product-placeholder.png?v=26578*****https://theme.hstatic.net/1000230347/1000782290/14/product-placeholder.png?v=26578*****https://theme.hstatic.net/1000230347/1000782290/14/product-placeholder.png?v=26578*****https://theme.hstatic.net/1000230347/1000782290/14/product-placeholder.png?v=26578*****https://theme.hstatic.net/1000230347/1000782290/14/product-placeholder.png?v=26578*****https://theme.hstatic.net/1000230347/1000782290/14/product-placeholder.png?v=26578,"22,300₫",,https://thienlong.vn/products/thuoc-bo-thien-long-diem-10-sr-09-do
586,Thước thẳng Thiên Long SR-03,50001642,Thiên Long,https://product.hstatic.net/1000230347/product/324fsd_4b2b38cf0b6b4674b2d3f38b74f5cc41_1024x1024.jpg*****https://product.hstatic.net/1000230347/product/sr-03_copy_ece6c4f51f49440ab70a0df6075d57dc_1024x1024.jpg*****https://product.hstatic.net/1000230347/product/thuoc_thang_thien_long_sr-03__16__1024x1024.jpg,"7,400₫",,https://thienlong.vn/products/thuoc-thang-thien-long-sr-03
587,Thước thẳng Thiên Long SR-02,50001641,Thiên Long,https://product.hstatic.net/1000230347/product/432asdgfdgf_001821e42d0948c4ab79109d32846c17_1024x1024.jpg*****https://product.hstatic.net/1000230347/product/sr-02_copy_959240c7b7d14e179364c17e4791f4d7_1024x1024.jpg*****https://product.hstatic.net/1000230347/product/thuoc_thang_thien_long_sr-02__20__1024x1024.jpg,"5,800₫",,https://thienlong.vn/products/thuoc-thang-thien-long-sr-02
588,Kéo Điểm 10 SC-012,50005263,Điểm 10,https://product.hstatic.net/1000230347/product/keo_thien_long_-_diem_10_sc-012_1024x1024.jpg*****https://product.hstatic.net/1000230347/product/keo_thien_long_-_diem_10_sc-012__1__-_copy_1024x1024.jpg*****https://product.hstatic.net/1000230347/product/keo_thien_long_-_diem_10_sc-012__6__-_copy_1024x1024.jpg*****https://product.hstatic.net/1000230347/product/keo_thien_long_-_diem_10_sc-012__6__1024x1024.jpg*****https://theme.hstatic.net/1000230347/1000782290/14/product-placeholder.png?v=26578,"34,700₫",,https://thienlong.vn/products/keo-thien-long-diem-10-sc-012
589,Kéo Điểm 10 SC-011,50005262,Điểm 10,https://product.hstatic.net/1000230347/product/keo_thien_long_-_diem_10_sc-011__2__1024x1024.jpg*****https://product.hstatic.net/1000230347/product/keo_thien_long_-_diem_10_sc-011__4__1024x1024.jpg*****https://product.hstatic.net/1000230347/product/keo_thien_long_-_diem_10_sc-011__3__1024x1024.jpg*****https://product.hstatic.net/1000230347/product/keo_thien_long_diem_10_sc-011__1__1024x1024.jpg*****https://theme.hstatic.net/1000230347/1000782290/14/product-placeholder.png?v=26578,"38,000₫",,https://thienlong.vn/products/keo-thien-long-diem-10-sc-011
590,Kéo Điểm 10 SC-09/DO,50009510,Điểm 10,https://product.hstatic.net/1000230347/product/keo_thien_long_-_diem_10_sc-09do_1024x1024.jpg*****https://product.hstatic.net/1000230347/product/keo_thien_long_-_diem_10_sc-09do__11__1024x1024.jpg*****https://product.hstatic.net/1000230347/product/keo_thien_long_-_diem_10_sc-09do__10__1024x1024.jpg*****https://product.hstatic.net/1000230347/product/keo_thien_long_-_diem_10_sc-09do__12__1024x1024.jpg*****https://theme.hstatic.net/1000230347/1000782290/14/product-placeholder.png?v=26578*****https://theme.hstatic.net/1000230347/1000782290/14/product-placeholder.png?v=26578*****https://theme.hstatic.net/1000230347/1000782290/14/product-placeholder.png?v=26578*****https://theme.hstatic.net/1000230347/1000782290/14/product-placeholder.png?v=26578*****https://theme.hstatic.net/1000230347/1000782290/14/product-placeholder.png?v=26578*****https://theme.hstatic.net/1000230347/1000782290/14/product-placeholder.png?v=26578*****https://theme.hstatic.net/1000230347/1000782290/14/product-placeholder.png?v=26578*****https://theme.hstatic.net/1000230347/1000782290/14/product-placeholder.png?v=26578,"35,000₫",,https://thienlong.vn/products/keo-thien-long-diem-10-sc-09-do
591,Bảng học sinh Điểm 10 B-18,50005805,Điểm 10,https://product.hstatic.net/1000230347/product/bang_hoc_sinh_thien_long_diem_10_b-018-1_1024x1024.jpg*****https://product.hstatic.net/1000230347/product/bang_hoc_sinh_thien_long_diem_10_b-018-2_1024x1024.jpg*****https://product.hstatic.net/1000230347/product/bang_hoc_sinh_thien_long_diem_10_b-018-3_1024x1024.jpg,"25,000₫",,https://thienlong.vn/products/bang-hoc-sinh-thien-long-diem-10-b-018
592,Bảng Học sinh Điểm 10 TP-B014/T140,50002818,Điểm 10,https://product.hstatic.net/1000230347/product/bang_hoc_sinh_thien_long_diem_10_b-14-1_1024x1024.jpg*****https://product.hstatic.net/1000230347/product/bang_hoc_sinh_thien_long_diem_10_b-14-2_1024x1024.jpg*****https://product.hstatic.net/1000230347/product/bang_hoc_sinh_thien_long_diem_10_b-14__6__1024x1024.jpg,"17,300₫",,https://thienlong.vn/products/bang-hoc-sinh-thien-long-diem-10-b-14
593,Kéo Điểm 10 SC-03,50003422,Điểm 10,https://product.hstatic.net/1000230347/product/keo_thien_long_-_diem_10_sc-03_1024x1024.jpg*****https://product.hstatic.net/1000230347/product/keo_thien_long_-_diem_10_sc-03__3__1024x1024.jpg*****https://product.hstatic.net/1000230347/product/keo_thien_long_-_diem_10_sc-03__2__1024x1024.jpg*****https://product.hstatic.net/1000230347/product/keo_thien_long_diem_10_sc-03__1__1024x1024.jpg,"29,700₫",,https://thienlong.vn/products/keo-thien-long-diem-10-sc-4
594,Bảng Học sinh Điểm 10 TP-B012,50002817,Điểm 10,https://product.hstatic.net/1000230347/product/bang_hoc_sinh_thien_long_diem_10_b-12-1_1024x1024.jpg*****https://product.hstatic.net/1000230347/product/bang_hoc_sinh_thien_long_diem_10_b-12-2_1024x1024.jpg*****https://product.hstatic.net/1000230347/product/bang_hoc_sinh_thien_long_diem_10_b-08-3_85a06b93400445f6a63a31fb63a03ca2_1024x1024.jpg,"19,000₫",,https://thienlong.vn/products/bang-hoc-sinh-thien-long-diem-10-b-12
595,Bảng Học sinh Điểm 10 B-08,50002117,Điểm 10,https://product.hstatic.net/1000230347/product/bang_hoc_sinh_thien_long_diem_10_b-08-1_1024x1024.jpg*****https://product.hstatic.net/1000230347/product/bang_hoc_sinh_thien_long_diem_10_b-08-2_1024x1024.jpg*****https://product.hstatic.net/1000230347/product/bang_hoc_sinh_thien_long_diem_10_b-08-3_1024x1024.jpg,"16,500₫",,https://thienlong.vn/products/bang-hoc-sinh-thien-long-diem-10-b-08
596,"Bút lông 6/12 màu nhũ Fiber Pen Metallic Thiên Long Colokit - Màu nhũ lấp lánh, vẽ được trên giấy đen",60020860,Colokit,https://cdn.hstatic.net/products/1000230347/fp-c023_fp-c024_2_830f89f73d2a4815ab9e51b1d70db272_1024x1024.jpg*****https://cdn.hstatic.net/products/1000230347/fp-c023_fp-c024_b233591415cc4e2fae9d6d454f3f4a0c_1024x1024.jpg*****https://cdn.hstatic.net/products/1000230347/fp-c023_9f1e5e2ba5534a19acbd90997df5ad7f_1024x1024.jpg*****https://cdn.hstatic.net/products/1000230347/fp-c024_c3d90528ce1b4e319b1e92fbc32ae46b_1024x1024.jpg,"
						
						60,000₫
						
					",,https://thienlong.vn/products/but-long-6-12-mau-nhu-fiber-pen-metallic-thien-long-colokit-mau-nhu-lap-lanh-ve-duoc-tren-giay-den
597,Bút sáp 12/18 màu Thiên Long Colokit - Màu sắc tươi sáng Phủ đều màu Bền màu - Phiên bản Akooland,50016584,Colokit,https://cdn.hstatic.net/products/1000230347/artboard_2_3d6cd22a2fa344aba130a9155fd20f22_1024x1024.jpg*****https://cdn.hstatic.net/products/1000230347/artboard_3_copy_3_3c802de1aa344eb1a89f34cc94e608ac_1024x1024.jpg*****https://cdn.hstatic.net/products/1000230347/artboard_3_copy_4_c899a1df4ab04a86b8729db530214c11_1024x1024.jpg*****https://cdn.hstatic.net/products/1000230347/artboard_3_copy_4-1_37c6bab0c90940e98d98e00da3a7edc2_1024x1024.jpg*****https://theme.hstatic.net/1000230347/1000782290/14/product-placeholder.png?v=26576*****https://theme.hstatic.net/1000230347/1000782290/14/product-placeholder.png?v=26576*****https://theme.hstatic.net/1000230347/1000782290/14/product-placeholder.png?v=26576*****https://theme.hstatic.net/1000230347/1000782290/14/product-placeholder.png?v=26576*****https://theme.hstatic.net/1000230347/1000782290/14/product-placeholder.png?v=26576*****https://theme.hstatic.net/1000230347/1000782290/14/product-placeholder.png?v=26576,"
						
						19,800₫
						
					",,https://thienlong.vn/products/but-sap-12-18-mau-thien-long-colokit-mau-sac-tuoi-sang-phu-deu-mau-ben-mau-phien-ban-akooland
598,"Acrylic Markers/ Bút sơn/ Bút lông 12/24/36 màu ThiênLong Colokit - Màu sắc tươi sáng, Không thấm qua mặt giấy",50016512,Colokit,https://cdn.hstatic.net/products/1000230347/artboard_1_copy_a17063e66c67495580edbf41e11fa7db_1024x1024.jpg*****https://cdn.hstatic.net/products/1000230347/artboard_1_9e4a1123e95e48039c571ece47de3396_1024x1024.jpg*****https://cdn.hstatic.net/products/1000230347/artboard_3_a83f83d861444b879b7602dda3bd0e12_1024x1024.jpg*****https://cdn.hstatic.net/products/1000230347/artboard_5_edf202cb5ddd48dba14200b180b8101a_1024x1024.jpg*****https://theme.hstatic.net/1000230347/1000782290/14/product-placeholder.png?v=26576*****https://theme.hstatic.net/1000230347/1000782290/14/product-placeholder.png?v=26576*****https://theme.hstatic.net/1000230347/1000782290/14/product-placeholder.png?v=26576*****https://theme.hstatic.net/1000230347/1000782290/14/product-placeholder.png?v=26576*****https://theme.hstatic.net/1000230347/1000782290/14/product-placeholder.png?v=26576*****https://theme.hstatic.net/1000230347/1000782290/14/product-placeholder.png?v=26576,"
						
						52,800₫
						
					",,https://thienlong.vn/products/acrylic-markers-but-son-but-long-12-24-36-mau-thienlong-colokit-mau-sac-tuoi-sang-khong-tham-qua-mat-giay
599,Bộ 8 Màu nước Thiên Long Colokit WACO-C06/DO - Phiên bản Nobita Và Câu Chuyện Thế Giới Trong Tranh 2025,50015857,Colokit,https://cdn.hstatic.net/products/1000230347/artboard_1_copy_0f244bd6b4c4467a8bb94b563ea6e968_1024x1024.jpg*****https://cdn.hstatic.net/products/1000230347/artboard_1_7ceaee87e6b24642ae5ec520e573ef41_1024x1024.jpg*****https://cdn.hstatic.net/products/1000230347/artboard_3_copy_5_6ca7253a5f074471ae2580b4556d6745_1024x1024.jpg*****https://cdn.hstatic.net/products/1000230347/artboard_3_copy_6_4c2f0a4889e741cd8423176b11cfe4ad_1024x1024.jpg*****https://theme.hstatic.net/1000230347/1000782290/14/product-placeholder.png?v=26576*****https://theme.hstatic.net/1000230347/1000782290/14/product-placeholder.png?v=26576*****https://theme.hstatic.net/1000230347/1000782290/14/product-placeholder.png?v=26576*****https://theme.hstatic.net/1000230347/1000782290/14/product-placeholder.png?v=26576*****https://theme.hstatic.net/1000230347/1000782290/14/product-placeholder.png?v=26576*****https://theme.hstatic.net/1000230347/1000782290/14/product-placeholder.png?v=26576,"38,000₫",,https://thienlong.vn/products/bo-8-mau-nuoc-thien-long-colokit-waco-c06-do-phien-ban-nobita-va-cau-chuyen-the-gioi-trong-tranh-2025
600,Bộ 12 Màu nước Thiên Long Colokit WACO-C002/DO - Phiên bản Nobita Và Câu Chuyện Thế Giới Trong Tranh 2025,50015858,Colokit,https://cdn.hstatic.net/products/1000230347/artboard_12_copy_9590c81b6685414895f0000cf3fb0fba_1024x1024.jpg*****https://cdn.hstatic.net/products/1000230347/artboard_12_9407e948d9604318b8963b4bc65013b4_1024x1024.jpg*****https://cdn.hstatic.net/products/1000230347/artboard_3_copy_5_3cc5068434894d7ca056f5aa44d74ba6_1024x1024.jpg*****https://cdn.hstatic.net/products/1000230347/artboard_3_copy_6_cbc0ad3540c74501aaae52afd2941e4f_1024x1024.jpg*****https://theme.hstatic.net/1000230347/1000782290/14/product-placeholder.png?v=26576*****https://theme.hstatic.net/1000230347/1000782290/14/product-placeholder.png?v=26576*****https://theme.hstatic.net/1000230347/1000782290/14/product-placeholder.png?v=26576*****https://theme.hstatic.net/1000230347/1000782290/14/product-placeholder.png?v=26576,"47,900₫",,https://thienlong.vn/products/bo-12-mau-nuoc-dang-nen-thien-long-colokit-waco-c002-do-phien-ban-nobita-va-cau-chuyen-the-gioi-trong-tranh-2025
601,"Pastel Acrylic Markers Bút sơn/ Bút lông 12/24/36 màu ThiênLong Colokit - Màu sắc tươi sáng, Mượt tay đều màu",50015941,Colokit,https://cdn.hstatic.net/products/1000230347/acm-c013_acm-c014_acm-c015_2_0812289aa40e43dbbe65782d94b37da6_1024x1024.jpg*****https://cdn.hstatic.net/products/1000230347/acm-c013_acm-c014_acm-c015_dead92c7b3b342c48b53b0cc8db741e4_1024x1024.jpg*****https://cdn.hstatic.net/products/1000230347/acm-c013_acm-c014_acm-c015_3_60eafcb3d46f40919dc902c9b656f9e9_1024x1024.jpg,"
						
						93,000₫
						
					",,https://thienlong.vn/products/pastel-acrylic-markers-but-son-but-long-12-24-36-mau-thienlong-colokit-mau-sac-tuoi-sang-muot-tay-deu-mau
602,"Acrylic Markers Bút sơn/ Bút lông 12/24/36 màu ThiênLong Colokit - Màu sắc tươi sáng, Mượt tay đều màu",50015938,Colokit,https://cdn.hstatic.net/products/1000230347/acm-c010_acm-c011_acm-c012_3_1055974ad76a4fb79a8435fd40c1c771_1024x1024.jpg*****https://cdn.hstatic.net/products/1000230347/acm-c010_acm-c011_acm-c012_e2bb95aff44042a0af5b3fdc190a52ed_1024x1024.jpg*****https://cdn.hstatic.net/products/1000230347/acm-c010_acm-c011_acm-c012_2_1a1a58cf64ea44e4a142ef2911ed23aa_1024x1024.jpg,"
						
						93,000₫
						
					",,https://thienlong.vn/products/acrylic-markers-but-son-but-long-12-24-36-mau-thienlong-colokit-mau-sac-tuoi-sang-muot-tay-deu-mau
603,Bút lông 12/24 màu rửa siêu sạch - Ultra Washable Fiber Pen Thiên Long Colokit,50015718,Colokit,https://cdn.hstatic.net/products/1000230347/artboard_1_copy_f69d8242340046ad8f01effcd909a5ce_1024x1024.jpg*****https://cdn.hstatic.net/products/1000230347/artboard_1_37da98de80a44582adbec1ad9ea21a9c_1024x1024.jpg*****https://cdn.hstatic.net/products/1000230347/artboard_3_copy_2_b711360407924d148532a5d020e8582a_1024x1024.jpg*****https://cdn.hstatic.net/products/1000230347/artboard_3_copy_4_b8c4020f527d4273a8f9fd8cb52c0005_1024x1024.jpg*****https://theme.hstatic.net/1000230347/1000782290/14/product-placeholder.png?v=26578*****https://theme.hstatic.net/1000230347/1000782290/14/product-placeholder.png?v=26578*****https://theme.hstatic.net/1000230347/1000782290/14/product-placeholder.png?v=26578*****https://theme.hstatic.net/1000230347/1000782290/14/product-placeholder.png?v=26578*****https://theme.hstatic.net/1000230347/1000782290/14/product-placeholder.png?v=26578*****https://theme.hstatic.net/1000230347/1000782290/14/product-placeholder.png?v=26578*****https://theme.hstatic.net/1000230347/1000782290/14/product-placeholder.png?v=26578*****https://theme.hstatic.net/1000230347/1000782290/14/product-placeholder.png?v=26578,"
						
						52,800₫
						
					",,https://thienlong.vn/products/but-long-12-24-mau-rua-sieu-sach-ultra-washable-fiber-pen-thien-long-colokit
604,Bút lông 5/12/24 màu Morandi đầu Brush Thiên Long Colokit,50015706,Colokit,https://product.hstatic.net/1000230347/product/artboard_1_copy_6b2111d6e38647de8d5b927a8c1f59b1_1024x1024.jpg*****https://product.hstatic.net/1000230347/product/artboard_1_9e7a0fd33a104afeafbd8302991c3e42_1024x1024.jpg*****https://product.hstatic.net/1000230347/product/artboard_3_copy_4_27833f15302d4f2e99f7fb573a5aba6f_1024x1024.jpg*****https://product.hstatic.net/1000230347/product/artboard_5_copy_2_8590935284ae4d6c9e1b68acf2c123f9_1024x1024.jpg*****https://theme.hstatic.net/1000230347/1000782290/14/product-placeholder.png?v=26578*****https://theme.hstatic.net/1000230347/1000782290/14/product-placeholder.png?v=26578*****https://theme.hstatic.net/1000230347/1000782290/14/product-placeholder.png?v=26578*****https://theme.hstatic.net/1000230347/1000782290/14/product-placeholder.png?v=26578*****https://theme.hstatic.net/1000230347/1000782290/14/product-placeholder.png?v=26578*****https://theme.hstatic.net/1000230347/1000782290/14/product-placeholder.png?v=26578*****https://theme.hstatic.net/1000230347/1000782290/14/product-placeholder.png?v=26578*****https://theme.hstatic.net/1000230347/1000782290/14/product-placeholder.png?v=26578*****https://theme.hstatic.net/1000230347/1000782290/14/product-placeholder.png?v=26578,"
						
						47,900₫
						
					",,https://thienlong.vn/products/but-long-5-12-24-mau-morandi-dau-brush-thien-long-colokit
605,Màu nước Acrylic dạng tuýp 12ml Thiên Long Colokit ACR-C008,60017535,Colokit,https://product.hstatic.net/1000230347/product/artboard_2_copy_4a9cf8fac95a4849a6297d1bffd8a1fe_1024x1024.jpg*****https://product.hstatic.net/1000230347/product/artboard_2_b5e93bc70044423cafae4eea9ecff177_1024x1024.jpg*****https://product.hstatic.net/1000230347/product/artboard_3_copy_db008661c7b647eb9d3d9fd896c9b058_1024x1024.jpg*****https://product.hstatic.net/1000230347/product/artboard_3_dd0accf8860f4c7b8f64b95f06cc727a_1024x1024.jpg*****https://theme.hstatic.net/1000230347/1000782290/14/product-placeholder.png?v=26578*****https://theme.hstatic.net/1000230347/1000782290/14/product-placeholder.png?v=26578*****https://theme.hstatic.net/1000230347/1000782290/14/product-placeholder.png?v=26578*****https://theme.hstatic.net/1000230347/1000782290/14/product-placeholder.png?v=26578*****https://theme.hstatic.net/1000230347/1000782290/14/product-placeholder.png?v=26578*****https://theme.hstatic.net/1000230347/1000782290/14/product-placeholder.png?v=26578*****https://theme.hstatic.net/1000230347/1000782290/14/product-placeholder.png?v=26578*****https://theme.hstatic.net/1000230347/1000782290/14/product-placeholder.png?v=26578*****https://theme.hstatic.net/1000230347/1000782290/14/product-placeholder.png?v=26578*****https://theme.hstatic.net/1000230347/1000782290/14/product-placeholder.png?v=26578*****https://theme.hstatic.net/1000230347/1000782290/14/product-placeholder.png?v=26578,"94,100₫",,https://thienlong.vn/products/mau-nuoc-acrylic-dang-tuyp-12ml-thien-long-colokit-acr-c008
606,Màu nước Acrylic dạng hủ 100ml Thiên Long Colokit ACR-C010,60017985,Colokit,https://product.hstatic.net/1000230347/product/artboard_2_copy_407b0bc3e11c4dcdb7ab378ff80e9be8_1024x1024.jpg*****https://product.hstatic.net/1000230347/product/artboard_2_a496905c6bfe4b3dbbb665d224fedc67_1024x1024.jpg*****https://product.hstatic.net/1000230347/product/artboard_3_copy_2_d2b5771539404f94b0ad9cac2c5d5a69_1024x1024.jpg*****https://product.hstatic.net/1000230347/product/artboard_3_copy_303e88b23ef24b4996f0cd2747457978_1024x1024.jpg*****https://theme.hstatic.net/1000230347/1000782290/14/product-placeholder.png?v=26578*****https://theme.hstatic.net/1000230347/1000782290/14/product-placeholder.png?v=26578*****https://theme.hstatic.net/1000230347/1000782290/14/product-placeholder.png?v=26578*****https://theme.hstatic.net/1000230347/1000782290/14/product-placeholder.png?v=26578*****https://theme.hstatic.net/1000230347/1000782290/14/product-placeholder.png?v=26578*****https://theme.hstatic.net/1000230347/1000782290/14/product-placeholder.png?v=26578*****https://theme.hstatic.net/1000230347/1000782290/14/product-placeholder.png?v=26578*****https://theme.hstatic.net/1000230347/1000782290/14/product-placeholder.png?v=26578*****https://theme.hstatic.net/1000230347/1000782290/14/product-placeholder.png?v=26578*****https://theme.hstatic.net/1000230347/1000782290/14/product-placeholder.png?v=26578*****https://theme.hstatic.net/1000230347/1000782290/14/product-placeholder.png?v=26578*****https://theme.hstatic.net/1000230347/1000782290/14/product-placeholder.png?v=26578*****https://theme.hstatic.net/1000230347/1000782290/14/product-placeholder.png?v=26578*****https://theme.hstatic.net/1000230347/1000782290/14/product-placeholder.png?v=26578*****https://theme.hstatic.net/1000230347/1000782290/14/product-placeholder.png?v=26578*****https://theme.hstatic.net/1000230347/1000782290/14/product-placeholder.png?v=26578*****https://theme.hstatic.net/1000230347/1000782290/14/product-placeholder.png?v=26578*****https://theme.hstatic.net/1000230347/1000782290/14/product-placeholder.png?v=26578,"
						
						24,000₫
						
					",,https://thienlong.vn/products/mau-nuoc-acrylic-dang-tuyp-100ml-thien-long-colokit-acr-c010
607,Màu nước Acrylic dạng tuýp 75ml Thiên Long Colokit ACR-C009,60017972,Colokit,https://product.hstatic.net/1000230347/product/artboard_12_copy_3fcacac2fe574972b76e2a2ff0d39e3d_1024x1024.jpg*****https://product.hstatic.net/1000230347/product/artboard_12_7faf8d0169924d65851dc542932d100b_1024x1024.jpg*****https://product.hstatic.net/1000230347/product/artboard_3_copy_2_eb53096d64c54aec92699f464f60b508_1024x1024.jpg*****https://product.hstatic.net/1000230347/product/artboard_3_copy_921c6b8ef0614c549db7349587b7daf4_1024x1024.jpg*****https://theme.hstatic.net/1000230347/1000782290/14/product-placeholder.png?v=26578*****https://theme.hstatic.net/1000230347/1000782290/14/product-placeholder.png?v=26578*****https://theme.hstatic.net/1000230347/1000782290/14/product-placeholder.png?v=26578*****https://theme.hstatic.net/1000230347/1000782290/14/product-placeholder.png?v=26578*****https://theme.hstatic.net/1000230347/1000782290/14/product-placeholder.png?v=26578*****https://theme.hstatic.net/1000230347/1000782290/14/product-placeholder.png?v=26578*****https://theme.hstatic.net/1000230347/1000782290/14/product-placeholder.png?v=26578*****https://theme.hstatic.net/1000230347/1000782290/14/product-placeholder.png?v=26578*****https://theme.hstatic.net/1000230347/1000782290/14/product-placeholder.png?v=26578*****https://theme.hstatic.net/1000230347/1000782290/14/product-placeholder.png?v=26578*****https://theme.hstatic.net/1000230347/1000782290/14/product-placeholder.png?v=26578*****https://theme.hstatic.net/1000230347/1000782290/14/product-placeholder.png?v=26578*****https://theme.hstatic.net/1000230347/1000782290/14/product-placeholder.png?v=26578*****https://theme.hstatic.net/1000230347/1000782290/14/product-placeholder.png?v=26578*****https://theme.hstatic.net/1000230347/1000782290/14/product-placeholder.png?v=26578*****https://theme.hstatic.net/1000230347/1000782290/14/product-placeholder.png?v=26578*****https://theme.hstatic.net/1000230347/1000782290/14/product-placeholder.png?v=26578,"
						
						23,000₫
						
					",,https://thienlong.vn/products/mau-nuoc-acrylic-dang-tuyp-75ml-thien-long-colokit-acr-c009
608,Bút lông 6/12 màu dạng bấm Retractable Fiber Pens Kawaii Thiên Long Colokit - 0.6mm,50014539,Colokit,https://product.hstatic.net/1000230347/product/artboard_1_copy_a7a70284dd424d75bd7942a99f20a223_1024x1024.jpg*****https://product.hstatic.net/1000230347/product/artboard_1_0cc9a917878c4257b1a052feb013904b_1024x1024.jpg*****https://product.hstatic.net/1000230347/product/artboard_5_copy_2_a682ac1230314159be50fad775c15e38_1024x1024.jpg*****https://product.hstatic.net/1000230347/product/artboard_5_copy_3_fd4546085b2c46ce86eeb3c223590b93_1024x1024.jpg*****https://theme.hstatic.net/1000230347/1000782290/14/product-placeholder.png?v=26578*****https://theme.hstatic.net/1000230347/1000782290/14/product-placeholder.png?v=26578*****https://theme.hstatic.net/1000230347/1000782290/14/product-placeholder.png?v=26578*****https://theme.hstatic.net/1000230347/1000782290/14/product-placeholder.png?v=26578*****https://theme.hstatic.net/1000230347/1000782290/14/product-placeholder.png?v=26578,"
						
						82,500₫
						
					",,https://thienlong.vn/products/but-chi-6-12-mau-retractable-fiber-pens-kawaii-thien-long-colokit
609,Bút lông 6/12 màu dạng bấm Retractable Fiber Pens Classic Thiên Long Colokit - 0.6mm,50014537,Colokit,https://product.hstatic.net/1000230347/product/artboard_3_copy_e7a0ec75538744009fbbb41178c47854_1024x1024.jpg*****https://product.hstatic.net/1000230347/product/artboard_3_8bc5482b08ea45499d9fd747022e11a1_1024x1024.jpg*****https://product.hstatic.net/1000230347/product/artboard_5_copy_2_821068b63ef34fdd85f941ea56aab476_1024x1024.jpg*****https://product.hstatic.net/1000230347/product/artboard_5_copy_3_30df50f803984e5693edc2942dce9742_1024x1024.jpg*****https://theme.hstatic.net/1000230347/1000782290/14/product-placeholder.png?v=26578*****https://theme.hstatic.net/1000230347/1000782290/14/product-placeholder.png?v=26578*****https://theme.hstatic.net/1000230347/1000782290/14/product-placeholder.png?v=26578*****https://theme.hstatic.net/1000230347/1000782290/14/product-placeholder.png?v=26578*****https://theme.hstatic.net/1000230347/1000782290/14/product-placeholder.png?v=26578*****https://theme.hstatic.net/1000230347/1000782290/14/product-placeholder.png?v=26578,"
						
						45,400₫
						
					",,https://thienlong.vn/products/but-chi-6-12-mau-retractable-fiber-pens-classic-thien-long-colokit
610,Bút chì 12/18/24 màu hộp thiếc Colored Pencils Thiên Long Colokit,60017443,Colokit,https://product.hstatic.net/1000230347/product/artboard_1_copy_d39dc817c8a94e92b24a443f5d232b68_1024x1024.jpg*****https://product.hstatic.net/1000230347/product/artboard_1_02703a859fa045c0828cfc5b3d387ff9_1024x1024.jpg*****https://product.hstatic.net/1000230347/product/artboard_3_copy_2_a6e5587f49164caeb20b27da15a8185f_1024x1024.jpg*****https://product.hstatic.net/1000230347/product/artboard_3_copy_13de6af77c6c4bdb8232019e5a200336_1024x1024.jpg*****https://theme.hstatic.net/1000230347/1000782290/14/product-placeholder.png?v=26578*****https://theme.hstatic.net/1000230347/1000782290/14/product-placeholder.png?v=26578*****https://theme.hstatic.net/1000230347/1000782290/14/product-placeholder.png?v=26578*****https://theme.hstatic.net/1000230347/1000782290/14/product-placeholder.png?v=26578*****https://theme.hstatic.net/1000230347/1000782290/14/product-placeholder.png?v=26578*****https://theme.hstatic.net/1000230347/1000782290/14/product-placeholder.png?v=26578*****https://theme.hstatic.net/1000230347/1000782290/14/product-placeholder.png?v=26578*****https://theme.hstatic.net/1000230347/1000782290/14/product-placeholder.png?v=26578,"
						
						71,000₫
						
					",,https://thienlong.vn/products/but-chi-12-18-24-mau-hop-thiec-colored-pencils-thien-long-colokit
611,Bút chì 12/24 màu Colored Pencils - Thiên Long Colokit - Phiên bản Demon Slayer,60017539PD,Colokit,https://product.hstatic.net/1000230347/product/artboard_2_copy_f79c46873aa3410f9eed693d85a71dd2_1024x1024.jpg*****https://product.hstatic.net/1000230347/product/artboard_2_3d7960ec494c47e0911292cb43f752af_1024x1024.jpg*****https://product.hstatic.net/1000230347/product/artboard_6_copy_2_b98ce7cac31e493f9eba9c49a40fc4df_1024x1024.jpg*****https://product.hstatic.net/1000230347/product/artboard_6_copy_3_ae7877fd9a9244ffb5fd9ca9acdac226_1024x1024.jpg*****https://theme.hstatic.net/1000230347/1000782290/14/product-placeholder.png?v=26578*****https://theme.hstatic.net/1000230347/1000782290/14/product-placeholder.png?v=26578*****https://theme.hstatic.net/1000230347/1000782290/14/product-placeholder.png?v=26578*****https://theme.hstatic.net/1000230347/1000782290/14/product-placeholder.png?v=26578*****https://theme.hstatic.net/1000230347/1000782290/14/product-placeholder.png?v=26578*****https://theme.hstatic.net/1000230347/1000782290/14/product-placeholder.png?v=26578*****https://theme.hstatic.net/1000230347/1000782290/14/product-placeholder.png?v=26578*****https://theme.hstatic.net/1000230347/1000782290/14/product-placeholder.png?v=26578,"
						
						96,000₫
						
					",,https://thienlong.vn/products/but-chi-12-24-mau-colored-pencils-thien-long-colokit-phien-ban-demon-slayer
612,Bộ 5 Cọ vẽ màu nước đầu Round/ Flat/ Filbert Thiên Long Colokit,60017536,Colokit,https://product.hstatic.net/1000230347/product/artboard_1_copy_1a07e2dbcd7e4663a67c4e39fbab7673_1024x1024.jpg*****https://product.hstatic.net/1000230347/product/artboard_1_c1504a54ca7243c1bcbf2dec0afcc2f4_1024x1024.jpg*****https://product.hstatic.net/1000230347/product/artboard_3_copy_2_c6c3db19ef864a3fa48137176d8a6f80_1024x1024.jpg*****https://product.hstatic.net/1000230347/product/artboard_3_copy_3_ab1309ba042d49628f756fee909d70f3_1024x1024.jpg*****https://theme.hstatic.net/1000230347/1000782290/14/product-placeholder.png?v=26578*****https://theme.hstatic.net/1000230347/1000782290/14/product-placeholder.png?v=26578*****https://theme.hstatic.net/1000230347/1000782290/14/product-placeholder.png?v=26578*****https://theme.hstatic.net/1000230347/1000782290/14/product-placeholder.png?v=26578*****https://theme.hstatic.net/1000230347/1000782290/14/product-placeholder.png?v=26578*****https://theme.hstatic.net/1000230347/1000782290/14/product-placeholder.png?v=26578*****https://theme.hstatic.net/1000230347/1000782290/14/product-placeholder.png?v=26578,"
						
						44,600₫
						
					",,https://thienlong.vn/products/bo-5-co-ve-mau-nuoc-dau-round-flat-filbert-thien-long-colokit
613,"Combo 12 Bút kim kỹ thuật - Drawing Pen Thiên Long Colokit - Mực kháng nước, đậm, rõ nét",60018288CB12,Colokit,https://product.hstatic.net/1000230347/product/artboard_1_copy_903870befafc40d780d01f11889ca4fa_1024x1024.jpg*****https://product.hstatic.net/1000230347/product/artboard_1_38d168d74db140469f5b41f2f5ff5c59_1024x1024.jpg*****https://product.hstatic.net/1000230347/product/artboard_1_copy_4_f2b395cd438a4d25aa735f213a85e9be_1024x1024.jpg*****https://product.hstatic.net/1000230347/product/artboard_1_copy_6_85a8df19cc834fb0a4466ff0c8c9f3b4_1024x1024.jpg*****https://theme.hstatic.net/1000230347/1000782290/14/product-placeholder.png?v=26578*****https://theme.hstatic.net/1000230347/1000782290/14/product-placeholder.png?v=26578*****https://theme.hstatic.net/1000230347/1000782290/14/product-placeholder.png?v=26578*****https://theme.hstatic.net/1000230347/1000782290/14/product-placeholder.png?v=26578*****https://theme.hstatic.net/1000230347/1000782290/14/product-placeholder.png?v=26578*****https://theme.hstatic.net/1000230347/1000782290/14/product-placeholder.png?v=26578*****https://theme.hstatic.net/1000230347/1000782290/14/product-placeholder.png?v=26578*****https://theme.hstatic.net/1000230347/1000782290/14/product-placeholder.png?v=26578*****https://theme.hstatic.net/1000230347/1000782290/14/product-placeholder.png?v=26578,"
						
						204,000₫
						
					",,https://thienlong.vn/products/combo-12-but-kim-ky-thuat-drawing-pen-thien-long-colokit-muc-khang-nuoc-dam-ro-net
614,"Combo 12 Bút viết Calligraphy Thiên Long Colokit DW-C005 - Mực kháng nước, đậm",60018292CB12,Colokit,https://product.hstatic.net/1000230347/product/artboard_1_copy_9cb437b7561f466aa5533e21abdbd613_1024x1024.jpg*****https://product.hstatic.net/1000230347/product/artboard_1_b86f62e203344d16bec8fd76a97caf45_1024x1024.jpg*****https://product.hstatic.net/1000230347/product/artboard_1_copy_5_6512fb917bfd40a398954767d2329acb_1024x1024.jpg*****https://product.hstatic.net/1000230347/product/artboard_1_copy_6_9bd94eff776449a49d50a8015b18f8a5_1024x1024.jpg*****https://theme.hstatic.net/1000230347/1000782290/14/product-placeholder.png?v=26578*****https://theme.hstatic.net/1000230347/1000782290/14/product-placeholder.png?v=26578*****https://theme.hstatic.net/1000230347/1000782290/14/product-placeholder.png?v=26578,"204,000₫",,https://thienlong.vn/products/combo-12-but-viet-calligraphy-thien-long-colokit-dw-c005-muc-khang-nuoc-dam
615,Màu nước nén 12/18/24 màu - Solid Water Color Thiên Long Colokit - Đạt tiêu chuẩn châu Âu,60017520,Colokit,https://product.hstatic.net/1000230347/product/artboard_1_copy_30d024c6b5ff4647bacb095fa7bd6f9f_1024x1024.jpg*****https://product.hstatic.net/1000230347/product/artboard_3_copy_2_13f851b329a04a89bf7a982f1e9c6ed7_1024x1024.jpg*****https://product.hstatic.net/1000230347/product/artboard_3_copy_3_63b92eeea17d4aacb41c5451b5930e04_1024x1024.jpg*****https://product.hstatic.net/1000230347/product/artboard_3_copy_49d493bef60c41a5956dc3af3ce72bd8_1024x1024.jpg*****https://theme.hstatic.net/1000230347/1000782290/14/product-placeholder.png?v=26577*****https://theme.hstatic.net/1000230347/1000782290/14/product-placeholder.png?v=26577*****https://theme.hstatic.net/1000230347/1000782290/14/product-placeholder.png?v=26577*****https://theme.hstatic.net/1000230347/1000782290/14/product-placeholder.png?v=26577*****https://theme.hstatic.net/1000230347/1000782290/14/product-placeholder.png?v=26577*****https://theme.hstatic.net/1000230347/1000782290/14/product-placeholder.png?v=26577,"
						
						99,000₫
						
					",,https://thienlong.vn/products/mau-nuoc-nen-12-18-24-mau-solid-water-color-thien-long-colokit-dat-tieu-chuan-chau-au
616,"Bút viết Calligraphy Thiên Long Colokit DW-C005 - Mực kháng nước, đậm",60018292,Colokit,https://product.hstatic.net/1000230347/product/artboard_1_copy_d4fd2aa796e54ed0b0da55daaa22c61a_1024x1024.jpg*****https://product.hstatic.net/1000230347/product/artboard_1_copy_5_1417e487052c4f3cb559d6257ca10809_1024x1024.jpg*****https://product.hstatic.net/1000230347/product/artboard_1_copy_6_2a3c6bcbec7e495b8f569766d2e22851_1024x1024.jpg*****https://product.hstatic.net/1000230347/product/artboard_1_copy_7_0435bdb297134851a4d5b1df882899cd_1024x1024.jpg*****https://theme.hstatic.net/1000230347/1000782290/14/product-placeholder.png?v=26578*****https://theme.hstatic.net/1000230347/1000782290/14/product-placeholder.png?v=26578*****https://theme.hstatic.net/1000230347/1000782290/14/product-placeholder.png?v=26578,"17,000₫",,https://thienlong.vn/products/but-viet-calligraphy-thien-long-colokit-muc-khang-nuoc-dam
617,"Bút kim kỹ thuật - Drawing Pen Thiên Long Colokit - Mực kháng nước, đậm, rõ nét",60018288,Colokit,https://product.hstatic.net/1000230347/product/artboard_1_copy_f671e6baf4f441ff8f18cb7f13796bbe_1024x1024.jpg*****https://product.hstatic.net/1000230347/product/artboard_1_7f44ea837ea246c887cc4e0e6358b2b0_1024x1024.jpg*****https://product.hstatic.net/1000230347/product/artboard_1_copy_4_c0f82bc8c912455b9b0247bf85ce6c6a_1024x1024.jpg*****https://product.hstatic.net/1000230347/product/artboard_1_copy_6_09594b03f37e4d5aaa7731685a75e7ab_1024x1024.jpg*****https://theme.hstatic.net/1000230347/1000782290/14/product-placeholder.png?v=26578*****https://theme.hstatic.net/1000230347/1000782290/14/product-placeholder.png?v=26578*****https://theme.hstatic.net/1000230347/1000782290/14/product-placeholder.png?v=26578*****https://theme.hstatic.net/1000230347/1000782290/14/product-placeholder.png?v=26578*****https://theme.hstatic.net/1000230347/1000782290/14/product-placeholder.png?v=26578*****https://theme.hstatic.net/1000230347/1000782290/14/product-placeholder.png?v=26578*****https://theme.hstatic.net/1000230347/1000782290/14/product-placeholder.png?v=26578*****https://theme.hstatic.net/1000230347/1000782290/14/product-placeholder.png?v=26578*****https://theme.hstatic.net/1000230347/1000782290/14/product-placeholder.png?v=26578,"
						
						17,000₫
						
					",,https://thienlong.vn/products/but-kim-ky-thuat-thien-long-colokit-muc-khang-nuoc-dam-ro-net
618,Bút lông 20 màu Fiber Pen Thiên Long Colokit ECO Style FP-C012/ECO - Chất liệu từ vỏ cám trấu,50014212,Colokit,https://product.hstatic.net/1000230347/product/artboard_2_copy_b8eb0eac20a6485b9bbcd14d977d1073_1024x1024.png*****https://product.hstatic.net/1000230347/product/artboard_2_986e499a7300457c9904912d81223b96_1024x1024.png*****https://product.hstatic.net/1000230347/product/artboard_3_copy_2_1daf90c3ee6d4bbbb545425790b6788c_1024x1024.jpg*****https://product.hstatic.net/1000230347/product/artboard_3_copy_3_6cee2a41a13d450783e135357c6b86b3_1024x1024.jpg*****https://theme.hstatic.net/1000230347/1000782290/14/product-placeholder.png?v=26578*****https://theme.hstatic.net/1000230347/1000782290/14/product-placeholder.png?v=26578*****https://theme.hstatic.net/1000230347/1000782290/14/product-placeholder.png?v=26578*****https://theme.hstatic.net/1000230347/1000782290/14/product-placeholder.png?v=26578*****https://theme.hstatic.net/1000230347/1000782290/14/product-placeholder.png?v=26578*****https://theme.hstatic.net/1000230347/1000782290/14/product-placeholder.png?v=26578*****https://theme.hstatic.net/1000230347/1000782290/14/product-placeholder.png?v=26578,"78,400₫",,https://thienlong.vn/products/but-long-20-mau-fiber-pen-thien-long-eco-style-fp-c012-eco-chat-lieu-tu-vo-cam-trau
619,Bút chì 12/18/24 màu - Colored Pencils Thiên Long Colokit,60017344,Colokit,https://product.hstatic.net/1000230347/product/cpc-c036_cpc-c037_cpc-c038_365ec66005674b2a9a72e534b1a0088c_1024x1024.jpg*****https://product.hstatic.net/1000230347/product/cpc-c036_cpc-c037_cpc-c038_2_84df4423ed5d429983b65b81d5b80089_1024x1024.jpg*****https://product.hstatic.net/1000230347/product/cpc-c036_cpc-c037_cpc-c038_3_f55efd78cbdd44d9860d58bf3a1e5b90_1024x1024.jpg,"
						
						41,300₫
						
					",,https://thienlong.vn/products/but-chi-12-18-24-mau-colored-pencils-thien-long-colokit
620,"Tranh cuộn tô màu DIY Thiên Long Colokit - Hình ảnh dễ thương, đa dạng chủ đề hơn",60018061,Colokit,https://product.hstatic.net/1000230347/product/artboard_1_copy_eacb605af71e401eaec6a2f03c85d737_1024x1024.jpg*****https://product.hstatic.net/1000230347/product/artboard_1_a8839c3827244461b6f9b56b1a000229_1024x1024.jpg*****https://product.hstatic.net/1000230347/product/artboard_3_copy_2_3380971096e042e5a253aa77de9c1091_1024x1024.jpg*****https://product.hstatic.net/1000230347/product/artboard_3_copy_0ff033bb9ca6442aad7a7a72d2aeef8f_1024x1024.jpg*****https://theme.hstatic.net/1000230347/1000782290/14/product-placeholder.png?v=26578*****https://theme.hstatic.net/1000230347/1000782290/14/product-placeholder.png?v=26578*****https://theme.hstatic.net/1000230347/1000782290/14/product-placeholder.png?v=26578*****https://theme.hstatic.net/1000230347/1000782290/14/product-placeholder.png?v=26578*****https://theme.hstatic.net/1000230347/1000782290/14/product-placeholder.png?v=26578*****https://theme.hstatic.net/1000230347/1000782290/14/product-placeholder.png?v=26578*****https://theme.hstatic.net/1000230347/1000782290/14/product-placeholder.png?v=26578,"
						
						46,200₫
						
					",,https://thienlong.vn/products/tranh-cuon-to-mau-diy-thien-long-colokit-hinh-anh-de-thuong-da-dang-chu-de-hon
621,"Acrylic Markers 1 đầu ngòi/ Bút sơn/ Bút lông 12/24/36 màu ThiênLong Colokit - Màu sắc tươi sáng, Trang trí đa chất liệu",60017439,Colokit,https://product.hstatic.net/1000230347/product/artboard_2_copy_66efacfe893c4b9f8f02171e405ae76c_1024x1024.jpg*****https://product.hstatic.net/1000230347/product/artboard_2_a56d4b46a0ca4555918b392ff788cb8a_1024x1024.jpg*****https://product.hstatic.net/1000230347/product/artboard_3_copy_2_06dd3f20c6c244ecac91a6db3f3e8070_1024x1024.jpg*****https://product.hstatic.net/1000230347/product/artboard_3_copy_fcd16b45d28144afa0d06c085d310f12_1024x1024.jpg*****https://theme.hstatic.net/1000230347/1000782290/14/product-placeholder.png?v=26578*****https://theme.hstatic.net/1000230347/1000782290/14/product-placeholder.png?v=26578*****https://theme.hstatic.net/1000230347/1000782290/14/product-placeholder.png?v=26578*****https://theme.hstatic.net/1000230347/1000782290/14/product-placeholder.png?v=26578*****https://theme.hstatic.net/1000230347/1000782290/14/product-placeholder.png?v=26578*****https://theme.hstatic.net/1000230347/1000782290/14/product-placeholder.png?v=26578*****https://theme.hstatic.net/1000230347/1000782290/14/product-placeholder.png?v=26578*****https://theme.hstatic.net/1000230347/1000782290/14/product-placeholder.png?v=26578*****https://theme.hstatic.net/1000230347/1000782290/14/product-placeholder.png?v=26578*****https://theme.hstatic.net/1000230347/1000782290/14/product-placeholder.png?v=26578*****https://theme.hstatic.net/1000230347/1000782290/14/product-placeholder.png?v=26578,"
						
						239,000₫
						
					",,https://thienlong.vn/products/but-long-12-24-36-mau-acrylic-markers-1-dau-ngoi-thienlong-colokit-mau-sac-tuoi-sang-trang-tri-da-chat-lieu
622,Bút chì 12/24 màu hai đầu - Double Ended Colored Pencils - Thiên Long Colokit,60017429,Colokit,https://product.hstatic.net/1000230347/product/artboard_1_copy_445e373c9a244332b4597b9c26c0b866_1024x1024.jpg*****https://product.hstatic.net/1000230347/product/artboard_1_975e8372cae74de0a19e6f61ed148628_1024x1024.jpg*****https://product.hstatic.net/1000230347/product/artboard_2_06c76f93d2284901969585537b770d3d_1024x1024.jpg*****https://product.hstatic.net/1000230347/product/artboard_3_copy_2_6a13506eb0c24046bfc8a9d3dfebb19c_1024x1024.jpg*****https://theme.hstatic.net/1000230347/1000782290/14/product-placeholder.png?v=26578*****https://theme.hstatic.net/1000230347/1000782290/14/product-placeholder.png?v=26578*****https://theme.hstatic.net/1000230347/1000782290/14/product-placeholder.png?v=26578*****https://theme.hstatic.net/1000230347/1000782290/14/product-placeholder.png?v=26578*****https://theme.hstatic.net/1000230347/1000782290/14/product-placeholder.png?v=26578*****https://theme.hstatic.net/1000230347/1000782290/14/product-placeholder.png?v=26578*****https://theme.hstatic.net/1000230347/1000782290/14/product-placeholder.png?v=26578,"
						
						31,400₫
						
					",,https://thienlong.vn/products/but-chi-12-24-mau-hai-dau-double-ended-colored-pencils-thien-long-colokit
623,"Acrylic Markers 2 đầu ngòi/Bút sơn/ Bút lông 12/24/36 màu ThiênLong Colokit - Màu sắc tươi sáng, Trang trí đa chất liệu",60017440,Colokit,https://product.hstatic.net/1000230347/product/artboard_2_copy_5b7ca07e80ad4d0c861448f987ddab8c_1024x1024.jpg*****https://product.hstatic.net/1000230347/product/artboard_2_485fc2f1372f41f784587bf041285ba6_1024x1024.jpg*****https://product.hstatic.net/1000230347/product/artboard_3_copy_2_74178a26c5974c7093c685b83495b2e9_1024x1024.jpg*****https://product.hstatic.net/1000230347/product/artboard_3_copy_b792a860784148419fd8216201448c72_1024x1024.jpg*****https://theme.hstatic.net/1000230347/1000782290/14/product-placeholder.png?v=26578*****https://theme.hstatic.net/1000230347/1000782290/14/product-placeholder.png?v=26578*****https://theme.hstatic.net/1000230347/1000782290/14/product-placeholder.png?v=26578*****https://theme.hstatic.net/1000230347/1000782290/14/product-placeholder.png?v=26578*****https://theme.hstatic.net/1000230347/1000782290/14/product-placeholder.png?v=26578*****https://theme.hstatic.net/1000230347/1000782290/14/product-placeholder.png?v=26578*****https://theme.hstatic.net/1000230347/1000782290/14/product-placeholder.png?v=26578*****https://theme.hstatic.net/1000230347/1000782290/14/product-placeholder.png?v=26578*****https://theme.hstatic.net/1000230347/1000782290/14/product-placeholder.png?v=26578*****https://theme.hstatic.net/1000230347/1000782290/14/product-placeholder.png?v=26578*****https://theme.hstatic.net/1000230347/1000782290/14/product-placeholder.png?v=26578,"
						
						112,000₫
						
					",,https://thienlong.vn/products/but-long-12-24-36-mau-acrylic-markers-thien-long-colokit-mau-sac-tuoi-sang-trang-tri-da-chat-lieu
624,Bút sáp 12/18 màu Thiên Long Colokit - Màu sắc tươi sáng Phủ đều màu Bền màu,50013886,Colokit,https://product.hstatic.net/1000230347/product/artboard_1_copy_c1ecfe339b3a4e1294e5a54aa60e8898_1024x1024.jpg*****https://product.hstatic.net/1000230347/product/artboard_1_e7928b8ff66d46cd8f0a90b8a105222a_1024x1024.jpg*****https://product.hstatic.net/1000230347/product/artboard_3_copy_2_ecdebb54636d49028180404f59560acf_1024x1024.jpg*****https://product.hstatic.net/1000230347/product/artboard_3_copy_26e2f70a685041629fcc40d9f4bf0eaf_1024x1024.jpg*****https://theme.hstatic.net/1000230347/1000782290/14/product-placeholder.png?v=26578*****https://theme.hstatic.net/1000230347/1000782290/14/product-placeholder.png?v=26578*****https://theme.hstatic.net/1000230347/1000782290/14/product-placeholder.png?v=26578*****https://theme.hstatic.net/1000230347/1000782290/14/product-placeholder.png?v=26578*****https://theme.hstatic.net/1000230347/1000782290/14/product-placeholder.png?v=26578*****https://theme.hstatic.net/1000230347/1000782290/14/product-placeholder.png?v=26578,"
						
						19,800₫
						
					",,https://thienlong.vn/products/but-sap-12-18-mau-thien-long-colokit-mau-sac-tuoi-sang-phu-deu-mau-ben-mau
625,Tranh tập tô màu nước dạng nén - Watercolour Painting Set Thiên Long Colokit - Nhiều màu hơn,50013764,Colokit,https://product.hstatic.net/1000230347/product/cpa-c004_cpa-c005_cpa-c006_cpa-c007_cpa-c008_2_3_f231c35d8b2f436d89d0d2ba81b0106d_1024x1024.jpg*****https://product.hstatic.net/1000230347/product/cpa-c004_cpa-c005_cpa-c006_cpa-c007_cpa-c008_2_56f0d4b4958643d2809c8ea214e6a55d_1024x1024.jpg*****https://product.hstatic.net/1000230347/product/cpa-c004_cpa-c005_cpa-c006_cpa-c007_cpa-c008_dcef69484f3b4510b64ee15733f3eb15_1024x1024.jpg*****https://product.hstatic.net/1000230347/product/cpa-c005_5daca1dd032e47d195de747c06b2167d_1024x1024.jpg*****https://theme.hstatic.net/1000230347/1000782290/14/product-placeholder.png?v=26578*****https://theme.hstatic.net/1000230347/1000782290/14/product-placeholder.png?v=26578,"
						
						92,000₫
						
					",,https://thienlong.vn/products/tranh-tap-to-mau-nuoc-dang-nen-watercolour-painting-set-thien-long-colokit-nhieu-mau-hon
626,Tập tô màu - Coloring Book Thiên Long Colokit - Dành cho bé 3-6 tuổi,60017509,Colokit,https://product.hstatic.net/1000230347/product/artboard_7_copy_bf40f73a53014092b8822778ec0b0e4d_1024x1024.jpg*****https://product.hstatic.net/1000230347/product/artboard_7_80bafb4e66894b22a2c2343562ed06f8_1024x1024.jpg*****https://product.hstatic.net/1000230347/product/artboard_4-1_b30c5987b8a24cc799cd9612bec5e261_1024x1024.jpg*****https://product.hstatic.net/1000230347/product/artboard_5_copy_47b6bbe49472403dae9f0ec6b52377ad_1024x1024.jpg*****https://theme.hstatic.net/1000230347/1000782290/14/product-placeholder.png?v=26579*****https://theme.hstatic.net/1000230347/1000782290/14/product-placeholder.png?v=26579*****https://theme.hstatic.net/1000230347/1000782290/14/product-placeholder.png?v=26579*****https://theme.hstatic.net/1000230347/1000782290/14/product-placeholder.png?v=26579*****https://theme.hstatic.net/1000230347/1000782290/14/product-placeholder.png?v=26579*****https://theme.hstatic.net/1000230347/1000782290/14/product-placeholder.png?v=26579*****https://theme.hstatic.net/1000230347/1000782290/14/product-placeholder.png?v=26579,"
						
						18,000₫
						
					",,https://thienlong.vn/products/tap-to-mau-coloring-book-thien-long-colokit-danh-cho-be-3-6-tuoi
627,Bút sáp dầu 12/24 màu - Soft Oil Pastels Thiên Long Colokit - Màu sắc tươi sáng Sáp mềm đắp nổi,60016307,Colokit,https://product.hstatic.net/1000230347/product/artboard_1_copy_5026ce274398493d97a8eb4ce5289554_1024x1024.jpg*****https://product.hstatic.net/1000230347/product/artboard_1_0c3786aa09ce4319a384a6f79dcb1411_1024x1024.jpg*****https://product.hstatic.net/1000230347/product/artboard_4_19e95356980c4987ac7695a5e86cdafa_1024x1024.jpg*****https://product.hstatic.net/1000230347/product/artboard_7_d0bf8554b49345789e0fc0c4798742c8_1024x1024.jpg*****https://theme.hstatic.net/1000230347/1000782290/14/product-placeholder.png?v=26579*****https://theme.hstatic.net/1000230347/1000782290/14/product-placeholder.png?v=26579*****https://theme.hstatic.net/1000230347/1000782290/14/product-placeholder.png?v=26579*****https://theme.hstatic.net/1000230347/1000782290/14/product-placeholder.png?v=26579*****https://theme.hstatic.net/1000230347/1000782290/14/product-placeholder.png?v=26579*****https://theme.hstatic.net/1000230347/1000782290/14/product-placeholder.png?v=26579*****https://theme.hstatic.net/1000230347/1000782290/14/product-placeholder.png?v=26579*****https://theme.hstatic.net/1000230347/1000782290/14/product-placeholder.png?v=26579,"
						
						56,100₫
						
					",,https://thienlong.vn/products/but-sap-dau-12-24-mau-soft-oil-pastels-thien-long-colokit-mau-sac-tuoi-sang-sap-mem-dap-noi
628,Tranh tập tô màu nước dạng nén - Watercolour Painting Set Thiên Long Colokit,50013761,Colokit,https://product.hstatic.net/1000230347/product/artboard_2__1__20b0feb082874db2a73b163f0b648c01_1024x1024.jpg*****https://product.hstatic.net/1000230347/product/artboard_2_2cf038d268f74e7986c26e2fcdad89ce_1024x1024.jpg*****https://product.hstatic.net/1000230347/product/artboard_5_2793ffeee50f411a855100fff12d8b5f_1024x1024.jpg*****https://product.hstatic.net/1000230347/product/artboard_4_copy_211eecf0e152477290c7312989658598_1024x1024.jpg*****https://theme.hstatic.net/1000230347/1000782290/14/product-placeholder.png?v=26579*****https://theme.hstatic.net/1000230347/1000782290/14/product-placeholder.png?v=26579*****https://theme.hstatic.net/1000230347/1000782290/14/product-placeholder.png?v=26579*****https://theme.hstatic.net/1000230347/1000782290/14/product-placeholder.png?v=26579*****https://theme.hstatic.net/1000230347/1000782290/14/product-placeholder.png?v=26579*****https://theme.hstatic.net/1000230347/1000782290/14/product-placeholder.png?v=26579,"
						
						46,000₫
						
					",,https://thienlong.vn/products/tranh-tap-to-mau-nuoc-dang-nen-watercolour-painting-set-thien-long-colokit
629,Bộ tập tô màu tương tác 3D Thiên Long Colokit COB-C034/AK - Nhân vật Akooland thế giới học cụ thần kỳ,50013957,Colokit,https://product.hstatic.net/1000230347/product/artboard_1_copy_6ce31327e5f94d208561b6de694393ac_1024x1024.jpg*****https://product.hstatic.net/1000230347/product/artboard_1_copy_6ce31327e5f94d208561b6de694393ac_1024x1024.jpg*****https://product.hstatic.net/1000230347/product/artboard_1_decb1136b9b44739a8428511708f6cbc_1024x1024.jpg*****https://product.hstatic.net/1000230347/product/artboard_3_253cb23da6364ded85458d0e7008107e_1024x1024.jpg*****https://theme.hstatic.net/1000230347/1000782290/14/product-placeholder.png?v=26578*****https://theme.hstatic.net/1000230347/1000782290/14/product-placeholder.png?v=26578*****https://theme.hstatic.net/1000230347/1000782290/14/product-placeholder.png?v=26578*****https://theme.hstatic.net/1000230347/1000782290/14/product-placeholder.png?v=26578*****https://theme.hstatic.net/1000230347/1000782290/14/product-placeholder.png?v=26578*****https://theme.hstatic.net/1000230347/1000782290/14/product-placeholder.png?v=26578,"52,000₫",,https://thienlong.vn/products/bo-tap-to-mau-tuong-tac-3d-thien-long-colokit-cob-c034-ak-nhan-vat-akooland-the-gioi-hoc-cu-than-ky
630,Bút chì 12/18/24 màu Wood Free - Colored Pencils Thiên Long Colokit - Nhân vật Cici Akooland thế giới học cụ thần kỳ,60017326,Colokit,https://product.hstatic.net/1000230347/product/artboard_1_copy_b6df792f65494d45a97a5530ed6aaf15_1024x1024.png*****https://product.hstatic.net/1000230347/product/artboard_1_e9cc509458844e4f83e9deb74ae98718_1024x1024.jpg*****https://product.hstatic.net/1000230347/product/artboard_5_copy_2_f1652e02e2d047a4b13b7458dcbab525_1024x1024.jpg*****https://product.hstatic.net/1000230347/product/artboard_5_copy_3_3e9a885cadb84dcfbba1a95fcd5c2789_1024x1024.jpg*****https://theme.hstatic.net/1000230347/1000782290/14/product-placeholder.png?v=26579*****https://theme.hstatic.net/1000230347/1000782290/14/product-placeholder.png?v=26579*****https://theme.hstatic.net/1000230347/1000782290/14/product-placeholder.png?v=26579*****https://theme.hstatic.net/1000230347/1000782290/14/product-placeholder.png?v=26579*****https://theme.hstatic.net/1000230347/1000782290/14/product-placeholder.png?v=26579*****https://theme.hstatic.net/1000230347/1000782290/14/product-placeholder.png?v=26579*****https://theme.hstatic.net/1000230347/1000782290/14/product-placeholder.png?v=26579*****https://theme.hstatic.net/1000230347/1000782290/14/product-placeholder.png?v=26579,"
						
						29,700₫
						
					",,https://thienlong.vn/products/but-chi-mau-wood-free-colored-pencils-thien-long-colokit-nhan-vat-cici-akooland-the-gioi-hoc-cu-than-ky
631,Bút sáp dầu 12/18/24 màu - Hexagonal Oil Pastels Thiên Long Colokit - Tiêu chuẩn châu Âu,60016025,Thiên Long,https://product.hstatic.net/1000230347/product/artboard_1_copy_72df2a136dee48c385194b262044e7c2_1024x1024.jpg*****https://product.hstatic.net/1000230347/product/artboard_2_a013151f614e464bbd2c32804b643485_1024x1024.jpg*****https://product.hstatic.net/1000230347/product/artboard_3_copy_2_aabded77d1a744f9a493dc1420a9cd2c_1024x1024.jpg*****https://product.hstatic.net/1000230347/product/artboard_3_copy_3_1ae4dd899f344a1394c499fe2f77b0bb_1024x1024.jpg*****https://theme.hstatic.net/1000230347/1000782290/14/product-placeholder.png?v=26579*****https://theme.hstatic.net/1000230347/1000782290/14/product-placeholder.png?v=26579*****https://theme.hstatic.net/1000230347/1000782290/14/product-placeholder.png?v=26579*****https://theme.hstatic.net/1000230347/1000782290/14/product-placeholder.png?v=26579*****https://theme.hstatic.net/1000230347/1000782290/14/product-placeholder.png?v=26579*****https://theme.hstatic.net/1000230347/1000782290/14/product-placeholder.png?v=26579*****https://theme.hstatic.net/1000230347/1000782290/14/product-placeholder.png?v=26579*****https://theme.hstatic.net/1000230347/1000782290/14/product-placeholder.png?v=26579,"
						
						31,400₫
						
					",,https://thienlong.vn/products/but-sap-dau-12-18-24-mau-hexagonal-oil-pastels-thien-long-colokit-tieu-chuan-chau-au
632,Bút chì 12/24 màu Black Wood Colored Pencils - Thiên Long Colokit - Thân gỗ Linden cao cấp Màu sắc tươi sáng,60016778,Colokit,https://product.hstatic.net/1000230347/product/artboard_2_copy_0a812a99cf0e4429bf0310d5ed5792c4_1024x1024.jpg*****https://product.hstatic.net/1000230347/product/artboard_2_321b931d6b4f45dea0089895062233a6_1024x1024.jpg*****https://product.hstatic.net/1000230347/product/artboard_3_995869b36d344eeeb9a5d2e42a4754a4_1024x1024.jpg*****https://product.hstatic.net/1000230347/product/artboard_4_efd2b627e1ee445783bb214edb4ea9c6_1024x1024.jpg*****https://theme.hstatic.net/1000230347/1000782290/14/product-placeholder.png?v=26579*****https://theme.hstatic.net/1000230347/1000782290/14/product-placeholder.png?v=26579*****https://theme.hstatic.net/1000230347/1000782290/14/product-placeholder.png?v=26579*****https://theme.hstatic.net/1000230347/1000782290/14/product-placeholder.png?v=26579*****https://theme.hstatic.net/1000230347/1000782290/14/product-placeholder.png?v=26579*****https://theme.hstatic.net/1000230347/1000782290/14/product-placeholder.png?v=26579,"
						
						90,800₫
						
					",,https://thienlong.vn/products/but-chi-12-24-mau-thien-long-colokit-than-go-linden-cao-cap-mau-sac-tuoi-sang
633,Sáp 12/18/24 màu rửa được - Washable Crayons Thiên Long Colokit - Nhân vật Futy Akooland thế giới học cụ thần kỳ,50013712,Colokit,https://product.hstatic.net/1000230347/product/artboard_10_copy_b6cb8bfaa2564674af8b6714a7c13eb4_1024x1024.jpg*****https://product.hstatic.net/1000230347/product/artboard_7_b2356e4a3d81402caba0ddcf080bef4b_1024x1024.jpg*****https://product.hstatic.net/1000230347/product/artboard_1_5b7d39edbc7b4af8acc98a7b88e12910_1024x1024.jpg*****https://product.hstatic.net/1000230347/product/artboard_11_a026cb48d46041b9a43abb7ed3f7d677_1024x1024.jpg*****https://theme.hstatic.net/1000230347/1000782290/14/product-placeholder.png?v=26579*****https://theme.hstatic.net/1000230347/1000782290/14/product-placeholder.png?v=26579*****https://theme.hstatic.net/1000230347/1000782290/14/product-placeholder.png?v=26579*****https://theme.hstatic.net/1000230347/1000782290/14/product-placeholder.png?v=26579*****https://theme.hstatic.net/1000230347/1000782290/14/product-placeholder.png?v=26579*****https://theme.hstatic.net/1000230347/1000782290/14/product-placeholder.png?v=26579*****https://theme.hstatic.net/1000230347/1000782290/14/product-placeholder.png?v=26579*****https://theme.hstatic.net/1000230347/1000782290/14/product-placeholder.png?v=26579*****https://theme.hstatic.net/1000230347/1000782290/14/product-placeholder.png?v=26579*****https://theme.hstatic.net/1000230347/1000782290/14/product-placeholder.png?v=26579*****https://theme.hstatic.net/1000230347/1000782290/14/product-placeholder.png?v=26579*****https://theme.hstatic.net/1000230347/1000782290/14/product-placeholder.png?v=26579,"
						
						29,000₫
						
					",,https://thienlong.vn/products/sap-mau-rua-duoc-washable-crayons-thien-long-colokit-nhan-vat-futy-akooland-the-gioi-hoc-cu-than-ky
634,Hộp 6/12 màu nước rửa được - Washable Poster Color Thiên Long Colokit - Nhân vật Futy Akooland thế giới học cụ thần kỳ,50013710,Colokit,https://product.hstatic.net/1000230347/product/artboard_2_copy_2093628c49aa4217888175ed9f183d06_1024x1024.jpg*****https://product.hstatic.net/1000230347/product/artboard_7_cf5ab120139e4438a2a4a28b82676e3b_1024x1024.jpg*****https://product.hstatic.net/1000230347/product/artboard_5_copy_d270f78065b545458d507b2b8a13c398_1024x1024.jpg*****https://product.hstatic.net/1000230347/product/artboard_8_copy_fe03733eab544d1da7aa708b54a82895_1024x1024.jpg*****https://theme.hstatic.net/1000230347/1000782290/14/product-placeholder.png?v=26579*****https://theme.hstatic.net/1000230347/1000782290/14/product-placeholder.png?v=26579*****https://theme.hstatic.net/1000230347/1000782290/14/product-placeholder.png?v=26579*****https://theme.hstatic.net/1000230347/1000782290/14/product-placeholder.png?v=26579*****https://theme.hstatic.net/1000230347/1000782290/14/product-placeholder.png?v=26579*****https://theme.hstatic.net/1000230347/1000782290/14/product-placeholder.png?v=26579*****https://theme.hstatic.net/1000230347/1000782290/14/product-placeholder.png?v=26579*****https://theme.hstatic.net/1000230347/1000782290/14/product-placeholder.png?v=26579*****https://theme.hstatic.net/1000230347/1000782290/14/product-placeholder.png?v=26579*****https://theme.hstatic.net/1000230347/1000782290/14/product-placeholder.png?v=26579,"
						
						55,300₫
						
					",,https://thienlong.vn/products/mau-nuoc-rua-duoc-washable-poster-color-thien-long-colokit-nhan-vat-futy-akooland-the-gioi-hoc-cu-than-ky
635,Hộp bút lông 12/ 24 màu rửa được - Washable Brush Fiber Pen Thiên Long Colokit - Nhân vật Futy Akooland thế giới học cụ thần kỳ,50013697,Colokit,https://product.hstatic.net/1000230347/product/artboard_1_copy_2c010b76abc7448f8fbc372da5e964a4_1024x1024.jpg*****https://product.hstatic.net/1000230347/product/artboard_7_78938730955d4938b71003ec66cacc89_1024x1024.jpg*****https://product.hstatic.net/1000230347/product/artboard_8_712bfac807454cb8bab4c7d572018b7f_1024x1024.jpg*****https://product.hstatic.net/1000230347/product/artboard_5_copy_7ae62f5228244aeba3212afab5557e0c_1024x1024.jpg*****https://theme.hstatic.net/1000230347/1000782290/14/product-placeholder.png?v=26579*****https://theme.hstatic.net/1000230347/1000782290/14/product-placeholder.png?v=26579*****https://theme.hstatic.net/1000230347/1000782290/14/product-placeholder.png?v=26579*****https://theme.hstatic.net/1000230347/1000782290/14/product-placeholder.png?v=26579*****https://theme.hstatic.net/1000230347/1000782290/14/product-placeholder.png?v=26579*****https://theme.hstatic.net/1000230347/1000782290/14/product-placeholder.png?v=26579*****https://theme.hstatic.net/1000230347/1000782290/14/product-placeholder.png?v=26579,"
						
						45,400₫
						
					",,https://thienlong.vn/products/but-long-mau-rua-duoc-washable-brush-fiber-pen-thien-long-colokit-nhan-vat-futy-akooland-the-gioi-hoc-cu-than-ky
636,Sáp nhựa 12 màu xóa được - Erasable Crayons Thiên Long Colokit - Nhân vật Futy Akooland thế giới học cụ thần kỳ,50013716AkooFLC,Colokit,https://product.hstatic.net/1000230347/product/artboard_1_copy_f04e8ac91b2049d0874d269ab7ff7fee_1024x1024.jpg*****https://product.hstatic.net/1000230347/product/artboard_1_e5609f69e0934926893c635256b28eb6_1024x1024.jpg*****https://product.hstatic.net/1000230347/product/artboard_5_copy_2_724073d17bf349a1af2fdf2c2200868e_1024x1024.jpg*****https://product.hstatic.net/1000230347/product/artboard_5_copy_3_81de605736fd4c3cb023c9bd1e4aeb33_1024x1024.jpg*****https://theme.hstatic.net/1000230347/1000782290/14/product-placeholder.png?v=26579*****https://theme.hstatic.net/1000230347/1000782290/14/product-placeholder.png?v=26579*****https://theme.hstatic.net/1000230347/1000782290/14/product-placeholder.png?v=26579*****https://theme.hstatic.net/1000230347/1000782290/14/product-placeholder.png?v=26579*****https://theme.hstatic.net/1000230347/1000782290/14/product-placeholder.png?v=26579*****https://theme.hstatic.net/1000230347/1000782290/14/product-placeholder.png?v=26579*****https://theme.hstatic.net/1000230347/1000782290/14/product-placeholder.png?v=26579*****https://theme.hstatic.net/1000230347/1000782290/14/product-placeholder.png?v=26579*****https://theme.hstatic.net/1000230347/1000782290/14/product-placeholder.png?v=26579*****https://theme.hstatic.net/1000230347/1000782290/14/product-placeholder.png?v=26579*****https://theme.hstatic.net/1000230347/1000782290/14/product-placeholder.png?v=26579,"
						
						75,000₫
						
					",,https://thienlong.vn/products/sap-nhua-mau-xoa-duoc-erasable-crayons-thien-long-colokit-nhan-vat-futy-vung-dat-akooland
637,Màu nước rửa được - Washable Poster Color Thiên Long Colokit - Rửa sạch bằng nước dễ dàng,50013170POPUP,Colokit,https://product.hstatic.net/1000230347/product/hz8a1956_5c405f084b89408eaf7db3e65ab8cfa2_1024x1024.jpg*****https://product.hstatic.net/1000230347/product/1_copy_2_4cd306a4a42d45c8afb6bcd14e0d8c4c_1024x1024.png*****https://product.hstatic.net/1000230347/product/1_copy_3_f70c0d6be48c49dfa9d8c9b80ae572e7_1024x1024.png*****https://product.hstatic.net/1000230347/product/1_copy_5_c368fa8f5ad4464e8db27fc46751c737_1024x1024.png*****https://theme.hstatic.net/1000230347/1000782290/14/product-placeholder.png?v=26579*****https://theme.hstatic.net/1000230347/1000782290/14/product-placeholder.png?v=26579*****https://theme.hstatic.net/1000230347/1000782290/14/product-placeholder.png?v=26579*****https://theme.hstatic.net/1000230347/1000782290/14/product-placeholder.png?v=26579*****https://theme.hstatic.net/1000230347/1000782290/14/product-placeholder.png?v=26579*****https://theme.hstatic.net/1000230347/1000782290/14/product-placeholder.png?v=26579,"
						
						66,000₫
						
					",,https://thienlong.vn/products/mau-nuoc-rua-duoc-washable-poster-color-thien-long-colokit-rua-sach-bang-nuoc-de-dang
638,"Combo mỹ thuật nàng tiên cá Ariel (5 món tiện dụng, nhân vật hoạt hình đáng yêu)",CBMTAriel,Thiên Long,https://product.hstatic.net/1000230347/product/mermaid_e9b5423a402f496599e919ed50038c38_1024x1024.png*****https://product.hstatic.net/1000230347/product/artboard_1_e74620ac727b44839c47953bf722057d_large_019dc9f49827470099256a04e7f5ed8c_1024x1024.jpg*****https://product.hstatic.net/1000230347/product/e-033pr_5_a6a46fbfa5fd446597bfb0c8aa2618e7_large_3e591e0355dc41ebbb11950d0c65bfae_1024x1024.jpg*****https://product.hstatic.net/1000230347/product/cob-c009_pr_25627a45da7a48e8954ccdfbaea5586b_large_b5a5c4163f26478ebc4aaf58541bf95d_1024x1024.jpg,"129,500₫",,https://thienlong.vn/products/combo-my-thuat-nhan-vat-hoat-hinh-nang-tien-ca-ariel-dang-yeu
639,"Combo mỹ thuật gấu Pooh (5 món tiện dụng, nhân vật hoạt hình ngộ nghĩnh)",CBMTPooh,Thiên Long,https://product.hstatic.net/1000230347/product/pooh_6a5ce93d1c6545019f32ee6ba64395ce_1024x1024.png*****https://product.hstatic.net/1000230347/product/thumbnail_2_9c0f68350dea406e95b48a032c267ecf_large_ae5d44f12d84468eb2b27ca14ea510cc_1024x1024.jpg*****https://product.hstatic.net/1000230347/product/artboard_2_c0fced059d114da1801dffb76202abd7_large_7fa790d75ee24decbc31dabee00293ab_1024x1024.jpg*****https://product.hstatic.net/1000230347/product/cob-c008_po_271853fa67de4ef4b055011f318ca25e_large_599920fc512f48b68396e740142b2251_1024x1024.jpg*****https://theme.hstatic.net/1000230347/1000782290/14/product-placeholder.png?v=26579*****https://theme.hstatic.net/1000230347/1000782290/14/product-placeholder.png?v=26579,"130,000₫",,https://thienlong.vn/products/combo-my-thuat-nhan-vat-hoat-hinh-gau-pooh-ngo-nghinh
640,Bộ tập tô màu Disney Ariel Thiên Long Colokit COB-C009/PR,50013169,Colokit,https://product.hstatic.net/1000230347/product/artboard_1_copy_f230665757bf428ab178752288d33907_1024x1024.jpg*****https://product.hstatic.net/1000230347/product/artboard_3_72c26fae40c64018b14521298e04f0d0_1024x1024.jpg*****https://product.hstatic.net/1000230347/product/artboard_2_copy_9cd4b4c4a17d4598abf338ca04d83da9_1024x1024.jpg*****https://product.hstatic.net/1000230347/product/artboard_2_d7d9444fea6742fdb8a21fa3d0c637f0_1024x1024.jpg*****https://theme.hstatic.net/1000230347/1000782290/14/product-placeholder.png?v=26579*****https://theme.hstatic.net/1000230347/1000782290/14/product-placeholder.png?v=26579*****https://theme.hstatic.net/1000230347/1000782290/14/product-placeholder.png?v=26579*****https://theme.hstatic.net/1000230347/1000782290/14/product-placeholder.png?v=26579*****https://theme.hstatic.net/1000230347/1000782290/14/product-placeholder.png?v=26579*****https://theme.hstatic.net/1000230347/1000782290/14/product-placeholder.png?v=26579*****https://theme.hstatic.net/1000230347/1000782290/14/product-placeholder.png?v=26579*****https://theme.hstatic.net/1000230347/1000782290/14/product-placeholder.png?v=26579*****https://theme.hstatic.net/1000230347/1000782290/14/product-placeholder.png?v=26579*****https://theme.hstatic.net/1000230347/1000782290/14/product-placeholder.png?v=26579*****https://theme.hstatic.net/1000230347/1000782290/14/product-placeholder.png?v=26579*****https://theme.hstatic.net/1000230347/1000782290/14/product-placeholder.png?v=26579*****https://theme.hstatic.net/1000230347/1000782290/14/product-placeholder.png?v=26579*****https://theme.hstatic.net/1000230347/1000782290/14/product-placeholder.png?v=26579*****https://theme.hstatic.net/1000230347/1000782290/14/product-placeholder.png?v=26579*****https://theme.hstatic.net/1000230347/1000782290/14/product-placeholder.png?v=26579*****https://theme.hstatic.net/1000230347/1000782290/14/product-placeholder.png?v=26579*****https://theme.hstatic.net/1000230347/1000782290/14/product-placeholder.png?v=26579*****https://theme.hstatic.net/1000230347/1000782290/14/product-placeholder.png?v=26579*****https://theme.hstatic.net/1000230347/1000782290/14/product-placeholder.png?v=26579*****https://theme.hstatic.net/1000230347/1000782290/14/product-placeholder.png?v=26579*****https://theme.hstatic.net/1000230347/1000782290/14/product-placeholder.png?v=26579*****https://theme.hstatic.net/1000230347/1000782290/14/product-placeholder.png?v=26579*****https://theme.hstatic.net/1000230347/1000782290/14/product-placeholder.png?v=26579*****https://theme.hstatic.net/1000230347/1000782290/14/product-placeholder.png?v=26579*****https://theme.hstatic.net/1000230347/1000782290/14/product-placeholder.png?v=26579*****https://theme.hstatic.net/1000230347/1000782290/14/product-placeholder.png?v=26579*****https://theme.hstatic.net/1000230347/1000782290/14/product-placeholder.png?v=26579*****https://theme.hstatic.net/1000230347/1000782290/14/product-placeholder.png?v=26579*****https://theme.hstatic.net/1000230347/1000782290/14/product-placeholder.png?v=26579,"60,000₫",,https://thienlong.vn/products/bo-tap-to-mau-disney-ariel-thien-long-colokit-cob-c009-pr
641,Bộ tập tô màu Disney Pooh Thiên Long Colokit COB-C008/PO,50013168,Colokit,https://product.hstatic.net/1000230347/product/artboard_1_copy_c069290cb4594dd796ab6cfe21524090_1024x1024.jpg*****https://product.hstatic.net/1000230347/product/artboard_2-2_7bfd50cc036e4111a0959ee4e1965a69_1024x1024.jpg*****https://product.hstatic.net/1000230347/product/artboard_2_copy_8172264814c94587a6c3a1304c35162a_1024x1024.jpg*****https://product.hstatic.net/1000230347/product/artboard_2_180666acd95c4578846057ed0c96ca60_1024x1024.jpg*****https://theme.hstatic.net/1000230347/1000782290/14/product-placeholder.png?v=26579*****https://theme.hstatic.net/1000230347/1000782290/14/product-placeholder.png?v=26579*****https://theme.hstatic.net/1000230347/1000782290/14/product-placeholder.png?v=26579*****https://theme.hstatic.net/1000230347/1000782290/14/product-placeholder.png?v=26579*****https://theme.hstatic.net/1000230347/1000782290/14/product-placeholder.png?v=26579*****https://theme.hstatic.net/1000230347/1000782290/14/product-placeholder.png?v=26579*****https://theme.hstatic.net/1000230347/1000782290/14/product-placeholder.png?v=26579*****https://theme.hstatic.net/1000230347/1000782290/14/product-placeholder.png?v=26579*****https://theme.hstatic.net/1000230347/1000782290/14/product-placeholder.png?v=26579*****https://theme.hstatic.net/1000230347/1000782290/14/product-placeholder.png?v=26579*****https://theme.hstatic.net/1000230347/1000782290/14/product-placeholder.png?v=26579*****https://theme.hstatic.net/1000230347/1000782290/14/product-placeholder.png?v=26579*****https://theme.hstatic.net/1000230347/1000782290/14/product-placeholder.png?v=26579*****https://theme.hstatic.net/1000230347/1000782290/14/product-placeholder.png?v=26579*****https://theme.hstatic.net/1000230347/1000782290/14/product-placeholder.png?v=26579*****https://theme.hstatic.net/1000230347/1000782290/14/product-placeholder.png?v=26579*****https://theme.hstatic.net/1000230347/1000782290/14/product-placeholder.png?v=26579*****https://theme.hstatic.net/1000230347/1000782290/14/product-placeholder.png?v=26579*****https://theme.hstatic.net/1000230347/1000782290/14/product-placeholder.png?v=26579*****https://theme.hstatic.net/1000230347/1000782290/14/product-placeholder.png?v=26579*****https://theme.hstatic.net/1000230347/1000782290/14/product-placeholder.png?v=26579*****https://theme.hstatic.net/1000230347/1000782290/14/product-placeholder.png?v=26579*****https://theme.hstatic.net/1000230347/1000782290/14/product-placeholder.png?v=26579*****https://theme.hstatic.net/1000230347/1000782290/14/product-placeholder.png?v=26579*****https://theme.hstatic.net/1000230347/1000782290/14/product-placeholder.png?v=26579*****https://theme.hstatic.net/1000230347/1000782290/14/product-placeholder.png?v=26579*****https://theme.hstatic.net/1000230347/1000782290/14/product-placeholder.png?v=26579*****https://theme.hstatic.net/1000230347/1000782290/14/product-placeholder.png?v=26579*****https://theme.hstatic.net/1000230347/1000782290/14/product-placeholder.png?v=26579*****https://theme.hstatic.net/1000230347/1000782290/14/product-placeholder.png?v=26579,"60,000₫",,https://thienlong.vn/products/bo-tap-to-mau-disney-pooh-thien-long-colokit-cob-c008-po
642,Màu nước acrylic cao cấp không phai màu dạng hũ 100ml Thiên Long Colokit ACR-C007,50012917,Colokit,https://product.hstatic.net/1000230347/product/artboard_1_6627ad00fa714aae967aa4e46701fb60_1024x1024.jpg*****https://product.hstatic.net/1000230347/product/artboard_4_fa17ecab76fd49ac835b799e991689ce_1024x1024.jpg*****https://product.hstatic.net/1000230347/product/artboard_3_fcd418a0f9524b3fbad56302e8b6386b_1024x1024.jpg*****https://product.hstatic.net/1000230347/product/artboard_6_3d77b1dbcec94d90926e0cf4f5cf66d1_1024x1024.jpg*****https://theme.hstatic.net/1000230347/1000782290/14/product-placeholder.png?v=26579*****https://theme.hstatic.net/1000230347/1000782290/14/product-placeholder.png?v=26579*****https://theme.hstatic.net/1000230347/1000782290/14/product-placeholder.png?v=26579*****https://theme.hstatic.net/1000230347/1000782290/14/product-placeholder.png?v=26579*****https://theme.hstatic.net/1000230347/1000782290/14/product-placeholder.png?v=26579*****https://theme.hstatic.net/1000230347/1000782290/14/product-placeholder.png?v=26579*****https://theme.hstatic.net/1000230347/1000782290/14/product-placeholder.png?v=26579*****https://theme.hstatic.net/1000230347/1000782290/14/product-placeholder.png?v=26579*****https://theme.hstatic.net/1000230347/1000782290/14/product-placeholder.png?v=26579*****https://theme.hstatic.net/1000230347/1000782290/14/product-placeholder.png?v=26579*****https://theme.hstatic.net/1000230347/1000782290/14/product-placeholder.png?v=26579*****https://theme.hstatic.net/1000230347/1000782290/14/product-placeholder.png?v=26579*****https://theme.hstatic.net/1000230347/1000782290/14/product-placeholder.png?v=26579*****https://theme.hstatic.net/1000230347/1000782290/14/product-placeholder.png?v=26579*****https://theme.hstatic.net/1000230347/1000782290/14/product-placeholder.png?v=26579*****https://theme.hstatic.net/1000230347/1000782290/14/product-placeholder.png?v=26579*****https://theme.hstatic.net/1000230347/1000782290/14/product-placeholder.png?v=26579*****https://theme.hstatic.net/1000230347/1000782290/14/product-placeholder.png?v=26579*****https://theme.hstatic.net/1000230347/1000782290/14/product-placeholder.png?v=26579*****https://theme.hstatic.net/1000230347/1000782290/14/product-placeholder.png?v=26579*****https://theme.hstatic.net/1000230347/1000782290/14/product-placeholder.png?v=26579*****https://theme.hstatic.net/1000230347/1000782290/14/product-placeholder.png?v=26579*****https://theme.hstatic.net/1000230347/1000782290/14/product-placeholder.png?v=26579,"
						
						38,000₫
						
					",,https://thienlong.vn/products/hu-mau-acrylic-thien-long-colokit-acr-c007
643,Hộp sáp dầu Oil Pastel Thiên Long Colokit - Tiêu chuẩn châu Âu,60014926,Colokit,https://product.hstatic.net/1000230347/product/artboard_1_d4f5e0022a2543d2912b7f26caa860da_1024x1024.jpg*****https://product.hstatic.net/1000230347/product/artboard_6_440351e365564f519f10dc5f372d21e1_1024x1024.jpg*****https://product.hstatic.net/1000230347/product/artboard_7_dc2467955e744acfbbf0c466e36c9016_1024x1024.jpg*****https://product.hstatic.net/1000230347/product/artboard_5_4964c931d2a241cfbc461830eee8b763_1024x1024.jpg*****https://theme.hstatic.net/1000230347/1000782290/14/product-placeholder.png?v=26579*****https://theme.hstatic.net/1000230347/1000782290/14/product-placeholder.png?v=26579*****https://theme.hstatic.net/1000230347/1000782290/14/product-placeholder.png?v=26579,"
						
						31,000₫
						
					",,https://thienlong.vn/products/hop-sap-dau-oil-pastel-thien-long-colokit-tieu-chuan-chau-au
644,Tranh cuộn tô màu DIY Thiên Long Colokit CRO-C001,60014631,Colokit,https://product.hstatic.net/1000230347/product/artboard_5_ae58ead1bc50441c86988b58c5692d98_1024x1024.jpg*****https://product.hstatic.net/1000230347/product/artboard_1_e137cd2169334bc3bfabb134dd8e6698_1024x1024.jpg*****https://product.hstatic.net/1000230347/product/artboard_7_12cb887bbe94411db2877e5473003db2_1024x1024.jpg*****https://product.hstatic.net/1000230347/product/artboard_10_d4e28f51b3894d688035d75c9cd62f87_1024x1024.jpg*****https://theme.hstatic.net/1000230347/1000782290/14/product-placeholder.png?v=26579*****https://theme.hstatic.net/1000230347/1000782290/14/product-placeholder.png?v=26579*****https://theme.hstatic.net/1000230347/1000782290/14/product-placeholder.png?v=26579*****https://theme.hstatic.net/1000230347/1000782290/14/product-placeholder.png?v=26579*****https://theme.hstatic.net/1000230347/1000782290/14/product-placeholder.png?v=26579*****https://theme.hstatic.net/1000230347/1000782290/14/product-placeholder.png?v=26579*****https://theme.hstatic.net/1000230347/1000782290/14/product-placeholder.png?v=26579*****https://theme.hstatic.net/1000230347/1000782290/14/product-placeholder.png?v=26579*****https://theme.hstatic.net/1000230347/1000782290/14/product-placeholder.png?v=26579*****https://theme.hstatic.net/1000230347/1000782290/14/product-placeholder.png?v=26579,"38,000₫",,https://thienlong.vn/products/tranh-cuon-to-mau-diy-thien-long-colokit-cro-c001
645,Lọ màu nước Thiên Long Colokit WACO-C09,50013079,Colokit,https://product.hstatic.net/1000230347/product/artboard_10_1cdc57729552446cb6b00019b0f16ae0_1024x1024.jpg*****https://product.hstatic.net/1000230347/product/waco-c09_2_d484c79cf43f41cebd89d62e84d577d4_1024x1024.jpg*****https://product.hstatic.net/1000230347/product/waco-c09_3_f6ec7b42c8d245de96f8fe17ae0fc3ce_1024x1024.jpg*****https://product.hstatic.net/1000230347/product/waco-c09_25881286736141ae9cd896b4464f77ef_1024x1024.jpg*****https://theme.hstatic.net/1000230347/1000782290/14/product-placeholder.png?v=26579*****https://theme.hstatic.net/1000230347/1000782290/14/product-placeholder.png?v=26579*****https://theme.hstatic.net/1000230347/1000782290/14/product-placeholder.png?v=26579*****https://theme.hstatic.net/1000230347/1000782290/14/product-placeholder.png?v=26579*****https://theme.hstatic.net/1000230347/1000782290/14/product-placeholder.png?v=26579*****https://theme.hstatic.net/1000230347/1000782290/14/product-placeholder.png?v=26579*****https://theme.hstatic.net/1000230347/1000782290/14/product-placeholder.png?v=26579*****https://theme.hstatic.net/1000230347/1000782290/14/product-placeholder.png?v=26579*****https://theme.hstatic.net/1000230347/1000782290/14/product-placeholder.png?v=26579*****https://theme.hstatic.net/1000230347/1000782290/14/product-placeholder.png?v=26579*****https://theme.hstatic.net/1000230347/1000782290/14/product-placeholder.png?v=26579*****https://theme.hstatic.net/1000230347/1000782290/14/product-placeholder.png?v=26579*****https://theme.hstatic.net/1000230347/1000782290/14/product-placeholder.png?v=26579*****https://theme.hstatic.net/1000230347/1000782290/14/product-placeholder.png?v=26579,"
						
						14,000₫
						
					",,https://thienlong.vn/products/lo-mau-nuoc-thien-long-colokit-waco-c09
646,Bút lông màu Fiber Pen Thiên Long Colokit - Có thể rửa được- Combo 40/56/76/96 cây,40FiberPen,Colokit,https://product.hstatic.net/1000230347/product/new25_bb8b4fda48a144a6b666288a1692e838_1024x1024.jpg*****https://product.hstatic.net/1000230347/product/2_b34854ab710c43f1ae8bdb0381f3821e_1024x1024.jpg*****https://product.hstatic.net/1000230347/product/3_62bdf46e195948a09718439a9eef1ce0_1024x1024.jpg*****https://product.hstatic.net/1000230347/product/4_78c9f66fa0d64099b80bdc0ca590fb39_1024x1024.jpg*****https://theme.hstatic.net/1000230347/1000782290/14/product-placeholder.png?v=26579*****https://theme.hstatic.net/1000230347/1000782290/14/product-placeholder.png?v=26579*****https://theme.hstatic.net/1000230347/1000782290/14/product-placeholder.png?v=26579*****https://theme.hstatic.net/1000230347/1000782290/14/product-placeholder.png?v=26579*****https://theme.hstatic.net/1000230347/1000782290/14/product-placeholder.png?v=26579*****https://theme.hstatic.net/1000230347/1000782290/14/product-placeholder.png?v=26579,"
						
						150,000₫
						
					",,https://thienlong.vn/products/but-long-mau-fiber-pen-thien-long-colokit-co-the-rua-duoc
647,Bút dạ màu - bút marker 24 màu Thiên Long Colokit ART MARKER AM-C001 - Tặng sổ Sketch,60004664,Colokit,https://product.hstatic.net/1000230347/product/thumnail_2_2_2b3445f0ebcd4142824a1a8ed6434cd4_1024x1024.jpg*****https://product.hstatic.net/1000230347/product/5_5c36024b513b4f05bbfd33d99c6d0643_1024x1024.jpg*****https://product.hstatic.net/1000230347/product/1_5be1f8fc212a40f3b9b0a688a561764a_1024x1024.jpg*****https://product.hstatic.net/1000230347/product/2_e909dd98ee0e4870993724efca961b01_1024x1024.jpg*****https://theme.hstatic.net/1000230347/1000782290/14/product-placeholder.png?v=26579*****https://theme.hstatic.net/1000230347/1000782290/14/product-placeholder.png?v=26579*****https://theme.hstatic.net/1000230347/1000782290/14/product-placeholder.png?v=26579*****https://theme.hstatic.net/1000230347/1000782290/14/product-placeholder.png?v=26579*****https://theme.hstatic.net/1000230347/1000782290/14/product-placeholder.png?v=26579*****https://theme.hstatic.net/1000230347/1000782290/14/product-placeholder.png?v=26579*****https://theme.hstatic.net/1000230347/1000782290/14/product-placeholder.png?v=26579*****https://theme.hstatic.net/1000230347/1000782290/14/product-placeholder.png?v=26579*****https://theme.hstatic.net/1000230347/1000782290/14/product-placeholder.png?v=26579*****https://theme.hstatic.net/1000230347/1000782290/14/product-placeholder.png?v=26579*****https://theme.hstatic.net/1000230347/1000782290/14/product-placeholder.png?v=26579*****https://theme.hstatic.net/1000230347/1000782290/14/product-placeholder.png?v=26579*****https://theme.hstatic.net/1000230347/1000782290/14/product-placeholder.png?v=26579*****https://theme.hstatic.net/1000230347/1000782290/14/product-placeholder.png?v=26579*****https://theme.hstatic.net/1000230347/1000782290/14/product-placeholder.png?v=26579*****https://theme.hstatic.net/1000230347/1000782290/14/product-placeholder.png?v=26579*****https://theme.hstatic.net/1000230347/1000782290/14/product-placeholder.png?v=26579*****https://theme.hstatic.net/1000230347/1000782290/14/product-placeholder.png?v=26579*****https://theme.hstatic.net/1000230347/1000782290/14/product-placeholder.png?v=26579*****https://theme.hstatic.net/1000230347/1000782290/14/product-placeholder.png?v=26579*****https://theme.hstatic.net/1000230347/1000782290/14/product-placeholder.png?v=26579*****https://theme.hstatic.net/1000230347/1000782290/14/product-placeholder.png?v=26579*****https://theme.hstatic.net/1000230347/1000782290/14/product-placeholder.png?v=26579*****https://theme.hstatic.net/1000230347/1000782290/14/product-placeholder.png?v=26579*****https://theme.hstatic.net/1000230347/1000782290/14/product-placeholder.png?v=26579*****https://theme.hstatic.net/1000230347/1000782290/14/product-placeholder.png?v=26579*****https://theme.hstatic.net/1000230347/1000782290/14/product-placeholder.png?v=26579*****https://theme.hstatic.net/1000230347/1000782290/14/product-placeholder.png?v=26579*****https://theme.hstatic.net/1000230347/1000782290/14/product-placeholder.png?v=26579*****https://theme.hstatic.net/1000230347/1000782290/14/product-placeholder.png?v=26579*****https://theme.hstatic.net/1000230347/1000782290/14/product-placeholder.png?v=26579*****https://theme.hstatic.net/1000230347/1000782290/14/product-placeholder.png?v=26579*****https://theme.hstatic.net/1000230347/1000782290/14/product-placeholder.png?v=26579*****https://theme.hstatic.net/1000230347/1000782290/14/product-placeholder.png?v=26579*****https://theme.hstatic.net/1000230347/1000782290/14/product-placeholder.png?v=26579*****https://theme.hstatic.net/1000230347/1000782290/14/product-placeholder.png?v=26579,"217,000₫",,https://thienlong.vn/products/but-da-mau-but-marker-thien-long-colokit-art-marker-am-c001-tang-so-sketch
648,Bút dạ màu - bút marker 48 màu Thiên Long Colokit ART MARKER AM-C006 - Tặng Postcard,60014882Cool,Colokit,https://product.hstatic.net/1000230347/product/thumnail_2_2_d687b121b6da4b769afa0f6d05d7fcd5_e0f8049a3724453487bbbf9ea544ab51_1024x1024.jpg*****https://product.hstatic.net/1000230347/product/artboard_1_copy_a832aa4d84ad4cca9c01e7fc765c956d_1024x1024.jpg*****https://product.hstatic.net/1000230347/product/artboard_1_40dd11b4ef2c46b2bd07ab45ded2b0ae_1024x1024.jpg*****https://product.hstatic.net/1000230347/product/1_7b026328d43449ad998435013654f563_2009bd678f4d428a9a8c3d6b836be721_1024x1024.jpg*****https://theme.hstatic.net/1000230347/1000782290/14/product-placeholder.png?v=26579*****https://theme.hstatic.net/1000230347/1000782290/14/product-placeholder.png?v=26579*****https://theme.hstatic.net/1000230347/1000782290/14/product-placeholder.png?v=26579*****https://theme.hstatic.net/1000230347/1000782290/14/product-placeholder.png?v=26579*****https://theme.hstatic.net/1000230347/1000782290/14/product-placeholder.png?v=26579*****https://theme.hstatic.net/1000230347/1000782290/14/product-placeholder.png?v=26579*****https://theme.hstatic.net/1000230347/1000782290/14/product-placeholder.png?v=26579*****https://theme.hstatic.net/1000230347/1000782290/14/product-placeholder.png?v=26579*****https://theme.hstatic.net/1000230347/1000782290/14/product-placeholder.png?v=26579*****https://theme.hstatic.net/1000230347/1000782290/14/product-placeholder.png?v=26579*****https://theme.hstatic.net/1000230347/1000782290/14/product-placeholder.png?v=26579*****https://theme.hstatic.net/1000230347/1000782290/14/product-placeholder.png?v=26579*****https://theme.hstatic.net/1000230347/1000782290/14/product-placeholder.png?v=26579*****https://theme.hstatic.net/1000230347/1000782290/14/product-placeholder.png?v=26579*****https://theme.hstatic.net/1000230347/1000782290/14/product-placeholder.png?v=26579*****https://theme.hstatic.net/1000230347/1000782290/14/product-placeholder.png?v=26579*****https://theme.hstatic.net/1000230347/1000782290/14/product-placeholder.png?v=26579*****https://theme.hstatic.net/1000230347/1000782290/14/product-placeholder.png?v=26579*****https://theme.hstatic.net/1000230347/1000782290/14/product-placeholder.png?v=26579*****https://theme.hstatic.net/1000230347/1000782290/14/product-placeholder.png?v=26579*****https://theme.hstatic.net/1000230347/1000782290/14/product-placeholder.png?v=26579*****https://theme.hstatic.net/1000230347/1000782290/14/product-placeholder.png?v=26579*****https://theme.hstatic.net/1000230347/1000782290/14/product-placeholder.png?v=26579*****https://theme.hstatic.net/1000230347/1000782290/14/product-placeholder.png?v=26579*****https://theme.hstatic.net/1000230347/1000782290/14/product-placeholder.png?v=26579*****https://theme.hstatic.net/1000230347/1000782290/14/product-placeholder.png?v=26579*****https://theme.hstatic.net/1000230347/1000782290/14/product-placeholder.png?v=26579*****https://theme.hstatic.net/1000230347/1000782290/14/product-placeholder.png?v=26579*****https://theme.hstatic.net/1000230347/1000782290/14/product-placeholder.png?v=26579*****https://theme.hstatic.net/1000230347/1000782290/14/product-placeholder.png?v=26579*****https://theme.hstatic.net/1000230347/1000782290/14/product-placeholder.png?v=26579*****https://theme.hstatic.net/1000230347/1000782290/14/product-placeholder.png?v=26579*****https://theme.hstatic.net/1000230347/1000782290/14/product-placeholder.png?v=26579*****https://theme.hstatic.net/1000230347/1000782290/14/product-placeholder.png?v=26579*****https://theme.hstatic.net/1000230347/1000782290/14/product-placeholder.png?v=26579*****https://theme.hstatic.net/1000230347/1000782290/14/product-placeholder.png?v=26579,"430,000₫",,https://thienlong.vn/products/but-da-mau-but-marker-thien-long-colokit-art-marker-am-c006-km
649,Combo Disney Frozen,CBDF,Thiên Long,https://product.hstatic.net/1000230347/product/cbdf_2_03a57399c53a48f1a41b628d847d9919_1024x1024.jpg*****https://product.hstatic.net/1000230347/product/cbdf_3_8aa79d0f67954034b4f0654c913236ba_1024x1024.jpg*****https://product.hstatic.net/1000230347/product/cbdf_1a1e033e30da49e3b873d4e7a52ce939_1024x1024.jpg*****https://product.hstatic.net/1000230347/product/cbdp_4_343b2175cd8a4c2a848f51e158fe13b6_1024x1024.jpg*****https://theme.hstatic.net/1000230347/1000782290/14/product-placeholder.png?v=26579*****https://theme.hstatic.net/1000230347/1000782290/14/product-placeholder.png?v=26579*****https://theme.hstatic.net/1000230347/1000782290/14/product-placeholder.png?v=26579*****https://theme.hstatic.net/1000230347/1000782290/14/product-placeholder.png?v=26579*****https://theme.hstatic.net/1000230347/1000782290/14/product-placeholder.png?v=26579,"156,000₫",,https://thienlong.vn/products/combo-disney-frozen
650,Combo Disney Princess,CBDP,Thiên Long,https://product.hstatic.net/1000230347/product/cbdp_4_343b2175cd8a4c2a848f51e158fe13b6_1024x1024.jpg*****https://product.hstatic.net/1000230347/product/cbdp_2_a591ec2124224a04bcf077a60f476212_1024x1024.jpg*****https://product.hstatic.net/1000230347/product/cbdp_3_d1dfc8601a7e4d65a6b7c3668466c311_1024x1024.jpg*****https://product.hstatic.net/1000230347/product/cbdp_2e39ef4754cc4396a759b517be09d68c_1024x1024.jpg*****https://theme.hstatic.net/1000230347/1000782290/14/product-placeholder.png?v=26579*****https://theme.hstatic.net/1000230347/1000782290/14/product-placeholder.png?v=26579*****https://theme.hstatic.net/1000230347/1000782290/14/product-placeholder.png?v=26579*****https://theme.hstatic.net/1000230347/1000782290/14/product-placeholder.png?v=26579*****https://theme.hstatic.net/1000230347/1000782290/14/product-placeholder.png?v=26579,"115,000₫",,https://thienlong.vn/products/combo-disney-princess
651,Combo Disney Cars,CBDC,Thiên Long,https://product.hstatic.net/1000230347/product/cbdc_2_51486a85ddf240cd991c68d23ee416ce_1024x1024.jpg*****https://product.hstatic.net/1000230347/product/cbdc_be6cd9252cad4fdaad3f46b9bd7ce5ef_1024x1024.jpg*****https://product.hstatic.net/1000230347/product/cbdp_4_343b2175cd8a4c2a848f51e158fe13b6_1024x1024.jpg*****https://product.hstatic.net/1000230347/product/cbdp_2_a591ec2124224a04bcf077a60f476212_1024x1024.jpg*****https://theme.hstatic.net/1000230347/1000782290/14/product-placeholder.png?v=26579*****https://theme.hstatic.net/1000230347/1000782290/14/product-placeholder.png?v=26579*****https://theme.hstatic.net/1000230347/1000782290/14/product-placeholder.png?v=26579*****https://theme.hstatic.net/1000230347/1000782290/14/product-placeholder.png?v=26579*****https://theme.hstatic.net/1000230347/1000782290/14/product-placeholder.png?v=26579,"134,000₫",,https://thienlong.vn/products/combo-disney-cars
652,Bột nặn Clever Dough Thiên Long Colokit MD-C008,50012712,Colokit,https://product.hstatic.net/1000230347/product/bot_nan_b1074d4cdcfb43d0ada45935a281181d_1024x1024.jpg*****https://product.hstatic.net/1000230347/product/artboard_2_copy_2_e86601919b5c4ac49ce66d4581429679_1024x1024.jpg*****https://product.hstatic.net/1000230347/product/artboard_2_copy_3_8d9e972828564a2eb72d4791772d43cd_1024x1024.jpg*****https://product.hstatic.net/1000230347/product/artboard_2_copy_4_b27c0d2725fc49cfb2173b3faf095249_1024x1024.jpg*****https://theme.hstatic.net/1000230347/1000782290/14/product-placeholder.png?v=26579*****https://theme.hstatic.net/1000230347/1000782290/14/product-placeholder.png?v=26579*****https://theme.hstatic.net/1000230347/1000782290/14/product-placeholder.png?v=26579*****https://theme.hstatic.net/1000230347/1000782290/14/product-placeholder.png?v=26579*****https://theme.hstatic.net/1000230347/1000782290/14/product-placeholder.png?v=26579*****https://theme.hstatic.net/1000230347/1000782290/14/product-placeholder.png?v=26579*****https://theme.hstatic.net/1000230347/1000782290/14/product-placeholder.png?v=26579*****https://theme.hstatic.net/1000230347/1000782290/14/product-placeholder.png?v=26579*****https://theme.hstatic.net/1000230347/1000782290/14/product-placeholder.png?v=26579*****https://theme.hstatic.net/1000230347/1000782290/14/product-placeholder.png?v=26579*****https://theme.hstatic.net/1000230347/1000782290/14/product-placeholder.png?v=26579,"
						
						16,000₫
						
					",,https://thienlong.vn/products/bot-nan-clever-dough-thien-long-colokit-md-c008
653,Bộ bút lông 20 màu Retro rửa được Fiber Pen Thiên Long SWM-C009 - Tặng bộ tranh 3D,50016595,Colokit,https://product.hstatic.net/1000230347/product/hz8a8064_24f3e2b696bd46499e9e4275571fb9d4_1024x1024.jpg*****https://product.hstatic.net/1000230347/product/artboard_3_2da9bcbd945c45c98eec115afe1c385d_1024x1024.jpg*****https://product.hstatic.net/1000230347/product/banner_2_eca28b388854448bbe494a3e736e4c10_1024x1024.png*****https://product.hstatic.net/1000230347/product/artboard_1_e4b3ad5096294d0ca48b945fc77dd32f_1024x1024.jpg*****https://theme.hstatic.net/1000230347/1000782290/14/product-placeholder.png?v=26579*****https://theme.hstatic.net/1000230347/1000782290/14/product-placeholder.png?v=26579*****https://theme.hstatic.net/1000230347/1000782290/14/product-placeholder.png?v=26579*****https://theme.hstatic.net/1000230347/1000782290/14/product-placeholder.png?v=26579*****https://theme.hstatic.net/1000230347/1000782290/14/product-placeholder.png?v=26579*****https://theme.hstatic.net/1000230347/1000782290/14/product-placeholder.png?v=26579*****https://theme.hstatic.net/1000230347/1000782290/14/product-placeholder.png?v=26579*****https://theme.hstatic.net/1000230347/1000782290/14/product-placeholder.png?v=26579*****https://theme.hstatic.net/1000230347/1000782290/14/product-placeholder.png?v=26579*****https://theme.hstatic.net/1000230347/1000782290/14/product-placeholder.png?v=26579*****https://theme.hstatic.net/1000230347/1000782290/14/product-placeholder.png?v=26579*****https://theme.hstatic.net/1000230347/1000782290/14/product-placeholder.png?v=26579*****https://theme.hstatic.net/1000230347/1000782290/14/product-placeholder.png?v=26579*****https://theme.hstatic.net/1000230347/1000782290/14/product-placeholder.png?v=26579*****https://theme.hstatic.net/1000230347/1000782290/14/product-placeholder.png?v=26579,"86,000₫",,https://thienlong.vn/products/bo-20-mau-retro-rua-duoc-fiber-pen-thien-long-swm-c009
654,Combo Túi Canvas và Bộ 12 màu bút vẽ lên vải - Túi in hình mẫu chưa tô,50011840TS,Colokit,https://product.hstatic.net/1000230347/product/cua-min_adff48dcc99a47408197d29f6219cf81_1024x1024.jpg*****https://product.hstatic.net/1000230347/product/cua-min_adff48dcc99a47408197d29f6219cf81_1024x1024.jpg*****https://product.hstatic.net/1000230347/product/picnic-min_424f7c4b07fc471caf4784e92e127928_1024x1024.jpg*****https://product.hstatic.net/1000230347/product/dsc04665_copy2_8b8a6fd379e54cd784f0f36a19ac8b58_1024x1024.jpg*****https://theme.hstatic.net/1000230347/1000782290/14/product-placeholder.png?v=26579*****https://theme.hstatic.net/1000230347/1000782290/14/product-placeholder.png?v=26579*****https://theme.hstatic.net/1000230347/1000782290/14/product-placeholder.png?v=26579*****https://theme.hstatic.net/1000230347/1000782290/14/product-placeholder.png?v=26579*****https://theme.hstatic.net/1000230347/1000782290/14/product-placeholder.png?v=26579*****https://theme.hstatic.net/1000230347/1000782290/14/product-placeholder.png?v=26579*****https://theme.hstatic.net/1000230347/1000782290/14/product-placeholder.png?v=26579*****https://theme.hstatic.net/1000230347/1000782290/14/product-placeholder.png?v=26579*****https://theme.hstatic.net/1000230347/1000782290/14/product-placeholder.png?v=26579*****https://theme.hstatic.net/1000230347/1000782290/14/product-placeholder.png?v=26579*****https://theme.hstatic.net/1000230347/1000782290/14/product-placeholder.png?v=26579,"
						
						188,000₫
						
					",,https://thienlong.vn/products/combo-tui-canvas-va-bo-12-mau-but-ve-len-vai
655,Vở vẽ Sketch Book for Art Thiên Long Colokit nhiều kích cỡ,60012742,Colokit,https://product.hstatic.net/1000230347/product/a27_92367701dd434146b8c8e1c301a507db_1024x1024.jpg*****https://product.hstatic.net/1000230347/product/skb-c008_copy_42e8e39f6afb46c49b56ec5dbdd86775_1024x1024.jpg*****https://product.hstatic.net/1000230347/product/skb-c008_2_copy_2fbdb19c6a55402289b1110042405add_1024x1024.jpg*****https://product.hstatic.net/1000230347/product/skb-c008_3_copy_1c02a02b5fc84bbd8d1521ec36749363_1024x1024.jpg*****https://theme.hstatic.net/1000230347/1000782290/14/product-placeholder.png?v=26579*****https://theme.hstatic.net/1000230347/1000782290/14/product-placeholder.png?v=26579,"
						
						58,000₫
						
					",,https://thienlong.vn/products/vo-ve-sketch-book-for-art-thien-long-colokit-nhieu-kich-co
656,Bút dạ màu - bút marker 12 màu Thiên Long Colokit ART MARKER AM-C002 - Tặng sổ Sketch,60004665,Colokit,https://product.hstatic.net/1000230347/product/thumbnail_c001_2_4591c851866847af80b05b95f4cdd3b7_1024x1024.jpg*****https://product.hstatic.net/1000230347/product/thumbnail_c001_2_4591c851866847af80b05b95f4cdd3b7_1024x1024.jpg*****https://product.hstatic.net/1000230347/product/1_0faa5ae78c5c4d859ec0cd6ff88d32e3_1024x1024.jpg*****https://product.hstatic.net/1000230347/product/4_6d34b593ec0843d385d3c6e916cb214e_1024x1024.jpg*****https://theme.hstatic.net/1000230347/1000782290/14/product-placeholder.png?v=26578*****https://theme.hstatic.net/1000230347/1000782290/14/product-placeholder.png?v=26578*****https://theme.hstatic.net/1000230347/1000782290/14/product-placeholder.png?v=26578*****https://theme.hstatic.net/1000230347/1000782290/14/product-placeholder.png?v=26578*****https://theme.hstatic.net/1000230347/1000782290/14/product-placeholder.png?v=26578*****https://theme.hstatic.net/1000230347/1000782290/14/product-placeholder.png?v=26578*****https://theme.hstatic.net/1000230347/1000782290/14/product-placeholder.png?v=26578*****https://theme.hstatic.net/1000230347/1000782290/14/product-placeholder.png?v=26578*****https://theme.hstatic.net/1000230347/1000782290/14/product-placeholder.png?v=26578*****https://theme.hstatic.net/1000230347/1000782290/14/product-placeholder.png?v=26578*****https://theme.hstatic.net/1000230347/1000782290/14/product-placeholder.png?v=26578*****https://theme.hstatic.net/1000230347/1000782290/14/product-placeholder.png?v=26578*****https://theme.hstatic.net/1000230347/1000782290/14/product-placeholder.png?v=26578*****https://theme.hstatic.net/1000230347/1000782290/14/product-placeholder.png?v=26578*****https://theme.hstatic.net/1000230347/1000782290/14/product-placeholder.png?v=26578*****https://theme.hstatic.net/1000230347/1000782290/14/product-placeholder.png?v=26578*****https://theme.hstatic.net/1000230347/1000782290/14/product-placeholder.png?v=26578*****https://theme.hstatic.net/1000230347/1000782290/14/product-placeholder.png?v=26578*****https://theme.hstatic.net/1000230347/1000782290/14/product-placeholder.png?v=26578*****https://theme.hstatic.net/1000230347/1000782290/14/product-placeholder.png?v=26578*****https://theme.hstatic.net/1000230347/1000782290/14/product-placeholder.png?v=26578*****https://theme.hstatic.net/1000230347/1000782290/14/product-placeholder.png?v=26578*****https://theme.hstatic.net/1000230347/1000782290/14/product-placeholder.png?v=26578*****https://theme.hstatic.net/1000230347/1000782290/14/product-placeholder.png?v=26578*****https://theme.hstatic.net/1000230347/1000782290/14/product-placeholder.png?v=26578*****https://theme.hstatic.net/1000230347/1000782290/14/product-placeholder.png?v=26578*****https://theme.hstatic.net/1000230347/1000782290/14/product-placeholder.png?v=26578*****https://theme.hstatic.net/1000230347/1000782290/14/product-placeholder.png?v=26578*****https://theme.hstatic.net/1000230347/1000782290/14/product-placeholder.png?v=26578*****https://theme.hstatic.net/1000230347/1000782290/14/product-placeholder.png?v=26578*****https://theme.hstatic.net/1000230347/1000782290/14/product-placeholder.png?v=26578*****https://theme.hstatic.net/1000230347/1000782290/14/product-placeholder.png?v=26578*****https://theme.hstatic.net/1000230347/1000782290/14/product-placeholder.png?v=26578*****https://theme.hstatic.net/1000230347/1000782290/14/product-placeholder.png?v=26578*****https://theme.hstatic.net/1000230347/1000782290/14/product-placeholder.png?v=26578*****https://theme.hstatic.net/1000230347/1000782290/14/product-placeholder.png?v=26578*****https://theme.hstatic.net/1000230347/1000782290/14/product-placeholder.png?v=26578,"112,000₫",,https://thienlong.vn/products/but-long-my-thuat-coloart-marker-nhieu-mau
657,Vở vẽ A4 Sketch Book for Art Thiên Long Điểm 10 TP-SKB005,60004746,Điểm 10,https://product.hstatic.net/1000230347/product/a28_7eb367dc22eb40aba4a98a3f656b465f_1024x1024.jpg*****https://product.hstatic.net/1000230347/product/tp-skb005_4_copy2_bc0ba808deb241688a40b73f13e59dc0_1024x1024.jpg*****https://product.hstatic.net/1000230347/product/tp-skb005_2_copy_163a32fef3124f91b88562d6e778716b_1024x1024.jpg*****https://product.hstatic.net/1000230347/product/tp-skb005_copy_33862329defa448a8f5133a6b416976a_1024x1024.jpg*****https://theme.hstatic.net/1000230347/1000782290/14/product-placeholder.png?v=26579,"23,000₫",,https://thienlong.vn/products/vo-ve-a4-sketch-book-for-art-thien-long-diem-10-tp-skb005
658,Bút vẽ lên vải 12 màu Fabric Marker Thiên Long Colokit FM-C002,50011840,Colokit,https://product.hstatic.net/1000230347/product/but_ve_len_vai_12_mau_fabric_marker_0144c0cbc6f24a13bfff8bcf8b5afc54_1024x1024.png*****https://product.hstatic.net/1000230347/product/fm-c002_6_copy_ko_logo_62537d2ce7e3477da38b62232aa02424_1024x1024.jpg*****https://product.hstatic.net/1000230347/product/fm-c002_6_copy_e94eb5f9e3f7402ab0012c3d3561ec6d_1024x1024.jpg*****https://product.hstatic.net/1000230347/product/fm-c002_8_copy_6a11ee8f44eb44bda6eecf7b9f74941a_1024x1024.jpg*****https://theme.hstatic.net/1000230347/1000782290/14/product-placeholder.png?v=26579*****https://theme.hstatic.net/1000230347/1000782290/14/product-placeholder.png?v=26579*****https://theme.hstatic.net/1000230347/1000782290/14/product-placeholder.png?v=26579*****https://theme.hstatic.net/1000230347/1000782290/14/product-placeholder.png?v=26579*****https://theme.hstatic.net/1000230347/1000782290/14/product-placeholder.png?v=26579*****https://theme.hstatic.net/1000230347/1000782290/14/product-placeholder.png?v=26579*****https://theme.hstatic.net/1000230347/1000782290/14/product-placeholder.png?v=26579*****https://theme.hstatic.net/1000230347/1000782290/14/product-placeholder.png?v=26579*****https://theme.hstatic.net/1000230347/1000782290/14/product-placeholder.png?v=26579*****https://theme.hstatic.net/1000230347/1000782290/14/product-placeholder.png?v=26579*****https://theme.hstatic.net/1000230347/1000782290/14/product-placeholder.png?v=26579*****https://theme.hstatic.net/1000230347/1000782290/14/product-placeholder.png?v=26579*****https://theme.hstatic.net/1000230347/1000782290/14/product-placeholder.png?v=26579*****https://theme.hstatic.net/1000230347/1000782290/14/product-placeholder.png?v=26579*****https://theme.hstatic.net/1000230347/1000782290/14/product-placeholder.png?v=26579*****https://theme.hstatic.net/1000230347/1000782290/14/product-placeholder.png?v=26579*****https://theme.hstatic.net/1000230347/1000782290/14/product-placeholder.png?v=26579*****https://theme.hstatic.net/1000230347/1000782290/14/product-placeholder.png?v=26579*****https://theme.hstatic.net/1000230347/1000782290/14/product-placeholder.png?v=26579*****https://theme.hstatic.net/1000230347/1000782290/14/product-placeholder.png?v=26579*****https://theme.hstatic.net/1000230347/1000782290/14/product-placeholder.png?v=26579*****https://theme.hstatic.net/1000230347/1000782290/14/product-placeholder.png?v=26579*****https://theme.hstatic.net/1000230347/1000782290/14/product-placeholder.png?v=26579*****https://theme.hstatic.net/1000230347/1000782290/14/product-placeholder.png?v=26579*****https://theme.hstatic.net/1000230347/1000782290/14/product-placeholder.png?v=26579*****https://theme.hstatic.net/1000230347/1000782290/14/product-placeholder.png?v=26579*****https://theme.hstatic.net/1000230347/1000782290/14/product-placeholder.png?v=26579,"127,000₫",,https://thienlong.vn/products/but-ve-len-vai-12-mau-fabric-markerthien-long-colokit-fm-c002
659,Bút sáp đa năng 12 màu rửa được Colo Art Thiên Long Colokit - WSO-C001- Sáng tạo tranh nổi - Vừa là sáp màu - Vừa là màu nước - Tiêu chuẩn châu Âu,50011748,Colokit,https://product.hstatic.net/1000230347/product/432fdfdsv_2b55340001ec4370ba53f6632c8cfdd7_1024x1024.jpg*****https://product.hstatic.net/1000230347/product/hinh_11_6f13fb32bdf74c45aa451d717dfcad72_1024x1024.jpg*****https://product.hstatic.net/1000230347/product/thumnail_maumythuat-recovered_1fb3e29c6b0e422d8080f8bc68e1990b_1024x1024.png*****https://product.hstatic.net/1000230347/product/hinh_22-01_213c3bde0ea945268b0c7ac0d45e8a1c_1024x1024.jpg*****https://theme.hstatic.net/1000230347/1000782290/14/product-placeholder.png?v=26579*****https://theme.hstatic.net/1000230347/1000782290/14/product-placeholder.png?v=26579*****https://theme.hstatic.net/1000230347/1000782290/14/product-placeholder.png?v=26579*****https://theme.hstatic.net/1000230347/1000782290/14/product-placeholder.png?v=26579*****https://theme.hstatic.net/1000230347/1000782290/14/product-placeholder.png?v=26579*****https://theme.hstatic.net/1000230347/1000782290/14/product-placeholder.png?v=26579*****https://theme.hstatic.net/1000230347/1000782290/14/product-placeholder.png?v=26579*****https://theme.hstatic.net/1000230347/1000782290/14/product-placeholder.png?v=26579*****https://theme.hstatic.net/1000230347/1000782290/14/product-placeholder.png?v=26579*****https://theme.hstatic.net/1000230347/1000782290/14/product-placeholder.png?v=26579*****https://theme.hstatic.net/1000230347/1000782290/14/product-placeholder.png?v=26579*****https://theme.hstatic.net/1000230347/1000782290/14/product-placeholder.png?v=26579*****https://theme.hstatic.net/1000230347/1000782290/14/product-placeholder.png?v=26579*****https://theme.hstatic.net/1000230347/1000782290/14/product-placeholder.png?v=26579*****https://theme.hstatic.net/1000230347/1000782290/14/product-placeholder.png?v=26579*****https://theme.hstatic.net/1000230347/1000782290/14/product-placeholder.png?v=26579*****https://theme.hstatic.net/1000230347/1000782290/14/product-placeholder.png?v=26579*****https://theme.hstatic.net/1000230347/1000782290/14/product-placeholder.png?v=26579,"121,000₫",,https://thienlong.vn/products/sap-da-nang-12-mau-rua-duoc-colo-art-thien-long-colokit
660,Tập tô nét Thiên Long Điểm 10 TP-TTN01,60001307,Điểm 10,https://product.hstatic.net/1000230347/product/54asd_235a8374cce741e3adc400900110ed19_1024x1024.jpg*****https://product.hstatic.net/1000230347/product/tp-ttn01_2_copy_376ef278999d445495a856644bd6edd7_1024x1024.jpg*****https://product.hstatic.net/1000230347/product/tp-ttn01_3_copy_c0328fb088154103a296167f56dab1d5_1024x1024.jpg*****https://product.hstatic.net/1000230347/product/tp-ttn01_5_copy_b1a74fe842f2420a86d9c77b0917c834_1024x1024.jpg*****https://theme.hstatic.net/1000230347/1000782290/14/product-placeholder.png?v=26579,"18,000₫",,https://thienlong.vn/products/tap-to-net-thien-long-diem-10-tp-ttn01
661,Bút chì màu chuyên nghiệp dạng lon 12/24/36 màu Thiên Long Colokit - Tiêu chuẩn châu Âu,60002351,Colokit,https://product.hstatic.net/1000230347/product/artboard_2_copy_a550406380d14bab82a4df37983f89d3_1024x1024.jpg*****https://product.hstatic.net/1000230347/product/artboard_2_copy_a550406380d14bab82a4df37983f89d3_1024x1024.jpg*****https://product.hstatic.net/1000230347/product/artboard_15_copy_52a31627a9084663bf2870ede947400b_1024x1024.jpg*****https://product.hstatic.net/1000230347/product/artboard_1_copy_a93320e740944bfe8ab617b394db0485_1024x1024.jpg*****https://theme.hstatic.net/1000230347/1000782290/14/product-placeholder.png?v=26579*****https://theme.hstatic.net/1000230347/1000782290/14/product-placeholder.png?v=26579*****https://theme.hstatic.net/1000230347/1000782290/14/product-placeholder.png?v=26579*****https://theme.hstatic.net/1000230347/1000782290/14/product-placeholder.png?v=26579*****https://theme.hstatic.net/1000230347/1000782290/14/product-placeholder.png?v=26579*****https://theme.hstatic.net/1000230347/1000782290/14/product-placeholder.png?v=26579*****https://theme.hstatic.net/1000230347/1000782290/14/product-placeholder.png?v=26579*****https://theme.hstatic.net/1000230347/1000782290/14/product-placeholder.png?v=26579*****https://theme.hstatic.net/1000230347/1000782290/14/product-placeholder.png?v=26579*****https://theme.hstatic.net/1000230347/1000782290/14/product-placeholder.png?v=26579,"
						
						41,000₫
						
					",,https://thienlong.vn/products/but-chi-mau-chuyen-nghiep-dang-lon-thien-long-colokit-tieu-chuan-chau-au
662,Bé làm quen Toán 3-4 tuổi Điểm 10 TP-LQT01,60001317,Thiên Long,https://product.hstatic.net/1000230347/product/ewras_000fd80539c849bdacef7f6cc318136b_1024x1024.jpg*****https://product.hstatic.net/1000230347/product/tp-lqt01_3_11856c000f3f4289b6f48425bc30379a_1024x1024.jpg*****https://product.hstatic.net/1000230347/product/tp-lqt01_2_70624b8049324a1098d7e2b04096b9b2_1024x1024.jpg*****https://product.hstatic.net/1000230347/product/tp-lqt01_4d550b0d6aaa4bc3b7d7d6839c9cbaf9_1024x1024.jpg,"18,000₫",,https://thienlong.vn/products/be-lam-quen-toan-3-4-tuoi-diem-10-tp-lqt01
663,DIY - Bộ tô màu túi bút Bé Mèo Mewy Katie Thiên Long Colokit KIT-C033,50011538,Colokit,https://product.hstatic.net/1000230347/product/50011539_a38175c2d90843278803fbecf713f4ce_1024x1024.jpg*****https://product.hstatic.net/1000230347/product/bo_to_tui_but_kit-c033_d932a2cc5c7c4dcdb720fb232b49284c_1024x1024.jpg*****https://product.hstatic.net/1000230347/product/bo_to_tui_but_kit-c033_2_3fb33a384acc4570b80392c2d0655ce6_1024x1024.jpg*****https://product.hstatic.net/1000230347/product/bo_to_tui_but_kit-c033_3_a6992c5bf062433ba768828336b7f2b7_1024x1024.jpg*****https://theme.hstatic.net/1000230347/1000782290/14/product-placeholder.png?v=26579,"74,000₫",,https://thienlong.vn/products/bo-to-mau-tui-but-be-meo-cute-thien-long-colokit-kit-c033
664,DIY - Bộ tranh gỗ tô màu Phương Tiện Giao Thông Thiên Long Colokit KIT-C032,50011537,Colokit,https://product.hstatic.net/1000230347/product/logo_thien_long_-_copgfdy_copy_bdf4a60dd5d3413c97c4fcffb054d5ee_1024x1024.jpg*****https://product.hstatic.net/1000230347/product/bo_to_tui_but_kit-c032_8f61923bbaa747a88bbc7fd025aed067_1024x1024.jpg*****https://product.hstatic.net/1000230347/product/bo_to_tui_but_kit-c032_2_78be721704dd42b4b79e67c3edd6e47c_1024x1024.jpg*****https://product.hstatic.net/1000230347/product/bo_to_tui_but_kit-c031_3_29b6a3a3352c4743b0accb5f6146ceba_1024x1024.jpg,"73,000₫",,https://thienlong.vn/products/bo-tranh-go-to-mau-phuong-tien-giao-thong-thien-long-colokit-kit-c032
665,DIY - Bộ tranh gỗ Thế giới Khủng Long Thiên Long Colokit KIT-C031,50011536,Colokit,https://product.hstatic.net/1000230347/product/logo_thien_logfdgng_-_copy_copy_3be1165c5c5d4b7ba00c1c17cc307500_1024x1024.jpg*****https://product.hstatic.net/1000230347/product/bo_to_tui_but_kit-c031_95209ef230f9461895982673d5a7e38c_1024x1024.jpg*****https://product.hstatic.net/1000230347/product/bo_to_tui_but_kit-c031_2_623974c7666a40d7a680283e5500d9cf_1024x1024.jpg*****https://product.hstatic.net/1000230347/product/bo_to_tui_but_kit-c031_3_45341b871cd042c3ad8d63322eddecf8_1024x1024.jpg,"73,000₫",,https://thienlong.vn/products/bo-tranh-go-the-gioi-khung-long-thien-long-colokit-kit-c031
666,Bút lông 20 màu Pastel Fiber Pen Thiên Long Colokit SWM-C008 - Bút lông màu rửa được - Tặng bộ tranh 3D,50016594,Colokit,https://product.hstatic.net/1000230347/product/artboard_2_copy_0d340aa0075740a48d08c59c1892f121_1024x1024.jpg*****https://product.hstatic.net/1000230347/product/artboard_2_3e1665526eec47c2b0dd0ef9388219b6_1024x1024.jpg*****https://product.hstatic.net/1000230347/product/2_346171b99d3b44dca15b1c274666de33_1024x1024.jpg*****https://product.hstatic.net/1000230347/product/artboard_3_copy_2_368fd4f5a7704a5cbe0008706c4fb390_1024x1024.jpg*****https://theme.hstatic.net/1000230347/1000782290/14/product-placeholder.png?v=26579*****https://theme.hstatic.net/1000230347/1000782290/14/product-placeholder.png?v=26579*****https://theme.hstatic.net/1000230347/1000782290/14/product-placeholder.png?v=26579*****https://theme.hstatic.net/1000230347/1000782290/14/product-placeholder.png?v=26579*****https://theme.hstatic.net/1000230347/1000782290/14/product-placeholder.png?v=26579*****https://theme.hstatic.net/1000230347/1000782290/14/product-placeholder.png?v=26579*****https://theme.hstatic.net/1000230347/1000782290/14/product-placeholder.png?v=26579*****https://theme.hstatic.net/1000230347/1000782290/14/product-placeholder.png?v=26579*****https://theme.hstatic.net/1000230347/1000782290/14/product-placeholder.png?v=26579*****https://theme.hstatic.net/1000230347/1000782290/14/product-placeholder.png?v=26579*****https://theme.hstatic.net/1000230347/1000782290/14/product-placeholder.png?v=26579*****https://theme.hstatic.net/1000230347/1000782290/14/product-placeholder.png?v=26579*****https://theme.hstatic.net/1000230347/1000782290/14/product-placeholder.png?v=26579*****https://theme.hstatic.net/1000230347/1000782290/14/product-placeholder.png?v=26579*****https://theme.hstatic.net/1000230347/1000782290/14/product-placeholder.png?v=26579,"90,800₫",,https://thienlong.vn/products/but-long-20-mau-pastel-washable-fiber-pen-thien-long-colokit-swm-c008-but-long-mau-rua-duoc
667,Sáp 24 màu Thiên Long Colokit Doraemon CR-C06/DO - Tiêu chuẩn Mỹ - Phiên bản Nobita's Sky Utopia 2023,50006858,Colokit,https://product.hstatic.net/1000230347/product/cr-c06_do_movie_10-2023_5_e1e5e93e5d184197be3774960fbb1d07_1024x1024.jpg*****https://product.hstatic.net/1000230347/product/artboard_9_68f01b6f1a6d413b996600171edf72a8_1024x1024.jpg*****https://product.hstatic.net/1000230347/product/artboard_7_1b5babd3b41a449c8391334c45006a01_1024x1024.jpg*****https://product.hstatic.net/1000230347/product/artboard_6_ce8496a78c934f8ab68dfd47f42b53e0_1024x1024.jpg*****https://theme.hstatic.net/1000230347/1000782290/14/product-placeholder.png?v=26579*****https://theme.hstatic.net/1000230347/1000782290/14/product-placeholder.png?v=26579*****https://theme.hstatic.net/1000230347/1000782290/14/product-placeholder.png?v=26579*****https://theme.hstatic.net/1000230347/1000782290/14/product-placeholder.png?v=26579*****https://theme.hstatic.net/1000230347/1000782290/14/product-placeholder.png?v=26579*****https://theme.hstatic.net/1000230347/1000782290/14/product-placeholder.png?v=26579*****https://theme.hstatic.net/1000230347/1000782290/14/product-placeholder.png?v=26579,"40,000₫",,https://thienlong.vn/products/sap-24-mau-thien-long-colokit-doraemon-cr-c06-do-phien-ban-nobita-s-little-star-wars-2022
668,Bộ 12 Màu nước dạng nén Thiên Long Colokit WACO-C001,60001942,Colokit,https://product.hstatic.net/1000230347/product/artboard_3_copy_5cabb4a7b1a94858a32e6af649ef3403_1024x1024.jpg*****https://product.hstatic.net/1000230347/product/artboard_3_f9dff783b96349e9819ee9ea6168468a_1024x1024.jpg*****https://product.hstatic.net/1000230347/product/artboard_4_e74c1e15931146b28ca8a6f2a833a68f_1024x1024.jpg*****https://product.hstatic.net/1000230347/product/artboard_7_copy_2_fae98ef15a6549aa8c31ca8db2bb5f2b_1024x1024.jpg*****https://theme.hstatic.net/1000230347/1000782290/14/product-placeholder.png?v=26579*****https://theme.hstatic.net/1000230347/1000782290/14/product-placeholder.png?v=26579*****https://theme.hstatic.net/1000230347/1000782290/14/product-placeholder.png?v=26579*****https://theme.hstatic.net/1000230347/1000782290/14/product-placeholder.png?v=26579*****https://theme.hstatic.net/1000230347/1000782290/14/product-placeholder.png?v=26579*****https://theme.hstatic.net/1000230347/1000782290/14/product-placeholder.png?v=26579*****https://theme.hstatic.net/1000230347/1000782290/14/product-placeholder.png?v=26579,"75,100₫",,https://thienlong.vn/products/bo-12-mau-nuoc-dang-nen-thien-long-colokit-waco-c001
669,Hộp 6 lọ màu nước Poster Color Thiên Long Colokit POSCO-03 - Tiêu chuẩn châu Âu,50009113,Colokit,https://product.hstatic.net/1000230347/product/a31_43cd9c968ee74f8a836522487e09106e_1024x1024.jpg*****https://product.hstatic.net/1000230347/product/posco-03_3_ad424acdb77a4e4bba1e6bbfb962f62a_1024x1024.jpg*****https://product.hstatic.net/1000230347/product/posco-03_2_85fd4b0f419a485b847c28d93bd98716_1024x1024.jpg*****https://product.hstatic.net/1000230347/product/posco-03_e73fe848b1154df8894ce2fba04415d0_1024x1024.jpg*****https://theme.hstatic.net/1000230347/1000782290/14/product-placeholder.png?v=26579*****https://theme.hstatic.net/1000230347/1000782290/14/product-placeholder.png?v=26579,"
						
						120,000₫
						
					",,https://thienlong.vn/products/hop-6-mau-nuoc-colokit-posco-03-xk
670,Tập tô màu Hoa trái trong vườn Thiên Long Colokit COB-C002,60002046,Colokit,https://product.hstatic.net/1000230347/product/423756_d5e96ff2118b420b850d5521528fa918_1024x1024.jpg*****https://product.hstatic.net/1000230347/product/cob-c002_c616cb112edb4336a1c74ea27b5e56ad_1024x1024.jpg,"35,000₫",,https://thienlong.vn/products/tap-to-mau-hoa-trai-trong-vuon-thien-long-colokit-cob-c002
671,Tập tô màu Những loài vật đáng yêu Thiên Long Colokit COB-C001,60002045,Colokit,https://product.hstatic.net/1000230347/product/6545623_d12b684b3b334f80afe35d46b05fdd5d_1024x1024.jpg*****https://product.hstatic.net/1000230347/product/cob-c001_d4722e42b4bd46d5b766948346ec2d9c_1024x1024.jpg,"35,000₫",,https://thienlong.vn/products/tap-to-mau-nhung-loai-vat-dang-yeu-thien-long-colokit-cob-c001
672,Bút sáp 36 màu Thiên Long Colokit CR-C042/40YEARS,50010788,Colokit,https://product.hstatic.net/1000230347/product/b14_2ab6440a09564c2e98adf0876a8d974a_1024x1024.jpg*****https://product.hstatic.net/1000230347/product/cr-c04240years_2_ec4c5ece799842c8bf4da9de1f318ad3_1024x1024.jpg*****https://product.hstatic.net/1000230347/product/cr-c04240years_7_6c82d322218d4dbdbc70df9cef04eb75_1024x1024.jpg*****https://product.hstatic.net/1000230347/product/cr-c04240years_3_149cb8e6cbce445bb1b69c8a872d5ddf_1024x1024.jpg*****https://theme.hstatic.net/1000230347/1000782290/14/product-placeholder.png?v=26579*****https://theme.hstatic.net/1000230347/1000782290/14/product-placeholder.png?v=26579*****https://theme.hstatic.net/1000230347/1000782290/14/product-placeholder.png?v=26579*****https://theme.hstatic.net/1000230347/1000782290/14/product-placeholder.png?v=26579*****https://theme.hstatic.net/1000230347/1000782290/14/product-placeholder.png?v=26579*****https://theme.hstatic.net/1000230347/1000782290/14/product-placeholder.png?v=26579*****https://theme.hstatic.net/1000230347/1000782290/14/product-placeholder.png?v=26579*****https://theme.hstatic.net/1000230347/1000782290/14/product-placeholder.png?v=26579*****https://theme.hstatic.net/1000230347/1000782290/14/product-placeholder.png?v=26579,"74,000₫",,https://thienlong.vn/products/but-sap-36-mau-thien-long-colokit-cr-c042-40years
673,Túi 10 Cọ vẽ Phẳng Thiên Long Colokit BRW-C03,50008973,Colokit,https://product.hstatic.net/1000230347/product/artboard_4_0e6c1219b31846c6a8de265cbbe9fd75_1024x1024.jpg*****https://product.hstatic.net/1000230347/product/artboard_3_copy_2_d54d9ff4d9e94f09ae4b92b5cf775a22_1024x1024.jpg*****https://product.hstatic.net/1000230347/product/artboard_3_copy_3_48bfb9f972424216a877a1f28d1bf9b0_1024x1024.jpg*****https://product.hstatic.net/1000230347/product/artboard_3_copy_fae2e8baed8a48ee922be1f209b045aa_1024x1024.jpg*****https://theme.hstatic.net/1000230347/1000782290/14/product-placeholder.png?v=26579*****https://theme.hstatic.net/1000230347/1000782290/14/product-placeholder.png?v=26579*****https://theme.hstatic.net/1000230347/1000782290/14/product-placeholder.png?v=26579*****https://theme.hstatic.net/1000230347/1000782290/14/product-placeholder.png?v=26579*****https://theme.hstatic.net/1000230347/1000782290/14/product-placeholder.png?v=26579*****https://theme.hstatic.net/1000230347/1000782290/14/product-placeholder.png?v=26579*****https://theme.hstatic.net/1000230347/1000782290/14/product-placeholder.png?v=26579*****https://theme.hstatic.net/1000230347/1000782290/14/product-placeholder.png?v=26579*****https://theme.hstatic.net/1000230347/1000782290/14/product-placeholder.png?v=26579*****https://theme.hstatic.net/1000230347/1000782290/14/product-placeholder.png?v=26579*****https://theme.hstatic.net/1000230347/1000782290/14/product-placeholder.png?v=26579*****https://theme.hstatic.net/1000230347/1000782290/14/product-placeholder.png?v=26579*****https://theme.hstatic.net/1000230347/1000782290/14/product-placeholder.png?v=26579*****https://theme.hstatic.net/1000230347/1000782290/14/product-placeholder.png?v=26579*****https://theme.hstatic.net/1000230347/1000782290/14/product-placeholder.png?v=26579*****https://theme.hstatic.net/1000230347/1000782290/14/product-placeholder.png?v=26579,"76,000₫",,https://thienlong.vn/products/tui-10-co-ve-phang-thien-long-colokit-brw-c03
674,Bút sáp vặn 24 màu Thiên Long Colokit TCR-C009/DO,60001859,Colokit,https://product.hstatic.net/1000230347/product/artboard_7_dc37bc30b7e64b1d905beda33e6d5d5c_1024x1024.jpg*****https://product.hstatic.net/1000230347/product/artboard_7_dc37bc30b7e64b1d905beda33e6d5d5c_1024x1024.jpg*****https://product.hstatic.net/1000230347/product/artboard_12_3ff8b85c6e0a4e66a3211a4c7f366ea4_1024x1024.jpg*****https://product.hstatic.net/1000230347/product/artboard_15_b4ec4b41adf945b589e26680ad1a8cb7_1024x1024.jpg*****https://theme.hstatic.net/1000230347/1000782290/14/product-placeholder.png?v=26579*****https://theme.hstatic.net/1000230347/1000782290/14/product-placeholder.png?v=26579*****https://theme.hstatic.net/1000230347/1000782290/14/product-placeholder.png?v=26579*****https://theme.hstatic.net/1000230347/1000782290/14/product-placeholder.png?v=26579*****https://theme.hstatic.net/1000230347/1000782290/14/product-placeholder.png?v=26579*****https://theme.hstatic.net/1000230347/1000782290/14/product-placeholder.png?v=26579*****https://theme.hstatic.net/1000230347/1000782290/14/product-placeholder.png?v=26579*****https://theme.hstatic.net/1000230347/1000782290/14/product-placeholder.png?v=26579*****https://theme.hstatic.net/1000230347/1000782290/14/product-placeholder.png?v=26579*****https://theme.hstatic.net/1000230347/1000782290/14/product-placeholder.png?v=26579*****https://theme.hstatic.net/1000230347/1000782290/14/product-placeholder.png?v=26579*****https://theme.hstatic.net/1000230347/1000782290/14/product-placeholder.png?v=26579*****https://theme.hstatic.net/1000230347/1000782290/14/product-placeholder.png?v=26579*****https://theme.hstatic.net/1000230347/1000782290/14/product-placeholder.png?v=26579*****https://theme.hstatic.net/1000230347/1000782290/14/product-placeholder.png?v=26579*****https://theme.hstatic.net/1000230347/1000782290/14/product-placeholder.png?v=26579*****https://theme.hstatic.net/1000230347/1000782290/14/product-placeholder.png?v=26579,"165,000₫",,https://thienlong.vn/products/but-sap-van-24-mau-thien-long-colokit-tcr-c009-do
675,Bút sáp vặn 18 màu Thiên Long Colokit TCR-C008/DO,60001858,Colokit,https://product.hstatic.net/1000230347/product/artboard_6_628a06d5d1f8453e8134106470b6dc19_1024x1024.jpg*****https://product.hstatic.net/1000230347/product/artboard_6_628a06d5d1f8453e8134106470b6dc19_1024x1024.jpg*****https://product.hstatic.net/1000230347/product/artboard_12_fb30d9288eae46b8b793218a5e242b03_1024x1024.jpg*****https://product.hstatic.net/1000230347/product/artboard_8_2ecd56e169c24591b9a8aae23f22d8f4_1024x1024.jpg*****https://theme.hstatic.net/1000230347/1000782290/14/product-placeholder.png?v=26579*****https://theme.hstatic.net/1000230347/1000782290/14/product-placeholder.png?v=26579*****https://theme.hstatic.net/1000230347/1000782290/14/product-placeholder.png?v=26579*****https://theme.hstatic.net/1000230347/1000782290/14/product-placeholder.png?v=26579*****https://theme.hstatic.net/1000230347/1000782290/14/product-placeholder.png?v=26579*****https://theme.hstatic.net/1000230347/1000782290/14/product-placeholder.png?v=26579*****https://theme.hstatic.net/1000230347/1000782290/14/product-placeholder.png?v=26579*****https://theme.hstatic.net/1000230347/1000782290/14/product-placeholder.png?v=26579*****https://theme.hstatic.net/1000230347/1000782290/14/product-placeholder.png?v=26579*****https://theme.hstatic.net/1000230347/1000782290/14/product-placeholder.png?v=26579*****https://theme.hstatic.net/1000230347/1000782290/14/product-placeholder.png?v=26579*****https://theme.hstatic.net/1000230347/1000782290/14/product-placeholder.png?v=26579*****https://theme.hstatic.net/1000230347/1000782290/14/product-placeholder.png?v=26579*****https://theme.hstatic.net/1000230347/1000782290/14/product-placeholder.png?v=26579*****https://theme.hstatic.net/1000230347/1000782290/14/product-placeholder.png?v=26579*****https://theme.hstatic.net/1000230347/1000782290/14/product-placeholder.png?v=26579*****https://theme.hstatic.net/1000230347/1000782290/14/product-placeholder.png?v=26579,"127,000₫",,https://thienlong.vn/products/but-sap-van-18-mau-thien-long-colokit-tcr-c008-do
676,Bút sáp vặn 12 màu Thiên Long Colokit TCR-C007/DO,60001857,Colokit,https://product.hstatic.net/1000230347/product/artboard_1_ee396ec42c314388874c36ff4ca8babe_1024x1024.jpg*****https://product.hstatic.net/1000230347/product/artboard_1_ee396ec42c314388874c36ff4ca8babe_1024x1024.jpg*****https://product.hstatic.net/1000230347/product/artboard_5_64d43a892e31420eb16ee6496ecbfe1e_1024x1024.jpg*****https://product.hstatic.net/1000230347/product/artboard_8_69aeba61e19b450b976a31e7ef2093fe_1024x1024.jpg*****https://theme.hstatic.net/1000230347/1000782290/14/product-placeholder.png?v=26579*****https://theme.hstatic.net/1000230347/1000782290/14/product-placeholder.png?v=26579*****https://theme.hstatic.net/1000230347/1000782290/14/product-placeholder.png?v=26579*****https://theme.hstatic.net/1000230347/1000782290/14/product-placeholder.png?v=26579*****https://theme.hstatic.net/1000230347/1000782290/14/product-placeholder.png?v=26579*****https://theme.hstatic.net/1000230347/1000782290/14/product-placeholder.png?v=26579*****https://theme.hstatic.net/1000230347/1000782290/14/product-placeholder.png?v=26579*****https://theme.hstatic.net/1000230347/1000782290/14/product-placeholder.png?v=26579*****https://theme.hstatic.net/1000230347/1000782290/14/product-placeholder.png?v=26579*****https://theme.hstatic.net/1000230347/1000782290/14/product-placeholder.png?v=26579*****https://theme.hstatic.net/1000230347/1000782290/14/product-placeholder.png?v=26579*****https://theme.hstatic.net/1000230347/1000782290/14/product-placeholder.png?v=26579*****https://theme.hstatic.net/1000230347/1000782290/14/product-placeholder.png?v=26579*****https://theme.hstatic.net/1000230347/1000782290/14/product-placeholder.png?v=26579*****https://theme.hstatic.net/1000230347/1000782290/14/product-placeholder.png?v=26579*****https://theme.hstatic.net/1000230347/1000782290/14/product-placeholder.png?v=26579*****https://theme.hstatic.net/1000230347/1000782290/14/product-placeholder.png?v=26579,"94,900₫",,https://thienlong.vn/products/but-sap-van-12-mau-thien-long-colokit-tcr-c007-do
677,Túi 2 Cọ vẽ Phẳng và Tròn Thiên Long Colokit BRW-C01,50008921,Colokit,https://product.hstatic.net/1000230347/product/artboard_6_89d7fcb75bf04780b2fe98ccef189d70_1024x1024.jpg*****https://product.hstatic.net/1000230347/product/artboard_3_copy_2_f44c60a66e2c4c588ae64eea41c60ad8_1024x1024.jpg*****https://product.hstatic.net/1000230347/product/artboard_3_copy_3_3df200b33e094c4bb074a36f08da7601_1024x1024.jpg*****https://product.hstatic.net/1000230347/product/artboard_3_copy_2c80706b1b454e71be72868dc5dc8bed_1024x1024.jpg*****https://theme.hstatic.net/1000230347/1000782290/14/product-placeholder.png?v=26579*****https://theme.hstatic.net/1000230347/1000782290/14/product-placeholder.png?v=26579*****https://theme.hstatic.net/1000230347/1000782290/14/product-placeholder.png?v=26579*****https://theme.hstatic.net/1000230347/1000782290/14/product-placeholder.png?v=26579*****https://theme.hstatic.net/1000230347/1000782290/14/product-placeholder.png?v=26579*****https://theme.hstatic.net/1000230347/1000782290/14/product-placeholder.png?v=26579*****https://theme.hstatic.net/1000230347/1000782290/14/product-placeholder.png?v=26579*****https://theme.hstatic.net/1000230347/1000782290/14/product-placeholder.png?v=26579*****https://theme.hstatic.net/1000230347/1000782290/14/product-placeholder.png?v=26579*****https://theme.hstatic.net/1000230347/1000782290/14/product-placeholder.png?v=26579*****https://theme.hstatic.net/1000230347/1000782290/14/product-placeholder.png?v=26579*****https://theme.hstatic.net/1000230347/1000782290/14/product-placeholder.png?v=26579*****https://theme.hstatic.net/1000230347/1000782290/14/product-placeholder.png?v=26579*****https://theme.hstatic.net/1000230347/1000782290/14/product-placeholder.png?v=26579*****https://theme.hstatic.net/1000230347/1000782290/14/product-placeholder.png?v=26579*****https://theme.hstatic.net/1000230347/1000782290/14/product-placeholder.png?v=26579,"16,300₫",,https://thienlong.vn/products/co-ve-tui-2-cay-brw-c01
678,Hộp Bút Lông 36 Màu Fiber Pen Washable - Nét Mảnh Nét To - Colokit SWM-C006 - Tặng bộ tranh 3D,50016593,Colokit,https://product.hstatic.net/1000230347/product/artboard_1_copy_57ff3d929b844dc98a24541a39dd988c_1024x1024.jpg*****https://product.hstatic.net/1000230347/product/artboard_1_ca0e81e1d6674facb5229613beda8e0d_1024x1024.jpg*****https://product.hstatic.net/1000230347/product/artboard_3_copy_2_04a3b56fdd234efeaa67fce289db0295_1024x1024.jpg*****https://product.hstatic.net/1000230347/product/artboard_3_copy_4_ef55076b954a43c78bae2427d4042447_1024x1024.jpg*****https://theme.hstatic.net/1000230347/1000782290/14/product-placeholder.png?v=26579*****https://theme.hstatic.net/1000230347/1000782290/14/product-placeholder.png?v=26579*****https://theme.hstatic.net/1000230347/1000782290/14/product-placeholder.png?v=26579*****https://theme.hstatic.net/1000230347/1000782290/14/product-placeholder.png?v=26579*****https://theme.hstatic.net/1000230347/1000782290/14/product-placeholder.png?v=26579*****https://theme.hstatic.net/1000230347/1000782290/14/product-placeholder.png?v=26579*****https://theme.hstatic.net/1000230347/1000782290/14/product-placeholder.png?v=26579*****https://theme.hstatic.net/1000230347/1000782290/14/product-placeholder.png?v=26579*****https://theme.hstatic.net/1000230347/1000782290/14/product-placeholder.png?v=26579,"157,000₫",,https://thienlong.vn/products/colokit-fiber-pen-swm-c006-washable-net-manh-net-to
679,Tập tô chữ Điểm 10 TP-TTC05,60001308,Điểm 10,https://product.hstatic.net/1000230347/product/42376sdf_772393d921d64df0ba916bf6c544e1a3_1024x1024.jpg*****https://product.hstatic.net/1000230347/product/tp-ttc05_2_2_7e16d83629254fa0b057f1aa54f096f5_1024x1024.jpg*****https://product.hstatic.net/1000230347/product/tap_to_chu_diem_10_tp-ttc05_22652ef64280444eb9519b98ae63836a_1024x1024.jpg*****https://product.hstatic.net/1000230347/product/tp-ttc05_990fcb3aa317464e8486120cfd577a54_1024x1024.jpg*****https://theme.hstatic.net/1000230347/1000782290/14/product-placeholder.png?v=26579*****https://theme.hstatic.net/1000230347/1000782290/14/product-placeholder.png?v=26579,"19,000₫",,https://thienlong.vn/products/tap-to-chu-diem-10-tp-ttc05
680,Tập tô màu Colokit Doraemon CB-C019/DO,60001276,Colokit,https://product.hstatic.net/1000230347/product/4535s_46f16e7d37af40ec8e915a0a21a80155_1024x1024.jpg*****https://product.hstatic.net/1000230347/product/cb-c019_do_04f5beb65dd74983b6b62fac77621ca7_1024x1024.jpg*****https://product.hstatic.net/1000230347/product/tap_to_mau_colokit_cb-c019_do_56eb2112db784417848280cd65645c10_1024x1024.jpg*****https://product.hstatic.net/1000230347/product/tap_to_mau_colokit_cb-c019_do-2_6cc901072e4a4b9e8f19b6df13efbd8c_1024x1024.jpg*****https://theme.hstatic.net/1000230347/1000782290/14/product-placeholder.png?v=26579*****https://theme.hstatic.net/1000230347/1000782290/14/product-placeholder.png?v=26579*****https://theme.hstatic.net/1000230347/1000782290/14/product-placeholder.png?v=26579*****https://theme.hstatic.net/1000230347/1000782290/14/product-placeholder.png?v=26579*****https://theme.hstatic.net/1000230347/1000782290/14/product-placeholder.png?v=26579*****https://theme.hstatic.net/1000230347/1000782290/14/product-placeholder.png?v=26579*****https://theme.hstatic.net/1000230347/1000782290/14/product-placeholder.png?v=26579*****https://theme.hstatic.net/1000230347/1000782290/14/product-placeholder.png?v=26579*****https://theme.hstatic.net/1000230347/1000782290/14/product-placeholder.png?v=26579*****https://theme.hstatic.net/1000230347/1000782290/14/product-placeholder.png?v=26579*****https://theme.hstatic.net/1000230347/1000782290/14/product-placeholder.png?v=26579*****https://theme.hstatic.net/1000230347/1000782290/14/product-placeholder.png?v=26579,"22,000₫",,https://thienlong.vn/products/tap-to-mau-colokit-cb-c019-do
681,Tập tô màu Colokit Doraemon CB-C018/DO,60001275,Colokit,https://product.hstatic.net/1000230347/product/645sf_aa3922df6d034d37959ca0105f39b9c2_1024x1024.jpg*****https://product.hstatic.net/1000230347/product/tap_to_mau_colokit_cb-c018_do-5_6504d69287ac4e9285902b7173f010ea_1024x1024.jpg*****https://product.hstatic.net/1000230347/product/tap_to_mau_colokit_cb-c018_do_a7a4a0ae7d184e79bc8b4cd850976494_1024x1024.jpg*****https://product.hstatic.net/1000230347/product/tap_to_mau_colokit_cb-c018_do-2_d8b35200006a4f3690b06d6e85be40c5_1024x1024.jpg*****https://theme.hstatic.net/1000230347/1000782290/14/product-placeholder.png?v=26579*****https://theme.hstatic.net/1000230347/1000782290/14/product-placeholder.png?v=26579*****https://theme.hstatic.net/1000230347/1000782290/14/product-placeholder.png?v=26579*****https://theme.hstatic.net/1000230347/1000782290/14/product-placeholder.png?v=26579*****https://theme.hstatic.net/1000230347/1000782290/14/product-placeholder.png?v=26579*****https://theme.hstatic.net/1000230347/1000782290/14/product-placeholder.png?v=26579*****https://theme.hstatic.net/1000230347/1000782290/14/product-placeholder.png?v=26579*****https://theme.hstatic.net/1000230347/1000782290/14/product-placeholder.png?v=26579*****https://theme.hstatic.net/1000230347/1000782290/14/product-placeholder.png?v=26579*****https://theme.hstatic.net/1000230347/1000782290/14/product-placeholder.png?v=26579*****https://theme.hstatic.net/1000230347/1000782290/14/product-placeholder.png?v=26579*****https://theme.hstatic.net/1000230347/1000782290/14/product-placeholder.png?v=26579,"22,000₫",,https://thienlong.vn/products/tap-to-mau-colokit-cb-c018-do
682,Luyện viết chữ đẹp Điểm 10 TP-LVCD05 và TP-LVCD06,60001315,Điểm 10,https://product.hstatic.net/1000230347/product/019718643725_mtsp-lvcd-05-06-06_1__9f5a9b1196a14da3bbb5fdc1fb503771_1024x1024.jpg*****https://product.hstatic.net/1000230347/product/647129113875_mtsp-lvcd-05-06-02_1__9c3a99bf3cca4b308f4a8253a074efc7_1024x1024.jpg*****https://product.hstatic.net/1000230347/product/untitled-1_6147e267a01948d389e6b1992b8d77a7_1024x1024.jpg,"
						
						26,000₫
						
					",,https://thienlong.vn/products/luyen-viet-chu-dep-diem-10-tp-lvcd05-va-tp-lvcd06
683,Sách hướng dẫn tô màu theo chủ đề cho bé khám phá thiên nhiên Arty Mouse Colokit COLORING AB-C001/AR,60001870,Colokit,https://product.hstatic.net/1000230347/product/46sdf_60b8d8de709345338d2f0ac67c7b781f_1024x1024.jpg*****https://product.hstatic.net/1000230347/product/sach_tuong_tac_coloring_ab-c001_ar_3a64679d04134893930d4508131fb449_1024x1024.jpg*****https://product.hstatic.net/1000230347/product/mtsp_ab-c001ar_6c8a238cd36c4423a381d53f6dece38f_1024x1024.jpg*****https://product.hstatic.net/1000230347/product/mtsp_ab-c001__002__003__004ar_e826bde480ea4f1cb60e785d25e6cfc7_1024x1024.jpg,"45,000₫",,https://thienlong.vn/products/sach-tuong-tac-colokit-coloring-ab-c001-ar
684,Sách hướng dẫn viết và xóa được theo các hình thú ngộ nghĩnh Arty Mouse Colokit FRIENDS AB-C008/AR,60001877,Colokit,https://product.hstatic.net/1000230347/product/rfds_51a3c665de6f444090b4206ee12ed861_1024x1024.jpg*****https://product.hstatic.net/1000230347/product/sach_tuong_tac_friends_ab-c008_ar_57c3a52c6730428d8d282cd7980c0d43_1024x1024.jpg*****https://product.hstatic.net/1000230347/product/sach_tuong_tac_friends_ab-c008_ar-2_550f405f450d43f0843d3cec1b043b1e_1024x1024.jpg*****https://product.hstatic.net/1000230347/product/mtsp_ab-c005__006__007__008ar-1_1bc18b132e774fcbbda0be3010ed04fa_1024x1024.jpg*****https://theme.hstatic.net/1000230347/1000782290/14/product-placeholder.png?v=26579*****https://theme.hstatic.net/1000230347/1000782290/14/product-placeholder.png?v=26579*****https://theme.hstatic.net/1000230347/1000782290/14/product-placeholder.png?v=26579*****https://theme.hstatic.net/1000230347/1000782290/14/product-placeholder.png?v=26579,"45,000₫",,https://thienlong.vn/products/sach-tuong-tac-colokit-tracing-ab-c008-ar
685,Sách hướng dẫn Cắt dán thủ công cho bé Arty Mouse Colokit STICKING AB-C006/AR,60001875,Colokit,https://product.hstatic.net/1000230347/product/432fsd_4b741231aa8344e387d14bf11a857a3e_1024x1024.jpg*****https://product.hstatic.net/1000230347/product/sach_tuong_tac_sticking_ab-c006_ar_7b5501178bc149d3a8f2477132bbc84f_1024x1024.jpg*****https://product.hstatic.net/1000230347/product/sach_tuong_tac_sticking_ab-c006_ar-2_b290770536e14df49539bd7e67bfabf1_1024x1024.jpg*****https://product.hstatic.net/1000230347/product/mtsp_ab-c005__006__007__008ar-1_adf2c61c30b549aca468558dad9648d0_1024x1024.jpg*****https://theme.hstatic.net/1000230347/1000782290/14/product-placeholder.png?v=26579*****https://theme.hstatic.net/1000230347/1000782290/14/product-placeholder.png?v=26579*****https://theme.hstatic.net/1000230347/1000782290/14/product-placeholder.png?v=26579*****https://theme.hstatic.net/1000230347/1000782290/14/product-placeholder.png?v=26579,"45,000₫",,https://thienlong.vn/products/nhan-ban-tu-sach-tuong-tac-colokit-tracing-ab-c006-ar
686,Túi 10 Cọ vẽ Tròn Thiên Long Colokit BRW-C02,50008922,Colokit,https://product.hstatic.net/1000230347/product/artboard_5_7d2671c825484f89a1de4f86952f90e1_1024x1024.jpg*****https://product.hstatic.net/1000230347/product/artboard_3_copy_2_ce7c1a431c6844fdb1912c17dd32f89f_1024x1024.jpg*****https://product.hstatic.net/1000230347/product/artboard_3_copy_3_c218e767088e4544998ae0ef41591a2f_1024x1024.jpg*****https://product.hstatic.net/1000230347/product/artboard_3_copy_535315e8d28349c4bc4e25b903da54a8_1024x1024.jpg*****https://theme.hstatic.net/1000230347/1000782290/14/product-placeholder.png?v=26579*****https://theme.hstatic.net/1000230347/1000782290/14/product-placeholder.png?v=26579*****https://theme.hstatic.net/1000230347/1000782290/14/product-placeholder.png?v=26579*****https://theme.hstatic.net/1000230347/1000782290/14/product-placeholder.png?v=26579*****https://theme.hstatic.net/1000230347/1000782290/14/product-placeholder.png?v=26579*****https://theme.hstatic.net/1000230347/1000782290/14/product-placeholder.png?v=26579*****https://theme.hstatic.net/1000230347/1000782290/14/product-placeholder.png?v=26579*****https://theme.hstatic.net/1000230347/1000782290/14/product-placeholder.png?v=26579*****https://theme.hstatic.net/1000230347/1000782290/14/product-placeholder.png?v=26579*****https://theme.hstatic.net/1000230347/1000782290/14/product-placeholder.png?v=26579*****https://theme.hstatic.net/1000230347/1000782290/14/product-placeholder.png?v=26579*****https://theme.hstatic.net/1000230347/1000782290/14/product-placeholder.png?v=26579*****https://theme.hstatic.net/1000230347/1000782290/14/product-placeholder.png?v=26579*****https://theme.hstatic.net/1000230347/1000782290/14/product-placeholder.png?v=26579*****https://theme.hstatic.net/1000230347/1000782290/14/product-placeholder.png?v=26579*****https://theme.hstatic.net/1000230347/1000782290/14/product-placeholder.png?v=26579,"76,000₫",,https://thienlong.vn/products/co-ve-tui-10-cay-brw-c02
687,Cẩm nang tạo hình sáp nặn 5-6T1 Colokit THSN-C05,60001756,Colokit,https://product.hstatic.net/1000230347/product/643fsd_011d1a6ebd92424485cc31ce3b2fbb5f_1024x1024.jpg*****https://product.hstatic.net/1000230347/product/thsn-c05_copy_87cf1088553f4c00ae3ba1b7bd8a250b_1024x1024.jpg*****https://product.hstatic.net/1000230347/product/thsn-c05_e291d1d4e8ac4a98bb0ce9a78e73d77f_1024x1024.jpg*****https://product.hstatic.net/1000230347/product/a50_a7d6f04179f043799a0638bb3e2cb998_1024x1024.jpg*****https://theme.hstatic.net/1000230347/1000782290/14/product-placeholder.png?v=26579*****https://theme.hstatic.net/1000230347/1000782290/14/product-placeholder.png?v=26579*****https://theme.hstatic.net/1000230347/1000782290/14/product-placeholder.png?v=26579,"18,000₫",,https://thienlong.vn/products/cam-nang-tao-hinh-sap-nan-5-6t1-colokit-thsn-c05
688,Cẩm nang tạo hình sáp nặn 3-4T2 Colokit THSN-C02,60001753,Colokit,https://product.hstatic.net/1000230347/product/a50_a7d6f04179f043799a0638bb3e2cb998_1024x1024.jpg*****https://product.hstatic.net/1000230347/product/thsn-c02_558e9bb153f44b028b859a4eccc4f5d6_1024x1024.jpg*****https://product.hstatic.net/1000230347/product/sacmaucuabe2_trang_10-11_e2f9ae6741e646c9ba2a2a5521cf3257_1024x1024.png*****https://product.hstatic.net/1000230347/product/sacmaucuabe2_trang_22-23_46bbe83011124083bc800815469c20dc_1024x1024.png*****https://theme.hstatic.net/1000230347/1000782290/14/product-placeholder.png?v=26579*****https://theme.hstatic.net/1000230347/1000782290/14/product-placeholder.png?v=26579*****https://theme.hstatic.net/1000230347/1000782290/14/product-placeholder.png?v=26579,"18,000₫",,https://thienlong.vn/products/cam-nang-tao-hinh-sap-nan-3-4t2-colokit-thsn-c02
689,Bé làm quen Toán 5-6 tuổi Điểm 10 TP-LQT03,60001319,Điểm 10,https://product.hstatic.net/1000230347/product/396979406658_mtsp-tap-be-lam-quen-toan-10_6f138d0adc774f2ab8af6ad0f101c889_1024x1024.jpg*****https://product.hstatic.net/1000230347/product/616489019516_mtsp-tap-be-lam-quen-toan-04_5e2e350921e74e21af23916b644c1f07_1024x1024.jpg*****https://product.hstatic.net/1000230347/product/995557187885_mtsp-tap-be-lam-quen-toan-05_5b25e624f7fa4ec2a34cb5654fc5219f_1024x1024.jpg*****https://product.hstatic.net/1000230347/product/825490352990_mtsp-tap-be-lam-quen-toan-01_9ab91eda5e3d44d89347065edfc55aac_1024x1024.jpg*****https://theme.hstatic.net/1000230347/1000782290/14/product-placeholder.png?v=26579,"21,000₫",,https://thienlong.vn/products/be-lam-quen-toan-5-6-tuoi-diem-10-tp-lqt03
690,Bút lông màu Fiber Pen Colokit FP-C03 - Tặng bộ tranh 3D,50016592,Colokit,https://product.hstatic.net/1000230347/product/artboard_2_copy_bcc98704f4a84e548e2f8669a4f2318b_1024x1024.jpg*****https://product.hstatic.net/1000230347/product/artboard_2_1e8fcda0bedc4780a936eb742b937325_1024x1024.jpg*****https://product.hstatic.net/1000230347/product/artboard_3_copy_2_3f287e9e7d5e4befbe6f61d4a9483679_1024x1024.jpg*****https://product.hstatic.net/1000230347/product/artboard_3_copy_3_dd4cf8127b04433ab117e917874a9312_1024x1024.jpg*****https://theme.hstatic.net/1000230347/1000782290/14/product-placeholder.png?v=26579*****https://theme.hstatic.net/1000230347/1000782290/14/product-placeholder.png?v=26579*****https://theme.hstatic.net/1000230347/1000782290/14/product-placeholder.png?v=26579*****https://theme.hstatic.net/1000230347/1000782290/14/product-placeholder.png?v=26579*****https://theme.hstatic.net/1000230347/1000782290/14/product-placeholder.png?v=26579,"70,100₫",,https://thienlong.vn/products/but-long-mau-colokit-fp-c03
691,Bé Làm quen chữ cái 5-6 tuổi Thiên Long TP-LQCC06,60001314,Thiên Long,https://product.hstatic.net/1000230347/product/63_c503296234b448439c95ecadc487e753_1024x1024.jpg*****https://product.hstatic.net/1000230347/product/42_0a714a2d828a4af4a4c8c23838db8658_1024x1024.jpg*****https://product.hstatic.net/1000230347/product/2.1_3cb2331a62b544d4b109b976de180ef2_1024x1024.jpg,"23,000₫",,https://thienlong.vn/products/be-lam-quen-chu-cai-3-4-tuoi-thien-long-tp-lqcc06
692,Bé Làm quen chữ cái 4-5 tuổi Thiên Long TP-LQCC04,60001312,Thiên Long,https://product.hstatic.net/1000230347/product/42_0a714a2d828a4af4a4c8c23838db8658_1024x1024.jpg*****https://product.hstatic.net/1000230347/product/63_c503296234b448439c95ecadc487e753_1024x1024.jpg*****https://product.hstatic.net/1000230347/product/2.1_3cb2331a62b544d4b109b976de180ef2_1024x1024.jpg,"23,000₫",,https://thienlong.vn/products/be-lam-quen-chu-cai-4-5-tuoi-thien-long-tp-lqcc04
693,Bé Làm quen chữ cái 4-5 tuổi Thiên Long TP-LQCC03,60001311,Thiên Long,https://product.hstatic.net/1000230347/product/32_14f0483babb841c683ead66d2747d39b_1024x1024.jpg,"21,000₫",,https://thienlong.vn/products/be-lam-quen-chu-cai-3-4-tuoi-thien-long-tp-lqcc03
694,Bé Làm quen chữ cái 3-4 tuổi Thiên Long TP-LQCC02,60001310,Thiên Long,https://product.hstatic.net/1000230347/product/2.1_3cb2331a62b544d4b109b976de180ef2_1024x1024.jpg*****https://product.hstatic.net/1000230347/product/42_0a714a2d828a4af4a4c8c23838db8658_1024x1024.jpg*****https://product.hstatic.net/1000230347/product/63_c503296234b448439c95ecadc487e753_1024x1024.jpg,"23,000₫",,https://thienlong.vn/products/be-lam-quen-chu-cai-3-4-tuoi-thien-long-tp-lqcc02
695,Bé Làm quen chữ cái 3-4 tuổi Thiên Long TP-LQCC01,60001309,Thiên Long,https://product.hstatic.net/1000230347/product/11_912ef59f2d544a6dbd1469f8688bd1bd_1024x1024.jpg,"21,000₫",,https://thienlong.vn/products/be-lam-quen-chu-cai-3-4-tuoi-thien-long-tp-lqcc01
696,Bé làm quen Toán 4-5 tuổi Điểm 10 TP-LQT02,60001318,Thiên Long,https://product.hstatic.net/1000230347/product/lqt2-trc_e2d27fbd2bfe4207b2e3d1bf826e3121_1024x1024.jpg,"21,000₫",,https://thienlong.vn/products/be-lam-quen-toan-4-5-tuoi-diem-10-tp-lqt02
697,Bé làm quen tiếng Anh bộ 1 Điểm 10 TP-LQTA01,60001320,Điểm 10,https://product.hstatic.net/1000230347/product/3_d937577ee15a4a55976368cbaf9dbae4_1024x1024.jpg*****https://product.hstatic.net/1000230347/product/2_df99a191f7db44438ebaf4bc89d04948_1024x1024.jpg*****https://product.hstatic.net/1000230347/product/1_89c9d3d8cb8846cfae220760aedc7fb0_1024x1024.jpg,"19,000₫",,https://thienlong.vn/products/be-lam-quen-tieng-anh-bo-1-diem-10-tp-lqta01
698,Sách giúp bé làm quen môi trường Điểm 10 TP-LQMT02 Tập 2,60001323,Thiên Long,https://product.hstatic.net/1000230347/product/1_f25f790d53554aea9f9d0cb235d0aa16_1024x1024.jpg*****https://product.hstatic.net/1000230347/product/2_0b396a4be8b1450cb248ab204de370ea_1024x1024.jpg*****https://product.hstatic.net/1000230347/product/3_d72d449312a14cb59f85a75c4acbe3e9_1024x1024.jpg,"15,000₫",,https://thienlong.vn/products/sach-giup-be-lam-quen-moi-truong-diem-10-tp-lqmt02-tap-2
699,Vở vẽ A3 Colokit SKB-C02,60001327,Colokit,https://product.hstatic.net/1000230347/product/abl_0001_efc477edcc6c44dba678e739bdaebd32_1024x1024.jpg*****https://product.hstatic.net/1000230347/product/1_abe99b1b8a3a4f1a95eb0eb8d3ed6e8f_1024x1024.jpg*****https://product.hstatic.net/1000230347/product/abl_0003_709b76227fea48bb92092edfe1e8b972_1024x1024.jpg*****https://product.hstatic.net/1000230347/product/abl_0011_3b7f91138b174f508c20af15d81ae32c_1024x1024.jpg,"44,000₫",,https://thienlong.vn/products/vo-ve-a4-colokit-skb-c02
700,Bé Làm quen chữ cái 5-6 tuổi Thiên Long TP-LQCC05,60001313,Thiên Long,https://product.hstatic.net/1000230347/product/1_ade45ab28b6b4eaab611883ad159b973_1024x1024.jpg,"23,000₫",,https://thienlong.vn/products/be-lam-quen-chu-cai-5-6-tuoi-thien-long-tp-lqcc05
701,Sáp nặn Colokit MC-C026,50008288,Colokit,https://product.hstatic.net/1000230347/product/a48_2ecda9474a2b449ca5a3761c7358244e_1024x1024.jpg*****https://product.hstatic.net/1000230347/product/mc-c026_copy_6e101ad3f2784acc946c0cd86f14f311_1024x1024.jpg*****https://product.hstatic.net/1000230347/product/sap_nan_mc-026-01_1024x1024.jpg*****https://product.hstatic.net/1000230347/product/sap_nan_mc-026-02_1024x1024.jpg*****https://theme.hstatic.net/1000230347/1000782290/14/product-placeholder.png?v=26578,"46,000₫",,https://thienlong.vn/products/sap-nan-colokit-mc-c026
702,Bút sáp dầu Colokit OP-C017,50008258,Colokit,https://product.hstatic.net/1000230347/product/654gd_f03331912dea4fd087271aaccf55ef90_1024x1024.jpg*****https://product.hstatic.net/1000230347/product/op-c017_copy_49db02f687d04efdb20955189a05567f_1024x1024.jpg*****https://product.hstatic.net/1000230347/product/b_t_s_p_d_u_op-c017_-001_1024x1024.jpg*****https://product.hstatic.net/1000230347/product/b_t_s_p_d_u_op-c017_-004_1024x1024.jpg*****https://theme.hstatic.net/1000230347/1000782290/14/product-placeholder.png?v=26580*****https://theme.hstatic.net/1000230347/1000782290/14/product-placeholder.png?v=26580,"42,000₫",,https://thienlong.vn/products/but-sap-dau-colokit-op-c017
703,Bút sáp màu Jumbo Colokit CR-C034,50012834FLC,Colokit,https://product.hstatic.net/1000230347/product/thumbnail_web_a9d7bba0d4534454b229f9c811174d77_1024x1024.jpg*****https://product.hstatic.net/1000230347/product/1_a0ee93ee17bf4c49b8ac87a465acf49a_1024x1024.jpg*****https://product.hstatic.net/1000230347/product/2_da3091b4b4b64f36a3f60438470e2925_1024x1024.jpg*****https://product.hstatic.net/1000230347/product/3_333e808e41ac4d9cb2779b1f88ee7659_1024x1024.jpg*****https://theme.hstatic.net/1000230347/1000782290/14/product-placeholder.png?v=26580*****https://theme.hstatic.net/1000230347/1000782290/14/product-placeholder.png?v=26580*****https://theme.hstatic.net/1000230347/1000782290/14/product-placeholder.png?v=26580,"50,000₫",,https://thienlong.vn/products/but-sap-mau-jumbo-colokit-cr-c034
704,Bút sáp màu Colokit CR-C040,50008115,Colokit,https://product.hstatic.net/1000230347/product/artboard_1_28dc07cf3dff4266b521a87590a968c0_1024x1024.jpg*****https://product.hstatic.net/1000230347/product/artboard_2_e78085ae09d14622801385c439a947b4_1024x1024.jpg*****https://product.hstatic.net/1000230347/product/artboard_3_50e4877ef326494690b546e4d1d608cc_1024x1024.jpg*****https://product.hstatic.net/1000230347/product/artboard_4_629f14f4f798441ca9ca242922801e3a_1024x1024.jpg*****https://theme.hstatic.net/1000230347/1000782290/14/product-placeholder.png?v=26580*****https://theme.hstatic.net/1000230347/1000782290/14/product-placeholder.png?v=26580*****https://theme.hstatic.net/1000230347/1000782290/14/product-placeholder.png?v=26580,"42,000₫",,https://thienlong.vn/products/but-sap-mau-colokit-cr-c040
705,Màu nước Colokit WACO-C09,50008051,Colokit,https://product.hstatic.net/1000230347/product/artboard_4_0eef03a5c6644067a5d3361751f80a02_1024x1024.jpg*****https://product.hstatic.net/1000230347/product/artboard_5_5dea2602790941218c4b53bd821c0184_1024x1024.jpg*****https://product.hstatic.net/1000230347/product/artboard_3_dd5601d4c68b493498c8fe14efbfca4a_1024x1024.jpg*****https://product.hstatic.net/1000230347/product/artboard_6_9a9e3d6ee16344e0adbf65d3d91e7890_1024x1024.jpg*****https://theme.hstatic.net/1000230347/1000782290/14/product-placeholder.png?v=26581*****https://theme.hstatic.net/1000230347/1000782290/14/product-placeholder.png?v=26581*****https://theme.hstatic.net/1000230347/1000782290/14/product-placeholder.png?v=26581*****https://theme.hstatic.net/1000230347/1000782290/14/product-placeholder.png?v=26581*****https://theme.hstatic.net/1000230347/1000782290/14/product-placeholder.png?v=26581*****https://theme.hstatic.net/1000230347/1000782290/14/product-placeholder.png?v=26581*****https://theme.hstatic.net/1000230347/1000782290/14/product-placeholder.png?v=26581*****https://theme.hstatic.net/1000230347/1000782290/14/product-placeholder.png?v=26581*****https://theme.hstatic.net/1000230347/1000782290/14/product-placeholder.png?v=26581*****https://theme.hstatic.net/1000230347/1000782290/14/product-placeholder.png?v=26581*****https://theme.hstatic.net/1000230347/1000782290/14/product-placeholder.png?v=26581*****https://theme.hstatic.net/1000230347/1000782290/14/product-placeholder.png?v=26581*****https://theme.hstatic.net/1000230347/1000782290/14/product-placeholder.png?v=26581*****https://theme.hstatic.net/1000230347/1000782290/14/product-placeholder.png?v=26581*****https://theme.hstatic.net/1000230347/1000782290/14/product-placeholder.png?v=26581*****https://theme.hstatic.net/1000230347/1000782290/14/product-placeholder.png?v=26581*****https://theme.hstatic.net/1000230347/1000782290/14/product-placeholder.png?v=26581,"173,000₫",,https://thienlong.vn/products/mau-nuoc-colokit-waco-c09
706,Bút sáp màu Colokit CR-C037,50008048,Colokit,https://product.hstatic.net/1000230347/product/53fds_70ca5d1ecf8149aaba8923debe03de64_1024x1024.jpg*****https://product.hstatic.net/1000230347/product/cr-c037_copy_c12ec0b3402549be825c8754f8704cf7_1024x1024.jpg*****https://product.hstatic.net/1000230347/product/but_sap_mau_cr-c037-02_1024x1024.jpg*****https://product.hstatic.net/1000230347/product/but_sap_mau_cr-c037-03_1024x1024.jpg*****https://theme.hstatic.net/1000230347/1000782290/14/product-placeholder.png?v=26581,"55,000₫",,https://thienlong.vn/products/but-sap-mau-colokit-cr-c037
707,Bút sáp dầu Colokit OP-C016,50008050,Colokit,https://product.hstatic.net/1000230347/product/artboard_1_copy_7e80e27bbafe49f6af02c11991097d78_1024x1024.jpg*****https://product.hstatic.net/1000230347/product/artboard_1_3c19fafb7b5d471f8ca25cc53e2e6411_1024x1024.jpg*****https://product.hstatic.net/1000230347/product/artboard_3_copy_2_a3bca79c34ed49a080a1cb396fc8792e_1024x1024.jpg*****https://product.hstatic.net/1000230347/product/artboard_3_copy_7_41356722713f4fedae6785f7f76e2e94_1024x1024.jpg*****https://theme.hstatic.net/1000230347/1000782290/14/product-placeholder.png?v=26580*****https://theme.hstatic.net/1000230347/1000782290/14/product-placeholder.png?v=26580*****https://theme.hstatic.net/1000230347/1000782290/14/product-placeholder.png?v=26580*****https://theme.hstatic.net/1000230347/1000782290/14/product-placeholder.png?v=26580*****https://theme.hstatic.net/1000230347/1000782290/14/product-placeholder.png?v=26580*****https://theme.hstatic.net/1000230347/1000782290/14/product-placeholder.png?v=26580,"109,000₫",,https://thienlong.vn/products/but-sap-dau-colokit-op-c016
708,Bút sáp màu Jumbo Colokit CR-C035,50012830FLC,Colokit,https://product.hstatic.net/1000230347/product/1_474d8e4f86d24ca590508d19c2e44f21_1024x1024.jpg*****https://product.hstatic.net/1000230347/product/4_c3a3424b617b4b70bc564a51ca6072cd_1024x1024.jpg*****https://product.hstatic.net/1000230347/product/3_1fd60cab73ee4f939af57bd924b06f10_1024x1024.jpg*****https://product.hstatic.net/1000230347/product/2_1a0f09892ed54d2190d25f0edf002596_1024x1024.jpg,"58,000₫",,https://thienlong.vn/products/but-sap-mau-jumbo-thien-long-colokit-cr-c035
709,Bút sáp dầu Colokit Disney Mickey OP-C015/MI,50007236,Colokit,https://product.hstatic.net/1000230347/product/654234sa_8e3a213b884043c699993fdb424d37f8_1024x1024.jpg*****https://product.hstatic.net/1000230347/product/op-c015_mi_copy_e8e70f807bd8445c8c04b171bcba3109_1024x1024.jpg*****https://product.hstatic.net/1000230347/product/op-c015_mi_2_227067c8a4b145f08bf16ba091cb0ede_1024x1024.jpg*****https://product.hstatic.net/1000230347/product/op-c015_mi_3_838c6f6b714d4b5288db120571601814_1024x1024.jpg*****https://theme.hstatic.net/1000230347/1000782290/14/product-placeholder.png?v=26581*****https://theme.hstatic.net/1000230347/1000782290/14/product-placeholder.png?v=26581*****https://theme.hstatic.net/1000230347/1000782290/14/product-placeholder.png?v=26581*****https://theme.hstatic.net/1000230347/1000782290/14/product-placeholder.png?v=26581*****https://theme.hstatic.net/1000230347/1000782290/14/product-placeholder.png?v=26581,"97,000₫",,https://thienlong.vn/products/but-sap-dau-thien-long-colokit-disney-op-c015-mi
710,Bút sáp 36 màu Colokit Disney Frozen CR-C033/FR,50006843,Colokit,https://product.hstatic.net/1000230347/product/a18_6787ad038b014779a76292d4562f280c_1024x1024.jpg*****https://product.hstatic.net/1000230347/product/cr-c033_fr_2_2583390d2f0047b09909c90576bc3ca3_1024x1024.jpg*****https://product.hstatic.net/1000230347/product/cr-c033_fr_3_a9ab29b8f4a4432abfd982b180ceb60e_1024x1024.jpg*****https://product.hstatic.net/1000230347/product/cr-c033_fr_4_1ddc362df3c54805b030e69d14c6b1c1_1024x1024.jpg*****https://theme.hstatic.net/1000230347/1000782290/14/product-placeholder.png?v=26581,"87,000₫",,https://thienlong.vn/products/but-sap-mau-thien-long-colokit-disney-cr-c033-fr
711,Bút sáp 36 màu Colokit Disney Cars CR-C032/CA,50006842,Colokit,https://product.hstatic.net/1000230347/product/64gfd_ee0ffea5358b49e29e91b1388df5cbf1_1024x1024.jpg*****https://product.hstatic.net/1000230347/product/cr-c032_ca_copy_4f3b9d1297de4570b39c0284a61c6766_1024x1024.jpg*****https://product.hstatic.net/1000230347/product/but_sap_mau_thien_long_-_colokit_cr-c032-ca__1__1024x1024.jpg*****https://product.hstatic.net/1000230347/product/but_sap_mau_thien_long_-_colokit_cr-c032-ca__2__1024x1024.jpg*****https://theme.hstatic.net/1000230347/1000782290/14/product-placeholder.png?v=26581,"87,000₫",,https://thienlong.vn/products/but-sap-mau-thien-long-colokit-disney-cr-c032-ca
712,Bút sáp 24 màu Colokit Disney Mickey CR-C030/MI,50006840,Colokit,https://product.hstatic.net/1000230347/product/a22_21228cb3352e445a80ba83b3d6e377c4_1024x1024.jpg,"63,000₫",,https://thienlong.vn/products/but-sap-mau-thien-long-colokit-disney-cr-c030-mi
713,Bút sáp 18 màu Colokit Disney Princess CR-C029/PR,50006839,Colokit,https://product.hstatic.net/1000230347/product/a21_23c7e1f72c3742138e78d46078e17e7e_1024x1024.jpg,"48,000₫",,https://thienlong.vn/products/but-sap-mau-thien-long-colokit-disney-cr-c029-pr
714,Bút sáp 18 màu Colokit Disney Mickey CR-C028/MI,50006838,Colokit,https://product.hstatic.net/1000230347/product/a20_b90681587d69492497a14a9444601156_1024x1024.jpg*****https://product.hstatic.net/1000230347/product/cr-c028_mi_2_a9071e5493384b25a775ee69a670909a_1024x1024.jpg*****https://product.hstatic.net/1000230347/product/cr-c028_mi_3_338008685cf746f4b697be0bb5333b71_1024x1024.jpg*****https://product.hstatic.net/1000230347/product/cr-c028_mi_4_151899789c6d4d6bb3e3dedbe630d155_1024x1024.jpg*****https://theme.hstatic.net/1000230347/1000782290/14/product-placeholder.png?v=26581,"46,000₫",,https://thienlong.vn/products/but-sap-mau-thien-long-colokit-disney-cr-c028-mi
715,Bộ khuôn sáp nặn Colokit MCT-C03,50005345,Colokit,https://product.hstatic.net/1000230347/product/a43_c7c9e6b77dff4c4b942248138d4196af_1024x1024.jpg*****https://product.hstatic.net/1000230347/product/mct-c03_copy_4_4706ce1bd46e473395b1fa5401eb5b21_1024x1024.jpg*****https://product.hstatic.net/1000230347/product/mct-c03_copy_2_9691cbd568bd490bb4330e4489ad0e81_1024x1024.jpg*****https://product.hstatic.net/1000230347/product/mct-c03_copy_3_a14d7761aa074d83a02e5cbe9b70d1bc_1024x1024.jpg*****https://theme.hstatic.net/1000230347/1000782290/14/product-placeholder.png?v=26581*****https://theme.hstatic.net/1000230347/1000782290/14/product-placeholder.png?v=26581*****https://theme.hstatic.net/1000230347/1000782290/14/product-placeholder.png?v=26581,"23,000₫",,https://thienlong.vn/products/bo-khuon-sap-nan-thien-long-colokit-mct-c03
716,Bộ sáp nặn và khuôn Colokit MCT-C02,50005344,Colokit,https://product.hstatic.net/1000230347/product/mct-c02_2b1f70e71b2e41f28abbeeff5d21464f_1024x1024.jpg*****https://product.hstatic.net/1000230347/product/mct-c02_2_cbe191f036c246eb87aa641861d846b9_1024x1024.jpg*****https://product.hstatic.net/1000230347/product/mct-c02_3_647a275deb9648cdaf9b0b8c47c45eb7_1024x1024.jpg*****https://product.hstatic.net/1000230347/product/mct-c02_4_86ab74d177004ac590857ea1eec90ddf_1024x1024.jpg*****https://theme.hstatic.net/1000230347/1000782290/14/product-placeholder.png?v=26581*****https://theme.hstatic.net/1000230347/1000782290/14/product-placeholder.png?v=26581*****https://theme.hstatic.net/1000230347/1000782290/14/product-placeholder.png?v=26581*****https://theme.hstatic.net/1000230347/1000782290/14/product-placeholder.png?v=26581,"53,000₫",,https://thienlong.vn/products/bo-sap-nan-va-khuon-thien-long-colokit-mct-c02
717,Bộ sáp nặn và khuôn Colokit Doraemon MCT-C01/DO,50005343,Colokit,https://product.hstatic.net/1000230347/product/a47_906cc84ec3664b1ca4a54a857e27da15_1024x1024.jpg*****https://product.hstatic.net/1000230347/product/mct-c01_do_copy_b59ddf2293f7487fb2d9451ba341703c_1024x1024.jpg*****https://product.hstatic.net/1000230347/product/bo_sap_nan_va_khuon_thien_long_-_diem_10_doraemon_mct-c01-do__3__1024x1024.jpg*****https://product.hstatic.net/1000230347/product/bo_sap_nan_va_khuon_thien_long_-_diem_10_doraemon_mct-c01-do__2__1024x1024.jpg*****https://theme.hstatic.net/1000230347/1000782290/14/product-placeholder.png?v=26581,"46,000₫",,https://thienlong.vn/products/bo-sap-nan-va-khuon-thien-long-colokit-doraemon-mct-c01-do
718,Sáp nặn Colokit MC-C04,60000151,Colokit,https://product.hstatic.net/1000230347/product/a42_ad7a8cfc185243a9a7dd83eecce62862_1024x1024.jpg*****https://product.hstatic.net/1000230347/product/mc-04_copy_b109c3e8229d4876ac444d4224cf702d_1024x1024.jpg*****https://product.hstatic.net/1000230347/product/mc-04_730e1e626811401099082b4407a235bf_1024x1024.jpg*****https://product.hstatic.net/1000230347/product/mc-04_2_4f85e43b9890454daf5b02cc418543dd_1024x1024.jpg,"26,400₫",,https://thienlong.vn/products/sap-nan-thien-long-colokit-mc-04
719,Sáp nặn Colokit MC-03,60000150,Colokit,https://product.hstatic.net/1000230347/product/sap_nan_thien_long_-_colokit_mc03__1__1024x1024.jpg*****https://product.hstatic.net/1000230347/product/sap_nan_thien_long_-_colokit_mc03__2__1024x1024.jpg*****https://product.hstatic.net/1000230347/product/sap_nan_thien_long_-_colokit_mc03__3__1024x1024.jpg,"20,000₫",,https://thienlong.vn/products/sap-nan-thien-long-colokit-mc-03
720,Bút chì 16 màu Colokit CPC-C08,60001027,Colokit,https://product.hstatic.net/1000230347/product/artboard_2_83d5bfcc7722498b9def0ba588e1e5d0_1024x1024.png*****https://product.hstatic.net/1000230347/product/artboard_7_f8acc67dee864091af9cd0615c89be56_1024x1024.jpg*****https://product.hstatic.net/1000230347/product/artboard_1_809bb0b87b834f37b1fa3b575457c7a4_1024x1024.png*****https://product.hstatic.net/1000230347/product/artboard_8_402f9f26d0f348b39f9d435afea3862d_1024x1024.png*****https://theme.hstatic.net/1000230347/1000782290/14/product-placeholder.png?v=26581*****https://theme.hstatic.net/1000230347/1000782290/14/product-placeholder.png?v=26581*****https://theme.hstatic.net/1000230347/1000782290/14/product-placeholder.png?v=26581*****https://theme.hstatic.net/1000230347/1000782290/14/product-placeholder.png?v=26581*****https://theme.hstatic.net/1000230347/1000782290/14/product-placeholder.png?v=26581*****https://theme.hstatic.net/1000230347/1000782290/14/product-placeholder.png?v=26581*****https://theme.hstatic.net/1000230347/1000782290/14/product-placeholder.png?v=26581*****https://theme.hstatic.net/1000230347/1000782290/14/product-placeholder.png?v=26581*****https://theme.hstatic.net/1000230347/1000782290/14/product-placeholder.png?v=26581*****https://theme.hstatic.net/1000230347/1000782290/14/product-placeholder.png?v=26581*****https://theme.hstatic.net/1000230347/1000782290/14/product-placeholder.png?v=26581*****https://theme.hstatic.net/1000230347/1000782290/14/product-placeholder.png?v=26581*****https://theme.hstatic.net/1000230347/1000782290/14/product-placeholder.png?v=26581*****https://theme.hstatic.net/1000230347/1000782290/14/product-placeholder.png?v=26581*****https://theme.hstatic.net/1000230347/1000782290/14/product-placeholder.png?v=26581,"71,000₫",,https://thienlong.vn/products/but-chi-mau-thien-long-colokit-cp-c08
721,Bút chì 12 màu Colokit CPC-C06,60000163,Colokit,https://product.hstatic.net/1000230347/product/artboard_3_61c53bc444864ed3a9a11b425ee7200a_1024x1024.jpg*****https://product.hstatic.net/1000230347/product/artboard_1_768ca4e5f69f477fac49ab3ecefd4e50_1024x1024.jpg*****https://product.hstatic.net/1000230347/product/artboard_5_8d5697df8c5f4427b7e650ed47a97d42_1024x1024.jpg*****https://product.hstatic.net/1000230347/product/artboard_6_c05254ea72db4018b3de77e7a50074ec_1024x1024.jpg*****https://theme.hstatic.net/1000230347/1000782290/14/product-placeholder.png?v=26581*****https://theme.hstatic.net/1000230347/1000782290/14/product-placeholder.png?v=26581*****https://theme.hstatic.net/1000230347/1000782290/14/product-placeholder.png?v=26581*****https://theme.hstatic.net/1000230347/1000782290/14/product-placeholder.png?v=26581*****https://theme.hstatic.net/1000230347/1000782290/14/product-placeholder.png?v=26581*****https://theme.hstatic.net/1000230347/1000782290/14/product-placeholder.png?v=26581*****https://theme.hstatic.net/1000230347/1000782290/14/product-placeholder.png?v=26581*****https://theme.hstatic.net/1000230347/1000782290/14/product-placeholder.png?v=26581*****https://theme.hstatic.net/1000230347/1000782290/14/product-placeholder.png?v=26581*****https://theme.hstatic.net/1000230347/1000782290/14/product-placeholder.png?v=26581*****https://theme.hstatic.net/1000230347/1000782290/14/product-placeholder.png?v=26581*****https://theme.hstatic.net/1000230347/1000782290/14/product-placeholder.png?v=26581*****https://theme.hstatic.net/1000230347/1000782290/14/product-placeholder.png?v=26581*****https://theme.hstatic.net/1000230347/1000782290/14/product-placeholder.png?v=26581*****https://theme.hstatic.net/1000230347/1000782290/14/product-placeholder.png?v=26581,"56,000₫",,https://thienlong.vn/products/but-chi-mau-thien-long-colokit-cp-c06
722,Màu Acrylic Colokit ACR-C02,50006632,Colokit,https://product.hstatic.net/1000230347/product/mau_acrylic_thien_long_-_colokit_acr-c02-vangchanh_1024x1024.jpg*****https://product.hstatic.net/1000230347/product/mau_acrylic_thien_long_-_colokit_acr-c02-den_1024x1024.jpg*****https://product.hstatic.net/1000230347/product/mau_acrylic_thien_long_-_colokit_acr-c02-cam_1024x1024.jpg*****https://product.hstatic.net/1000230347/product/mau_acrylic_thien_long_-_colokit_acr-c02-do_1024x1024.jpg*****https://theme.hstatic.net/1000230347/1000782290/14/product-placeholder.png?v=26581*****https://theme.hstatic.net/1000230347/1000782290/14/product-placeholder.png?v=26581*****https://theme.hstatic.net/1000230347/1000782290/14/product-placeholder.png?v=26581*****https://theme.hstatic.net/1000230347/1000782290/14/product-placeholder.png?v=26581*****https://theme.hstatic.net/1000230347/1000782290/14/product-placeholder.png?v=26581*****https://theme.hstatic.net/1000230347/1000782290/14/product-placeholder.png?v=26581*****https://theme.hstatic.net/1000230347/1000782290/14/product-placeholder.png?v=26581*****https://theme.hstatic.net/1000230347/1000782290/14/product-placeholder.png?v=26581*****https://theme.hstatic.net/1000230347/1000782290/14/product-placeholder.png?v=26581*****https://theme.hstatic.net/1000230347/1000782290/14/product-placeholder.png?v=26581*****https://theme.hstatic.net/1000230347/1000782290/14/product-placeholder.png?v=26581,"
						
						29,000₫
						
					",,https://thienlong.vn/products/mau-acrylic-thien-long-colokit-acr-c02
723,Bút sáp vặn 18 màu Colokit Doraemon TCR-C05/DO,60000909,Colokit,https://product.hstatic.net/1000230347/product/artboard_4_3b53313acd09438485afaa6f42962281_1024x1024.jpg*****https://product.hstatic.net/1000230347/product/artboard_4_3b53313acd09438485afaa6f42962281_1024x1024.jpg*****https://product.hstatic.net/1000230347/product/artboard_2_98503039dc7b46f5b824d5486af529b6_1024x1024.jpg*****https://product.hstatic.net/1000230347/product/artboard_13_da904ed82c5e47eaa5f096a01ba2f74c_1024x1024.jpg*****https://theme.hstatic.net/1000230347/1000782290/14/product-placeholder.png?v=26581*****https://theme.hstatic.net/1000230347/1000782290/14/product-placeholder.png?v=26581*****https://theme.hstatic.net/1000230347/1000782290/14/product-placeholder.png?v=26581*****https://theme.hstatic.net/1000230347/1000782290/14/product-placeholder.png?v=26581*****https://theme.hstatic.net/1000230347/1000782290/14/product-placeholder.png?v=26581*****https://theme.hstatic.net/1000230347/1000782290/14/product-placeholder.png?v=26581*****https://theme.hstatic.net/1000230347/1000782290/14/product-placeholder.png?v=26581*****https://theme.hstatic.net/1000230347/1000782290/14/product-placeholder.png?v=26581*****https://theme.hstatic.net/1000230347/1000782290/14/product-placeholder.png?v=26581*****https://theme.hstatic.net/1000230347/1000782290/14/product-placeholder.png?v=26581*****https://theme.hstatic.net/1000230347/1000782290/14/product-placeholder.png?v=26581*****https://theme.hstatic.net/1000230347/1000782290/14/product-placeholder.png?v=26581,"139,000₫",,https://thienlong.vn/products/but-sap-van-thien-long-colokit-doraemon-tcr-c05-do
724,Bút sáp vặn 12 màu Colokit Doraemon TCR-C04/DO,60000908,Colokit,https://product.hstatic.net/1000230347/product/artboard_5_419fb5fb413b41af9f54a87fddbfa105_1024x1024.jpg*****https://product.hstatic.net/1000230347/product/artboard_12_3c2ee16e1e674c438ae78cd936841230_1024x1024.jpg*****https://product.hstatic.net/1000230347/product/artboard_14_1cd49258831141b98645cddae8bf995b_1024x1024.jpg*****https://product.hstatic.net/1000230347/product/artboard_3_c3655345fc1b41e9af248bf630f263b0_1024x1024.jpg*****https://theme.hstatic.net/1000230347/1000782290/14/product-placeholder.png?v=26581*****https://theme.hstatic.net/1000230347/1000782290/14/product-placeholder.png?v=26581*****https://theme.hstatic.net/1000230347/1000782290/14/product-placeholder.png?v=26581*****https://theme.hstatic.net/1000230347/1000782290/14/product-placeholder.png?v=26581*****https://theme.hstatic.net/1000230347/1000782290/14/product-placeholder.png?v=26581*****https://theme.hstatic.net/1000230347/1000782290/14/product-placeholder.png?v=26581*****https://theme.hstatic.net/1000230347/1000782290/14/product-placeholder.png?v=26581*****https://theme.hstatic.net/1000230347/1000782290/14/product-placeholder.png?v=26581*****https://theme.hstatic.net/1000230347/1000782290/14/product-placeholder.png?v=26581*****https://theme.hstatic.net/1000230347/1000782290/14/product-placeholder.png?v=26581*****https://theme.hstatic.net/1000230347/1000782290/14/product-placeholder.png?v=26581,"94,900₫",,https://thienlong.vn/products/but-sap-van-thien-long-colokit-doraemon-tcr-c04-do
725,Bút sáp 12 màu Colokit CR-C022,50006473,Colokit,https://product.hstatic.net/1000230347/product/logo_thien_dsalondsg_copy_6c728abb29d74084917e6f4c2bd99465_1024x1024.jpg*****https://product.hstatic.net/1000230347/product/logo_thien_londsg_copy_3d0404feaed148619396786ae2bbaad1_1024x1024.jpg*****https://product.hstatic.net/1000230347/product/cr-c022_copy_e1bfa712166e4561a7f230e8ef679de2_1024x1024.jpg*****https://product.hstatic.net/1000230347/product/1_91c18a66797b44a9b506779f9b90a40a_1024x1024.jpg*****https://theme.hstatic.net/1000230347/1000782290/14/product-placeholder.png?v=26581*****https://theme.hstatic.net/1000230347/1000782290/14/product-placeholder.png?v=26581*****https://theme.hstatic.net/1000230347/1000782290/14/product-placeholder.png?v=26581,"24,800₫",,https://thienlong.vn/products/but-sap-mau-thien-long-colokit-cr-c022
726,Luyện viết chữ đẹp Điểm 10 TP-LVCD04,60000370,Điểm 10,https://product.hstatic.net/1000230347/product/543af_8370e1287fe44c9383df2e790829e5b3_1024x1024.jpg*****https://product.hstatic.net/1000230347/product/tp-lvcd04_copy_da8a3600433143319f76aa8ff0298ff4_1024x1024.jpg*****https://product.hstatic.net/1000230347/product/tp-lvcd04_copy_2_9fb01e151ce5444fb47191132e858b9d_1024x1024.jpg*****https://product.hstatic.net/1000230347/product/luyen_viet_chu_dep_thien_long_-_diem_10_lvcd-04__1__1024x1024.jpg*****https://theme.hstatic.net/1000230347/1000782290/14/product-placeholder.png?v=26579,"17,000₫",,https://thienlong.vn/products/luyen-viet-chu-dep-thien-long-diem-10-lvcd-04
727,Tập tô chữ Điểm 10 TTC-01,60000129,Điểm 10,https://product.hstatic.net/1000230347/product/tap_to_chu_thien_long_-_diem_10_ttc-01__1__1024x1024.jpg*****https://product.hstatic.net/1000230347/product/tap_to_chu_thien_long_-_diem_10_ttc-01__2__1024x1024.jpg,"14,000₫",,https://thienlong.vn/products/tap-to-chu-thien-long-diem-10-ttc-01
728,Tập tô màu Colokit Disney Frozen CB-C021/FR,50006846,Colokit,https://product.hstatic.net/1000230347/product/artboard_2_copy_2_a49dafcd91bc4f20aa7bca312810be87_1024x1024.jpg*****https://product.hstatic.net/1000230347/product/artboard_2_copy_9f5d7e1a637d40ff99440abb0ec03559_1024x1024.jpg*****https://product.hstatic.net/1000230347/product/artboard_2-1_ee7fd2de11f542398fd21eda71bb36fc_1024x1024.jpg*****https://product.hstatic.net/1000230347/product/artboard_4_fc0d0500f1eb4bde807be80a12ebbb2c_1024x1024.jpg*****https://theme.hstatic.net/1000230347/1000782290/14/product-placeholder.png?v=26581*****https://theme.hstatic.net/1000230347/1000782290/14/product-placeholder.png?v=26581*****https://theme.hstatic.net/1000230347/1000782290/14/product-placeholder.png?v=26581*****https://theme.hstatic.net/1000230347/1000782290/14/product-placeholder.png?v=26581*****https://theme.hstatic.net/1000230347/1000782290/14/product-placeholder.png?v=26581*****https://theme.hstatic.net/1000230347/1000782290/14/product-placeholder.png?v=26581*****https://theme.hstatic.net/1000230347/1000782290/14/product-placeholder.png?v=26581*****https://theme.hstatic.net/1000230347/1000782290/14/product-placeholder.png?v=26581*****https://theme.hstatic.net/1000230347/1000782290/14/product-placeholder.png?v=26581*****https://theme.hstatic.net/1000230347/1000782290/14/product-placeholder.png?v=26581*****https://theme.hstatic.net/1000230347/1000782290/14/product-placeholder.png?v=26581*****https://theme.hstatic.net/1000230347/1000782290/14/product-placeholder.png?v=26581*****https://theme.hstatic.net/1000230347/1000782290/14/product-placeholder.png?v=26581*****https://theme.hstatic.net/1000230347/1000782290/14/product-placeholder.png?v=26581*****https://theme.hstatic.net/1000230347/1000782290/14/product-placeholder.png?v=26581*****https://theme.hstatic.net/1000230347/1000782290/14/product-placeholder.png?v=26581*****https://theme.hstatic.net/1000230347/1000782290/14/product-placeholder.png?v=26581*****https://theme.hstatic.net/1000230347/1000782290/14/product-placeholder.png?v=26581*****https://theme.hstatic.net/1000230347/1000782290/14/product-placeholder.png?v=26581*****https://theme.hstatic.net/1000230347/1000782290/14/product-placeholder.png?v=26581*****https://theme.hstatic.net/1000230347/1000782290/14/product-placeholder.png?v=26581*****https://theme.hstatic.net/1000230347/1000782290/14/product-placeholder.png?v=26581*****https://theme.hstatic.net/1000230347/1000782290/14/product-placeholder.png?v=26581*****https://theme.hstatic.net/1000230347/1000782290/14/product-placeholder.png?v=26581*****https://theme.hstatic.net/1000230347/1000782290/14/product-placeholder.png?v=26581*****https://theme.hstatic.net/1000230347/1000782290/14/product-placeholder.png?v=26581*****https://theme.hstatic.net/1000230347/1000782290/14/product-placeholder.png?v=26581*****https://theme.hstatic.net/1000230347/1000782290/14/product-placeholder.png?v=26581*****https://theme.hstatic.net/1000230347/1000782290/14/product-placeholder.png?v=26581*****https://theme.hstatic.net/1000230347/1000782290/14/product-placeholder.png?v=26581,"60,000₫",,https://thienlong.vn/products/tap-to-mau-thien-long-colokit-disney-frozen-cb-c021-fr
729,Tập tô màu Colokit Disney Princess CB-C020/PR,50006845,Colokit,https://product.hstatic.net/1000230347/product/artboard_3_copy_c621983cc6f949eab1a1e35187f009ed_1024x1024.jpg*****https://product.hstatic.net/1000230347/product/artboard_2_copy_02561560e46849a7870a01055d90c2c8_1024x1024.jpg*****https://product.hstatic.net/1000230347/product/artboard_2-1_3b9463d834394d1f897dbc36e1e64114_1024x1024.jpg*****https://product.hstatic.net/1000230347/product/artboard_6_e43307dd2db244258ca9190625a58876_1024x1024.jpg*****https://theme.hstatic.net/1000230347/1000782290/14/product-placeholder.png?v=26581*****https://theme.hstatic.net/1000230347/1000782290/14/product-placeholder.png?v=26581*****https://theme.hstatic.net/1000230347/1000782290/14/product-placeholder.png?v=26581*****https://theme.hstatic.net/1000230347/1000782290/14/product-placeholder.png?v=26581*****https://theme.hstatic.net/1000230347/1000782290/14/product-placeholder.png?v=26581*****https://theme.hstatic.net/1000230347/1000782290/14/product-placeholder.png?v=26581*****https://theme.hstatic.net/1000230347/1000782290/14/product-placeholder.png?v=26581*****https://theme.hstatic.net/1000230347/1000782290/14/product-placeholder.png?v=26581*****https://theme.hstatic.net/1000230347/1000782290/14/product-placeholder.png?v=26581*****https://theme.hstatic.net/1000230347/1000782290/14/product-placeholder.png?v=26581*****https://theme.hstatic.net/1000230347/1000782290/14/product-placeholder.png?v=26581*****https://theme.hstatic.net/1000230347/1000782290/14/product-placeholder.png?v=26581*****https://theme.hstatic.net/1000230347/1000782290/14/product-placeholder.png?v=26581*****https://theme.hstatic.net/1000230347/1000782290/14/product-placeholder.png?v=26581*****https://theme.hstatic.net/1000230347/1000782290/14/product-placeholder.png?v=26581*****https://theme.hstatic.net/1000230347/1000782290/14/product-placeholder.png?v=26581*****https://theme.hstatic.net/1000230347/1000782290/14/product-placeholder.png?v=26581*****https://theme.hstatic.net/1000230347/1000782290/14/product-placeholder.png?v=26581*****https://theme.hstatic.net/1000230347/1000782290/14/product-placeholder.png?v=26581*****https://theme.hstatic.net/1000230347/1000782290/14/product-placeholder.png?v=26581*****https://theme.hstatic.net/1000230347/1000782290/14/product-placeholder.png?v=26581*****https://theme.hstatic.net/1000230347/1000782290/14/product-placeholder.png?v=26581*****https://theme.hstatic.net/1000230347/1000782290/14/product-placeholder.png?v=26581*****https://theme.hstatic.net/1000230347/1000782290/14/product-placeholder.png?v=26581*****https://theme.hstatic.net/1000230347/1000782290/14/product-placeholder.png?v=26581*****https://theme.hstatic.net/1000230347/1000782290/14/product-placeholder.png?v=26581*****https://theme.hstatic.net/1000230347/1000782290/14/product-placeholder.png?v=26581*****https://theme.hstatic.net/1000230347/1000782290/14/product-placeholder.png?v=26581*****https://theme.hstatic.net/1000230347/1000782290/14/product-placeholder.png?v=26581*****https://theme.hstatic.net/1000230347/1000782290/14/product-placeholder.png?v=26581,"60,000₫",,https://thienlong.vn/products/tap-to-mau-thien-long-colokit-disney-princess-cb-c020-pr
730,Tập tô màu Colokit Disney Mickey CB-C019/MI,50006844,Colokit,https://product.hstatic.net/1000230347/product/artboard_1_copy_a6cdc7af7fce4f6f91dca11b4d4162a3_1024x1024.jpg*****https://product.hstatic.net/1000230347/product/artboard_2-2_9fc876dba46c42abb62a3114b869b98e_1024x1024.jpg*****https://product.hstatic.net/1000230347/product/artboard_2_copy_2a104bc415da47a7b7f948cf2d6b3c66_1024x1024.jpg*****https://product.hstatic.net/1000230347/product/artboard_2_4df60d8d24b14a8990e68154a3dc6c25_1024x1024.jpg*****https://theme.hstatic.net/1000230347/1000782290/14/product-placeholder.png?v=26581*****https://theme.hstatic.net/1000230347/1000782290/14/product-placeholder.png?v=26581*****https://theme.hstatic.net/1000230347/1000782290/14/product-placeholder.png?v=26581*****https://theme.hstatic.net/1000230347/1000782290/14/product-placeholder.png?v=26581*****https://theme.hstatic.net/1000230347/1000782290/14/product-placeholder.png?v=26581*****https://theme.hstatic.net/1000230347/1000782290/14/product-placeholder.png?v=26581*****https://theme.hstatic.net/1000230347/1000782290/14/product-placeholder.png?v=26581*****https://theme.hstatic.net/1000230347/1000782290/14/product-placeholder.png?v=26581*****https://theme.hstatic.net/1000230347/1000782290/14/product-placeholder.png?v=26581*****https://theme.hstatic.net/1000230347/1000782290/14/product-placeholder.png?v=26581*****https://theme.hstatic.net/1000230347/1000782290/14/product-placeholder.png?v=26581*****https://theme.hstatic.net/1000230347/1000782290/14/product-placeholder.png?v=26581*****https://theme.hstatic.net/1000230347/1000782290/14/product-placeholder.png?v=26581*****https://theme.hstatic.net/1000230347/1000782290/14/product-placeholder.png?v=26581*****https://theme.hstatic.net/1000230347/1000782290/14/product-placeholder.png?v=26581*****https://theme.hstatic.net/1000230347/1000782290/14/product-placeholder.png?v=26581*****https://theme.hstatic.net/1000230347/1000782290/14/product-placeholder.png?v=26581*****https://theme.hstatic.net/1000230347/1000782290/14/product-placeholder.png?v=26581*****https://theme.hstatic.net/1000230347/1000782290/14/product-placeholder.png?v=26581*****https://theme.hstatic.net/1000230347/1000782290/14/product-placeholder.png?v=26581*****https://theme.hstatic.net/1000230347/1000782290/14/product-placeholder.png?v=26581*****https://theme.hstatic.net/1000230347/1000782290/14/product-placeholder.png?v=26581*****https://theme.hstatic.net/1000230347/1000782290/14/product-placeholder.png?v=26581*****https://theme.hstatic.net/1000230347/1000782290/14/product-placeholder.png?v=26581*****https://theme.hstatic.net/1000230347/1000782290/14/product-placeholder.png?v=26581*****https://theme.hstatic.net/1000230347/1000782290/14/product-placeholder.png?v=26581*****https://theme.hstatic.net/1000230347/1000782290/14/product-placeholder.png?v=26581*****https://theme.hstatic.net/1000230347/1000782290/14/product-placeholder.png?v=26581*****https://theme.hstatic.net/1000230347/1000782290/14/product-placeholder.png?v=26581*****https://theme.hstatic.net/1000230347/1000782290/14/product-placeholder.png?v=26581,"60,000₫",,https://thienlong.vn/products/tap-to-mau-thien-long-colokit-disney-mickey-cb-c019-mi
731,Tập tô màu Colokit Doraemon CB-017/DO,60000659,Colokit,https://product.hstatic.net/1000230347/product/tap_to_mau_thien_long_-_colokit_doraemon_cb-017-do__1__1024x1024.jpg*****https://product.hstatic.net/1000230347/product/tap_to_mau_thien_long_-_colokit_doraemon_cb-017-do__3__1024x1024.jpg*****https://product.hstatic.net/1000230347/product/tap_to_mau_thien_long_-_colokit_cb07-do__1__1024x1024.jpg*****https://product.hstatic.net/1000230347/product/tap_to_mau_thien_long_-_colokit_cb07-do__3__1024x1024.jpg*****https://theme.hstatic.net/1000230347/1000782290/14/product-placeholder.png?v=26581*****https://theme.hstatic.net/1000230347/1000782290/14/product-placeholder.png?v=26581*****https://theme.hstatic.net/1000230347/1000782290/14/product-placeholder.png?v=26581*****https://theme.hstatic.net/1000230347/1000782290/14/product-placeholder.png?v=26581*****https://theme.hstatic.net/1000230347/1000782290/14/product-placeholder.png?v=26581*****https://theme.hstatic.net/1000230347/1000782290/14/product-placeholder.png?v=26581*****https://theme.hstatic.net/1000230347/1000782290/14/product-placeholder.png?v=26581*****https://theme.hstatic.net/1000230347/1000782290/14/product-placeholder.png?v=26581*****https://theme.hstatic.net/1000230347/1000782290/14/product-placeholder.png?v=26581*****https://theme.hstatic.net/1000230347/1000782290/14/product-placeholder.png?v=26581*****https://theme.hstatic.net/1000230347/1000782290/14/product-placeholder.png?v=26581*****https://theme.hstatic.net/1000230347/1000782290/14/product-placeholder.png?v=26581,"22,000₫",,https://thienlong.vn/products/tap-to-mau-thien-long-colokit-doraemon-cb-017-do
732,Tập tô màu Colokit CB-012,60000564,Colokit,https://product.hstatic.net/1000230347/product/321fds_51830cb5ef8d4bea976675c2f61b09ae_1024x1024.jpg*****https://product.hstatic.net/1000230347/product/cb-012_ed16357225ec47daad1a70085312c0af_1024x1024.jpg*****https://product.hstatic.net/1000230347/product/cb-012_3_ef0e6408f3914efd9944559ca5d0882c_1024x1024.jpg*****https://product.hstatic.net/1000230347/product/cb-012_4_be0dece8ee7a4045b1dd72f817e1c7e1_1024x1024.jpg,"14,000₫",,https://thienlong.vn/products/tap-to-mau-thien-long-colokit-cb-012
733,Tập tô màu Colokit CB-011,60000563,Colokit,https://product.hstatic.net/1000230347/product/54dfsf_42b7ca66e2b5432ea996721f58158d46_1024x1024.jpg*****https://product.hstatic.net/1000230347/product/cb-011_645c1573587f495289ee5f9acd74874a_1024x1024.jpg*****https://product.hstatic.net/1000230347/product/cb-011_3_995efa223604492485caf1f7d333c4de_1024x1024.jpg*****https://product.hstatic.net/1000230347/product/cb-011_4_3319a82dd9314010ad88c8159b2bc022_1024x1024.jpg,"14,000₫",,https://thienlong.vn/products/tap-to-mau-thien-long-colokit-cb-011
734,Tập tô màu Colokit CB-09,60000562,Colokit,https://product.hstatic.net/1000230347/product/332dfs_d5220869441d454693566b56289fdfbe_1024x1024.jpg*****https://product.hstatic.net/1000230347/product/cb-09_3c1f1f0fb6b84f5fa04ea924d8faa27f_1024x1024.jpg*****https://product.hstatic.net/1000230347/product/cb-09_3_0307f58c3ec3410cb0e596904527888b_1024x1024.jpg*****https://product.hstatic.net/1000230347/product/cb-09_2_86e7bc570f9646368caf1f0f31721da7_1024x1024.jpg,"14,000₫",,https://thienlong.vn/products/tap-to-mau-thien-long-colokit-cb-09
735,Tập tô màu Colokit Doraemon CB-07/DO,60000138,Colokit,https://product.hstatic.net/1000230347/product/tap_to_mau_thien_long_-_colokit_cb07-do__1__1024x1024.jpg*****https://product.hstatic.net/1000230347/product/tap_to_mau_thien_long_-_colokit_cb07-do__3__1024x1024.jpg*****https://product.hstatic.net/1000230347/product/tap_to_mau_thien_long_-_colokit_doraemon_cb-017-do__1__1024x1024.jpg*****https://product.hstatic.net/1000230347/product/tap_to_mau_thien_long_-_colokit_doraemon_cb-017-do__3__1024x1024.jpg*****https://theme.hstatic.net/1000230347/1000782290/14/product-placeholder.png?v=26582*****https://theme.hstatic.net/1000230347/1000782290/14/product-placeholder.png?v=26582*****https://theme.hstatic.net/1000230347/1000782290/14/product-placeholder.png?v=26582*****https://theme.hstatic.net/1000230347/1000782290/14/product-placeholder.png?v=26582*****https://theme.hstatic.net/1000230347/1000782290/14/product-placeholder.png?v=26582*****https://theme.hstatic.net/1000230347/1000782290/14/product-placeholder.png?v=26582*****https://theme.hstatic.net/1000230347/1000782290/14/product-placeholder.png?v=26582*****https://theme.hstatic.net/1000230347/1000782290/14/product-placeholder.png?v=26582*****https://theme.hstatic.net/1000230347/1000782290/14/product-placeholder.png?v=26582*****https://theme.hstatic.net/1000230347/1000782290/14/product-placeholder.png?v=26582*****https://theme.hstatic.net/1000230347/1000782290/14/product-placeholder.png?v=26582*****https://theme.hstatic.net/1000230347/1000782290/14/product-placeholder.png?v=26582,"22,000₫",,https://thienlong.vn/products/tap-to-mau-thien-long-colokit-doraemon-cb07-do
736,Sáp nặn Colokit MC-022,50004444,Colokit,https://product.hstatic.net/1000230347/product/532safa_c5ec04eb750841238446cddb08c7833a_1024x1024.jpg*****https://product.hstatic.net/1000230347/product/1_3ac1b14471c541f5878cf8a0512ffbcd_1024x1024.jpg*****https://product.hstatic.net/1000230347/product/4_3fe10ed5d04345f8b449f54923e22b5c_1024x1024.jpg*****https://product.hstatic.net/1000230347/product/3_5ac55d41b7904739b91910589fbca0e9_1024x1024.jpg*****https://theme.hstatic.net/1000230347/1000782290/14/product-placeholder.png?v=26582*****https://theme.hstatic.net/1000230347/1000782290/14/product-placeholder.png?v=26582,"36,000₫",,https://thienlong.vn/products/sap-nan-thien-long-colokit-mc-022
737,Sáp nặn Colokit MC-021,50004443,Colokit,https://product.hstatic.net/1000230347/product/a46_e0eed2d593244159a44193176f13dbb0_1024x1024.jpg*****https://product.hstatic.net/1000230347/product/mc-021_copy_21b18bd0c59e4c188b78ef3b4e0d5a70_1024x1024.jpg*****https://product.hstatic.net/1000230347/product/1_0bd008a32ec04614bc3fa4f3d8fb47e5_1024x1024.jpg*****https://product.hstatic.net/1000230347/product/2_9f57704e32454f96952c99e8ba387281_1024x1024.jpg*****https://theme.hstatic.net/1000230347/1000782290/14/product-placeholder.png?v=26582*****https://theme.hstatic.net/1000230347/1000782290/14/product-placeholder.png?v=26582,"31,400₫",,https://thienlong.vn/products/sap-nan-thien-long-colokit-mc-021
738,Sáp nặn Colokit MC-016,50003804,Colokit,https://product.hstatic.net/1000230347/product/mc-016_2024_6_c012ef0973dd4a1c85aa7247f7d55497_1024x1024.jpg*****https://product.hstatic.net/1000230347/product/mc-016_2024_3_392b9c41df2145f8b81c6a2f872b2fd2_1024x1024.jpg*****https://product.hstatic.net/1000230347/product/mc-016_2024_4_6ab22607b5314d56a842609a7ef6fb2a_1024x1024.jpg*****https://product.hstatic.net/1000230347/product/mc-016_2024_5_006cd57c5d884ea9a01becf6752d7549_1024x1024.jpg*****https://theme.hstatic.net/1000230347/1000782290/14/product-placeholder.png?v=26582*****https://theme.hstatic.net/1000230347/1000782290/14/product-placeholder.png?v=26582,"36,000₫",,https://thienlong.vn/products/sap-nan-thien-long-colokit-mc-016
739,Sáp nặn Colokit MC-015,50003803,Colokit,https://product.hstatic.net/1000230347/product/a45_6e7e0628b5ee4874b70b36664db3239b_1024x1024.jpg*****https://product.hstatic.net/1000230347/product/mc-015_copy_d74601dd7b334464bed2edb87ed877fa_1024x1024.jpg*****https://product.hstatic.net/1000230347/product/1_2e48177ddf1f4f62a9bd8ab9b9ddb45f_1024x1024.jpg*****https://product.hstatic.net/1000230347/product/4_12612e269f344e0686fa14470d4be475_1024x1024.jpg*****https://theme.hstatic.net/1000230347/1000782290/14/product-placeholder.png?v=26582*****https://theme.hstatic.net/1000230347/1000782290/14/product-placeholder.png?v=26582,"30,000₫",,https://thienlong.vn/products/sap-nan-thien-long-colokit-mc-015
740,Màu nước Colokit WACO-C07 - Tặng bộ mô hình DIY,50016591,Colokit,https://product.hstatic.net/1000230347/product/thumnail_2_2_b0e4027e57e24f09b5b8585764896bbf_1024x1024.jpg*****https://product.hstatic.net/1000230347/product/1_69dd7fba25b24204bcabb2ef6cd8ed92_1024x1024.jpg*****https://product.hstatic.net/1000230347/product/2_d5bbae8a446d45b683e421237a0710e3_1024x1024.jpg*****https://product.hstatic.net/1000230347/product/3_203420c43d2f47f0928e5883624848e5_1024x1024.jpg*****https://theme.hstatic.net/1000230347/1000782290/14/product-placeholder.png?v=26582*****https://theme.hstatic.net/1000230347/1000782290/14/product-placeholder.png?v=26582*****https://theme.hstatic.net/1000230347/1000782290/14/product-placeholder.png?v=26582*****https://theme.hstatic.net/1000230347/1000782290/14/product-placeholder.png?v=26582*****https://theme.hstatic.net/1000230347/1000782290/14/product-placeholder.png?v=26582*****https://theme.hstatic.net/1000230347/1000782290/14/product-placeholder.png?v=26582*****https://theme.hstatic.net/1000230347/1000782290/14/product-placeholder.png?v=26582*****https://theme.hstatic.net/1000230347/1000782290/14/product-placeholder.png?v=26582*****https://theme.hstatic.net/1000230347/1000782290/14/product-placeholder.png?v=26582*****https://theme.hstatic.net/1000230347/1000782290/14/product-placeholder.png?v=26582*****https://theme.hstatic.net/1000230347/1000782290/14/product-placeholder.png?v=26582,"52,800₫",,https://thienlong.vn/products/mau-nuoc-thien-long-colokit-waco-c07
741,Màu nước Colokit WACO-C06,50002783,Colokit,https://product.hstatic.net/1000230347/product/thumbnail_web_5ee9473e98ce4393954b12bab012285c_1024x1024.jpg*****https://product.hstatic.net/1000230347/product/2_210298accef34496837219d0ef9f2657_1024x1024.jpg*****https://product.hstatic.net/1000230347/product/3_20483229ac7843498d18c2cf01145ef0_1024x1024.jpg*****https://product.hstatic.net/1000230347/product/4_d490d4ce26f649c28d2535e5568e3413_1024x1024.jpg*****https://theme.hstatic.net/1000230347/1000782290/14/product-placeholder.png?v=26582*****https://theme.hstatic.net/1000230347/1000782290/14/product-placeholder.png?v=26582*****https://theme.hstatic.net/1000230347/1000782290/14/product-placeholder.png?v=26582*****https://theme.hstatic.net/1000230347/1000782290/14/product-placeholder.png?v=26582*****https://theme.hstatic.net/1000230347/1000782290/14/product-placeholder.png?v=26582*****https://theme.hstatic.net/1000230347/1000782290/14/product-placeholder.png?v=26582*****https://theme.hstatic.net/1000230347/1000782290/14/product-placeholder.png?v=26582*****https://theme.hstatic.net/1000230347/1000782290/14/product-placeholder.png?v=26582*****https://theme.hstatic.net/1000230347/1000782290/14/product-placeholder.png?v=26582*****https://theme.hstatic.net/1000230347/1000782290/14/product-placeholder.png?v=26582*****https://theme.hstatic.net/1000230347/1000782290/14/product-placeholder.png?v=26582,"38,800₫",,https://thienlong.vn/products/mau-nuoc-thien-long-colokit-waco-c06
742,Màu nước Colokit WACO-05 - Tặng bộ mô hình DIY,50016590,Colokit,https://product.hstatic.net/1000230347/product/thumbnail_waco_05_2_c7047b62364c43008c21ce62dac75e3f_1024x1024.jpg*****https://product.hstatic.net/1000230347/product/2_7d12f7051e6741b0bcb2840c7ccd44e7_1024x1024.jpg*****https://product.hstatic.net/1000230347/product/3_ae53c141abc1479e98bb0fc9802077f9_1024x1024.jpg*****https://product.hstatic.net/1000230347/product/4_704ad63081b047fa93f2085836ba87ad_1024x1024.jpg*****https://theme.hstatic.net/1000230347/1000782290/14/product-placeholder.png?v=26582*****https://theme.hstatic.net/1000230347/1000782290/14/product-placeholder.png?v=26582*****https://theme.hstatic.net/1000230347/1000782290/14/product-placeholder.png?v=26582*****https://theme.hstatic.net/1000230347/1000782290/14/product-placeholder.png?v=26582*****https://theme.hstatic.net/1000230347/1000782290/14/product-placeholder.png?v=26582*****https://theme.hstatic.net/1000230347/1000782290/14/product-placeholder.png?v=26582*****https://theme.hstatic.net/1000230347/1000782290/14/product-placeholder.png?v=26582*****https://theme.hstatic.net/1000230347/1000782290/14/product-placeholder.png?v=26582*****https://theme.hstatic.net/1000230347/1000782290/14/product-placeholder.png?v=26582*****https://theme.hstatic.net/1000230347/1000782290/14/product-placeholder.png?v=26582*****https://theme.hstatic.net/1000230347/1000782290/14/product-placeholder.png?v=26582*****https://theme.hstatic.net/1000230347/1000782290/14/product-placeholder.png?v=26582*****https://theme.hstatic.net/1000230347/1000782290/14/product-placeholder.png?v=26582*****https://theme.hstatic.net/1000230347/1000782290/14/product-placeholder.png?v=26582*****https://theme.hstatic.net/1000230347/1000782290/14/product-placeholder.png?v=26582*****https://theme.hstatic.net/1000230347/1000782290/14/product-placeholder.png?v=26582*****https://theme.hstatic.net/1000230347/1000782290/14/product-placeholder.png?v=26582,"105,000₫",,https://thienlong.vn/products/mau-nuoc-thien-long-colokit-waco-05
743,Màu nước Colokit WACO-03 - Tặng bộ mô hình DIY,50016589,Colokit,https://product.hstatic.net/1000230347/product/thumbnail_waco_03_2_bddb6dc8079640b188a41d497125519c_1024x1024.jpg*****https://product.hstatic.net/1000230347/product/thumbnail_waco_03_2_bddb6dc8079640b188a41d497125519c_1024x1024.jpg*****https://product.hstatic.net/1000230347/product/1_09bcc2808e834c4484de2a5cd066ee39_1024x1024.jpg*****https://product.hstatic.net/1000230347/product/3_b1d1e6d5ec1344b6ae00582d1cd4ad41_1024x1024.jpg*****https://theme.hstatic.net/1000230347/1000782290/14/product-placeholder.png?v=26582*****https://theme.hstatic.net/1000230347/1000782290/14/product-placeholder.png?v=26582*****https://theme.hstatic.net/1000230347/1000782290/14/product-placeholder.png?v=26582*****https://theme.hstatic.net/1000230347/1000782290/14/product-placeholder.png?v=26582*****https://theme.hstatic.net/1000230347/1000782290/14/product-placeholder.png?v=26582*****https://theme.hstatic.net/1000230347/1000782290/14/product-placeholder.png?v=26582*****https://theme.hstatic.net/1000230347/1000782290/14/product-placeholder.png?v=26582*****https://theme.hstatic.net/1000230347/1000782290/14/product-placeholder.png?v=26582*****https://theme.hstatic.net/1000230347/1000782290/14/product-placeholder.png?v=26582*****https://theme.hstatic.net/1000230347/1000782290/14/product-placeholder.png?v=26582*****https://theme.hstatic.net/1000230347/1000782290/14/product-placeholder.png?v=26582*****https://theme.hstatic.net/1000230347/1000782290/14/product-placeholder.png?v=26582*****https://theme.hstatic.net/1000230347/1000782290/14/product-placeholder.png?v=26582*****https://theme.hstatic.net/1000230347/1000782290/14/product-placeholder.png?v=26582*****https://theme.hstatic.net/1000230347/1000782290/14/product-placeholder.png?v=26582*****https://theme.hstatic.net/1000230347/1000782290/14/product-placeholder.png?v=26582*****https://theme.hstatic.net/1000230347/1000782290/14/product-placeholder.png?v=26582*****https://theme.hstatic.net/1000230347/1000782290/14/product-placeholder.png?v=26582,"73,400₫",,https://thienlong.vn/products/mau-nuoc-thien-long-colokit-waco-03
744,Bút lông màu Colokit Doraemon FP-C05/DO,50002755,Colokit,https://product.hstatic.net/1000230347/product/b19_2f74eecdcdf74d0184c6af864536b5a5_1024x1024.jpg*****https://product.hstatic.net/1000230347/product/fp-c05_do_copy_fdfbab2986c744dc9ff2b7ac54232985_1024x1024.jpg*****https://product.hstatic.net/1000230347/product/but_long_mau_thien_long_-_colokit_fpc05-do__3__1024x1024.jpg*****https://product.hstatic.net/1000230347/product/but_long_mau_thien_long_-_colokit_fpc05-do__1__1024x1024.jpg*****https://theme.hstatic.net/1000230347/1000782290/14/product-placeholder.png?v=26582,"40,400₫",,https://thienlong.vn/products/but-long-mau-thien-long-colokit-fp-c05-do
745,Bút lông 2 đầu Colokit FP-C01,50001704,Colokit,https://product.hstatic.net/1000230347/product/b20_0038d8aa15f64b7c9ce9df83eab2d2b3_1024x1024.jpg*****https://product.hstatic.net/1000230347/product/fp-c01_copy_64666e5f39554e838a2053ed525f38e4_1024x1024.jpg*****https://product.hstatic.net/1000230347/product/1_f6bdbc6ae6214511b8edc5a234dd931b_1024x1024.jpg*****https://product.hstatic.net/1000230347/product/4_d084eb1d05ff4b948f8d9b5b629ea55a_1024x1024.jpg*****https://theme.hstatic.net/1000230347/1000782290/14/product-placeholder.png?v=26582*****https://theme.hstatic.net/1000230347/1000782290/14/product-placeholder.png?v=26582,"33,800₫",,https://thienlong.vn/products/but-long-2-dau-thien-long-colokit-fp-c01
746,Bút lông màu Colokit FP-01,50001698,Colokit,https://cdn.hstatic.net/products/1000230347/artboard_1_copy_73867638850e490c8d247cbaef67603a_1024x1024.jpg*****https://cdn.hstatic.net/products/1000230347/artboard_1_1958b0290fbc4d9bb4683b2775887516_1024x1024.jpg*****https://cdn.hstatic.net/products/1000230347/artboard_3_copy_2_69e6f7a0f3204c39bafc96a01f434ab7_1024x1024.jpg*****https://cdn.hstatic.net/products/1000230347/artboard_3_copy_4_4bc75aadbaa44961be02bc35b14c7446_1024x1024.jpg*****https://theme.hstatic.net/1000230347/1000782290/14/product-placeholder.png?v=26582*****https://theme.hstatic.net/1000230347/1000782290/14/product-placeholder.png?v=26582*****https://theme.hstatic.net/1000230347/1000782290/14/product-placeholder.png?v=26582*****https://theme.hstatic.net/1000230347/1000782290/14/product-placeholder.png?v=26582*****https://theme.hstatic.net/1000230347/1000782290/14/product-placeholder.png?v=26582*****https://theme.hstatic.net/1000230347/1000782290/14/product-placeholder.png?v=26582,"39,600₫",,https://thienlong.vn/products/but-long-thien-long-colokit-fp-01
747,Sáp dầu 18 màu Colokit Doraemon OP-C08/DO,50004429,Colokit,https://product.hstatic.net/1000230347/product/artboard_4_2_cc10d0d2db1a4e25a894fb863213c8f4_1024x1024.jpg*****https://product.hstatic.net/1000230347/product/artboard_4_627c2c0a4a4340618661fdafb5726c88_1024x1024.jpg*****https://product.hstatic.net/1000230347/product/artboard_3_copy_2_f2aa0e497b3c43abb0cce39f314000a1_1024x1024.jpg*****https://product.hstatic.net/1000230347/product/artboard_3_copy_3_4535c5e527ff4a6fb581bf5b759f03d3_1024x1024.jpg*****https://theme.hstatic.net/1000230347/1000782290/14/product-placeholder.png?v=26582*****https://theme.hstatic.net/1000230347/1000782290/14/product-placeholder.png?v=26582*****https://theme.hstatic.net/1000230347/1000782290/14/product-placeholder.png?v=26582*****https://theme.hstatic.net/1000230347/1000782290/14/product-placeholder.png?v=26582*****https://theme.hstatic.net/1000230347/1000782290/14/product-placeholder.png?v=26582*****https://theme.hstatic.net/1000230347/1000782290/14/product-placeholder.png?v=26582*****https://theme.hstatic.net/1000230347/1000782290/14/product-placeholder.png?v=26582*****https://theme.hstatic.net/1000230347/1000782290/14/product-placeholder.png?v=26582*****https://theme.hstatic.net/1000230347/1000782290/14/product-placeholder.png?v=26582*****https://theme.hstatic.net/1000230347/1000782290/14/product-placeholder.png?v=26582*****https://theme.hstatic.net/1000230347/1000782290/14/product-placeholder.png?v=26582*****https://theme.hstatic.net/1000230347/1000782290/14/product-placeholder.png?v=26582*****https://theme.hstatic.net/1000230347/1000782290/14/product-placeholder.png?v=26582*****https://theme.hstatic.net/1000230347/1000782290/14/product-placeholder.png?v=26582,"42,900₫",,https://thienlong.vn/products/sap-dau-thien-long-colokit-opc-08-do
748,Sáp dầu 12 màu Colokit Doraemon OP-C07/DO,50004065,Colokit,https://product.hstatic.net/1000230347/product/artboard_5_2_46e6bab758094433ba98db3d8f02d9c2_1024x1024.jpg*****https://product.hstatic.net/1000230347/product/artboard_5_3304e28876444c709f20691de5d168c3_1024x1024.jpg*****https://product.hstatic.net/1000230347/product/artboard_3_copy_2_7c4a2247e9e64a2097fafd184bca797f_1024x1024.jpg*****https://product.hstatic.net/1000230347/product/artboard_3_copy_3_d2452f9e9f3f421b95912a5d60a66f4c_1024x1024.jpg*****https://theme.hstatic.net/1000230347/1000782290/14/product-placeholder.png?v=26582*****https://theme.hstatic.net/1000230347/1000782290/14/product-placeholder.png?v=26582*****https://theme.hstatic.net/1000230347/1000782290/14/product-placeholder.png?v=26582*****https://theme.hstatic.net/1000230347/1000782290/14/product-placeholder.png?v=26582*****https://theme.hstatic.net/1000230347/1000782290/14/product-placeholder.png?v=26582*****https://theme.hstatic.net/1000230347/1000782290/14/product-placeholder.png?v=26582*****https://theme.hstatic.net/1000230347/1000782290/14/product-placeholder.png?v=26582*****https://theme.hstatic.net/1000230347/1000782290/14/product-placeholder.png?v=26582*****https://theme.hstatic.net/1000230347/1000782290/14/product-placeholder.png?v=26582*****https://theme.hstatic.net/1000230347/1000782290/14/product-placeholder.png?v=26582*****https://theme.hstatic.net/1000230347/1000782290/14/product-placeholder.png?v=26582*****https://theme.hstatic.net/1000230347/1000782290/14/product-placeholder.png?v=26582*****https://theme.hstatic.net/1000230347/1000782290/14/product-placeholder.png?v=26582*****https://theme.hstatic.net/1000230347/1000782290/14/product-placeholder.png?v=26582,"31,400₫",,https://thienlong.vn/products/sap-dau-12-mau-thien-long-colokit-opc-07-do
749,Sáp 24 màu Colokit Doraemon CR-C06/DO,50001667,Colokit,https://product.hstatic.net/1000230347/product/artboard_8_2_84f4a52474294b05bb22bd47b49d5e0c_1024x1024.jpg*****https://product.hstatic.net/1000230347/product/artboard_4_a9d622285a00419298a4f142a46e344b_1024x1024.jpg*****https://product.hstatic.net/1000230347/product/artboard_12_abeecb4784c74d6ab2d92fd17b5257c0_1024x1024.jpg*****https://product.hstatic.net/1000230347/product/artboard_3_copy_2_465c578ae5f141f7be0360570f1ae64e_1024x1024.jpg*****https://theme.hstatic.net/1000230347/1000782290/14/product-placeholder.png?v=26582*****https://theme.hstatic.net/1000230347/1000782290/14/product-placeholder.png?v=26582*****https://theme.hstatic.net/1000230347/1000782290/14/product-placeholder.png?v=26582*****https://theme.hstatic.net/1000230347/1000782290/14/product-placeholder.png?v=26582*****https://theme.hstatic.net/1000230347/1000782290/14/product-placeholder.png?v=26582*****https://theme.hstatic.net/1000230347/1000782290/14/product-placeholder.png?v=26582*****https://theme.hstatic.net/1000230347/1000782290/14/product-placeholder.png?v=26582*****https://theme.hstatic.net/1000230347/1000782290/14/product-placeholder.png?v=26582*****https://theme.hstatic.net/1000230347/1000782290/14/product-placeholder.png?v=26582*****https://theme.hstatic.net/1000230347/1000782290/14/product-placeholder.png?v=26582*****https://theme.hstatic.net/1000230347/1000782290/14/product-placeholder.png?v=26582*****https://theme.hstatic.net/1000230347/1000782290/14/product-placeholder.png?v=26582*****https://theme.hstatic.net/1000230347/1000782290/14/product-placeholder.png?v=26582*****https://theme.hstatic.net/1000230347/1000782290/14/product-placeholder.png?v=26582*****https://theme.hstatic.net/1000230347/1000782290/14/product-placeholder.png?v=26582*****https://theme.hstatic.net/1000230347/1000782290/14/product-placeholder.png?v=26582*****https://theme.hstatic.net/1000230347/1000782290/14/product-placeholder.png?v=26582*****https://theme.hstatic.net/1000230347/1000782290/14/product-placeholder.png?v=26582*****https://theme.hstatic.net/1000230347/1000782290/14/product-placeholder.png?v=26582*****https://theme.hstatic.net/1000230347/1000782290/14/product-placeholder.png?v=26582*****https://theme.hstatic.net/1000230347/1000782290/14/product-placeholder.png?v=26582*****https://theme.hstatic.net/1000230347/1000782290/14/product-placeholder.png?v=26582*****https://theme.hstatic.net/1000230347/1000782290/14/product-placeholder.png?v=26582*****https://theme.hstatic.net/1000230347/1000782290/14/product-placeholder.png?v=26582*****https://theme.hstatic.net/1000230347/1000782290/14/product-placeholder.png?v=26582,"46,200₫",,https://thienlong.vn/products/sap-mau-thien-long-colokit-cr-c06-do
750,Sáp 16 màu Colokit Doraemon CR-C05/DO,50001666,Colokit,https://product.hstatic.net/1000230347/product/artboard_9_2_f65f6006177a4d869be313dbcaf11079_1024x1024.jpg*****https://product.hstatic.net/1000230347/product/artboard_7_f6229904a7bc436393295908fd46a313_1024x1024.jpg*****https://product.hstatic.net/1000230347/product/artboard_11_99a85bc548cd49058e3b8329f1090f5f_1024x1024.jpg*****https://product.hstatic.net/1000230347/product/artboard_3_copy_2_88d4082eff4a439b9f11a9911500db68_1024x1024.jpg*****https://theme.hstatic.net/1000230347/1000782290/14/product-placeholder.png?v=26582*****https://theme.hstatic.net/1000230347/1000782290/14/product-placeholder.png?v=26582*****https://theme.hstatic.net/1000230347/1000782290/14/product-placeholder.png?v=26582*****https://theme.hstatic.net/1000230347/1000782290/14/product-placeholder.png?v=26582*****https://theme.hstatic.net/1000230347/1000782290/14/product-placeholder.png?v=26582*****https://theme.hstatic.net/1000230347/1000782290/14/product-placeholder.png?v=26582*****https://theme.hstatic.net/1000230347/1000782290/14/product-placeholder.png?v=26582*****https://theme.hstatic.net/1000230347/1000782290/14/product-placeholder.png?v=26582*****https://theme.hstatic.net/1000230347/1000782290/14/product-placeholder.png?v=26582*****https://theme.hstatic.net/1000230347/1000782290/14/product-placeholder.png?v=26582*****https://theme.hstatic.net/1000230347/1000782290/14/product-placeholder.png?v=26582*****https://theme.hstatic.net/1000230347/1000782290/14/product-placeholder.png?v=26582*****https://theme.hstatic.net/1000230347/1000782290/14/product-placeholder.png?v=26582*****https://theme.hstatic.net/1000230347/1000782290/14/product-placeholder.png?v=26582*****https://theme.hstatic.net/1000230347/1000782290/14/product-placeholder.png?v=26582*****https://theme.hstatic.net/1000230347/1000782290/14/product-placeholder.png?v=26582*****https://theme.hstatic.net/1000230347/1000782290/14/product-placeholder.png?v=26582*****https://theme.hstatic.net/1000230347/1000782290/14/product-placeholder.png?v=26582*****https://theme.hstatic.net/1000230347/1000782290/14/product-placeholder.png?v=26582*****https://theme.hstatic.net/1000230347/1000782290/14/product-placeholder.png?v=26582*****https://theme.hstatic.net/1000230347/1000782290/14/product-placeholder.png?v=26582*****https://theme.hstatic.net/1000230347/1000782290/14/product-placeholder.png?v=26582*****https://theme.hstatic.net/1000230347/1000782290/14/product-placeholder.png?v=26582*****https://theme.hstatic.net/1000230347/1000782290/14/product-placeholder.png?v=26582*****https://theme.hstatic.net/1000230347/1000782290/14/product-placeholder.png?v=26582,"35,500₫",,https://thienlong.vn/products/sap-mau-thien-long-colokit-cr-c05-do
751,Sáp 10 màu Colokit Doraemon CR-C04/DO,50001665,Colokit,https://product.hstatic.net/1000230347/product/artboard_10_2_8241b2b436f3480da4c5569abe78bd1c_1024x1024.jpg*****https://product.hstatic.net/1000230347/product/artboard_10_4abaac4da5bd43a7b9ca4c835beb7083_1024x1024.jpg*****https://product.hstatic.net/1000230347/product/artboard_5_e504915bed5a4a3786d94b99309a41a7_1024x1024.jpg*****https://product.hstatic.net/1000230347/product/artboard_13_aceb409fcf1842e7985a8e9ddd1793c2_1024x1024.jpg*****https://theme.hstatic.net/1000230347/1000782290/14/product-placeholder.png?v=26582*****https://theme.hstatic.net/1000230347/1000782290/14/product-placeholder.png?v=26582*****https://theme.hstatic.net/1000230347/1000782290/14/product-placeholder.png?v=26582*****https://theme.hstatic.net/1000230347/1000782290/14/product-placeholder.png?v=26582*****https://theme.hstatic.net/1000230347/1000782290/14/product-placeholder.png?v=26582*****https://theme.hstatic.net/1000230347/1000782290/14/product-placeholder.png?v=26582*****https://theme.hstatic.net/1000230347/1000782290/14/product-placeholder.png?v=26582*****https://theme.hstatic.net/1000230347/1000782290/14/product-placeholder.png?v=26582*****https://theme.hstatic.net/1000230347/1000782290/14/product-placeholder.png?v=26582*****https://theme.hstatic.net/1000230347/1000782290/14/product-placeholder.png?v=26582*****https://theme.hstatic.net/1000230347/1000782290/14/product-placeholder.png?v=26582*****https://theme.hstatic.net/1000230347/1000782290/14/product-placeholder.png?v=26582*****https://theme.hstatic.net/1000230347/1000782290/14/product-placeholder.png?v=26582*****https://theme.hstatic.net/1000230347/1000782290/14/product-placeholder.png?v=26582*****https://theme.hstatic.net/1000230347/1000782290/14/product-placeholder.png?v=26582*****https://theme.hstatic.net/1000230347/1000782290/14/product-placeholder.png?v=26582*****https://theme.hstatic.net/1000230347/1000782290/14/product-placeholder.png?v=26582*****https://theme.hstatic.net/1000230347/1000782290/14/product-placeholder.png?v=26582*****https://theme.hstatic.net/1000230347/1000782290/14/product-placeholder.png?v=26582*****https://theme.hstatic.net/1000230347/1000782290/14/product-placeholder.png?v=26582*****https://theme.hstatic.net/1000230347/1000782290/14/product-placeholder.png?v=26582*****https://theme.hstatic.net/1000230347/1000782290/14/product-placeholder.png?v=26582*****https://theme.hstatic.net/1000230347/1000782290/14/product-placeholder.png?v=26582*****https://theme.hstatic.net/1000230347/1000782290/14/product-placeholder.png?v=26582*****https://theme.hstatic.net/1000230347/1000782290/14/product-placeholder.png?v=26582,"24,800₫",,https://thienlong.vn/products/sap-mau-thien-long-colokit-cr-c04-do
752,Sáp 24 màu Colokit CR-C021,50012828FLC,Colokit,https://product.hstatic.net/1000230347/product/artboard_1_949d0d78951b46439b99b86b89a77615_1024x1024.jpg*****https://product.hstatic.net/1000230347/product/artboard_2_1367e74ae5034a629ea34618d24a98b3_1024x1024.jpg*****https://product.hstatic.net/1000230347/product/artboard_3_2f7259e0e4c2466187764183aca63289_1024x1024.jpg*****https://product.hstatic.net/1000230347/product/artboard_4_7df19b4291a44258a553090b58e4e49c_1024x1024.jpg*****https://theme.hstatic.net/1000230347/1000782290/14/product-placeholder.png?v=26579*****https://theme.hstatic.net/1000230347/1000782290/14/product-placeholder.png?v=26579,"43,000₫",,https://thienlong.vn/products/sap-mau-thien-long-colokit-cr-c021
753,Sáp 12 màu Colokit CR-C016,50002745,Colokit,https://product.hstatic.net/1000230347/product/thumbnail_0e3e7d32ed464a6c989aa5ff68ff9266_1024x1024.jpg*****https://product.hstatic.net/1000230347/product/1_4d46193e44d74d80be3844193b1962aa_1024x1024.jpg*****https://product.hstatic.net/1000230347/product/2_c5c5092bba3046099505b9b4b4eb410e_1024x1024.jpg*****https://product.hstatic.net/1000230347/product/3_58a9f3d54c904832921ed03611e8f828_1024x1024.jpg*****https://theme.hstatic.net/1000230347/1000782290/14/product-placeholder.png?v=26582*****https://theme.hstatic.net/1000230347/1000782290/14/product-placeholder.png?v=26582*****https://theme.hstatic.net/1000230347/1000782290/14/product-placeholder.png?v=26582*****https://theme.hstatic.net/1000230347/1000782290/14/product-placeholder.png?v=26582*****https://theme.hstatic.net/1000230347/1000782290/14/product-placeholder.png?v=26582*****https://theme.hstatic.net/1000230347/1000782290/14/product-placeholder.png?v=26582*****https://theme.hstatic.net/1000230347/1000782290/14/product-placeholder.png?v=26582*****https://theme.hstatic.net/1000230347/1000782290/14/product-placeholder.png?v=26582*****https://theme.hstatic.net/1000230347/1000782290/14/product-placeholder.png?v=26582*****https://theme.hstatic.net/1000230347/1000782290/14/product-placeholder.png?v=26582*****https://theme.hstatic.net/1000230347/1000782290/14/product-placeholder.png?v=26582*****https://theme.hstatic.net/1000230347/1000782290/14/product-placeholder.png?v=26582*****https://theme.hstatic.net/1000230347/1000782290/14/product-placeholder.png?v=26582*****https://theme.hstatic.net/1000230347/1000782290/14/product-placeholder.png?v=26582*****https://theme.hstatic.net/1000230347/1000782290/14/product-placeholder.png?v=26582*****https://theme.hstatic.net/1000230347/1000782290/14/product-placeholder.png?v=26582*****https://theme.hstatic.net/1000230347/1000782290/14/product-placeholder.png?v=26582,"12,000₫",,https://thienlong.vn/products/sap-mau-thien-long-colokit-cr-c016
754,Sáp 10 màu Colokit CR-C015,50002744,Colokit,https://product.hstatic.net/1000230347/product/artboard_2_1f950f89da004725ae14dc155b3bb498_1024x1024.jpg*****https://product.hstatic.net/1000230347/product/artboard_5_924a0665e59949e8b442429574a1cc89_1024x1024.jpg*****https://product.hstatic.net/1000230347/product/9_2fef5a2e823b44d3bc2b21927da76303_1024x1024.jpg*****https://product.hstatic.net/1000230347/product/artboard_6_77a12032b29041e09edd4aaf0721735d_1024x1024.jpg*****https://theme.hstatic.net/1000230347/1000782290/14/product-placeholder.png?v=26582*****https://theme.hstatic.net/1000230347/1000782290/14/product-placeholder.png?v=26582*****https://theme.hstatic.net/1000230347/1000782290/14/product-placeholder.png?v=26582*****https://theme.hstatic.net/1000230347/1000782290/14/product-placeholder.png?v=26582*****https://theme.hstatic.net/1000230347/1000782290/14/product-placeholder.png?v=26582*****https://theme.hstatic.net/1000230347/1000782290/14/product-placeholder.png?v=26582*****https://theme.hstatic.net/1000230347/1000782290/14/product-placeholder.png?v=26582*****https://theme.hstatic.net/1000230347/1000782290/14/product-placeholder.png?v=26582*****https://theme.hstatic.net/1000230347/1000782290/14/product-placeholder.png?v=26582*****https://theme.hstatic.net/1000230347/1000782290/14/product-placeholder.png?v=26582*****https://theme.hstatic.net/1000230347/1000782290/14/product-placeholder.png?v=26582*****https://theme.hstatic.net/1000230347/1000782290/14/product-placeholder.png?v=26582*****https://theme.hstatic.net/1000230347/1000782290/14/product-placeholder.png?v=26582*****https://theme.hstatic.net/1000230347/1000782290/14/product-placeholder.png?v=26582*****https://theme.hstatic.net/1000230347/1000782290/14/product-placeholder.png?v=26582*****https://theme.hstatic.net/1000230347/1000782290/14/product-placeholder.png?v=26582*****https://theme.hstatic.net/1000230347/1000782290/14/product-placeholder.png?v=26582,"11,000₫",,https://thienlong.vn/products/sap-mau-thien-long-colokit-cr-c015
755,Sáp 24 màu Colokit CR-C09 - Tặng bộ mô hình DIY,50016588,Colokit,https://product.hstatic.net/1000230347/product/thumbnail_2_b10f826f939b42ba8f5f2a136ddbde25_1024x1024.jpg*****https://product.hstatic.net/1000230347/product/5_5a676ddb3e9a43f9aa2590217c0d810d_1024x1024.jpg*****https://product.hstatic.net/1000230347/product/1_6ab701e9728349ff9d6da7ed46e7d7aa_1024x1024.jpg*****https://product.hstatic.net/1000230347/product/2_4ec3fdeb450844cb9f27b8b527a84dda_1024x1024.jpg*****https://theme.hstatic.net/1000230347/1000782290/14/product-placeholder.png?v=26582*****https://theme.hstatic.net/1000230347/1000782290/14/product-placeholder.png?v=26582*****https://theme.hstatic.net/1000230347/1000782290/14/product-placeholder.png?v=26582*****https://theme.hstatic.net/1000230347/1000782290/14/product-placeholder.png?v=26582*****https://theme.hstatic.net/1000230347/1000782290/14/product-placeholder.png?v=26582*****https://theme.hstatic.net/1000230347/1000782290/14/product-placeholder.png?v=26582*****https://theme.hstatic.net/1000230347/1000782290/14/product-placeholder.png?v=26582*****https://theme.hstatic.net/1000230347/1000782290/14/product-placeholder.png?v=26582*****https://theme.hstatic.net/1000230347/1000782290/14/product-placeholder.png?v=26582*****https://theme.hstatic.net/1000230347/1000782290/14/product-placeholder.png?v=26582*****https://theme.hstatic.net/1000230347/1000782290/14/product-placeholder.png?v=26582*****https://theme.hstatic.net/1000230347/1000782290/14/product-placeholder.png?v=26582*****https://theme.hstatic.net/1000230347/1000782290/14/product-placeholder.png?v=26582*****https://theme.hstatic.net/1000230347/1000782290/14/product-placeholder.png?v=26582*****https://theme.hstatic.net/1000230347/1000782290/14/product-placeholder.png?v=26582*****https://theme.hstatic.net/1000230347/1000782290/14/product-placeholder.png?v=26582*****https://theme.hstatic.net/1000230347/1000782290/14/product-placeholder.png?v=26582,"40,400₫",,https://thienlong.vn/products/sap-mau-thien-long-colokit-cr-c09
756,Sáp 16 màu Colokit CR-C08 - Tặng bộ mô hình DIY,50016587,Colokit,https://product.hstatic.net/1000230347/product/thumbnail_sap_mau_16_mau_-_cr-c08_b6b1797d459b47938dcbaebc1265b0b3_1024x1024.jpg*****https://product.hstatic.net/1000230347/product/1_532b005300b5424f99536bec2899eb4e_1024x1024.jpg*****https://product.hstatic.net/1000230347/product/2_22d074bcd33041fe92334ae80e47fd46_1024x1024.jpg*****https://product.hstatic.net/1000230347/product/3_95634e7bb5004db19da5527b8f7ac9b4_1024x1024.jpg*****https://theme.hstatic.net/1000230347/1000782290/14/product-placeholder.png?v=26582*****https://theme.hstatic.net/1000230347/1000782290/14/product-placeholder.png?v=26582*****https://theme.hstatic.net/1000230347/1000782290/14/product-placeholder.png?v=26582*****https://theme.hstatic.net/1000230347/1000782290/14/product-placeholder.png?v=26582*****https://theme.hstatic.net/1000230347/1000782290/14/product-placeholder.png?v=26582*****https://theme.hstatic.net/1000230347/1000782290/14/product-placeholder.png?v=26582*****https://theme.hstatic.net/1000230347/1000782290/14/product-placeholder.png?v=26582*****https://theme.hstatic.net/1000230347/1000782290/14/product-placeholder.png?v=26582*****https://theme.hstatic.net/1000230347/1000782290/14/product-placeholder.png?v=26582*****https://theme.hstatic.net/1000230347/1000782290/14/product-placeholder.png?v=26582*****https://theme.hstatic.net/1000230347/1000782290/14/product-placeholder.png?v=26582*****https://theme.hstatic.net/1000230347/1000782290/14/product-placeholder.png?v=26582*****https://theme.hstatic.net/1000230347/1000782290/14/product-placeholder.png?v=26582*****https://theme.hstatic.net/1000230347/1000782290/14/product-placeholder.png?v=26582*****https://theme.hstatic.net/1000230347/1000782290/14/product-placeholder.png?v=26582*****https://theme.hstatic.net/1000230347/1000782290/14/product-placeholder.png?v=26582*****https://theme.hstatic.net/1000230347/1000782290/14/product-placeholder.png?v=26582*****https://theme.hstatic.net/1000230347/1000782290/14/product-placeholder.png?v=26582*****https://theme.hstatic.net/1000230347/1000782290/14/product-placeholder.png?v=26582*****https://theme.hstatic.net/1000230347/1000782290/14/product-placeholder.png?v=26582*****https://theme.hstatic.net/1000230347/1000782290/14/product-placeholder.png?v=26582*****https://theme.hstatic.net/1000230347/1000782290/14/product-placeholder.png?v=26582*****https://theme.hstatic.net/1000230347/1000782290/14/product-placeholder.png?v=26582,"35,000₫",,https://thienlong.vn/products/sap-mau-thien-long-colokit-cr-c08-new
757,Sáp 10 màu Colokit CR-C07,50001668,Colokit,https://product.hstatic.net/1000230347/product/thumbnail_2_678d1e878f5a4b9287f9cea3743bcc38_1024x1024.jpg*****https://product.hstatic.net/1000230347/product/1_6e2a758546b845f88309dcc14f0cd128_1024x1024.jpg*****https://product.hstatic.net/1000230347/product/2_519093e6cea641ce82bb0a984462530a_1024x1024.jpg*****https://product.hstatic.net/1000230347/product/3_e2d90f0e4cee4bfd8f246a69a9b1bed3_1024x1024.jpg*****https://theme.hstatic.net/1000230347/1000782290/14/product-placeholder.png?v=26582*****https://theme.hstatic.net/1000230347/1000782290/14/product-placeholder.png?v=26582*****https://theme.hstatic.net/1000230347/1000782290/14/product-placeholder.png?v=26582*****https://theme.hstatic.net/1000230347/1000782290/14/product-placeholder.png?v=26582*****https://theme.hstatic.net/1000230347/1000782290/14/product-placeholder.png?v=26582*****https://theme.hstatic.net/1000230347/1000782290/14/product-placeholder.png?v=26582*****https://theme.hstatic.net/1000230347/1000782290/14/product-placeholder.png?v=26582*****https://theme.hstatic.net/1000230347/1000782290/14/product-placeholder.png?v=26582*****https://theme.hstatic.net/1000230347/1000782290/14/product-placeholder.png?v=26582*****https://theme.hstatic.net/1000230347/1000782290/14/product-placeholder.png?v=26582*****https://theme.hstatic.net/1000230347/1000782290/14/product-placeholder.png?v=26582*****https://theme.hstatic.net/1000230347/1000782290/14/product-placeholder.png?v=26582*****https://theme.hstatic.net/1000230347/1000782290/14/product-placeholder.png?v=26582*****https://theme.hstatic.net/1000230347/1000782290/14/product-placeholder.png?v=26582*****https://theme.hstatic.net/1000230347/1000782290/14/product-placeholder.png?v=26582*****https://theme.hstatic.net/1000230347/1000782290/14/product-placeholder.png?v=26582*****https://theme.hstatic.net/1000230347/1000782290/14/product-placeholder.png?v=26582*****https://theme.hstatic.net/1000230347/1000782290/14/product-placeholder.png?v=26582*****https://theme.hstatic.net/1000230347/1000782290/14/product-placeholder.png?v=26582*****https://theme.hstatic.net/1000230347/1000782290/14/product-placeholder.png?v=26582*****https://theme.hstatic.net/1000230347/1000782290/14/product-placeholder.png?v=26582*****https://theme.hstatic.net/1000230347/1000782290/14/product-placeholder.png?v=26582*****https://theme.hstatic.net/1000230347/1000782290/14/product-placeholder.png?v=26582,"23,000₫",,https://thienlong.vn/products/sap-mau-thien-long-colokit-cr-c07
758,Ream giấy A5 70 gsm IK Copy (500 tờ) - Hàng nhập khẩu Indonesia,60002239,IK Copy,https://product.hstatic.net/1000230347/product/artboard_14_124fdf84d50a46f7b14e7cfac05152e9_1024x1024.jpg*****https://product.hstatic.net/1000230347/product/artboard_19_2fb047e09c7e45f0ba2b6ebe9ed4c604_1024x1024.jpg*****https://product.hstatic.net/1000230347/product/artboard_21_copy_f5f56bfe1fd54258a0e69ea84bf88fc8_1024x1024.jpg*****https://product.hstatic.net/1000230347/product/artboard_16_copy_334ca757d3074e5d955528bff76a7abb_1024x1024.jpg*****https://theme.hstatic.net/1000230347/1000782290/14/product-placeholder.png?v=26582*****https://theme.hstatic.net/1000230347/1000782290/14/product-placeholder.png?v=26582*****https://theme.hstatic.net/1000230347/1000782290/14/product-placeholder.png?v=26582*****https://theme.hstatic.net/1000230347/1000782290/14/product-placeholder.png?v=26582*****https://theme.hstatic.net/1000230347/1000782290/14/product-placeholder.png?v=26582*****https://theme.hstatic.net/1000230347/1000782290/14/product-placeholder.png?v=26582,"44,000₫",,https://thienlong.vn/products/ream-giay-a5-70-gsm-ik-copy-500-to-hang-nhap-khau-indonesia
759,Ream giấy A4 70 gsm IK Copy (500 tờ) - Hàng nhập khẩu Indonesia,60002238,IK Copy,https://product.hstatic.net/1000230347/product/new26_227dafd725ce4ff3a1f65de31d4f2a4f_1024x1024.jpg*****https://product.hstatic.net/1000230347/product/artboard_1_368492249efe4db2a11dc4b51e34995c_1024x1024.jpg*****https://product.hstatic.net/1000230347/product/artboard_10_fa037c495bbe4b3eb981224d3fcf6e9f_1024x1024.jpg*****https://product.hstatic.net/1000230347/product/artboard_8_8c7c4dcf20394ac3a2f07bcb9799f4e1_1024x1024.jpg*****https://theme.hstatic.net/1000230347/1000782290/14/product-placeholder.png?v=26582*****https://theme.hstatic.net/1000230347/1000782290/14/product-placeholder.png?v=26582*****https://theme.hstatic.net/1000230347/1000782290/14/product-placeholder.png?v=26582*****https://theme.hstatic.net/1000230347/1000782290/14/product-placeholder.png?v=26582*****https://theme.hstatic.net/1000230347/1000782290/14/product-placeholder.png?v=26582*****https://theme.hstatic.net/1000230347/1000782290/14/product-placeholder.png?v=26582*****https://theme.hstatic.net/1000230347/1000782290/14/product-placeholder.png?v=26582*****https://theme.hstatic.net/1000230347/1000782290/14/product-placeholder.png?v=26582,"87,000₫",,https://thienlong.vn/products/ream-giay-a4-70-gsm-ik-copy-500-to
760,Ream giấy A4 70 gsm Thiên Long Copy Plus PP-003 (500 tờ),60020850,Copy Plus,https://product.hstatic.net/1000230347/product/artboard_2_e9d0221548fb4fafb75cde9533bbcddf_1024x1024.jpg*****https://product.hstatic.net/1000230347/product/artboard_3_copy_2796a5ada66f41c89609171a0c128559_1024x1024.jpg*****https://product.hstatic.net/1000230347/product/artboard_4_copy_2_31b5d8a0470e490cbc4174a846d26d02_1024x1024.jpg*****https://product.hstatic.net/1000230347/product/artboard_14_f10a73b92b104ad1a6c322e5e1a2c7ff_1024x1024.jpg*****https://theme.hstatic.net/1000230347/1000782290/14/product-placeholder.png?v=26582*****https://theme.hstatic.net/1000230347/1000782290/14/product-placeholder.png?v=26582*****https://theme.hstatic.net/1000230347/1000782290/14/product-placeholder.png?v=26582*****https://theme.hstatic.net/1000230347/1000782290/14/product-placeholder.png?v=26582*****https://theme.hstatic.net/1000230347/1000782290/14/product-placeholder.png?v=26582*****https://theme.hstatic.net/1000230347/1000782290/14/product-placeholder.png?v=26582,"87,000₫",,https://thienlong.vn/products/ream-giay-a4-70-gsm-thien-long-copy-plus-pp-003-500-to-hang-nhap-khau
761,Ream giấy A4 80 gsm IK Copy (500 tờ) - Hàng nhập khẩu Indonesia,60002241,IK Copy,https://product.hstatic.net/1000230347/product/artboard_1_094f241ea4054633bc9f20017801eb19_1024x1024.jpg*****https://product.hstatic.net/1000230347/product/new27_371cc1386217469d8fae4da74cfdd95b_1024x1024.jpg*****https://product.hstatic.net/1000230347/product/artboard_8_28f0b73861da446cbc2fbcfcb27f0bf9_1024x1024.jpg*****https://product.hstatic.net/1000230347/product/artboard_14_4f477a86896443e5a53e2699bd13e8e3_1024x1024.jpg*****https://theme.hstatic.net/1000230347/1000782290/14/product-placeholder.png?v=26582*****https://theme.hstatic.net/1000230347/1000782290/14/product-placeholder.png?v=26582*****https://theme.hstatic.net/1000230347/1000782290/14/product-placeholder.png?v=26582*****https://theme.hstatic.net/1000230347/1000782290/14/product-placeholder.png?v=26582*****https://theme.hstatic.net/1000230347/1000782290/14/product-placeholder.png?v=26582*****https://theme.hstatic.net/1000230347/1000782290/14/product-placeholder.png?v=26582,"101,000₫",,https://thienlong.vn/products/ream-giay-a4-80-gsm-ik-copy-500-to
762,Ream giấy A3 70 gsm IK Copy (500 tờ),60002237,IK Copy,https://product.hstatic.net/1000230347/product/artboard_12_f6b086762675487a92ebc6cdc296ae70_1024x1024.jpg*****https://product.hstatic.net/1000230347/product/artboard_18_copy_cc4a3b8d5a2a48e0bd220cbcdf15e368_1024x1024.jpg*****https://product.hstatic.net/1000230347/product/artboard_1_copy_e0622b87287049c1bcf560b382c23137_1024x1024.jpg*****https://product.hstatic.net/1000230347/product/artboard_8_7eddd9b0d7904691ba43630fb3534eae_1024x1024.jpg*****https://theme.hstatic.net/1000230347/1000782290/14/product-placeholder.png?v=26579*****https://theme.hstatic.net/1000230347/1000782290/14/product-placeholder.png?v=26579*****https://theme.hstatic.net/1000230347/1000782290/14/product-placeholder.png?v=26579*****https://theme.hstatic.net/1000230347/1000782290/14/product-placeholder.png?v=26579*****https://theme.hstatic.net/1000230347/1000782290/14/product-placeholder.png?v=26579*****https://theme.hstatic.net/1000230347/1000782290/14/product-placeholder.png?v=26579,"174,000₫",,https://thienlong.vn/products/ream-giay-a3-ik-copy-a370-500-to
763,Ream giấy A3 80 gsm IK Copy (500 tờ) - Hàng nhập khẩu Indonesia,60002240,IK Copy,https://product.hstatic.net/1000230347/product/artboard_1_7992a59557d6479e92437f774ee3e8b4_1024x1024.jpg*****https://product.hstatic.net/1000230347/product/new28_02992d2d2ccf4239ad02d44f65f09813_1024x1024.jpg*****https://product.hstatic.net/1000230347/product/artboard_3_e9a29821c4644c43af9747e4731ddd31_1024x1024.jpg*****https://product.hstatic.net/1000230347/product/artboard_8_a2e63773b5f043c4be7b1960a0111fe9_1024x1024.jpg*****https://theme.hstatic.net/1000230347/1000782290/14/product-placeholder.png?v=26582*****https://theme.hstatic.net/1000230347/1000782290/14/product-placeholder.png?v=26582*****https://theme.hstatic.net/1000230347/1000782290/14/product-placeholder.png?v=26582*****https://theme.hstatic.net/1000230347/1000782290/14/product-placeholder.png?v=26582*****https://theme.hstatic.net/1000230347/1000782290/14/product-placeholder.png?v=26582*****https://theme.hstatic.net/1000230347/1000782290/14/product-placeholder.png?v=26582*****https://theme.hstatic.net/1000230347/1000782290/14/product-placeholder.png?v=26582,"201,000₫",,https://thienlong.vn/products/ream-giay-a3-80-gsm-ik-copy-500-to
764,Combo 5 Ream giấy A5 70 gsm IK Copy (500 tờ) - Hàng nhập khẩu Indonesia,60002239CB5,IK Copy,https://product.hstatic.net/1000230347/product/artboard_19_201b45c48fcc477ab39baceec2222c61_1024x1024.jpg*****https://product.hstatic.net/1000230347/product/artboard_1_copy_7a25c52744424d58a5d66026d20256ae_1024x1024.jpg*****https://product.hstatic.net/1000230347/product/artboard_8_b1d6df1570484594a6acf9119298601a_1024x1024.jpg*****https://product.hstatic.net/1000230347/product/artboard_14_0eb292b6b82f4183b1269557c75e4eeb_1024x1024.jpg*****https://theme.hstatic.net/1000230347/1000782290/14/product-placeholder.png?v=26582*****https://theme.hstatic.net/1000230347/1000782290/14/product-placeholder.png?v=26582*****https://theme.hstatic.net/1000230347/1000782290/14/product-placeholder.png?v=26582*****https://theme.hstatic.net/1000230347/1000782290/14/product-placeholder.png?v=26582*****https://theme.hstatic.net/1000230347/1000782290/14/product-placeholder.png?v=26582*****https://theme.hstatic.net/1000230347/1000782290/14/product-placeholder.png?v=26582,"220,000₫",,https://thienlong.vn/products/combo-5-ream-giay-a5-70-gsm-ik-copy-500-to-hang-nhap-khau-indonesia
765,Combo 5 Ream giấy A4 70 gsm IK Copy (500 tờ) - Hàng nhập khẩu Indonesia,60002238CB5,IK Copy,https://product.hstatic.net/1000230347/product/artboard_1_1d3201feaaa4493987bb7b1189e7b8f9_1024x1024.jpg*****https://product.hstatic.net/1000230347/product/artboard_1_19d97f96135d4d2b81d401776bcf9fc9_1024x1024.jpg*****https://product.hstatic.net/1000230347/product/artboard_10_copy_1cfbd17069234cf5bc0ec5d0fd406069_1024x1024.jpg*****https://product.hstatic.net/1000230347/product/artboard_8_22520bb10e9b441a8b0687d4bf6686ec_1024x1024.jpg*****https://theme.hstatic.net/1000230347/1000782290/14/product-placeholder.png?v=26582*****https://theme.hstatic.net/1000230347/1000782290/14/product-placeholder.png?v=26582*****https://theme.hstatic.net/1000230347/1000782290/14/product-placeholder.png?v=26582*****https://theme.hstatic.net/1000230347/1000782290/14/product-placeholder.png?v=26582*****https://theme.hstatic.net/1000230347/1000782290/14/product-placeholder.png?v=26582*****https://theme.hstatic.net/1000230347/1000782290/14/product-placeholder.png?v=26582*****https://theme.hstatic.net/1000230347/1000782290/14/product-placeholder.png?v=26582*****https://theme.hstatic.net/1000230347/1000782290/14/product-placeholder.png?v=26582,"435,000₫",,https://thienlong.vn/products/combo-5-ream-giay-a4-70-gsm-ik-copy-500-to-hang-nhap-khau-indonesia
766,Combo 10 Ream giấy A5 70 gsm IK Copy (500 tờ) - Hàng nhập khẩu Indonesia,60002239CB10,IK Copy,https://product.hstatic.net/1000230347/product/artboard_1_copy_3_53d9a956e9c3483595f013238c2e2cc8_1024x1024.jpg*****https://product.hstatic.net/1000230347/product/artboard_1_copy_db18d5b9e7b147e2a13bfff5cbdeffac_1024x1024.jpg*****https://product.hstatic.net/1000230347/product/artboard_21_copy_a83661bca3224cb2a683225f6134bc6d_1024x1024.jpg*****https://product.hstatic.net/1000230347/product/artboard_8_8ec01fb3666e4251b0e0a56c44489015_1024x1024.jpg*****https://theme.hstatic.net/1000230347/1000782290/14/product-placeholder.png?v=26582*****https://theme.hstatic.net/1000230347/1000782290/14/product-placeholder.png?v=26582*****https://theme.hstatic.net/1000230347/1000782290/14/product-placeholder.png?v=26582*****https://theme.hstatic.net/1000230347/1000782290/14/product-placeholder.png?v=26582*****https://theme.hstatic.net/1000230347/1000782290/14/product-placeholder.png?v=26582*****https://theme.hstatic.net/1000230347/1000782290/14/product-placeholder.png?v=26582*****https://theme.hstatic.net/1000230347/1000782290/14/product-placeholder.png?v=26582*****https://theme.hstatic.net/1000230347/1000782290/14/product-placeholder.png?v=26582,"440,000₫",,https://thienlong.vn/products/combo-10-ream-giay-a5-70-gsm-ik-copy-500-to-hang-nhap-khau-indonesia
767,Combo 5 Ream giấy A4 70 gsm Thiên Long Copy Plus PP-003 (500 tờ),60020850CB5,Copy Plus,https://product.hstatic.net/1000230347/product/artboard_1_copy_76ac2a6f78a14df0bb928451bfdab4e8_1024x1024.jpg*****https://product.hstatic.net/1000230347/product/artboard_3_copy_fffea6540f92477088e4b18c3f854778_1024x1024.jpg*****https://product.hstatic.net/1000230347/product/artboard_2_cc0a5131f9f4452cb539aab1407a8042_1024x1024.jpg*****https://product.hstatic.net/1000230347/product/artboard_4_copy_2_76beba16857a47b58bc1fb41eb705625_1024x1024.jpg*****https://theme.hstatic.net/1000230347/1000782290/14/product-placeholder.png?v=26582*****https://theme.hstatic.net/1000230347/1000782290/14/product-placeholder.png?v=26582*****https://theme.hstatic.net/1000230347/1000782290/14/product-placeholder.png?v=26582*****https://theme.hstatic.net/1000230347/1000782290/14/product-placeholder.png?v=26582*****https://theme.hstatic.net/1000230347/1000782290/14/product-placeholder.png?v=26582*****https://theme.hstatic.net/1000230347/1000782290/14/product-placeholder.png?v=26582*****https://theme.hstatic.net/1000230347/1000782290/14/product-placeholder.png?v=26582*****https://theme.hstatic.net/1000230347/1000782290/14/product-placeholder.png?v=26582,"500,000₫",,https://thienlong.vn/products/combo-5-ream-giay-a4-70-gsm-thien-long-copy-plus-pp-003-500-to-hang-nhap-khau
768,Combo 5 Ream giấy A4 80 gsm IK Copy (500 tờ) - Hàng nhập khẩu Indonesia,60002241CB5,IK Copy,https://product.hstatic.net/1000230347/product/artboard_1_copy_2_ce30d9ec8e47484389c0264982e991c3_1024x1024.jpg*****https://product.hstatic.net/1000230347/product/artboard_8_aaa7414430504dad975c929c02152e6f_1024x1024.jpg*****https://product.hstatic.net/1000230347/product/artboard_14_4a3e99892eb745dcbb95ff0a2a5c4bf4_1024x1024.jpg*****https://product.hstatic.net/1000230347/product/artboard_6_382aa0af26c14d6c9adeb6d66104ae45_1024x1024.jpg*****https://theme.hstatic.net/1000230347/1000782290/14/product-placeholder.png?v=26582*****https://theme.hstatic.net/1000230347/1000782290/14/product-placeholder.png?v=26582*****https://theme.hstatic.net/1000230347/1000782290/14/product-placeholder.png?v=26582*****https://theme.hstatic.net/1000230347/1000782290/14/product-placeholder.png?v=26582*****https://theme.hstatic.net/1000230347/1000782290/14/product-placeholder.png?v=26582,"505,000₫",,https://thienlong.vn/products/combo-5-ream-giay-a4-80-gsm-ik-copy-500-to-hang-nhap-khau-indonesia
769,Combo 5 Ream giấy A3 70 gsm IK Copy (500 tờ) - Hàng nhập khẩu Indonesia,60002237CB5,IK Copy,https://product.hstatic.net/1000230347/product/artboard_1_copy_7_b982705b80984f819b1fdfeb01bc8e54_1024x1024.jpg*****https://product.hstatic.net/1000230347/product/artboard_18_copy_73e968b2970a4231935541007c4aa3bf_1024x1024.jpg*****https://product.hstatic.net/1000230347/product/artboard_1_copy_effbe52507334f74acac265853d649b6_1024x1024.jpg*****https://product.hstatic.net/1000230347/product/artboard_8_5f5317aaa8014b5ba3b3cf19014eb207_1024x1024.jpg*****https://theme.hstatic.net/1000230347/1000782290/14/product-placeholder.png?v=26579*****https://theme.hstatic.net/1000230347/1000782290/14/product-placeholder.png?v=26579*****https://theme.hstatic.net/1000230347/1000782290/14/product-placeholder.png?v=26579*****https://theme.hstatic.net/1000230347/1000782290/14/product-placeholder.png?v=26579*****https://theme.hstatic.net/1000230347/1000782290/14/product-placeholder.png?v=26579*****https://theme.hstatic.net/1000230347/1000782290/14/product-placeholder.png?v=26579*****https://theme.hstatic.net/1000230347/1000782290/14/product-placeholder.png?v=26579,"870,000₫",,https://thienlong.vn/products/combo-5-ream-giay-a3-70-gsm-ik-copy-500-to-hang-nhap-khau-indonesia
770,Combo 10 Ream giấy A4 70 gsm IK Copy (500 tờ) - Hàng nhập khẩu Indonesia,60002238CB10,IK Copy,https://product.hstatic.net/1000230347/product/artboard_1_copy_5_989ac73549454aafbcdb78998d185bf0_1024x1024.jpg*****https://product.hstatic.net/1000230347/product/artboard_1_copy_f85a03a6f7494317af18d21f556c1a00_1024x1024.jpg*****https://product.hstatic.net/1000230347/product/artboard_8_c794b10e63c94232bfc284228beca63f_1024x1024.jpg*****https://product.hstatic.net/1000230347/product/artboard_14_7015d5e7e1b941a19e4d66f982dbb699_1024x1024.jpg*****https://theme.hstatic.net/1000230347/1000782290/14/product-placeholder.png?v=26582*****https://theme.hstatic.net/1000230347/1000782290/14/product-placeholder.png?v=26582*****https://theme.hstatic.net/1000230347/1000782290/14/product-placeholder.png?v=26582*****https://theme.hstatic.net/1000230347/1000782290/14/product-placeholder.png?v=26582*****https://theme.hstatic.net/1000230347/1000782290/14/product-placeholder.png?v=26582*****https://theme.hstatic.net/1000230347/1000782290/14/product-placeholder.png?v=26582*****https://theme.hstatic.net/1000230347/1000782290/14/product-placeholder.png?v=26582*****https://theme.hstatic.net/1000230347/1000782290/14/product-placeholder.png?v=26582,"870,000₫",,https://thienlong.vn/products/combo-10-ream-giay-a4-70-gsm-ik-copy-500-to-hang-nhap-khau-indonesia
771,Combo giấy in văn phòng IK siêu tiết kiệm,IKCA470PMI-01X,IK Copy,https://product.hstatic.net/1000230347/product/432dsgh_caa930d283254e3da62218cb2574ae04_1024x1024.jpg*****https://product.hstatic.net/1000230347/product/10ream___pmi-01_xanh_copy_66b62172ea6d40bfbad8342aa453933b_1024x1024.jpg*****https://product.hstatic.net/1000230347/product/10ream___pmi-01_den_copy_4ff37a6bf6b641649d7fe79b727a3870_1024x1024.jpg*****https://product.hstatic.net/1000230347/product/10ream___pmi-01_do_copy_83d704cf08f5488fb6ebfceb0e13fb37_1024x1024.jpg,"
						
						908,000₫
						
					",,https://thienlong.vn/products/combo-giay-in-van-phong-ik-sieu-tiet-kiem
772,Combo giấy photo IK A4 tiết kiệm,IKCA470WB-03X,IK Copy,https://product.hstatic.net/1000230347/product/10ream___wb-03_xanh_copy_75e02e868bac461eb567220b1cc58485_1024x1024.jpg*****https://product.hstatic.net/1000230347/product/10ream___wb-03_xanh_copy_0351eb24d7cd46b4a96e10a677201b97_1024x1024.jpg*****https://product.hstatic.net/1000230347/product/10ream___wb-03_den_copy_f2c98f19e77a4c4ea2c0182250754dc7_1024x1024.jpg*****https://product.hstatic.net/1000230347/product/10ream___wb-03_do_copy_aa90fd0aba7e4dda93513037acbb7e3a_1024x1024.jpg,"
						
						930,000₫
						
					",,https://thienlong.vn/products/combo-giay-photo-ik-a4-tiet-kiem
773,Combo giấy in văn phòng IK tinh thông,IKCA470PM-04X,IK Copy,https://product.hstatic.net/1000230347/product/10ream___pm-04_xanh_copy_334f36ae7b704417b2ddf86d23446275_1024x1024.jpg*****https://product.hstatic.net/1000230347/product/10ream___pm-04_xanh_copy_de2bf728fcd34476a79ab99adb714d73_1024x1024.jpg*****https://product.hstatic.net/1000230347/product/10ream___pm-04_den_copy_36c01b74c1bb49f9a425987fd5806d25_1024x1024.jpg*****https://product.hstatic.net/1000230347/product/10ream___pm-04_do_copy_8a5eea38428d4342bba3cde36d8dde9a_1024x1024.jpg,"
						
						950,000₫
						
					",,https://thienlong.vn/products/combo-giay-in-van-phong-ik-tinh-thong
774,Combo giấy photo văn phòng IK tiết kiệm 2,IKCA470WBI-01X,IK Copy,https://product.hstatic.net/1000230347/product/321fsdghgf_3624cb34f65349e8823ff6da5553d8f1_1024x1024.jpg*****https://product.hstatic.net/1000230347/product/10ream___wbi-01_xanh_copy_9d972db167ff48e3a0416782e9ab3835_1024x1024.jpg*****https://product.hstatic.net/1000230347/product/10ream___wbi-01_den_copy_26fc5b028f804d25a9c84f21f8229483_1024x1024.jpg*****https://product.hstatic.net/1000230347/product/10ream___wbi-01_do_copy_b7af448b563445b18e479c3fe2a80e00_1024x1024.jpg,"
						
						988,000₫
						
					",,https://thienlong.vn/products/combo-giay-photo-van-phong-ik-tiet-kiem-2
775,Combo 10 Ream giấy A4 70 gsm Thiên Long Copy Plus PP-003 (500 tờ),60020850CB10,Copy Plus,https://product.hstatic.net/1000230347/product/artboard_1_copy_4_cb92f5ee793f40658ba05f5cccfde9fd_1024x1024.jpg*****https://product.hstatic.net/1000230347/product/artboard_2_900c8818440c44b992bc6712c9a6f96b_1024x1024.jpg*****https://product.hstatic.net/1000230347/product/artboard_3_5cf04cd0c43b4d2087ca4e9df2899f66_1024x1024.jpg*****https://product.hstatic.net/1000230347/product/artboard_4_copy_2_5987540a2aba46a7ac191724c607071e_1024x1024.jpg*****https://theme.hstatic.net/1000230347/1000782290/14/product-placeholder.png?v=26582*****https://theme.hstatic.net/1000230347/1000782290/14/product-placeholder.png?v=26582*****https://theme.hstatic.net/1000230347/1000782290/14/product-placeholder.png?v=26582*****https://theme.hstatic.net/1000230347/1000782290/14/product-placeholder.png?v=26582*****https://theme.hstatic.net/1000230347/1000782290/14/product-placeholder.png?v=26582*****https://theme.hstatic.net/1000230347/1000782290/14/product-placeholder.png?v=26582*****https://theme.hstatic.net/1000230347/1000782290/14/product-placeholder.png?v=26582,"1,000,000₫",,https://thienlong.vn/products/combo-10-ream-giay-a4-70-gsm-thien-long-copy-plus-hang-nhap-khau
776,Combo 5 Ream giấy A3 80 gsm IK Copy (500 tờ) - Hàng nhập khẩu Indonesia,60002240CB5,IK Copy,https://product.hstatic.net/1000230347/product/artboard_1_copy_8_5882db852db44a90b9e06781f3883778_1024x1024.jpg*****https://product.hstatic.net/1000230347/product/new28_02992d2d2ccf4239ad02d44f65f09813_b036a8f8570a48f48893bd3d5a58ceb2_1024x1024.jpg*****https://product.hstatic.net/1000230347/product/artboard_14_01be0bb39e1a4db5ac640bf5a5ee3abf_5123490043614d9288dc419b6b17b366_1024x1024.jpg*****https://product.hstatic.net/1000230347/product/artboard_4_bcb0813264344a80b3b5b68f8f380f9c_ea0158b95b534ace82373ec464e12564_1024x1024.jpg*****https://theme.hstatic.net/1000230347/1000782290/14/product-placeholder.png?v=26582,"1,005,000₫",,https://thienlong.vn/products/combo-5-ream-giay-a3-80-gsm-ik-copy-500-to-hang-nhap-khau-indonesia
777,Combo 10 Ream giấy A4 80 gsm IK Copy (500 tờ) - Hàng nhập khẩu Indonesia,60002241CB10,IK Copy,https://product.hstatic.net/1000230347/product/artboard_1_copy_6__1__8932c599f79141898703c71b2e5d66f2_1024x1024.jpg*****https://product.hstatic.net/1000230347/product/artboard_1_96aed2cae667422eb42a633bf997e91c_1024x1024.jpg*****https://product.hstatic.net/1000230347/product/artboard_8_e7040b2109a64164b19c4d2a1f6a54ea_1024x1024.jpg*****https://product.hstatic.net/1000230347/product/artboard_14_e018f3292f4c49029b26d00d60d047f6_1024x1024.jpg*****https://theme.hstatic.net/1000230347/1000782290/14/product-placeholder.png?v=26582*****https://theme.hstatic.net/1000230347/1000782290/14/product-placeholder.png?v=26582*****https://theme.hstatic.net/1000230347/1000782290/14/product-placeholder.png?v=26582*****https://theme.hstatic.net/1000230347/1000782290/14/product-placeholder.png?v=26582*****https://theme.hstatic.net/1000230347/1000782290/14/product-placeholder.png?v=26582*****https://theme.hstatic.net/1000230347/1000782290/14/product-placeholder.png?v=26582,"1,010,000₫",,https://thienlong.vn/products/combo-10-ream-giay-a4-80-gsm-ik-copy-500-to-hang-nhap-khau-indonesia
778,Combo giấy in văn phòng IK Copy A4 80 gsm siêu tiết kiệm,IKCA480PMI-01X,IK Copy,https://product.hstatic.net/1000230347/product/342safgfd_8aace3f939634d64960bee0032981aa5_1024x1024.jpg*****https://product.hstatic.net/1000230347/product/10ream_80___pmi-01_xanh_copy_4ec1139b1d0b4ea9b28fe662d8ffae70_1024x1024.jpg*****https://product.hstatic.net/1000230347/product/10ream_80___pmi-01_den_copy_3f232b11949843bfa1d2739194752ce8_1024x1024.jpg*****https://product.hstatic.net/1000230347/product/10ream_80___pmi-01_do_copy_918bf2aaa18447dea30a020d2a75965f_1024x1024.jpg,"
						
						1,018,000₫
						
					",,https://thienlong.vn/products/combo-giay-in-van-phong-ik-copy-a4-80-gsm-sieu-tiet-kiem
779,Combo giấy photo IK Copy A4 80 gsm tiết kiệm,IKCA480WB-03X,IK Copy,https://product.hstatic.net/1000230347/product/543fdgas_10b1a97a3b9e4177af688226456e3600_1024x1024.jpg*****https://product.hstatic.net/1000230347/product/10ream_80___wb-03_xanh_copy_f0f4d15422d94f439248d5d5a6ee99df_1024x1024.jpg*****https://product.hstatic.net/1000230347/product/10ream_80___wb-03_den_copy_35cb588f1bcb4a16989702f397a7023b_1024x1024.jpg*****https://product.hstatic.net/1000230347/product/10ream_80___wb-03_do_copy_5618eceb4e434b828cb4945db6fe64e0_1024x1024.jpg,"
						
						1,040,000₫
						
					",,https://thienlong.vn/products/combo-giay-photo-ik-copy-a4-80-gsm-tiet-kiem
780,Combo giấy in văn phòng IK Copy 80 gsm tinh thông,IKCA480PM-04X,IK Copy,https://product.hstatic.net/1000230347/product/10ream_80___pm-04_xanh_ko_logo_5b47660769984707b91dc08f3b40940a_1024x1024.jpg*****https://product.hstatic.net/1000230347/product/10ream_80___pm-04_xanh_copy_634ea617534442c6b2df837f73ed0a18_1024x1024.jpg*****https://product.hstatic.net/1000230347/product/10ream_80___pm-04_den_copy_87ab877030c843e695208a3617285183_1024x1024.jpg*****https://product.hstatic.net/1000230347/product/10ream_80___pm-04_do_copy_d4c714c88d084b23be9c053b84b79619_1024x1024.jpg,"
						
						1,060,000₫
						
					",,https://thienlong.vn/products/combo-giay-in-van-phong-ik-copy-80-gsm-tinh-thong
781,Combo giấy văn phòng IK Copy A4 80 gsm tiết kiệm 2,IKCA480WBI-01X,IK Copy,https://product.hstatic.net/1000230347/product/10ream_80___wbi-01_xanh_copy_76007699578c4615b3e97e1b049a7c92_1024x1024.jpg*****https://product.hstatic.net/1000230347/product/10ream_80___wbi-01_xanh_copy_2085b81a0d51447bbbeaebeb1a219269_1024x1024.jpg*****https://product.hstatic.net/1000230347/product/10ream_80___wbi-01_den_copy_f1fa0110e81341eaae4dd6fd488b3025_1024x1024.jpg*****https://product.hstatic.net/1000230347/product/10ream_80___wbi-01_do_copy_cdd3a40b98dd443a95133a460493f584_1024x1024.jpg,"
						
						1,108,000₫
						
					",,https://thienlong.vn/products/combo-giay-van-phong-ik-copy-a4-80-gsm-tiet-kiem-2
782,Hộp 5 ống mực bút máy cao cấp Quink Parker,60001834,Parker,https://product.hstatic.net/1000230347/product/logo_thien_londsag_-_copy_copy_febd2d3dcb5c4c2d863471a36e2c6d61_1024x1024.jpg*****https://product.hstatic.net/1000230347/product/60001834_d8888245e3774dac86449f82ea07ff6c_1024x1024.jpg*****https://product.hstatic.net/1000230347/product/60001833_copy_e425d91dd0b04e32bea47ce0d099282c_1024x1024.jpg*****https://product.hstatic.net/1000230347/product/ong_muc_parker_xanh_9a9d3b1da79942d2ac6572bbe9a4af1f_1024x1024.jpg*****https://theme.hstatic.net/1000230347/1000782290/14/product-placeholder.png?v=26582,"
						
						126,000₫
						
					",,https://thienlong.vn/products/ong-muc-but-may-cao-cap-quink-parker
783,Bút bi cao cấp Bizner BIZ-12,50010800,Bizner,https://product.hstatic.net/1000230347/product/artboard_1_1732736729ff4a17a5d7dc7b55d7f4a2_1024x1024.jpg*****https://product.hstatic.net/1000230347/product/artboard_3_2e6c56d5f81548d69b0a0227bab215cb_1024x1024.jpg*****https://product.hstatic.net/1000230347/product/artboard_4_e2dbb1a8dd9e4a3ea6ae1680a5a23069_1024x1024.jpg*****https://product.hstatic.net/1000230347/product/artboard_6_f693b4f234be4222824346ed6eeeba51_1024x1024.jpg*****https://theme.hstatic.net/1000230347/1000782290/14/product-placeholder.png?v=26582*****https://theme.hstatic.net/1000230347/1000782290/14/product-placeholder.png?v=26582*****https://theme.hstatic.net/1000230347/1000782290/14/product-placeholder.png?v=26582*****https://theme.hstatic.net/1000230347/1000782290/14/product-placeholder.png?v=26582*****https://theme.hstatic.net/1000230347/1000782290/14/product-placeholder.png?v=26582,"
						
						295,000₫
						
					",,https://thienlong.vn/products/but-bi-cao-cap-bizner-biz-12
784,Bút bi cao cấp Parker Jotter ORIG X-PSTL PRP F TB6-2118151,60001668,Parker,https://product.hstatic.net/1000230347/product/681_73a31dfcb5864b118589f0c1ee150ae6_1024x1024.jpg*****https://product.hstatic.net/1000230347/product/60001668_90e7162aed7944129a27bdf3324c79c0_1024x1024.jpg*****https://product.hstatic.net/1000230347/product/682_e31b13fb326341108cd682b24a4324ef_1024x1024.jpg*****https://product.hstatic.net/1000230347/product/untitled-1_f2e26f44e80e4e2cbd96023c12409f1f_1024x1024.jpg,"167,000₫",,https://thienlong.vn/products/but-bi-cao-cap-parker-jotter-orig-x-pstl-prp-f-tb6-2118151
785,Bút bi cao cấp Parker Jotter ORIG X-PSTL GRN F TB6-2118139,60001666,Parker,https://product.hstatic.net/1000230347/product/661_0cfff5b6ad194c22b9a4685a9cb2ac34_1024x1024.jpg*****https://product.hstatic.net/1000230347/product/60001666_6d4d38db7ad4499d8b02bbf67549ac55_1024x1024.jpg*****https://product.hstatic.net/1000230347/product/662_261a5b0c796f4bcfb5bf56576013dce6_1024x1024.jpg*****https://product.hstatic.net/1000230347/product/untitled-1_0aa254511b264d8798771edee8c7e1da_1024x1024.jpg,"167,000₫",,https://thienlong.vn/products/but-bi-cao-cap-parker-jotter-orig-x-pstl-grn-f-tb6-2118139
786,Bút bi cao cấp Parker Jotter ORIG X-PSTL YEL F TB6-2118137,60001664,Parker,https://product.hstatic.net/1000230347/product/641_418c133f2f1840eb8083f9b56c7fa229_1024x1024.jpg*****https://product.hstatic.net/1000230347/product/642_38cf874f1e2744cbba6561418cb3c15c_1024x1024.jpg*****https://product.hstatic.net/1000230347/product/untitled-1_c0023f0012e647ca8d11b04cd7de9334_1024x1024.jpg,"167,000₫",,https://thienlong.vn/products/but-bi-cao-cap-parker-jotter-orig-x-pstl-yel-f-tb6-2118137
787,Mực bút máy Quink cao cấp PARKER,60001631,Parker,https://product.hstatic.net/1000230347/product/logo_thien_long_-_copysadx_copy_6d486e0d6f4044cba886b4eb18ab9287_1024x1024.jpg*****https://product.hstatic.net/1000230347/product/60001631_2784cbf8167c47b2bd50397afea0034a_1024x1024.jpg*****https://product.hstatic.net/1000230347/product/60001630_copy_a95f591a3a03463abdfb03ace21e9383_1024x1024.jpg*****https://product.hstatic.net/1000230347/product/muc_but_may_parker_xanh-1950376_0cbe56a054b041ecb6d05455a3a8d680_1024x1024.jpg*****https://theme.hstatic.net/1000230347/1000782290/14/product-placeholder.png?v=26582*****https://theme.hstatic.net/1000230347/1000782290/14/product-placeholder.png?v=26582*****https://theme.hstatic.net/1000230347/1000782290/14/product-placeholder.png?v=26582,"
						
						272,000₫
						
					",,https://thienlong.vn/products/muc-but-may-cao-cap-parker-xanh-1950376
788,Ruột bút bi cao cấp PARKER,60001629,Parker,https://product.hstatic.net/1000230347/product/60020251_60020252_5_18503542df0a450bbc538f6fdbefbd56_1024x1024.jpg*****https://product.hstatic.net/1000230347/product/60020251_60020252_2_01617ea1e5ed4675a2eb269369d98d56_1024x1024.jpg*****https://product.hstatic.net/1000230347/product/60020251_60020252_3_a8a4e3d8c72145eb82760b28689d7cd3_1024x1024.jpg*****https://product.hstatic.net/1000230347/product/60020251_60020252_5e5552ef8a6840af9571e0f1a6b66409_1024x1024.jpg*****https://theme.hstatic.net/1000230347/1000782290/14/product-placeholder.png?v=26582*****https://theme.hstatic.net/1000230347/1000782290/14/product-placeholder.png?v=26582*****https://theme.hstatic.net/1000230347/1000782290/14/product-placeholder.png?v=26582*****https://theme.hstatic.net/1000230347/1000782290/14/product-placeholder.png?v=26582*****https://theme.hstatic.net/1000230347/1000782290/14/product-placeholder.png?v=26582*****https://theme.hstatic.net/1000230347/1000782290/14/product-placeholder.png?v=26582*****https://theme.hstatic.net/1000230347/1000782290/14/product-placeholder.png?v=26582*****https://theme.hstatic.net/1000230347/1000782290/14/product-placeholder.png?v=26582*****https://theme.hstatic.net/1000230347/1000782290/14/product-placeholder.png?v=26582,"
						
						190,000₫
						
					",,https://thienlong.vn/products/ruot-but-bi-cao-cap-parker-xanh-m-bl1-1950371
789,Ruột bút lông bi cao cấp Parker,60001627,Parker,https://product.hstatic.net/1000230347/product/logo_thien_long_-_cdassopy_copy_4a4092c5be4746339d3828378db96031_1024x1024.jpg*****https://product.hstatic.net/1000230347/product/60001627_7136810a9e384154962a3dc8abf73f54_1024x1024.jpg*****https://product.hstatic.net/1000230347/product/60001626_copy_7fc92c71f3014c36a7a6fc8229920fc4_1024x1024.jpg*****https://product.hstatic.net/1000230347/product/ruot_but_long_bi_pk_xanh_m_bl1-1950324_5e5dfe51402e43cc8790bba424c14649_1024x1024.jpg*****https://theme.hstatic.net/1000230347/1000782290/14/product-placeholder.png?v=26582*****https://theme.hstatic.net/1000230347/1000782290/14/product-placeholder.png?v=26582*****https://theme.hstatic.net/1000230347/1000782290/14/product-placeholder.png?v=26582,"
						
						202,000₫
						
					",,https://thienlong.vn/products/ruot-but-long-bi-cao-cap-parker-xanh-m-bl1-1950324
790,Bút lông bi cao cấp Parker Sonnet X-Red GT TB-1950780,60001619,Parker,https://product.hstatic.net/1000230347/product/ut_long_bi_son_x-red_gt_tb-1950780-01_62733b8696114f36901da639f5dfa04d_c82f14f0c1114faf9759f52509640369_1024x1024.jpg*****https://product.hstatic.net/1000230347/product/60001619_2_copy_5a6734355950437c9732886be14c8da3_1024x1024.jpg*****https://product.hstatic.net/1000230347/product/60001619_copy_247a41d2e04d43ceb9760180ba70ee8d_1024x1024.jpg*****https://product.hstatic.net/1000230347/product/ut_long_bi_son_x-red_gt_tb-1950780-02_ecf0d8a0e3ff43d2aea69d16d703cdc0_ab57a24cadb34479babe6ae610a96041_1024x1024.jpg*****https://theme.hstatic.net/1000230347/1000782290/14/product-placeholder.png?v=26582,"4,570,000₫",,https://thienlong.vn/products/but-long-bi-cao-cap-parker-sonnet-x-red-gt-tb-1950780
791,Bút lông bi cao cấp Parker Sonnet X-M Black CT TB-1950884,60001615,Parker,https://product.hstatic.net/1000230347/product/ong_bi_son_x-m_black_ct_tb-1950884-01_c4362463169d473681155c5ad84efa6a_55de0a66858d436ba83c6376e2d18848_1024x1024.jpg*****https://product.hstatic.net/1000230347/product/52fds_c65982044d0d480598d65f7c04527163_1024x1024.jpg*****https://product.hstatic.net/1000230347/product/60001615_2_copy_46e134a6ce9f40e4af081c75caa1245f_1024x1024.jpg*****https://product.hstatic.net/1000230347/product/60001615_3_copy_2694eff8a3c44b2dacb4af5c8e938383_1024x1024.jpg*****https://theme.hstatic.net/1000230347/1000782290/14/product-placeholder.png?v=26583*****https://theme.hstatic.net/1000230347/1000782290/14/product-placeholder.png?v=26583*****https://theme.hstatic.net/1000230347/1000782290/14/product-placeholder.png?v=26583*****https://theme.hstatic.net/1000230347/1000782290/14/product-placeholder.png?v=26583*****https://theme.hstatic.net/1000230347/1000782290/14/product-placeholder.png?v=26583*****https://theme.hstatic.net/1000230347/1000782290/14/product-placeholder.png?v=26583,"4,381,000₫",,https://thienlong.vn/products/but-long-bi-cao-cap-parker-sonnet-x-m-black-ct-tb-1950884
792,Bút lông bi cao cấp Parker Sonnet X-ST Steel CT TB-1950873,60001607,Parker,https://product.hstatic.net/1000230347/product/ng_bi_son_x-st_steel_ct_tb-1950873-01_5802475f6ae44ef8b70ba52361385fa8_90da50767e6b4e469f4baf7f93a7ad11_1024x1024.jpg*****https://product.hstatic.net/1000230347/product/543safhgf_ac31ab8150154ba2830c185d71492092_1024x1024.jpg*****https://product.hstatic.net/1000230347/product/60001607_2_copy_2723cb678e7748b69bcdd491e13e2181_1024x1024.jpg*****https://product.hstatic.net/1000230347/product/60001607_3_copy_54a2773c71734ab19e4c38d9d56730e0_1024x1024.jpg*****https://theme.hstatic.net/1000230347/1000782290/14/product-placeholder.png?v=26583*****https://theme.hstatic.net/1000230347/1000782290/14/product-placeholder.png?v=26583*****https://theme.hstatic.net/1000230347/1000782290/14/product-placeholder.png?v=26583*****https://theme.hstatic.net/1000230347/1000782290/14/product-placeholder.png?v=26583*****https://theme.hstatic.net/1000230347/1000782290/14/product-placeholder.png?v=26583*****https://theme.hstatic.net/1000230347/1000782290/14/product-placeholder.png?v=26583,"3,619,000₫",,https://thienlong.vn/products/but-long-bi-cao-cap-parker-sonnet-x-st-steel-ct-tb-1950873
793,Bút lông bi cao cấp Parker Sonnet X-Black GT TB-1950787  Mạ Vàng 18K,60001603,Parker,https://product.hstatic.net/1000230347/product/1948080_snnt_imgps_20_9fb0b5df8aa04f12a59cd034f0e015a4_1024x1024.jpg*****https://product.hstatic.net/1000230347/product/1948080_snnt_imgbs_20_56716d8ad7e34ad3848c7bc81891c5a0_1024x1024.jpg*****https://product.hstatic.net/1000230347/product/1948080_snnt_imgbs_20e_eef09408950d47eabdc0d2708ca6c3f9_1024x1024.jpg*****https://product.hstatic.net/1000230347/product/1948080_snnt_imgps_10_b0ac21a0da5f45f9944a826492016a30_1024x1024.jpg*****https://theme.hstatic.net/1000230347/1000782290/14/product-placeholder.png?v=26583,"4,570,000₫",,https://thienlong.vn/products/but-long-bi-cao-cap-parker-sonnet-x-black-gt-tb-1950787
794,Bút lông bi cao cấp Parker Sonnet X-ST Steel GT TB-1950800,60001599,Parker,https://product.hstatic.net/1000230347/product/ng_bi_son_x-st_steel_gt_tb-1950800-01_050c5f074bd24853a82c8d824644dd8d_d6492b64c7664729a0464509b7f8838f_1024x1024.jpg*****https://product.hstatic.net/1000230347/product/7653sa_57382daea80342ca8eaff74104be2a86_1024x1024.jpg*****https://product.hstatic.net/1000230347/product/60001599_copy_2d61154a914d439b8fb11c76cb62e30a_1024x1024.jpg*****https://product.hstatic.net/1000230347/product/60001599_2_copy_f0f35e2052594ea5b4a4807c7c2977b6_1024x1024.jpg*****https://theme.hstatic.net/1000230347/1000782290/14/product-placeholder.png?v=26583*****https://theme.hstatic.net/1000230347/1000782290/14/product-placeholder.png?v=26583*****https://theme.hstatic.net/1000230347/1000782290/14/product-placeholder.png?v=26583*****https://theme.hstatic.net/1000230347/1000782290/14/product-placeholder.png?v=26583,"3,619,000₫",,https://thienlong.vn/products/but-long-bi-cao-cap-parker-sonnet-x-st-steel-gt-tb-1950800
795,Bút lông bi cao cấp Parker Sonnet X-M Black GT TB-1950878 - Mạ Vàng 18K,60001595,Parker,https://product.hstatic.net/1000230347/product/te56_958db628936645bdb6cf5e28d7df853f_1024x1024.jpg*****https://product.hstatic.net/1000230347/product/60001595_2_copy_2_9360636b23ab4fabb8cf731c9eba882f_1024x1024.jpg*****https://product.hstatic.net/1000230347/product/60001595_3_copy_75dca7499a514c55bebf79b20136e3b8_1024x1024.jpg*****https://product.hstatic.net/1000230347/product/60001595_copy_e53c7b858c374f8590e321dc48506592_1024x1024.jpg*****https://theme.hstatic.net/1000230347/1000782290/14/product-placeholder.png?v=26583*****https://theme.hstatic.net/1000230347/1000782290/14/product-placeholder.png?v=26583*****https://theme.hstatic.net/1000230347/1000782290/14/product-placeholder.png?v=26583*****https://theme.hstatic.net/1000230347/1000782290/14/product-placeholder.png?v=26583*****https://theme.hstatic.net/1000230347/1000782290/14/product-placeholder.png?v=26583*****https://theme.hstatic.net/1000230347/1000782290/14/product-placeholder.png?v=26583*****https://theme.hstatic.net/1000230347/1000782290/14/product-placeholder.png?v=26583*****https://theme.hstatic.net/1000230347/1000782290/14/product-placeholder.png?v=26583*****https://theme.hstatic.net/1000230347/1000782290/14/product-placeholder.png?v=26583,"4,381,000₫",,https://thienlong.vn/products/but-long-bi-cao-cap-parker-sonnet-x-m-black-gt-tb-1950878
796,Bút lông bi cao cấp Parker Sonnet Đ-ST SIL GT F GB-1931491,60001581,Parker,https://product.hstatic.net/1000230347/product/ng_bi_son_d-st_sil_gt_f_gb-1931491-01_fdacc1a9ff574e469e59dc7e236e6aed_8f7d8ab9854a47908e7432c917268ae5_1024x1024.jpg*****https://product.hstatic.net/1000230347/product/ng_bi_son_d-st_sil_gt_f_gb-1931491-02_136e5c5e3b56481ba693fc739e2cdb61_e74e337ed3fa48bcb3f547c2d409157f_1024x1024.jpg*****https://product.hstatic.net/1000230347/product/ng_bi_son_d-st_sil_gt_f_gb-1931491-03_16e46fc387a042519a8e49871d17ba36_f560e2107a054c56804f6beddac34f4f_1024x1024.jpg*****https://product.hstatic.net/1000230347/product/ng_bi_son_d-st_sil_gt_f_gb-1931491-04_db693b3bb4ea4e8584f88a128081f2db_0c9247fc8fa84ba69747628a969fbdc4_1024x1024.jpg*****https://theme.hstatic.net/1000230347/1000782290/14/product-placeholder.png?v=26583,"11,426,000₫",,https://thienlong.vn/products/but-long-bi-cao-cap-parker-sonnet-d-st-sil-gt-f-gb-1931491
797,Bút lông bi cao cấp Parker Sonnet SE18 Đ-B CT F GB-2054824,60001558,Parker,https://product.hstatic.net/1000230347/product/ng_bi_son_se18_d-b_ct_f_gb-2054824-01_cf098c6044094e1eb5a293b28fd6e644_780a380256d64ae9823712605007200a_1024x1024.jpg*****https://product.hstatic.net/1000230347/product/ng_bi_son_se18_d-b_ct_f_gb-2054824-02_42ae0596ac9c4f50b6dfc0fc160d570d_bd42a3dced31484c9b307d14f90e69b8_1024x1024.jpg*****https://product.hstatic.net/1000230347/product/ng_bi_son_se18_d-b_ct_f_gb-2054824-03_bfa36e22b1e942589e58a39c42001cfe_2f7ac1a4d0d24af3ba612284a90b0430_1024x1024.jpg*****https://product.hstatic.net/1000230347/product/img_1969_2a828ac76b5e4bf99baa9d5e24676da7_37cd3a727ae94be69e13781ef95ec1b4_1024x1024.png,"7,426,000₫",,https://thienlong.vn/products/but-long-bi-cao-cap-parker-sonnet-se18-d-b-ct-f-gb-2054824
798,Bút lông bi cao cấp Parker Urban PRM X-SIL CT TB4-1975535,60001556,Parker,https://product.hstatic.net/1000230347/product/ng_bi_urb_prm_x-sil_ct_tb4-1975535-01_274b947dfeee470da3c105157e0f5b84_a09e15032bb14ce8aee927f264d84b92_1024x1024.jpg*****https://product.hstatic.net/1000230347/product/ng_bi_urb_prm_x-sil_ct_tb4-1975535-02_b0db4147766a45d68cfaddc6c76c6a5a_1093da88a47942efa42f883fa36acd3e_1024x1024.jpg*****https://product.hstatic.net/1000230347/product/ng_bi_urb_prm_x-sil_ct_tb4-1975535-03_ec615e1def914f649f1a61392ce92878_161bfc48a55f45a0b237d4b285dad500_1024x1024.jpg*****https://product.hstatic.net/1000230347/product/ng_bi_urb_prm_x-sil_ct_tb4-1975535-04_5c5cc8a18ffc4487bb0556e7b1499434_4ca184d1d32e4fc2b23b3d9b735641af_1024x1024.jpg*****https://theme.hstatic.net/1000230347/1000782290/14/product-placeholder.png?v=26583*****https://theme.hstatic.net/1000230347/1000782290/14/product-placeholder.png?v=26583,"2,742,000₫",,https://thienlong.vn/products/but-long-bi-cao-cap-parker-urban-prm-x-sil-ct-tb4-1975535
799,Bút lông bi cao cấp Parker Urban X-BLK Cab CT TB4-1975525,60001532,Parker,https://product.hstatic.net/1000230347/product/ng_bi_urb_x-blk_cab_ct_tb4-1975525-01_e7c896629e204d96ae22995a93231caa_5a176a79b735446499f98797b097c233_1024x1024.jpg*****https://product.hstatic.net/1000230347/product/ng_bi_urb_x-blk_cab_ct_tb4-1975525-02_39b0f945cd024b8b97c08670225c9f00_902b5b8076804b59a556034d26f40a53_1024x1024.jpg*****https://product.hstatic.net/1000230347/product/ng_bi_urb_x-blk_cab_ct_tb4-1975525-03_632981834aae42d6909aaae26f2e57e2_7a9409d801d141fdab59890fdfaee066_1024x1024.jpg*****https://product.hstatic.net/1000230347/product/ng_bi_urb_x-blk_cab_ct_tb4-1975525-04_827b21898e0d472d97edfa195b968122_702a35026afd41c9b7cfb1093b122c0b_1024x1024.jpg*****https://theme.hstatic.net/1000230347/1000782290/14/product-placeholder.png?v=26583*****https://theme.hstatic.net/1000230347/1000782290/14/product-placeholder.png?v=26583,"1,703,000₫",,https://thienlong.vn/products/but-long-bi-cao-cap-parker-urban-x-blk-cab-ct-tb4-1975525
800,Bút lông bi cao cấp Parker Urban PRM X-Viole TB4-1975537,60001529,Parker,https://product.hstatic.net/1000230347/product/ong_bi_urb_prm_x-viole_tb4-1975537-01_3a32d1db2a2e413ea73896046a7b2ec8_8980a8bfebc146e3a444a4b7905e034a_1024x1024.jpg*****https://product.hstatic.net/1000230347/product/ong_bi_urb_prm_x-viole_tb4-1975537-02_cc2eb77061f24a3ea9cf7e850217c071_efdfcc09a1034e85828ebcf8e44e886b_1024x1024.jpg*****https://product.hstatic.net/1000230347/product/ong_bi_urb_prm_x-viole_tb4-1975537-03_ae58480ab24d41d4b506ad2d3e4f30ab_fe5966a135b24596a2cb72960b1dc3e4_1024x1024.jpg*****https://product.hstatic.net/1000230347/product/ong_bi_urb_prm_x-viole_tb4-1975537-04_2000619517a74efa8993c9c0e0965f14_681bad264fc3489da3e3b2c90e2e5fa5_1024x1024.jpg*****https://theme.hstatic.net/1000230347/1000782290/14/product-placeholder.png?v=26583*****https://theme.hstatic.net/1000230347/1000782290/14/product-placeholder.png?v=26583,"2,742,000₫",,https://thienlong.vn/products/but-long-bi-cao-cap-parker-urban-prm-x-viole-tb4-1975537
801,Bút máy cao cấp Parker Sonnet Blue CT 18K TB-1950886,60001622,Parker,https://product.hstatic.net/1000230347/product/but_may_son_blue_ct_18k_tb-1950886-01_1bbbf545a47d49a089648459a6bdb41f_15dd6741bd294719818e035ca6238266_1024x1024.jpg*****https://product.hstatic.net/1000230347/product/60001622_copy_4fe54ef180784708b8941d9b83a8143b_1024x1024.jpg*****https://product.hstatic.net/1000230347/product/60001622_2_copy_510e0092334b47c29c6e2a447ca037df_1024x1024.jpg*****https://product.hstatic.net/1000230347/product/but_may_son_blue_ct_18k_tb-1950886-02_f2eeaa868df846988f361cc67e8f9dc9_fe2ac26be95d403ab2d439d2bd67b732_1024x1024.jpg*****https://theme.hstatic.net/1000230347/1000782290/14/product-placeholder.png?v=26583*****https://theme.hstatic.net/1000230347/1000782290/14/product-placeholder.png?v=26583*****https://theme.hstatic.net/1000230347/1000782290/14/product-placeholder.png?v=26583,"8,189,000₫",,https://thienlong.vn/products/but-may-cao-cap-parker-sonnet-blue-ct-18k-tb-1950886
802,Bút máy cao cấp Parker Sonnet Lacque Red GT 18K TB-1950774,60001618,Parker,https://product.hstatic.net/1000230347/product/y_son_lacque_red_gt_18k_tb-1950774-01_35531ae36960436f98f93f36414ef028_7a59b7b81fd14bdebe3fa71cfd1c2946_1024x1024.jpg*****https://product.hstatic.net/1000230347/product/60001618_copy_5fb3cd8c9db5404c9a034d7fc9273485_1024x1024.jpg*****https://product.hstatic.net/1000230347/product/60001618_2_copy_80a061c7de04459aa64829e22a2028c4_1024x1024.jpg*****https://product.hstatic.net/1000230347/product/y_son_lacque_red_gt_18k_tb-1950774-02_c2401f52ae6d48f882bec38efd34dfb0_87b6fd8fca9f40c89014cf72029ab11d_1024x1024.jpg*****https://theme.hstatic.net/1000230347/1000782290/14/product-placeholder.png?v=26583*****https://theme.hstatic.net/1000230347/1000782290/14/product-placeholder.png?v=26583*****https://theme.hstatic.net/1000230347/1000782290/14/product-placeholder.png?v=26583,"8,189,000₫",,https://thienlong.vn/products/but-may-cao-cap-parker-sonnet-lacque-red-gt-18k-tb-1950774
803,Bút máy cao cấp Parker Sonnet Matte Black CT TB-1950880,60001614,Parker,https://product.hstatic.net/1000230347/product/_may_son_matte_black_ct_tb-1950880-02_d8430b56134944b59919d1692aab6272_fccc7030cab946f8a1587147b70fd2f9_1024x1024.jpg*****https://product.hstatic.net/1000230347/product/_may_son_matte_black_ct_tb-1950880-01_d5ce1b608be64c289f4d423b8a176001_04fc4f6334b6404db5712e55419f5e3e_1024x1024.jpg*****https://product.hstatic.net/1000230347/product/_may_son_matte_black_ct_tb-1950880-03_a661346129a8441996d08ac2c142180d_d1b6bb9229a341d887261d1574506fb4_1024x1024.jpg*****https://product.hstatic.net/1000230347/product/_may_son_matte_black_ct_tb-1950880-04_c6145a7a51ac4582a3518ea1cff313da_acdf7122fe1744e6a94f23aa5671b551_1024x1024.jpg*****https://theme.hstatic.net/1000230347/1000782290/14/product-placeholder.png?v=26584*****https://theme.hstatic.net/1000230347/1000782290/14/product-placeholder.png?v=26584,"5,523,000₫",,https://thienlong.vn/products/but-may-cao-cap-parker-sonnet-matte-black-ct-tb-1950880
804,Bút máy cao cấp Parker Sonnet Black CT TB-1950789 - Mạ vàng 18k,60001610,Parker,https://product.hstatic.net/1000230347/product/t_may_son_black_ct_18k_tb-1950789_-01_b6c15d366790473584ced6d26cc017eb_90011f775826424a944470c98eb49dcf_1024x1024.jpg*****https://product.hstatic.net/1000230347/product/60001610_2_c831ad99dd304b29a7a2a3a4b62c3215_1024x1024.jpg*****https://product.hstatic.net/1000230347/product/60001610_3_d204b9f056a943468603a5f1427cd911_1024x1024.jpg*****https://product.hstatic.net/1000230347/product/60001610_b3c008bb77b84a76b30dc69e926f6f34_1024x1024.jpg*****https://theme.hstatic.net/1000230347/1000782290/14/product-placeholder.png?v=26584*****https://theme.hstatic.net/1000230347/1000782290/14/product-placeholder.png?v=26584*****https://theme.hstatic.net/1000230347/1000782290/14/product-placeholder.png?v=26584*****https://theme.hstatic.net/1000230347/1000782290/14/product-placeholder.png?v=26584*****https://theme.hstatic.net/1000230347/1000782290/14/product-placeholder.png?v=26584,"8,189,000₫",,https://thienlong.vn/products/but-may-cao-cap-parker-sonnet-black-ct-18k-tb-1950789-ma-vang-18k
805,Bút máy cao cấp Parker Sonnet StainlessSteel CT TB-1950870,60001606,Parker,https://product.hstatic.net/1000230347/product/y_son_stainlesssteel_ct_tb-1950870-01_e304a8ddcdb042e8819c2a9f79965da3_14433a94535142b68703440fe2fb965f_1024x1024.jpg*****https://product.hstatic.net/1000230347/product/60001606_copy_7cba6951a27d4f01a7c742b190630e73_1024x1024.jpg*****https://product.hstatic.net/1000230347/product/60001606_3_copy_a46674135add486d842b76392cfc4d85_1024x1024.jpg*****https://product.hstatic.net/1000230347/product/60001606_2_copy_3f6cb37fe6f4461dbb042887837eb45c_1024x1024.jpg*****https://theme.hstatic.net/1000230347/1000782290/14/product-placeholder.png?v=26584*****https://theme.hstatic.net/1000230347/1000782290/14/product-placeholder.png?v=26584*****https://theme.hstatic.net/1000230347/1000782290/14/product-placeholder.png?v=26584*****https://theme.hstatic.net/1000230347/1000782290/14/product-placeholder.png?v=26584*****https://theme.hstatic.net/1000230347/1000782290/14/product-placeholder.png?v=26584,"4,570,000₫",,https://thienlong.vn/products/but-may-cao-cap-parker-sonnet-stainlesssteel-ct-tb-1950870
806,Bút máy cao cấp Parker Sonnet Matte Black GT TB-1950875,60001594,Parker,https://product.hstatic.net/1000230347/product/_may_son_matte_black_gt_tb-1950875-01_7d6fad19c20341e3be3bfc8f4188dd04_9a614585aaa14c7aa14d9df80f4c7ce4_1024x1024.jpg*****https://product.hstatic.net/1000230347/product/60001594_2_copy_6c8d92ffe46e43cea4546a3c3782b430_1024x1024.jpg*****https://product.hstatic.net/1000230347/product/60001594_3_copy_787cffbe4ed94733913169a89497553e_1024x1024.jpg*****https://product.hstatic.net/1000230347/product/60001594_copy_4df20fe58b114a67856548a13a76f2e1_1024x1024.jpg*****https://theme.hstatic.net/1000230347/1000782290/14/product-placeholder.png?v=26584*****https://theme.hstatic.net/1000230347/1000782290/14/product-placeholder.png?v=26584*****https://theme.hstatic.net/1000230347/1000782290/14/product-placeholder.png?v=26584*****https://theme.hstatic.net/1000230347/1000782290/14/product-placeholder.png?v=26584*****https://theme.hstatic.net/1000230347/1000782290/14/product-placeholder.png?v=26584*****https://theme.hstatic.net/1000230347/1000782290/14/product-placeholder.png?v=26584,"5,523,000₫",,https://thienlong.vn/products/but-may-cao-cap-parker-sonnet-matte-black-gt-tb-1950875
807,Bút máy cao cấp Parker Sonnet STR Silver GT 18K GB-1931490,60001580,Parker,https://product.hstatic.net/1000230347/product/y_son_str_silver_gt_18k_gb-1931490-01_2dfed6a1b00f4c8d91ac60f05b6a4bdf_18ee9154dff640ab8032433fd0f15c19_1024x1024.jpg*****https://product.hstatic.net/1000230347/product/y_son_str_silver_gt_18k_gb-1931490-02_859f9026cf1d46e3bb02b52d332ae906_cbc5e2f24afe4778b2692ccf0b9ab60c_1024x1024.jpg*****https://product.hstatic.net/1000230347/product/y_son_str_silver_gt_18k_gb-1931490-03_6a0c5e3ecd94401895d86b714d315f4e_9928dbe298fc4dbaa78ba5ef7252d816_1024x1024.jpg*****https://product.hstatic.net/1000230347/product/y_son_str_silver_gt_18k_gb-1931490-04_16a89aeff387462697942668aeed30d5_bd10f61efd714d32b56a25878f5b0e5a_1024x1024.jpg*****https://theme.hstatic.net/1000230347/1000782290/14/product-placeholder.png?v=26585*****https://theme.hstatic.net/1000230347/1000782290/14/product-placeholder.png?v=26585,"14,470,000₫",,https://thienlong.vn/products/but-may-cao-cap-parker-sonnet-str-silver-gt-18k-gb-1931490
808,Bút máy cao cấp Parker Sonnet SE18 Grey PGT 18K GB-2054827,60001560,Parker,https://product.hstatic.net/1000230347/product/y_son_se18_grey_pgt_18k_gb-2054827-02_56f359d26bd34e37adce6f4c94dd8748_ceac6c4f2a3241dcbfce202117fed7e4_1024x1024.jpg*****https://product.hstatic.net/1000230347/product/y_son_se18_grey_pgt_18k_gb-2054827-01_51d08e5ab3ee459f977f2256deafb201_3b2f4a88de6d41f0af6c00a7410765a9_1024x1024.jpg*****https://product.hstatic.net/1000230347/product/y_son_se18_grey_pgt_18k_gb-2054827-03_a8e51e8d47bb465ebec0a67a1040e6d3_3220c065fcdd46abae7ba1790514acdf_1024x1024.jpg*****https://product.hstatic.net/1000230347/product/y_son_se18_grey_pgt_18k_gb-2054827-04_68bdb76a3b6143a9b81645aeca13ed94_c9024896efbd4854878d003372c225cd_1024x1024.jpg*****https://theme.hstatic.net/1000230347/1000782290/14/product-placeholder.png?v=26585*****https://theme.hstatic.net/1000230347/1000782290/14/product-placeholder.png?v=26585,"9,615,000₫",,https://thienlong.vn/products/but-may-cao-cap-parker-sonnet-se18-grey-pgt-18k-gb-2054827
809,Bút máy cao cấp Parker Urban PRM Silvered CT TB4-1975511,60001555,Parker,https://product.hstatic.net/1000230347/product/ay_urb_prm_silvered_ct_tb4-1975511-01_a3608a0e7e9942c1af2adfe537f1777b_91065824c30245529f8f7f5a137cc228_1024x1024.jpg*****https://product.hstatic.net/1000230347/product/ay_urb_prm_silvered_ct_tb4-1975511-02_5e90a2200a3b492abbf2156ec7bb4510_906d649f8a49460b88225be4499c606a_1024x1024.jpg*****https://product.hstatic.net/1000230347/product/ay_urb_prm_silvered_ct_tb4-1975511-04_7842a5fd6df74e84bbe15d2a097be642_8ede7cd97b8b4dddb86c84f4097a389c_1024x1024.jpg*****https://product.hstatic.net/1000230347/product/ay_urb_prm_silvered_ct_tb4-1975511-03_f64d64665b234e5a9da68d2bad462e94_4a2fbfb8b1b1426cb63fd8fca2168767_1024x1024.jpg*****https://theme.hstatic.net/1000230347/1000782290/14/product-placeholder.png?v=26585*****https://theme.hstatic.net/1000230347/1000782290/14/product-placeholder.png?v=26585,"3,351,000₫",,https://thienlong.vn/products/but-may-cao-cap-parker-urban-prm-silvered-ct-tb4-1975511
810,Bút máy cao cấp Parker Urban VIBR Magenta CT TB4-1975478,60001549,Parker,https://product.hstatic.net/1000230347/product/ay_urb_vibr_magenta_ct_tb4-1975478-01_36435c86b6d94f22959dd8862d9f6bff_ed3615a96f594869b3cbf7b286914a89_1024x1024.jpg*****https://product.hstatic.net/1000230347/product/ay_urb_vibr_magenta_ct_tb4-1975478-02_fb23f499132a42d5a3ad4cbf524ba8fc_948609dbfab848ceaf94f633a31b9fcb_1024x1024.jpg*****https://product.hstatic.net/1000230347/product/ay_urb_vibr_magenta_ct_tb4-1975478-03_7e677edbca7848acae607297b9113afd_1dae00198a8249d7970e4f092f2c16ec_1024x1024.jpg*****https://product.hstatic.net/1000230347/product/ay_urb_vibr_magenta_ct_tb4-1975478-04_e4469412fb3a4aab99acc2905109b95d_a4943cd030f44d099e8e3d88bc96346f_1024x1024.jpg*****https://theme.hstatic.net/1000230347/1000782290/14/product-placeholder.png?v=26585*****https://theme.hstatic.net/1000230347/1000782290/14/product-placeholder.png?v=26585*****https://theme.hstatic.net/1000230347/1000782290/14/product-placeholder.png?v=26585,"2,324,000₫",,https://thienlong.vn/products/but-may-cao-cap-parker-urban-vibr-magenta-ct-tb4-1975478
811,Bút máy cao cấp Parker Urban Vibrant Blue CT TB4-1975496,60001546,Parker,https://product.hstatic.net/1000230347/product/ay_urb_vibrant_blue_ct_tb4-1975496-01_5b8106a530c24ec895652517b06ddbaa_9d5aed94114a43c8b9059eea810f0435_1024x1024.jpg*****https://product.hstatic.net/1000230347/product/ay_urb_vibrant_blue_ct_tb4-1975496-02_856549b11c35495ab4c3636970003c9d_0eece69f3d604ac393c1a66bd83c1282_1024x1024.jpg*****https://product.hstatic.net/1000230347/product/ay_urb_vibrant_blue_ct_tb4-1975496-03_625206c3ad444dcebe539f91194bfd74_a73def09ecdb409d9c648a69a5b13444_1024x1024.jpg*****https://product.hstatic.net/1000230347/product/ay_urb_vibrant_blue_ct_tb4-1975496-04_109e391fe08f41e89f64b1b0e21611f3_3ce121abe52245ae84e108b24fffd0e1_1024x1024.jpg*****https://theme.hstatic.net/1000230347/1000782290/14/product-placeholder.png?v=26585*****https://theme.hstatic.net/1000230347/1000782290/14/product-placeholder.png?v=26585,"2,324,000₫",,https://thienlong.vn/products/but-may-cao-cap-parker-urban-vibrant-blue-ct-tb4-1975496
812,Bút máy cao cấp Parker Urban Nightsky Blue CT TB4-1975493,60001543,Parker,https://product.hstatic.net/1000230347/product/y_urb_nightsky_blue_ct_tb4-1975493-01_ddf2778a90794abb820799f64a23be3e_ba7d3e95106340e08c2370f7aa6ccff1_1024x1024.jpg*****https://product.hstatic.net/1000230347/product/y_urb_nightsky_blue_ct_tb4-1975493-02_dd15427706214d35a3c308053ac1bb57_e375db1a538d4207a5a87b26dcfa0aca_1024x1024.jpg*****https://product.hstatic.net/1000230347/product/y_urb_nightsky_blue_ct_tb4-1975493-03_592bdba3491e4f7ea78278ffaf17f5dc_260891d8a47541e88abf47c9b886f0e2_1024x1024.jpg*****https://product.hstatic.net/1000230347/product/y_urb_nightsky_blue_ct_tb4-1975493-04_65d858dec0534ba18feafc7e5d015d8c_f0510773064542c482a564ea0d16e86e_1024x1024.jpg*****https://theme.hstatic.net/1000230347/1000782290/14/product-placeholder.png?v=26585*****https://theme.hstatic.net/1000230347/1000782290/14/product-placeholder.png?v=26585,"2,324,000₫",,https://thienlong.vn/products/but-may-cao-cap-parker-urban-nightsky-blue-ct-tb4-1975493
813,Bút máy cao cấp Parker Urban Metro MTLIC CT TB4-1975484,60001540,Parker,https://product.hstatic.net/1000230347/product/may_urb_metro_mtlic_ct_tb4-1975484-02_eb35e9b709c64eff8e190585b5c8fddf_48a276c2a3ca4056ad94fc728e55a686_1024x1024.jpg*****https://product.hstatic.net/1000230347/product/may_urb_metro_mtlic_ct_tb4-1975484-01_fee820e155b94b67879e96a1e1d9213e_5261a4bc667341cd9351fe555b868dc4_1024x1024.jpg*****https://product.hstatic.net/1000230347/product/may_urb_metro_mtlic_ct_tb4-1975484-03_57523f507aa3446aa376fdbfc2072476_67d7e740fdf445a38b428cacc018449c_1024x1024.jpg*****https://product.hstatic.net/1000230347/product/may_urb_metro_mtlic_ct_tb4-1975484-04_acce15bf2ad44cbbbd29a8e27710d327_30b862f8c739493da7a236f5812173a9_1024x1024.jpg*****https://theme.hstatic.net/1000230347/1000782290/14/product-placeholder.png?v=26585*****https://theme.hstatic.net/1000230347/1000782290/14/product-placeholder.png?v=26585,"2,324,000₫",,https://thienlong.vn/products/but-may-cao-cap-urban-metro-mtlic-ct-tb4-1975484
814,Bút máy cao cấp Parker Urban PRM Dark Purple TB4-1975508,60001513,Parker,https://product.hstatic.net/1000230347/product/urban_premium_dark_purple_fa7a2a64df8a4be1a4806a3a57927a66_334f00deb669438a98dac52fe768fdf4_1024x1024.png*****https://product.hstatic.net/1000230347/product/tai_xuong__3__9ee9fe2b02904254b479aaa44c8d5a77_6fade00c39a74e0abcf08262a65fe26f_1024x1024.png*****https://product.hstatic.net/1000230347/product/tai_xuong_d606b2aefe37419ba97731dee386a4cd_cdf8dcc9c5424ccfbc43b55132a89aa1_1024x1024.png,"3,429,000₫",,https://thienlong.vn/products/but-may-urb-prm-dark-purple-tb4-1975508
815,Bút máy cao cấp Parker IM SE Metallic GB4-2074141,60001455,Parker,https://product.hstatic.net/1000230347/product/im_metallic_pursuit_ct_6276bf01371945f7920ee62a774e8295_6a5f858e11114582a062946533c1a9cf_1024x1024.png*****https://product.hstatic.net/1000230347/product/2074141_m_imgps_20_1ca117a8c14347739a7a71609be5b8ca_0f75e8d5724c4041a5c2372336089031_1024x1024.png*****https://product.hstatic.net/1000230347/product/tai_xuong__2__e9a0227743934aafb4d67998b159efbd_b24ebc6363f64ae08dcc94defd1c8143_1024x1024.png*****https://product.hstatic.net/1000230347/product/tai_xuong__3__cdc0452b3fc147f48dab3aa311d81b79_f859cf841d474c0ba5dac9b0d68e6589_1024x1024.png,"3,810,000₫",,https://thienlong.vn/products/but-may-im-se-metallic-gb4-2074141
816,Bút máy cao cấp Parker IM PRM Warm Grey GT TB4-1975628,60001483,Parker,https://product.hstatic.net/1000230347/product/im_premium_warm_silver_gt_aa2c14c81c1a4421bb9d514a729fc009_cbb978f2c0c74701a6f0716cd8169c91_1024x1024.png*****https://product.hstatic.net/1000230347/product/tai_xuong__3__b477e5ca3ad94156b924ba336b03aad2_38439b037cb04d14b1f82281a12f845e_1024x1024.png*****https://product.hstatic.net/1000230347/product/tai_xuong__4__62e7573a609f49a0a29148b62cafd413_e10165dd1a3b46ba935ceddf28a8448d_1024x1024.png*****https://product.hstatic.net/1000230347/product/1931685_m_imgps_20_5dadea8802d84e67a7dff386d90c9897_eeb269ba3f534400a2cdd12a181a9fc2_1024x1024.png*****https://theme.hstatic.net/1000230347/1000782290/14/product-placeholder.png?v=26585*****https://theme.hstatic.net/1000230347/1000782290/14/product-placeholder.png?v=26585,"2,972,000₫",,https://thienlong.vn/products/but-may-im-prm-warm-grey-gt-tb4-1975628
817,Bút máy cao cấp Parker IM PRM DK Violet CT TB4-1975619,60001477,Parker,https://product.hstatic.net/1000230347/product/im_premium_dark_violet_ct_18432049318e429f81ab64dfb20748e5_1024x1024.png*****https://product.hstatic.net/1000230347/product/tai_xuong_c38cdc89b63544119e374ac39d47e565_1024x1024.png*****https://product.hstatic.net/1000230347/product/tai_xuong__1__904f04bc6de3456ba9f6906e79c1d058_1024x1024.png*****https://product.hstatic.net/1000230347/product/1931637_m_imgps_20_38b4d556ef174305909dbd16c733e043_1024x1024.png*****https://theme.hstatic.net/1000230347/1000782290/14/product-placeholder.png?v=26585*****https://theme.hstatic.net/1000230347/1000782290/14/product-placeholder.png?v=26585,"2,972,000₫",,https://thienlong.vn/products/but-may-im-prm-dk-violet-ct-tb4-1975619
818,Bút máy cao cấp Parker IM PRM Black GT TB4-1975631,60001465,Parker,https://product.hstatic.net/1000230347/product/im_premium_black-gold_gt_f9a320a6562c42aabd50ba6915e49453_2949b1dd005a48fb81f975b331430765_1024x1024.png*****https://product.hstatic.net/1000230347/product/tai_xuong_e6e6d3a1de304f31adc36fb30569805c_b9c31cc8c9c546179c66b47b9f50fd5c_1024x1024.png*****https://product.hstatic.net/1000230347/product/newellrubbermaid_1931646_m_imgbs_20_0b69f966ef7240c6adacd00871cc4eb8_bf005d24ee9c45d0b04a440b17bfd8c5_1024x1024.jpg*****https://product.hstatic.net/1000230347/product/1931653_m_imgps_20_1e20c289adcb4ff18995779d6acac32d_cc0bc70fc2ae4fb3bbd3ff998dd3a102_1024x1024.png*****https://theme.hstatic.net/1000230347/1000782290/14/product-placeholder.png?v=26585*****https://theme.hstatic.net/1000230347/1000782290/14/product-placeholder.png?v=26585,"2,972,000₫",,https://thienlong.vn/products/but-may-im-prm-black-gt-tb4-1975631
819,Bút máy cao cấp Parker IM Matte Blue CT TB4-1975598,60001495,Parker,https://product.hstatic.net/1000230347/product/tai_xuong__3__03169d79587841f2af5511fcf9dca3e5_8dda2414fa8f4e3dae177f69db73e9f1_1024x1024.png*****https://product.hstatic.net/1000230347/product/tai_xuong__1__b2c39832972e4e8994c73011fe1b968c_c3e9b98a4704450fb782061014559c2d_1024x1024.png*****https://product.hstatic.net/1000230347/product/tai_xuong_1ec2c70a78a3467e84eb856fcffa0a75_c7045d3a970643308fcfd340cd155260_1024x1024.png,"1,703,000₫",,https://thienlong.vn/products/but-may-im-matte-blue-ct-tb4-1975598
820,Bút máy cao cấp Parker IM Dark Espresso&nbsp; CT TB4-1975604,60001501,Parker,https://product.hstatic.net/1000230347/product/im_dark_espresso_ct_3cf1daeff57e4691a9fb4b3d2f9c7293_73218fa6f3d74e0f899aae9f995c8a5a_1024x1024.png*****https://product.hstatic.net/1000230347/product/tai_xuong_05992ba99be34e1c801de9afeca0ca52_ff600c95a4ef4084af52a1f6373d36a0_1024x1024.png*****https://product.hstatic.net/1000230347/product/tai_xuong__2__ca6f02762c09420ca4f77960f8768ecd_6ed0df22b37e4d0b97c0789e0cd27dbb_1024x1024.png*****https://product.hstatic.net/1000230347/product/1931657_m_imgps_20_381e86e84a48446db14edd62870d77e8_7970e83accee4c608665adcf2b1fb8ba_1024x1024.png*****https://theme.hstatic.net/1000230347/1000782290/14/product-placeholder.png?v=26585,"1,703,000₫",,https://thienlong.vn/products/but-may-im-dark-espresso-ct-tb4-1975604
821,Bút máy cao cấp Parker IM Black GT TB4-1975595,60001492,Parker,https://product.hstatic.net/1000230347/product/im_black_lacquer_gt_00de1640a9fc488297e7567bef9969cd_3ed5c897d11d48a394a49d532e580da8_1024x1024.png*****https://product.hstatic.net/1000230347/product/newellrubbermaid_1931645_m_imgbs_20_f2670e66893845209b50f856f5978a7f_4a1db04eafce4261b9384212ff6e3bcc_1024x1024.jpg*****https://product.hstatic.net/1000230347/product/newellrubbermaid_1931645_m_imgbs_10_26e7c900065d457a9e0200363eaf77c7_cf769c8907ce487da61df4e4df04fd27_1024x1024.jpg*****https://product.hstatic.net/1000230347/product/newellrubbermaid_1931645_m_imggb_202_6f2b013b43b649b2a7a6792a2260e67f_09d9856f307e4c7fa3f7370c46241896_1024x1024.jpg,"1,703,000₫",,https://thienlong.vn/products/but-may-im-black-gt-tb4-1975595
822,Bút lông bi cao cấp Parker Urban PRM X-Purple TB4-1975534,60001514,Parker,https://product.hstatic.net/1000230347/product/newellrubbermaid_1931570_rbn_imgps_20_e9f3d6b4fa4c4bf68ccc8062c9dec03d_aa015e8d2bd94ee2a9fa24310af23497_1024x1024.jpg*****https://product.hstatic.net/1000230347/product/1931570_rbn_imgps_20_4d43747bc7bb4cd0b4a4447da0e04f99_699ba7b452e24d93b3b5adb79cecd098_1024x1024.png*****https://product.hstatic.net/1000230347/product/newellrubbermaid_1931570_rbn_imgps_10_a6b341bd9cd04c3abd2a5a34963fd57c_6fcd20ca5bee45b985d90b5abb85b4e8_1024x1024.jpg*****https://product.hstatic.net/1000230347/product/ewellrubbermaid_1931567_rbn_imggb_202_e445415659214b39ab6224296de2ee3c_df2d477ff5024f9bba419725d761f987_1024x1024.jpg*****https://theme.hstatic.net/1000230347/1000782290/14/product-placeholder.png?v=26585,"2,742,000₫",,https://thienlong.vn/products/but-long-bi-urb-prm-x-purple-tb4-1975534
823,Bút lông bi cao cấp Parker Urban PRM X-Orang TB4-1975538,60001523,Parker,https://product.hstatic.net/1000230347/product/newellrubbermaid_1931626_rbn_imgps_20_f14073a9659d4881970367e30249abfa_ccee0823078c4c48887c20a356fdc183_1024x1024.jpg*****https://product.hstatic.net/1000230347/product/1931626_rbn_imgps_20_ae753c4e2ce04551be879effcefb4ef1_64fe644a8d1745119a2b6c93134c98a6_1024x1024.png*****https://product.hstatic.net/1000230347/product/newellrubbermaid_1931625_rbn_imgbs_10_1f18bda60fec4ee29cd368902ef979ac_a9943578fa19469ea4388723920105ab_1024x1024.jpg*****https://product.hstatic.net/1000230347/product/newellrubbermaid_1931626_rbn_imgbs_20_1c4e5ac471294ed4a19ddcd89f057415_f5292706b3b246c087bbfa71b887b63a_1024x1024.jpg*****https://theme.hstatic.net/1000230347/1000782290/14/product-placeholder.png?v=26585*****https://theme.hstatic.net/1000230347/1000782290/14/product-placeholder.png?v=26585,"2,742,000₫",,https://thienlong.vn/products/but-long-bi-urb-prm-x-orang-tb4-1975538
824,Bút lông bi cao cấp Parker Urban PRM X-EMetal TB4-1975531,60001517,Parker,https://product.hstatic.net/1000230347/product/newellrubbermaid_1931614_rbn_imgps_20_e73344b214134edd9de1834231c1eac4_9871bf4b4f054b119a7fac15f4492951_1024x1024.jpg*****https://product.hstatic.net/1000230347/product/1931614_rbn_imgps_20_6ee2c7bf375146b19fe70f07e780b243_9f2add3287964942adf496a5ea204c98_1024x1024.png*****https://product.hstatic.net/1000230347/product/newellrubbermaid_1931613_rbn_imgbs_10_041d05cc670f49e99d4659b76fcd9e2c_1800560eecb14c45b0ea718f0708820a_1024x1024.jpg*****https://product.hstatic.net/1000230347/product/newellrubbermaid_1931614_rbn_imgps_10_7736efcce9ca443e98810089c34dc412_8144502fbb27485b93b1c177fd31bb1c_1024x1024.jpg*****https://theme.hstatic.net/1000230347/1000782290/14/product-placeholder.png?v=26585*****https://theme.hstatic.net/1000230347/1000782290/14/product-placeholder.png?v=26585,"2,742,000₫",,https://thienlong.vn/products/but-long-bi-urb-prm-x-emetal-tb4-1975531
825,Bút lông bi cao cấp Parker Urban PRM X-D Blue TB4-1975533,60001511,Parker,https://product.hstatic.net/1000230347/product/newellrubbermaid_1931566_rbn_imgps_20_e5f23d8fe0ce4b8f823cd69d72654670_bb369c98ec2e43c6847f8cb6ec191094_1024x1024.jpg*****https://product.hstatic.net/1000230347/product/newellrubbermaid_1931563_rbn_imgbs_10_6cc4495145a745d5bdc4f6cabed4c9f3_240f23d3d64f4100ae1dcb86f34a9369_1024x1024.jpg*****https://product.hstatic.net/1000230347/product/1931566_rbn_imgps_20_cfb72a337d7e423389ae7f442a8c3e2f_42875bac0f0b4d22970dc0bff8290ce1_1024x1024.png*****https://product.hstatic.net/1000230347/product/ellrubbermaid_1931563_rbn_imggb_202-1_380ae819e9174434a4fc4f491b14b96b_60b81a0be07b444a85e136cb45b828fe_1024x1024.jpg*****https://theme.hstatic.net/1000230347/1000782290/14/product-placeholder.png?v=26582*****https://theme.hstatic.net/1000230347/1000782290/14/product-placeholder.png?v=26582,"2,742,000₫",,https://thienlong.vn/products/but-long-bi-urb-prm-x-d-blue-tb4-1975533
826,Bút lông bi cao cấp Parker IM X-M Blue CT TB4-1975577,60001496,Parker,https://product.hstatic.net/1000230347/product/newellrubbermaid_1931661_m_imgps_20_8717a49607a34a91944d748fe4e97217_b2899a6f016a46f58fc23dca64369435_1024x1024.jpg*****https://product.hstatic.net/1000230347/product/newellrubbermaid_1931654_m_imgps_10_ead9cb78b8ac4ea09c8dad1d219226b9_b0ebc22a608b4bf694e8cfb1ab044d7e_1024x1024.jpg*****https://product.hstatic.net/1000230347/product/1931661_m_imgps_20_21989cfea4674783892a7d729fae6484_5a91c1b4a5764234883493018861b76e_1024x1024.png*****https://product.hstatic.net/1000230347/product/newellrubbermaid_1931647_m_imgbs_10_7fcc621f3797497d9df4224bbebf7c23_319fdfd2cd9f4723a0a2fa44e2864e9a_1024x1024.jpg*****https://theme.hstatic.net/1000230347/1000782290/14/product-placeholder.png?v=26585*****https://theme.hstatic.net/1000230347/1000782290/14/product-placeholder.png?v=26585,"1,299,000₫",,https://thienlong.vn/products/but-long-bi-im-x-m-blue-ct-tb4-1975577
827,Bút lông bi cao cấp Parker IM X-L Purple CT TB4-1975580,60001505,Parker,https://product.hstatic.net/1000230347/product/60001505_n_54fc295337c94b328c62234212f7b1fe_1024x1024.jpg*****https://product.hstatic.net/1000230347/product/60001505_copy_69eff253d6fb49ddb5b8fe0d4591b0fa_1024x1024.jpg*****https://product.hstatic.net/1000230347/product/im_light_purple_ct_c069374f1294450597b17daf03c22d83_8bd326a077fd4623a74ef297dcd2eb48_1024x1024.png*****https://product.hstatic.net/1000230347/product/1931635_m_imgps_20_e097728bcde248bbba4042dedbdb790c_73703d43a18e4065bd99307433834574_1024x1024.png*****https://theme.hstatic.net/1000230347/1000782290/14/product-placeholder.png?v=26585*****https://theme.hstatic.net/1000230347/1000782290/14/product-placeholder.png?v=26585*****https://theme.hstatic.net/1000230347/1000782290/14/product-placeholder.png?v=26585*****https://theme.hstatic.net/1000230347/1000782290/14/product-placeholder.png?v=26585,"1,299,000₫",,https://thienlong.vn/products/but-long-bi-im-x-l-purple-ct-tb4-1975580
828,Bút lông bi cao cấp Parker IM X-DK ESPSO CT TB4-1975579,60001502,Parker,https://product.hstatic.net/1000230347/product/newellrubbermaid_1931664_m_imgps_20_6c1b0c7636ba424d969c0444a95e67e4_454de69139264ef182fd3285dd68be65_1024x1024.jpg*****https://product.hstatic.net/1000230347/product/newellrubbermaid_1931657_m_imgps_10_1e59ae7611eb455cb1a51efa2d43d09f_28876980c16f4890808521676c315361_1024x1024.jpg*****https://product.hstatic.net/1000230347/product/1931664_m_imgps_20_94eaa58d06fa4d82930c8bb4450d65ca_623353a15e254825a47e6873f9940af8_1024x1024.png*****https://product.hstatic.net/1000230347/product/newellrubbermaid_1931664_m_imgbs_20_e9aa674c58814b15a71f1504b83448ce_5f12d34022d94d429026da38147f2a58_1024x1024.jpg*****https://theme.hstatic.net/1000230347/1000782290/14/product-placeholder.png?v=26585*****https://theme.hstatic.net/1000230347/1000782290/14/product-placeholder.png?v=26585,"1,299,000₫",,https://thienlong.vn/products/but-long-bi-im-x-dk-espso-ct-tb4-1975579
829,Bút lông bi cao cấp Parker IM X-BS Metal GT TB4-1975578,60001499,Parker,https://product.hstatic.net/1000230347/product/tai_xuong_7cde8d1122b94d74945563022a243c39_08128d0412974c46998ff090dd281542_1024x1024.png*****https://product.hstatic.net/1000230347/product/newellrubbermaid_1931663_m_imgbs_20_4cce15aad522465885458790f4cab13c_7a16c69250784662bacab8fa48077dc4_1024x1024.jpg*****https://product.hstatic.net/1000230347/product/1931663_m_imgps_20_5d9c50bf212c4f438e43191d601a4730_c48af3f9d68443249bc6e48fcc5f17c5_1024x1024.png*****https://product.hstatic.net/1000230347/product/newellrubbermaid_1931649_m_imgbs_10_b36a99b4be2b4a88b0c3b9c6ff5c09e2_fd84f8da3a06402f9cbaa42488ba0e37_1024x1024.jpg*****https://theme.hstatic.net/1000230347/1000782290/14/product-placeholder.png?v=26585*****https://theme.hstatic.net/1000230347/1000782290/14/product-placeholder.png?v=26585,"1,299,000₫",,https://thienlong.vn/products/but-long-bi-im-x-bs-metal-gt-tb4-1975578
830,Bút lông bi cao cấp Parker IM X-Black GT TB4-1975576,60001493,Parker,https://product.hstatic.net/1000230347/product/im_black_lacquer_gt_d5b31a2898b147d1aea72cbc958dd8d6_7cc76677083a4931aac661b9d18f3620_1024x1024.png*****https://product.hstatic.net/1000230347/product/newellrubbermaid_1931659_m_imgbs_20_c2911a4f8f5042e6b60c47dfc17c2f7e_eaa583774b974354a22fbb267747fd03_1024x1024.jpg*****https://product.hstatic.net/1000230347/product/im_black_gt_a6958981d54045788187e0e42157e210_d31dd7f19f7c45c2b6a869ab48a1a8ad_1024x1024.png*****https://product.hstatic.net/1000230347/product/newellrubbermaid_1931645_m_imggb_202_1713efecbe15440791d4fcd13de76cf1_bd45409a6671461aadb29f0055e5b23a_1024x1024.jpg*****https://theme.hstatic.net/1000230347/1000782290/14/product-placeholder.png?v=26585*****https://theme.hstatic.net/1000230347/1000782290/14/product-placeholder.png?v=26585,"1,299,000₫",,https://thienlong.vn/products/but-long-bi-im-x-black-gt-tb4-1975576
831,Bút lông bi cao cấp Parker IM X-Black CT TB4-1975575,60001490,Parker,https://product.hstatic.net/1000230347/product/tai_xuong_24808e5334004c69930bc6030e8f4a98_e3c12ca7032148e3826d43c468e10a83_1024x1024.png*****https://product.hstatic.net/1000230347/product/tai_xuong__2__02cd28e6ef5b4e89881e401a3c092a24_3c1894b3699b498980d1f13bdb59678e_1024x1024.png*****https://product.hstatic.net/1000230347/product/im_black_ct_82c7cec80a384adea5823e7b953ab8b9_59b238eeb367498a9d412c5b141d829d_1024x1024.png*****https://product.hstatic.net/1000230347/product/tai_xuong__1__305d6941c59f4febb10fff3b5349f973_fbf366d369874e65843709d627594869_1024x1024.png*****https://theme.hstatic.net/1000230347/1000782290/14/product-placeholder.png?v=26585*****https://theme.hstatic.net/1000230347/1000782290/14/product-placeholder.png?v=26585*****https://theme.hstatic.net/1000230347/1000782290/14/product-placeholder.png?v=26585,"1,299,000₫",,https://thienlong.vn/products/but-long-bi-im-x-black-ct-tb4-1975575
832,Bút lông bi cao cấp Parker IM SE Đ-Metall F GB4-2074145,60001456,Parker,https://product.hstatic.net/1000230347/product/im_metallic_pursuit_ct_64e7ee1d9ce94a98b2806aa958fdff60_8e56083adeed41b3b4c722dc7697e6cf_1024x1024.png*****https://product.hstatic.net/1000230347/product/tai_xuong_0b20d8f3d47a497e8229ebc2fd860730_bc17c9b76c5d4844bc292ccfcbdee701_1024x1024.png*****https://product.hstatic.net/1000230347/product/2074145_m_imgps_20_ac0587709436487cb1bf5fd1e72f2ce1_cbd9d78e864246b89fda682978345010_1024x1024.png*****https://product.hstatic.net/1000230347/product/newellrubbermaid_2074141_m_imggb_202_51352ff691d24335911ade8d54daba05_44b4ef04c64146c18229e15a786faf4c_1024x1024.jpg,"2,953,000₫",,https://thienlong.vn/products/but-long-bi-im-se-d-metall-f-gb4-2074145
833,Bút lông bi cao cấp Parker IM SE Đ-Blue F GB4-2073477,60001462,Parker,https://product.hstatic.net/1000230347/product/im_blue_origin_ct_c8a44803653c4422a69d85714a03d8db_5467815e20fe4aac95f516b846d765bd_1024x1024.png*****https://product.hstatic.net/1000230347/product/tai_xuong__1__c43cba4938dc4afb907cc6a8e81ada34_05739284feb0464790ec9bab4cc408ca_1024x1024.png*****https://product.hstatic.net/1000230347/product/tai_xuong_528dfff01a1044a29adf1841da574fd4_dbe0ae36020a406b9bfe2f2b8c76acee_1024x1024.png,"1,263,000₫",,https://thienlong.vn/products/but-long-bi-im-se-d-blue-f-gb4-2073477
834,Bút lông bi cao cấp Parker IM PRM X-Grey GT TB4-1975587,60001484,Parker,https://product.hstatic.net/1000230347/product/tai_xuong_488ff01e1f5a4d70ac7e9cf97687222a_c4fc8960d3cc4c80a5d13ae6acc19550_1024x1024.png*****https://product.hstatic.net/1000230347/product/newellrubbermaid_1931684_m_imgps_10_844cdc7bb97d461b953cf8cffe61c5f6_1a11ea05d40f487cb9e16ce851d7675d_1024x1024.jpg*****https://product.hstatic.net/1000230347/product/newellrubbermaid_1931686_m_imgbs_20_7f0de45645574a0e82059590564f9297_54eb3aa7bbdf4d19ac8132ed0ee2f99e_1024x1024.jpg*****https://product.hstatic.net/1000230347/product/1931686_m_imgps_20_ddf06711538d436cb2b88ca95e611a7e_941069890c6546d6b729cb683663065b_1024x1024.png*****https://theme.hstatic.net/1000230347/1000782290/14/product-placeholder.png?v=26585*****https://theme.hstatic.net/1000230347/1000782290/14/product-placeholder.png?v=26585,"2,380,000₫",,https://thienlong.vn/products/but-long-bi-im-prm-x-grey-gt-tb4-1975587
835,Bút lông bi cao cấp Parker IM PRM X-GREE CT TB4-1975586,60001481,Parker,https://product.hstatic.net/1000230347/product/newellrubbermaid_1931642_m_imgps_20_d9be6accbe134eb8b42263825d7bfc06_709a2f74754c4ac2b5b6699784da541d_1024x1024.jpg*****https://product.hstatic.net/1000230347/product/newellrubbermaid_1931642_m_imgbs_20_d02bd16227fb4f47b2cdb5fe2cbf47d2_e46e56336681474a8f9fb865b72d47d2_1024x1024.jpg*****https://product.hstatic.net/1000230347/product/1931642_m_imgps_20_eba6a335dbfe4a53869834ebd1b3bb7a_ba69c5285d314f2e8e9f7f75df610447_1024x1024.png*****https://product.hstatic.net/1000230347/product/newellrubbermaid_1931640_m_imgbs_10_fb13ffa01ea74505b04db9620d286c30_5e0d1e4917b8476891f1625a3fa33e32_1024x1024.jpg*****https://theme.hstatic.net/1000230347/1000782290/14/product-placeholder.png?v=26585*****https://theme.hstatic.net/1000230347/1000782290/14/product-placeholder.png?v=26585,"2,380,000₫",,https://thienlong.vn/products/but-long-bi-im-prm-x-gree-ct-tb4-1975586
836,Bút lông bi cao cấp Parker IM PRM X-D VI CT TB4-1975584,60001478,Parker,https://product.hstatic.net/1000230347/product/newellrubbermaid_1931639_m_imgps_20_3ddc63469fc54d55a31c0e688330c03b_e9fd446fa77d488385a3c8a49341e9ee_1024x1024.jpg*****https://product.hstatic.net/1000230347/product/im_premium_dark_green__d12aec432c274d53908332e117348306_23f16478155447a0bf921cd8912a3735_1024x1024.png*****https://product.hstatic.net/1000230347/product/newellrubbermaid_1931636_m_imgbs_10_5832f6c4c5904292bd8820711f050800_b3f7d3bab92f4b5899f2dacf10e5952f_1024x1024.jpg*****https://product.hstatic.net/1000230347/product/newellrubbermaid_1931639_m_imgbs_20_8dc0bb433c634a6180cc7ad87f8a30c7_050d322e7a1449cf8260a8bcc236e8a6_1024x1024.jpg*****https://theme.hstatic.net/1000230347/1000782290/14/product-placeholder.png?v=26585,"2,380,000₫",,https://thienlong.vn/products/but-long-bi-im-prm-x-d-vi-ct-tb4-1975584
837,Bút lông bi cao cấp Parker IM PRM X-BWN CT TB4-1975585,60001472,Parker,https://product.hstatic.net/1000230347/product/im_premium_brown_ct_2a703759f9f245b18f99d225e4ab1da8_02003349aa074d8c92b344126cc99c09_1024x1024.png*****https://product.hstatic.net/1000230347/product/1931678_m_imgps_20_0ea96cf36570403a8f539cb8d6f25b03_acb49103e26f48d29562fe3d2f9e218d_1024x1024.png*****https://product.hstatic.net/1000230347/product/tai_xuong__1__297d141a79944abca0f66af3d5960188_4b617617f7744141893783389206c6c5_1024x1024.png*****https://product.hstatic.net/1000230347/product/tai_xuong_748c1b44997c46d6bb1427955ab5d026_e645c15d790f4f0f929cbe2f8f248a62_1024x1024.png*****https://theme.hstatic.net/1000230347/1000782290/14/product-placeholder.png?v=26585*****https://theme.hstatic.net/1000230347/1000782290/14/product-placeholder.png?v=26585,"2,380,000₫",,https://thienlong.vn/products/but-long-bi-im-prm-x-bwn-ct-tb4-1975585
838,Bút lông bi cao cấp Parker IM PRM X-Blue CT TB4-1975589,60001469,Parker,https://product.hstatic.net/1000230347/product/im_premium_blue_ct_1c97785366dd4c369f47da4fe4307d65_12d0703e8fde467794bfb757a6fda968_1024x1024.png*****https://product.hstatic.net/1000230347/product/tai_xuong__1__4efb740eb2bb41ee9ef50c8d70664072_1c9b61a1f9364240a8688dc74ed149c2_1024x1024.png*****https://product.hstatic.net/1000230347/product/tai_xuong_580c03aa538d498c81df9e605f4b9e92_027e00dc3e594a2b856c95012af3e523_1024x1024.png*****https://product.hstatic.net/1000230347/product/tai_xuong__2__852dd031ca6a446b9a2fae5e35298f56_5015b789fec64adcb1dde80cb3bfe5f6_1024x1024.png*****https://theme.hstatic.net/1000230347/1000782290/14/product-placeholder.png?v=26585*****https://theme.hstatic.net/1000230347/1000782290/14/product-placeholder.png?v=26585,"2,380,000₫",,https://thienlong.vn/products/but-long-bi-im-prm-x-blue-ct-tb4-1975589
839,Bút lông bi cao cấp Parker IM PRM X-BLK GT TB4-1975588,60001466,Parker,https://product.hstatic.net/1000230347/product/im_premium_black-gold_gt_9e9ba48cddbf4d1db02905e4689d7dd8_d3f3dd7833af408eb2387d6d32d1fad8_1024x1024.png*****https://product.hstatic.net/1000230347/product/tai_xuong__1__80fe3aaecbb646b29eb712ef110f9672_6bcf45868fdc4351a6957e71f5a6d21d_1024x1024.png*****https://product.hstatic.net/1000230347/product/1931660_m_imgps_20_781b8c6c2bcc4b5291ffe9755c666fe4_66d2b5d37c0545ccbf94adf64e154c67_1024x1024.png*****https://product.hstatic.net/1000230347/product/tai_xuong_8580aaa8b2c346e98e53f3a8de4348fb_575a176267854c5093bedcd584a4b9f3_1024x1024.png*****https://theme.hstatic.net/1000230347/1000782290/14/product-placeholder.png?v=26585,"2,380,000₫",,https://thienlong.vn/products/but-long-bi-im-prm-x-blk-gt-tb4-1975588
840,Bút bi cao cấp Parker Vector X-STAIN Steel TB6-S0029780,60001416,Parker,https://product.hstatic.net/1000230347/product/ewellrubbermaid_2025445_vctr_imgps_20_cc80e72a90db4164b73f15768b48c17d_deeb4646db254d148b177691ad242fe9_1024x1024.jpg*****https://product.hstatic.net/1000230347/product/wellrubbermaid_2025445_vctr_imggb_202_60bf46bb996d4d8c8e4ade44a24bf8ca_56a4cf90123e426e822d5cd3eec380c4_1024x1024.jpg*****https://product.hstatic.net/1000230347/product/vector_vector_core_stainless_steel_bbb51d2a17a045d9b7f3f6eea688dd13_0069adb5305147fbbec5753643ad3cc4_1024x1024.png,"791,000₫",,https://thienlong.vn/products/but-bi-vect-x-stain-steel-tb6-s0029780
841,Bút bi cao cấp Parker Vector X-Purple TB6-2025467,60001421,Parker,https://product.hstatic.net/1000230347/product/vector_vector_core_purple_080329653287482cba438fb68a90f534_1f6f4f21b79c4ff5a8f110258572bb59_1024x1024.png*****https://product.hstatic.net/1000230347/product/wellrubbermaid_2025596_vctr_imggb_202_ff7732035c784912af54c1ca4d90b02c_3df408de3d04478da9f8b196da7f8d48_1024x1024.jpg*****https://product.hstatic.net/1000230347/product/ewellrubbermaid_2025596_vctr_imgps_20_6ad6593f66434bc29f1531ea96c30fe7_4eb4f940347e474588b5281b5cead09a_1024x1024.jpg,"520,000₫",,https://thienlong.vn/products/but-bi-vect-x-purple-tb6-2025467
842,Bút bi cao cấp Parker Urban PRM Đ-Pearl Metal TB4-1975461,60001524,Parker,https://product.hstatic.net/1000230347/product/rban_premium_pearl_metal_chiselled_ct_deba5dfb400b44b7919960b0108234e3_7b385df9ab3a411b9950bc3aeddaa451_1024x1024.png*****https://product.hstatic.net/1000230347/product/newellrubbermaid_1931611_rbn_imgbs_20_a95b546c132346f3bd21fe4b9fc477c8_20eae68504ef43cd97fff2d3317fef8e_1024x1024.jpg*****https://product.hstatic.net/1000230347/product/ewellrubbermaid_1931611_rbn_imggb_202_8249bcf237ea433ca502dc5eb00e9f35_b9c73e46c28e4227acc9331b5fd8cde8_1024x1024.jpg*****https://product.hstatic.net/1000230347/product/ellrubbermaid_1931599_rbn_imggb_201-1_171b2bfeb34e4efead4320738d83312a_26997f2fc86349eca44ba01b89dd65ff_1024x1024.jpg*****https://theme.hstatic.net/1000230347/1000782290/14/product-placeholder.png?v=26585,"2,285,000₫",,https://thienlong.vn/products/but-bi-urb-prm-d-pearl-metal-tb4-1975461
843,Bút bi cao cấp Parker Urban PRM Đ-Orange TB4-1975473,60001521,Parker,https://product.hstatic.net/1000230347/product/newellrubbermaid_1931627_rbn_imgps_20_2911d159cbb446aeb2bc1d1fe1c59f47_a73ed6b192054cb3926f5a7182f61ca6_1024x1024.jpg*****https://product.hstatic.net/1000230347/product/ellrubbermaid_1931599_rbn_imggb_201-1_bd14583ee2044fa289c2b2b0b6419baa_0c12a72e49454636a9e805b27184c77e_1024x1024.jpg*****https://product.hstatic.net/1000230347/product/newellrubbermaid_1931627_rbn_imgbs_20_464117efd16b4014b5d463f6a9a9675e_ccede4afe9af41a6922ccc9b575595aa_1024x1024.jpg*****https://product.hstatic.net/1000230347/product/ellrubbermaid_1931627_rbn_imggb_202-1_839413a0ab5a43d98ca673a0668f4de0_167fb7dc07f74d7d8be81175fff91e2e_1024x1024.jpg*****https://theme.hstatic.net/1000230347/1000782290/14/product-placeholder.png?v=26585,"2,285,000₫",,https://thienlong.vn/products/but-bi-urb-prm-d-orange-tb4-1975473
844,Bút bi cao cấp Parker Urban PRM Đ-Green TB4-1975469,60001518,Parker,https://product.hstatic.net/1000230347/product/newellrubbermaid_1931619_rbn_imgps_20_f11d2e386ec745eab27cb56d495aa2a5_13680993bf714c74aec36cd99c754061_1024x1024.jpg*****https://product.hstatic.net/1000230347/product/ellrubbermaid_1931599_rbn_imggb_201-1_837e039a0ce4473e825b858f6c84a6cf_d95496858586472c94a0b95e7c7b21c9_1024x1024.jpg*****https://product.hstatic.net/1000230347/product/newellrubbermaid_1931619_rbn_imgbs_20_2300e4027de34d8894abea90f41ed54f_14952ee9421c4d108debb5737ed41019_1024x1024.jpg*****https://product.hstatic.net/1000230347/product/ellrubbermaid_1931619_rbn_imggb_202-1_e00b41dcb6894ab594e45683928f5d42_8631de5b76824ebc9c41f467c3c11aa4_1024x1024.jpg*****https://theme.hstatic.net/1000230347/1000782290/14/product-placeholder.png?v=26585,"2,285,000₫",,https://thienlong.vn/products/but-bi-urb-prm-d-green-tb4-1975469
845,Bút bi cao cấp Parker Urban PRM Đ-Ebony Metal TB4-1975459,60001515,Parker,https://product.hstatic.net/1000230347/product/newellrubbermaid_1931615_rbn_imgps_20_3f79eb08ab584372a69650a1d46eda17_9a0d6cd2d2ba4c2ebfa3cc9c6e826448_1024x1024.jpg*****https://product.hstatic.net/1000230347/product/newellrubbermaid_1931615_rbn_imgbs_20_05e95fcf41d8409cbd041f361a2b571d_b6e74ddb64284c06b1b802a1ef6c0dac_1024x1024.jpg*****https://product.hstatic.net/1000230347/product/rban_premium_ebony_metal_chiselled_ct_d759d5fe55c74ca4931d81732b9a03c4_8c9b14a91b2240cdb1e4df34f30c6b8f_1024x1024.png*****https://product.hstatic.net/1000230347/product/ewellrubbermaid_1931615_rbn_imggb_202_a766ee5c62e944f3b18e96ef6ad2643c_a4b03d67a91a45b0a6c30c2f68cd2112_1024x1024.jpg*****https://theme.hstatic.net/1000230347/1000782290/14/product-placeholder.png?v=26585,"2,285,000₫",,https://thienlong.vn/products/but-bi-urb-prm-d-ebony-metal-tb4-1975459
846,Bút bi cao cấp Parker Urban PRM Đ-Dark Purple TB4-1975465,60001512,Parker,https://product.hstatic.net/1000230347/product/newellrubbermaid_1931569_rbn_imgps_20_b23bd8df7fb0458cbe0d2ab970407743_a5503ebe0de0453183046c4a6f06539f_1024x1024.jpg*****https://product.hstatic.net/1000230347/product/newellrubbermaid_1931569_rbn_imgbs_20_b666517d7edb4cd7a8894ededcf77ef1_4838b5965e684142bee092c3129769cf_1024x1024.jpg*****https://product.hstatic.net/1000230347/product/ellrubbermaid_1931569_rbn_imggb_202-1_837e3b22ebbd48aea03cd1d0892996df_f5ed74bbd0b24b2fa06421a8d9712d22_1024x1024.jpg*****https://product.hstatic.net/1000230347/product/urban_premium_dark_purple_4926eacacaf947e5b015a15aa4762019_d800e3eed3174093928c04d672c8f8dc_1024x1024.png*****https://theme.hstatic.net/1000230347/1000782290/14/product-placeholder.png?v=26585,"2,285,000₫",,https://thienlong.vn/products/but-bi-urb-prm-d-dark-purple-tb4-1975465
847,Bút bi cao cấp Parker Urban PRM Đ-Dark Blue TB4-1975463,60001509,Parker,https://product.hstatic.net/1000230347/product/newellrubbermaid_1931565_rbn_imgps_20_27a1472798a6487da2272b3a1221040d_7258c4421d4544b794d58eba2277f01e_1024x1024.jpg*****https://product.hstatic.net/1000230347/product/ellrubbermaid_1931599_rbn_imggb_201-1_d2e99b7877c04bd29c2f98edd27a691f_6dfee268dabd4b8d8694ccc08a19a7b7_1024x1024.jpg*****https://product.hstatic.net/1000230347/product/newellrubbermaid_1931565_rbn_imgbs_20_2a216440fe404a4eb49881de1bbf6b86_9af3c117f742495ba847c8c69aa7de9d_1024x1024.jpg*****https://product.hstatic.net/1000230347/product/ewellrubbermaid_1931565_rbn_imggb_202_d73c5eb6637b4a7fab2110cfa248c1be_b85a33c849e94ac593eebf1feac485b2_1024x1024.jpg*****https://theme.hstatic.net/1000230347/1000782290/14/product-placeholder.png?v=26585,"2,285,000₫",,https://thienlong.vn/products/but-bi-urb-prm-d-dark-blue-tb4-1975463
848,Bút bi cao cấp Parker Jotter XL Đ-MGrey CT TB6-2068514,60001425,Parker,https://product.hstatic.net/1000230347/product/jotter_xl_alexandra_matte_grey_ct_5687878d097b4d0cafbef88df1b20f54_bdba6d6d082c41748379c5a551ae1d09_1024x1024.png*****https://product.hstatic.net/1000230347/product/ewellrubbermaid_2068360_jttr_imgbs_20_06ffe2478d394a00bc3486ee99ce0695_4ad1189576c34f559869968feded5d5d_1024x1024.jpg*****https://product.hstatic.net/1000230347/product/wellrubbermaid_2068360_jttr_imggb_202_5b7ac1f687ea49418aba6aa803e08f9b_1eab28a7a66f4536bb30549933b6a499_1024x1024.jpg,"899,000₫",,https://thienlong.vn/products/but-bi-jot-xl-d-mgrey-ct-tb6-2068514
849,Bút bi cao cấp Parker Jotter XL Đ-MGreen CT TB6-2068515,60001426,Parker,https://product.hstatic.net/1000230347/product/ewellrubbermaid_2068511_jttr_imgps_20_79251a0a87e74ebbb1089ecc4ada78f6_354fbb3fe22846a9a61f251661a3a799_1024x1024.jpg*****https://product.hstatic.net/1000230347/product/ewellrubbermaid_2068511_jttr_imgbs_20_02c9063e37b14a508267a33a2b2a70fd_d9a0aa87dadb4680a559459981a74ab1_1024x1024.jpg*****https://product.hstatic.net/1000230347/product/wellrubbermaid_2068511_jttr_imggb_202_1a0dc73cb8114c2abb775bf2dd094c4b_89f43ea87b44499c8c09ee14ff0d3e72_1024x1024.jpg,"899,000₫",,https://thienlong.vn/products/but-bi-jot-xl-d-mgreen-ct-tb6-2068515
850,Bút bi cao cấp Parker Jotter XL Đ-MBlue CT TB6-2068513,60001424,Parker,https://product.hstatic.net/1000230347/product/jotter_xl_primrose_matte_blue_ct_470bbb19731941dd9ba02ef80a347154_e6e2fccd8caf4fb3b019ebcf13570204_1024x1024.png*****https://product.hstatic.net/1000230347/product/ewellrubbermaid_2068359_jttr_imgbs_20_89e08d543660435183d48bedabdaf0c8_b77be778d6584424ab3fe7c5cc42a0dd_1024x1024.jpg*****https://product.hstatic.net/1000230347/product/wellrubbermaid_2068359_jttr_imggb_202_b5cbf3e411d5453a8124d7d12620c19a_defcafe2813d426ab96720ebe2f8ba86_1024x1024.jpg,"899,000₫",,https://thienlong.vn/products/but-bi-jot-xl-d-mblue-ct-tb6-2068513
851,Bút bi cao cấp Parker Jotter XL Đ-MBlack CT TB6-2068512,60001423,Parker,https://product.hstatic.net/1000230347/product/ewellrubbermaid_2068358_jttr_imgps_20_efa78f7a3f4f4bf29c7f7638800f6225_72e22cd278d245ada53e5ffaff6f6639_1024x1024.jpg*****https://product.hstatic.net/1000230347/product/ewellrubbermaid_2068358_jttr_imgbs_20_81586a49d1f64fe08f2f8380fe11d8e2_c85c70f3613743eaa5fb0ecf3d3504d6_1024x1024.jpg*****https://product.hstatic.net/1000230347/product/wellrubbermaid_2068358_jttr_imggb_202_8c5e160edf834971b336db12da523f7d_97b1596dd9ef46acb046a9cff30770d4_1024x1024.jpg,"899,000₫",,https://thienlong.vn/products/but-bi-jot-xl-d-mblack-ct-tb6-2068512
852,Bút bi cao cấp Parker Jotter SE Sky Blue CT GB6-2025828,60001434,Parker,https://product.hstatic.net/1000230347/product/jotter_special_edition_skyblue_modern_a10e2e62c0df4d9da6b45c70faf7baf5_935a9139209649039d5a3294c453f876_1024x1024.png*****https://product.hstatic.net/1000230347/product/60001434_0ca0549ff035459e93a252b19787ffa2_1024x1024.jpg*****https://product.hstatic.net/1000230347/product/ewellrubbermaid_2025828_jttr_imgbs_20_c3eee41bbad1416580ac2981471286b6_4fad00b946814d25a41606f67df86059_1024x1024.jpg*****https://product.hstatic.net/1000230347/product/ewellrubbermaid_2025828_jttr_imggb_20_cc6dc94282ab47ee89950a6700f90ce9_aafd662ea4da46fda553df9cc97af78c_1024x1024.jpg*****https://theme.hstatic.net/1000230347/1000782290/14/product-placeholder.png?v=26586,"940,000₫",,https://thienlong.vn/products/but-bi-jot-se-sky-blue-ct-gb6-2025828
853,Bút bi cao cấp Parker Jotter SE Black PM CT GB6-2025829,60001435,Parker,https://product.hstatic.net/1000230347/product/tter_special_edition_black_postmodern_baa7aead6a7846ffb2f1d5388f00f029_d2e5a44493364bd99d92bafd12e92b86_1024x1024.png*****https://product.hstatic.net/1000230347/product/60001435_0f642547c654462786f51d053e257bce_1024x1024.jpg*****https://product.hstatic.net/1000230347/product/ewellrubbermaid_2025829_jttr_imggb_20_cb92511b151f425b8fc1613e180e2225_d802da009a3c4417b84c53742b3be347_1024x1024.jpg*****https://product.hstatic.net/1000230347/product/ewellrubbermaid_2025829_jttr_imgbs_20_326dd3fad9d1452491055a4066cd9df5_a914b9d8311247fc827501bb6a07b37d_1024x1024.jpg*****https://theme.hstatic.net/1000230347/1000782290/14/product-placeholder.png?v=26586,"940,000₫",,https://thienlong.vn/products/but-bi-jot-se-black-pm-ct-gb6-2025829
854,Bút bi cao cấp Parker Jotter PRM Đ-SS DGL CT TB6-1953416,60001449,Parker,https://product.hstatic.net/1000230347/product/ewellrubbermaid_1953197_jttr_imgps_20_1a3336e2856a46faa1e2b91b3481c2d2_b56f1a3258254467a3f4350e2fd424f7_1024x1024.jpg*****https://product.hstatic.net/1000230347/product/ewellrubbermaid_1953197_jttr_imgbs_20_028d8ae023c94776b217b222ce6cb0a5_dab7dd60392349da8bf05056ce0c4a43_1024x1024.jpg*****https://product.hstatic.net/1000230347/product/lrubbermaid_1953197_jttr_imggb_20-old_ac509cc45c764287aa92e59660bb2bee_ae89503f0c944363a8e26d94bc176b54_1024x1024.jpg,"1,180,000₫",,https://thienlong.vn/products/but-bi-jot-prm-d-ss-dgl-ct-tb6-1953416
855,Bút bi cao cấp Parker Jotter PRM Đ-OF Grey CT TB6-1953417,60001448,Parker,https://product.hstatic.net/1000230347/product/ewellrubbermaid_1953199_jttr_imgps_20_af6cd32f86c747048f921ce48f802c6e_01bf8e3d614642419d6b8c33f2309d11_1024x1024.jpg*****https://product.hstatic.net/1000230347/product/ewellrubbermaid_1953199_jttr_imgbs_20_18e0fef08326493f8e72ebacc64a21b6_196e16e54e2f4040a26a9750c8421809_1024x1024.jpg*****https://product.hstatic.net/1000230347/product/lrubbermaid_1953199_jttr_imggb_20-old_31f4b5f2042b4db89ef265148d04c781_79cf33b6d220404a9e4ab7ba72163e68_1024x1024.jpg,"1,180,000₫",,https://thienlong.vn/products/but-bi-jot-prm-d-of-grey-ct-tb6-1953417
856,Bút bi cao cấp Parker Jotter PRM Đ-BRW PTP CT TB6-1953418,60001446,Parker,https://product.hstatic.net/1000230347/product/ewellrubbermaid_1953201_jttr_imgps_20_f8952e96f7a042d0bd9456b4239a4774_4c86b387bc8f4061b36db4861f57cc49_1024x1024.jpg*****https://product.hstatic.net/1000230347/product/ewellrubbermaid_1953201_jttr_imgbs_20_278d1043a82449b48355d802f74a583e_e4aece3c926d43cb8b5ea634cb2eca94_1024x1024.jpg*****https://product.hstatic.net/1000230347/product/lrubbermaid_1953201_jttr_imggb_20-old_bf4b146679694be9a9df82a69508c0d8_3639d0484e154d708249e33fecccc2f4_1024x1024.jpg,"1,180,000₫",,https://thienlong.vn/products/but-bi-jot-prm-d-brw-ptp-ct-tb6-1953418
857,Bút bi cao cấp Parker Jotter ORIG Đ-Magenta TB6-2075999,60001427,Parker,https://product.hstatic.net/1000230347/product/jotter_originals_magenta_f8fa0a879f494e6d8ae106d71fef4267_58631873ed8f40a49d249db7f41e10f4_1024x1024.png*****https://product.hstatic.net/1000230347/product/60001427_2816d9b88c0e441cb98a6a57595fbd45_1024x1024.jpg*****https://product.hstatic.net/1000230347/product/newellrubbermaid_2084405-5_00045a8df49a48bbb6cfc8911b13dfea_1e1a99ec683c429488e29c0e7684b239_1024x1024.jpg*****https://product.hstatic.net/1000230347/product/newellrubbermaid_2084405-2_b1560afe6a544228b8dccee15e9bbf4a_30ae8b7f07044c7db40b6a7d77d383cd_1024x1024.jpg*****https://theme.hstatic.net/1000230347/1000782290/14/product-placeholder.png?v=26586,"167,000₫",,https://thienlong.vn/products/but-bi-jot-orig-d-magenta-tb6-2075999
858,Bút bi cao cấp Parker Jotter Đ-WTL Blue CT TB6-1953411,60001442,Parker,https://product.hstatic.net/1000230347/product/ewellrubbermaid_1953191_jttr_imgps_20_cbeb600dc54a4016ab2053b75efe0e3b_f610c387fa764515b4f2a3d60f419d29_1024x1024.jpg*****https://product.hstatic.net/1000230347/product/ewellrubbermaid_1953191_jttr_imgbs_20_e1b4515a33794a268191644096d30f92_b75125f0bddd40719c671c92f11f5ecc_1024x1024.jpg*****https://product.hstatic.net/1000230347/product/lrubbermaid_1953191_jttr_imggb_20-old_3878e09624434b3c84fb10a465d80a6e_98b05487843e4b5d96a9d550362ccda1_1024x1024.jpg,"763,000₫",,https://thienlong.vn/products/but-bi-jot-d-wtl-blue-ct-tb6-1953411
859,Bút bi cao cấp Parker Jotter Đ-STAIN Steel GT TB6-1953345,60001437,Parker,https://product.hstatic.net/1000230347/product/ewellrubbermaid_1953182_jttr_imgps_20_ebb841feed674c38825618ba41d438e3_54a095c4ab2c4a5593a8f968c76da51a_1024x1024.jpg*****https://product.hstatic.net/1000230347/product/lrubbermaid_1953182_jttr_imggb_20-old_f7a8e01431e942efa9a04aea75e41eaf_db2b7dea0e5e4fe29a5701828e58d01b_1024x1024.jpg*****https://product.hstatic.net/1000230347/product/ewellrubbermaid_1953182_jttr_imgbs_20_6c0b8441f4274f438da6ca12062fd668_bbc6be385dcc464caa45fe1ebcd5423a_1024x1024.jpg,"780,000₫",,https://thienlong.vn/products/but-bi-jot-d-stain-steel-gt-tb6-1953345
860,Bút bi cao cấp Parker Jotter Đ-STAIN Steel CT TB6-1953344,60001436,Parker,https://product.hstatic.net/1000230347/product/ewellrubbermaid_1953170_jttr_imgps_20_0248101b87084a03baef5c9eeedd1de2_dd87b858a239463ea8786e16ffd88549_1024x1024.jpg*****https://product.hstatic.net/1000230347/product/ewellrubbermaid_1953170_jttr_imgbs_20_8a069f39f33a4c6ca0d7216b9b4c6b11_efa181285d6641e79e9e6326e8e769ce_1024x1024.jpg*****https://product.hstatic.net/1000230347/product/lrubbermaid_1953170_jttr_imggb_20-old_835df3ae08354f2790450fce3b044888_1b83387be25a437da5360bda5e0d628f_1024x1024.jpg,"780,000₫",,https://thienlong.vn/products/but-bi-jot-d-stain-steel-ct-tb6-1953344
861,Bút bi cao cấp Parker Jotter Đ-PTB Purple CT TB6-1953412,60001441,Parker,https://product.hstatic.net/1000230347/product/ewellrubbermaid_1953192_jttr_imgps_20_b9edbb19c4204113b10eb2e53ab18dfe_9c4724b70ca14e8ab570f1636b9826c0_1024x1024.jpg*****https://product.hstatic.net/1000230347/product/ewellrubbermaid_1953192_jttr_imgbs_20_bc8491a2ddd744179e6d42f36b628b10_268cf3c90641489482d3035aff45cfed_1024x1024.jpg*****https://product.hstatic.net/1000230347/product/lrubbermaid_1953192_jttr_imggb_20-old_2e3cc89121224edfab7bac68615903ad_f8bb3a8c8c24462c8d19e82bb691bb23_1024x1024.jpg,"763,000₫",,https://thienlong.vn/products/but-bi-jot-d-ptb-purple-ct-tb6-1953412
862,Bút bi cao cấp Parker Jotter Đ-KST Red CT TB6-1953348,60001439,Parker,https://product.hstatic.net/1000230347/product/ewellrubbermaid_1953187_jttr_imgps_20_86ab4f6362f84ff5a56340085c5b85bb_c260016abc104017b7b3f09c8242e615_1024x1024.jpg*****https://product.hstatic.net/1000230347/product/ewellrubbermaid_1953187_jttr_imgbs_20_eee0ec1830bc45fa845afd762f63f4ea_6e20ab949c144ad8b1fbedd883973df6_1024x1024.jpg*****https://product.hstatic.net/1000230347/product/lrubbermaid_1953187_jttr_imggb_20-old_bbc4ccfbc01c46d2b387b54ea9c9f8e0_c754b69dd3a1489b82a7336be72f6497_1024x1024.jpg,"763,000₫",,https://thienlong.vn/products/but-bi-jot-d-kst-red-ct-tb6-1953348
863,Bút bi cao cấp Parker Jotter Đ-BDST Black CT TB6-1953346,60001438,Parker,https://product.hstatic.net/1000230347/product/ewellrubbermaid_1953184_jttr_imgps_20_dde91ad671be46f29fc1a149dc043129_b48d0ef4d0b242ddbda0c387bf0d217e_1024x1024.jpg*****https://product.hstatic.net/1000230347/product/ewellrubbermaid_1953184_jttr_imgbs_20_ac912635ca774b65859d2e9abb08edc7_7c245157166e48e5937484d12ada2558_1024x1024.jpg*****https://product.hstatic.net/1000230347/product/lrubbermaid_1953184_jttr_imggb_20-old_809cd2ad2f5e4524aed9a5c07aada125_8bd67b09970548e3bb1a3335039c75c1_1024x1024.jpg,"763,000₫",,https://thienlong.vn/products/but-bi-jot-d-bdst-black-ct-tb6-1953346
864,Bút máy cao cấp Parker Urban Muted Black CT TB4-1975487,60001534,Parker,https://product.hstatic.net/1000230347/product/may_urb_muted_black_ct_tb4-1975487-01_2d9972b200084d92bb318d465d50f34f_f5c6b46b492d48379e94c2c85331576c_1024x1024.jpg*****https://product.hstatic.net/1000230347/product/may_urb_muted_black_ct_tb4-1975487-02_2bbc64652ced426982d23e9d2143ebec_bac8742d59224888b634d5480e7076bc_1024x1024.jpg*****https://product.hstatic.net/1000230347/product/may_urb_muted_black_ct_tb4-1975487-03_a4fa1babfd1c44bba8a8c611d989c4c2_5cd4f84895d547dc97188fb24bce20a9_1024x1024.jpg*****https://product.hstatic.net/1000230347/product/may_urb_muted_black_ct_tb4-1975487-04_9d95e376ab954555a9c4c648abccfe5b_1351c37492c041408ac58e335d385f9b_1024x1024.jpg*****https://theme.hstatic.net/1000230347/1000782290/14/product-placeholder.png?v=26587*****https://theme.hstatic.net/1000230347/1000782290/14/product-placeholder.png?v=26587,"2,324,000₫",,https://thienlong.vn/products/but-may-cao-cap-parker-urban-muted-black-ct-tb4-1975487
865,Bút máy cao cấp Parker Urban Black Cab CT TB4-1975481,60001531,Parker,https://product.hstatic.net/1000230347/product/t_may_urb_black_cab_ct_tb4-1975481-01_171ddb7c55d5413aa7da6625c0f64284_90ac83a28efd47618580169ca1a7036d_1024x1024.jpg*****https://product.hstatic.net/1000230347/product/t_may_urb_black_cab_ct_tb4-1975481-02_f49535ad9e3b4c50997ba210e36236d2_0e41065bc5954fd480ebd4bc73e82679_1024x1024.jpg*****https://product.hstatic.net/1000230347/product/t_may_urb_black_cab_ct_tb4-1975481-03_042d21238ad645aaabfc4bdc9efb2198_fc96c0fed51f4ece8bd00ed28a36fffe_1024x1024.jpg*****https://product.hstatic.net/1000230347/product/t_may_urb_black_cab_ct_tb4-1975481-04_c10e25bc07b84ec39fdddf5f174aea81_66b0cc1577144c4583e3abf66854d2c6_1024x1024.jpg*****https://theme.hstatic.net/1000230347/1000782290/14/product-placeholder.png?v=26587*****https://theme.hstatic.net/1000230347/1000782290/14/product-placeholder.png?v=26587,"2,324,000₫",,https://thienlong.vn/products/but-may-cao-cap-urban-black-cab-ct-tb4-1975481
866,Bút máy cao cấp Parker Urban PRM Violet TB4-1975517,60001528,Parker,https://product.hstatic.net/1000230347/product/t_may_urb_prm_violet_tb4-1975517_-_01_62ba4097a4bf4ad0a82a3ceabbc8c538_f48ec5db293840c7b88966f3cb0b4c73_1024x1024.jpg*****https://product.hstatic.net/1000230347/product/t_may_urb_prm_violet_tb4-1975517_-_05_2f0df996d88a486ca1afb674e0dfa158_f232e5470eee40469ab60a083ee37a93_1024x1024.jpg*****https://product.hstatic.net/1000230347/product/t_may_urb_prm_violet_tb4-1975517_-_03_2bd756674a644582bde565646ef0bb82_b11b9f04ba8a4ece9ee634328c7de623_1024x1024.jpg*****https://product.hstatic.net/1000230347/product/t_may_urb_prm_violet_tb4-1975517_-_02_dad4fb72ce1d4f1498b5dc682fb1225e_9feb2eada3c74dd081b963411b059159_1024x1024.jpg*****https://theme.hstatic.net/1000230347/1000782290/14/product-placeholder.png?v=26587*****https://theme.hstatic.net/1000230347/1000782290/14/product-placeholder.png?v=26587,"3,429,000₫",,https://thienlong.vn/products/but-may-parker-urban-prm-violet-tb4-1975517
867,Bút bi cao cấp Flexoffice FO-069/VN,50008831,Flexoffice,https://product.hstatic.net/1000230347/product/fo-069_vn_copy_5_44ebb6cace8f456683498f016e2038b9_1024x1024.jpg*****https://product.hstatic.net/1000230347/product/fo-069_vn_copy_4_d726830f6f504358a361c09f7b9798ff_1024x1024.jpg*****https://product.hstatic.net/1000230347/product/but_bi_fo-069_-_03_d5cc98bd5412481795c995fce5936c90_1024x1024.jpg*****https://product.hstatic.net/1000230347/product/but_bi_fo-069_-_01_8a2843e4793d4d50a51d8b56d9d3e1b9_1024x1024.jpg*****https://theme.hstatic.net/1000230347/1000782290/14/product-placeholder.png?v=26585,"
						
						362,000₫
						
					",,https://thienlong.vn/products/but-bi-cao-cap-flexoffice-fo-069-vn
868,Bút máy cao cấp Bizner BIZ-FT02,50007753,Bizner,https://product.hstatic.net/1000230347/product/artboard_1_7499415d04334ca0bc932e73e7ab5c9a_1024x1024.jpg*****https://product.hstatic.net/1000230347/product/artboard_2_c5314cf0d76c4cb3bc1f651ee3e60459_1024x1024.jpg*****https://product.hstatic.net/1000230347/product/artboard_3_5893f33a4b094e4a8fbb40e1c453e2a9_1024x1024.jpg*****https://product.hstatic.net/1000230347/product/artboard_5_d37206ec6604486188203061a1bf4e2a_1024x1024.jpg*****https://theme.hstatic.net/1000230347/1000782290/14/product-placeholder.png?v=26587*****https://theme.hstatic.net/1000230347/1000782290/14/product-placeholder.png?v=26587*****https://theme.hstatic.net/1000230347/1000782290/14/product-placeholder.png?v=26587*****https://theme.hstatic.net/1000230347/1000782290/14/product-placeholder.png?v=26587*****https://theme.hstatic.net/1000230347/1000782290/14/product-placeholder.png?v=26587*****https://theme.hstatic.net/1000230347/1000782290/14/product-placeholder.png?v=26587,"1,311,000₫",,https://thienlong.vn/products/but-may-thien-long-bizner-biz-ft02
869,Nhà lãnh đạo tương lai,8935278608226,NXB Thế Giới,https://product.hstatic.net/1000230347/product/nha_lanh_dao_tuong_lai__tb2__-_bia_1_4ae03690f6d4454e9fe961209518c7e2_1024x1024.jpg,"200,000₫",,https://thienlong.vn/products/nha-lanh-dao-tuong-lai-1
870,Lãnh đạo bằng câu hỏi,8935278608721,NXB Thế Giới,https://product.hstatic.net/1000230347/product/lanh_dao_bang_cau_hoi__tb4__-_bia_1_7edca0b7d7f9459b98146442ed37281a_1024x1024.png,"160,000₫",,https://thienlong.vn/products/lanh-dao-bang-cau-hoi
871,Đối thoại với những người tiên phong,8935278608769,NXB Thế Giới,https://product.hstatic.net/1000230347/product/doi_thoai_voi_nhung_nguoi_tien_phong_-_bia_1_9175391654bb46cb854653e4e3201253_1024x1024.jpg,"280,000₫",,https://thienlong.vn/products/doi-thoai-voi-nhung-nguoi-tien-phong
872,Gateway (2 Ed.) B1+: Workbook,9780230470941,Mamilan Education,https://product.hstatic.net/1000230347/product/9d485787bd354b4054eaed4426d46e89_fa5f93abea7a4bd3ac7586e0a6e4904a_738e331a86d64e18a2306da71739f41d_1024x1024.jpg*****https://product.hstatic.net/1000230347/product/9780230470941__9__dfb0114d054e469da8369bc9a5746ba5_49d79e0d00114a3f8de62be38a5995ca_1024x1024.jpg*****https://product.hstatic.net/1000230347/product/9780230470941__8__ae133227bdea411db45527427b329cb9_24b768373bd74837845e1a8d6bf9d27b_1024x1024.jpg*****https://product.hstatic.net/1000230347/product/9780230470941__7__15461a81ab374d02979a3ef36eb1f04b_0729267c5c46454a94273edb1b492a45_1024x1024.jpg*****https://theme.hstatic.net/1000230347/1000782290/14/product-placeholder.png?v=26587*****https://theme.hstatic.net/1000230347/1000782290/14/product-placeholder.png?v=26587*****https://theme.hstatic.net/1000230347/1000782290/14/product-placeholder.png?v=26587*****https://theme.hstatic.net/1000230347/1000782290/14/product-placeholder.png?v=26587*****https://theme.hstatic.net/1000230347/1000782290/14/product-placeholder.png?v=26587*****https://theme.hstatic.net/1000230347/1000782290/14/product-placeholder.png?v=26587*****https://theme.hstatic.net/1000230347/1000782290/14/product-placeholder.png?v=26587*****https://theme.hstatic.net/1000230347/1000782290/14/product-placeholder.png?v=26587*****https://theme.hstatic.net/1000230347/1000782290/14/product-placeholder.png?v=26587*****https://theme.hstatic.net/1000230347/1000782290/14/product-placeholder.png?v=26587*****https://theme.hstatic.net/1000230347/1000782290/14/product-placeholder.png?v=26587*****https://theme.hstatic.net/1000230347/1000782290/14/product-placeholder.png?v=26587*****https://theme.hstatic.net/1000230347/1000782290/14/product-placeholder.png?v=26587*****https://theme.hstatic.net/1000230347/1000782290/14/product-placeholder.png?v=26587*****https://theme.hstatic.net/1000230347/1000782290/14/product-placeholder.png?v=26587*****https://theme.hstatic.net/1000230347/1000782290/14/product-placeholder.png?v=26587,"201,000₫",,https://thienlong.vn/products/gateway-2-ed-b1-plus-workbook
873,Gateway (2 Ed.) B1+: Student Book Pack,9780230473140,Mamilan Education,https://product.hstatic.net/1000230347/product/3cf54c1f904cb74b0943588b660752ed_f7787a4aeb2d446fb8d519b7270733a9_a57f3135625746509a88bfc703db5ee7_1024x1024.jpg*****https://product.hstatic.net/1000230347/product/9780230473140__8__f0ccf833b89c4565bed08e375eaaba42_5daa215658804bc78f9df4a4ebbc2dfe_1024x1024.jpg*****https://product.hstatic.net/1000230347/product/9780230473140__7__e5c6de0fe86d4ac1928191de9dda53b4_6dd4128b3e224675b1fbbfb07bf4d001_1024x1024.jpg*****https://product.hstatic.net/1000230347/product/9780230473140__6__65dd03c696d3425994a555881c6a1418_53af0708a0354b239095a0332f2405b6_1024x1024.jpg*****https://theme.hstatic.net/1000230347/1000782290/14/product-placeholder.png?v=26587*****https://theme.hstatic.net/1000230347/1000782290/14/product-placeholder.png?v=26587*****https://theme.hstatic.net/1000230347/1000782290/14/product-placeholder.png?v=26587,"307,000₫",,https://thienlong.vn/products/gateway-2-ed-b1-plus-student-book-pack
874,Trưởng thành cùng nỗi cô đơn,8935278605577,NXB Dân Trí,https://product.hstatic.net/1000230347/product/c7150eba-125a-4f53-9a43-665c5b94145d_7e595d8045ab4521b59afc9c193f1d17_1024x1024.jpg,"135,000₫",,https://thienlong.vn/products/truong-thanh-cung-noi-co-don
875,The mastery of love - Những chỉ dẫn để làm chủ trái tim,8935278607991,NXB Thế Giới,https://product.hstatic.net/1000230347/product/5a71123c-8074-4e78-8909-636b66db7ab1_ce08047140aa4f419f3b152d7f5f3676_1024x1024.jpg,"180,000₫",,https://thienlong.vn/products/the-mastery-of-love-nhung-chi-dan-de-lam-chu-trai-tim
876,Tái tạo tổ chức (bản đầy đủ),8935278608004,NXB Thế Giới,https://product.hstatic.net/1000230347/product/a3b2f6d7-22a2-4592-89c0-36aa529a4e40_438b0251fcf64a7da93c01ae0d9fc68d_1024x1024.jpg,"350,000₫",,https://thienlong.vn/products/tai-tao-to-chuc-ban-day-du
877,30 tuổi - mọi thứ chỉ mới bắt đầu,8935278605546,NXB Dân Trí,https://product.hstatic.net/1000230347/product/cb8c4d31-d8b9-447d-a27c-3cdeef7a4152_99ffb05ea8b54e979eb417f44f43b3cb_1024x1024.jpg,"135,000₫",,https://thienlong.vn/products/30-tuoi-moi-thu-chi-moi-bat-dau
878,Đắc nhân tâm cho nhà quản lý (Tái bản),8935278607878,NXB Thế Giới,https://product.hstatic.net/1000230347/product/4fd44d21-f6c5-46e0-b996-9bc9c3223b4f_19705677140a4f86a7cac910710dc7d1_1024x1024.jpg,"110,000₫",,https://thienlong.vn/products/dac-nhan-tam-cho-nha-quan-ly-tai-ban
879,Phép màu để trở thành chính mình (Tái bản),8935278607977,NXB Phụ Nữ Việt Nam,https://product.hstatic.net/1000230347/product/7986c97c-48c7-42b4-8724-f7482f7c39bc_3a9be5f5a0c9443380eda97c2408ad5a_1024x1024.jpg,"128,000₫",,https://thienlong.vn/products/phep-mau-de-tro-thanh-chinh-minh-tai-ban
880,Lãnh đạo bằng câu hỏi (TB),8935278607755,NXB Thế Giới,https://product.hstatic.net/1000230347/product/c53a3380-620e-4162-b64c-46e2722f5d53_25623fa18b7146b6852a80422d67f2fd_1024x1024.jpg,"150,000₫",,https://thienlong.vn/products/lanh-dao-bang-cau-hoi-tb
881,Trị liệu bằng nước đá,8935278606727,NXB Thế Giới,https://product.hstatic.net/1000230347/product/ab24ef3c-8fdf-4a85-82a4-e1036c89df4b_a1480b3788d94331b0b2bab84a6d78ae_1024x1024.jpg,"200,000₫",,https://thienlong.vn/products/tri-lieu-bang-nuoc-da
882,Khách hàng thật sự cần gì?,8935278606857,NXB Thế Giới,https://product.hstatic.net/1000230347/product/cc869f81-c841-4242-9a3b-aa48a5726f11_1d1f74eac73d4462bd015ec51bf7cc46_1024x1024.jpg,"180,000₫",,https://thienlong.vn/products/khach-hang-that-su-can-gi
883,Chữa lành những sang chấn tuổi thơ,8935278607137,NXB Thế Giới,https://product.hstatic.net/1000230347/product/b27786fa-f120-4a54-a21a-8ab0bad79139_43bcc5f04b254797809899a731b92816_1024x1024.jpg,"220,000₫",,https://thienlong.vn/products/chua-lanh-nhung-sang-chan-tuoi-tho
884,Nhân loại đối đầu nhân tạo,8935278606680,NXB Thế Giới,https://product.hstatic.net/1000230347/product/a7a06389-4a1c-46d8-b45f-5c43649f7b42_80e7723df190410497adef99c512cc7a_1024x1024.jpg,"180,000₫",,https://thienlong.vn/products/nhan-loai-doi-dau-nhan-tao
885,Quản trị cảm xúc,8935278607090,NXB Thế Giới,https://product.hstatic.net/1000230347/product/b89340d4-12bf-4c04-b6cf-7761759f5687_924d9eca949f42c08bda4450c3f9ddf5_1024x1024.jpg,"190,000₫",,https://thienlong.vn/products/quan-tri-cam-xuc
886,Từ quản lý đến lãnh đạo – Sứ mệnh dẫn đầu,8935278606888,NXB Thế Giới,https://product.hstatic.net/1000230347/product/7386055b-ed9b-4026-91dc-440e9a58546d_f6f9c47fef91447aba194bcb4bce4b71_1024x1024.jpg,"250,000₫",,https://thienlong.vn/products/tu-quan-ly-den-lanh-dao-su-menh-dan-dau
887,Bảo vệ trẻ trước chấn thương tâm lý,8935278605522,NXB Thế Giới,https://product.hstatic.net/1000230347/product/388f1b29-3645-4eb8-b53a-5485f4b12d69_9b264d708fa0412782179e8725a08297_1024x1024.jpg,"210,000₫",,https://thienlong.vn/products/bao-ve-tre-truoc-chan-thuong-tam-ly
888,Sống ở thể chủ động (TB),8935278607601,NXB Thế Giớ,https://product.hstatic.net/1000230347/product/de30bc2d-96fc-40c2-989b-b770a6366af0_4be551df4b4543c8818ef576d2b711fe_1024x1024.jpg,"110,000₫",,https://thienlong.vn/products/song-o-the-chu-dong-tb
889,Tâm tình với Đất Mẹ (TB),8935278607625,NXB Dân Trí,https://product.hstatic.net/1000230347/product/65533925-de9f-4f58-8ef1-05d6d2dc3782_723ab5ecaf0c447d8d7c9d4b67fd5c59_1024x1024.jpg,"100,000₫",,https://thienlong.vn/products/tam-tinh-voi-dat-me-tb
890,An nhiên giữa những thăng trầm (Tái bản),8935278607588,NXB Văn Hóa - Văn Nghệ TP.HCM,https://product.hstatic.net/1000230347/product/350f5e64-45a2-4aa5-87b3-525e24d44158_1__5293cef16ae64aa3ae96643831dacbbf_1024x1024.jpg,"120,000₫",,https://thienlong.vn/products/an-nhien-giua-nhung-thang-tram-tai-ban
891,Hành động,8935278606482,NXB Thế Giới,https://product.hstatic.net/1000230347/product/8399fb10-7755-4a3c-aafd-7041a6576119_f6eb157104d64aac85aacc0745c37ba6_1024x1024.jpg,"160,000₫",,https://thienlong.vn/products/hanh-dong
892,Vẻ đẹp của những điều còn lại,8935278606505,NXB Thế Giới,https://product.hstatic.net/1000230347/product/08025a80-c58f-40be-b22a-84607fcc5284_49172e5f9e43454ba35038042e433172_1024x1024.jpg,"160,000₫",,https://thienlong.vn/products/ve-dep-cua-nhung-dieu-con-lai
893,Học từ hành động,8935278600794,NXB Dân Trí,https://product.hstatic.net/1000230347/product/c847a1b3-7cd2-4925-9058-638896b7d8e8_37d2238ddcfc4461af5760d7a432d51f_1024x1024.jpg,"220,000₫",,https://thienlong.vn/products/hoc-tu-hanh-dong
894,Công việc thành công - Cuộc đời như ý,8935278606611,NXB Thế Giới,https://product.hstatic.net/1000230347/product/311e25b5-120f-4849-8384-76460bf949ae_add277ddb7174b44a888ef5d3665eca8_1024x1024.jpg,"150,000₫",,https://thienlong.vn/products/cong-viec-thanh-cong-cuoc-doi-nhu-y
895,Điều quan trọng nhất,8935278606697,NXB Thế Giới,https://product.hstatic.net/1000230347/product/a039b162-f35a-4861-9236-e9d65cd1829a_44084b419b264e2581368ccccc718799_1024x1024.jpg,"160,000₫",,https://thienlong.vn/products/dieu-quan-trong-nhat
896,Mở khóa sáng tạo,8935278606406,NXB Dân Trí,https://product.hstatic.net/1000230347/product/29106e00-eaba-4a65-87db-d1a1af004264_067d5178086d43ef89a43f072f4e2403_1024x1024.jpg,"160,000₫",,https://thienlong.vn/products/mo-khoa-sang-tao
897,Kết nối,8935278606901,NXB Thế Giới,https://product.hstatic.net/1000230347/product/2232910a-134d-44fe-acb9-211b4ee2542a_2ed8a588a49b45a3a8fe8aa3ec473326_1024x1024.jpg,"220,000₫",,https://thienlong.vn/products/ket-noi
898,Dẫn lối ngôn từ,8935278606895,NXB Dân Trí,https://product.hstatic.net/1000230347/product/969eac87-56b8-4861-bc54-2d7f5e0ddfc9_4761c40ffe5b43d39407696a471f80b0_1024x1024.jpg,"110,000₫",,https://thienlong.vn/products/dan-loi-ngon-tu
899,Khởi nghiệp tinh gọn,8935278601975,NXB Thế Giới,https://product.hstatic.net/1000230347/product/f4ec529a-f0eb-447f-8fb9-a03ccd8fc39d_2a3ba5b135c24422a7e5abd939cd5e89_1024x1024.jpg,"220,000₫",,https://thienlong.vn/products/khoi-nghiep-tinh-gon
900,Giải nghiệm cuộc đời,8935278606321,NXB Thế Giới,https://product.hstatic.net/1000230347/product/2394d53a-b515-4e42-940b-a18054dbd4cd_2e6d10a8767a4806b760a1cd61da3f12_1024x1024.jpg,"150,000₫",,https://thienlong.vn/products/giai-nghiem-cuoc-doi
901,Bí kíp chống tụt mood,8935278606864,NXB Thế Giới,https://product.hstatic.net/1000230347/product/50c00e1b-df93-4c77-a693-5237b1667f93_cf7cc4ac808f4073b26bba22b4b66d15_1024x1024.jpg,"110,000₫",,https://thienlong.vn/products/bi-kip-chong-tut-mood
902,Frugal Innovation - Làm tốt hơn với nguồn lực ít hơn,8935278606567,NXB Thế Giới,https://product.hstatic.net/1000230347/product/3420c491-eef2-4d90-9321-7cbfbf42f1b1_9bc071cb4b984486b6d912281160bcfa_1024x1024.jpg,"220,000₫",,https://thienlong.vn/products/frugal-innovation-lam-tot-hon-voi-nguon-luc-it-hon
903,Thiết kế sự nghiệp cá nhân,8935278606161,NXB Thế Giới,https://product.hstatic.net/1000230347/product/a71ba9ac-f347-44e1-856f-7bc1f8d2cfd5_a0c6ef47a25d4c9ca4d9436c39336024_1024x1024.jpg,"200,000₫",,https://thienlong.vn/products/thiet-ke-su-nghiep-ca-nhan
904,"Độc thân không phải ""ế""",8935278607267,NXB Thế Giới,https://product.hstatic.net/1000230347/product/d8f9415a-a27f-4502-a05c-5e0abc19368b_0a8f14076b894c1ba13c17d6b177a010_1024x1024.jpg,"160,000₫",,https://thienlong.vn/products/doc-than-khong-phai-e
905,Kiến tạo tương lai - Sổ tay đổi mới sáng tạo,8935278606338,NXB Thế Giới,https://product.hstatic.net/1000230347/product/126fb7a4-c06b-4962-ac95-d2d17dc5e5a4_f74ad87021b14b558b533b512a30b087_1024x1024.jpg,"220,000₫",,https://thienlong.vn/products/kien-tao-tuong-lai-so-tay-doi-moi-sang-tao
906,Giao tiếp khiêm nhường - Thu phục nhân tâm,8935278606581,NXB Thế Giới,https://product.hstatic.net/1000230347/product/4b0783d0-c12a-4de7-a92f-489f0d747dd6_6ab7144d01624b3995b329c7da74c564_1024x1024.jpg,"135,000₫",,https://thienlong.vn/products/giao-tiep-khiem-nhuong-thu-phuc-nhan-tam
907,Đội nhóm trong mơ,8935278606840,NXB Thế Giới,https://product.hstatic.net/1000230347/product/3967cdd0-731a-4572-8ad0-f40b45934da6_f4c542a4918e4ddda045154b08601231_1024x1024.jpg,"95,000₫",,https://thienlong.vn/products/doi-nhom-trong-mo
908,Rethinking strategy – Tư duy lại chiến lược,8935278605614,NXB Thế Giới,https://product.hstatic.net/1000230347/product/802360f9-d5cc-4dd7-b0e7-8b1b30ba7a6b_708d0272c0b5480d8c9665448be0d026_1024x1024.jpg,"200,000₫",,https://thienlong.vn/products/rethinking-strategy-tu-duy-lai-chien-luoc
909,Phù thủy Content,8935278606871,NXB Thế Giới,https://product.hstatic.net/1000230347/product/c60c431c-c4c5-48b6-8557-3c02f7442b67_fbbea8a93f2b4935bf217178955ce774_1024x1024.jpg,"135,000₫",,https://thienlong.vn/products/phu-thuy-content
910,Phố xưa người cũ,8935278607373,NXB Hội Nhà Văn,https://product.hstatic.net/1000230347/product/f8f0b6c5-a6e3-4f24-839b-dc444d3653b2_bfd109d8abd1455288a7e6add8448b73_1024x1024.jpg,"179,000₫",,https://thienlong.vn/products/pho-xua-nguoi-cu
911,Trưởng thành sau biến cố,8935278606734,NXB Phụ Nữ,https://product.hstatic.net/1000230347/product/66df17fc-fa2a-4dbc-9b82-75eff68d9563_45a1f4cec48b4577a75c0c13dfeea5ef_1024x1024.jpg,"130,000₫",,https://thienlong.vn/products/truong-thanh-sau-bien-co
912,Chữa lành sau sang chấn,8935278606789,NXB Thế Giới,https://product.hstatic.net/1000230347/product/60b4d48e-f894-412b-9ef6-2e6196b5a6bc_91a38483b5564c2e9bba899b8934bcff_1024x1024.jpg,"220,000₫",,https://thienlong.vn/products/chua-lanh-sau-sang-chan
913,Doanh nhân part-time,8935278600831,NXB Thế Giới,https://product.hstatic.net/1000230347/product/3aa48f98-65dc-4ae5-a979-61376b13d41f_0ece2b62ef524c4b8c7bf00c03f15345_1024x1024.jpg,"150,000₫",,https://thienlong.vn/products/doanh-nhan-part-time
914,Mật mã trẻ thơ - Dạy con không áp lực,8935278606802,NXB Phụ Nữ,https://product.hstatic.net/1000230347/product/f687e377-49f1-4318-b2a8-6dfd53b0cb49_4a014cbafdf44d3b96c876ee8f597066_1024x1024.jpg,"190,000₫",,https://thienlong.vn/products/mat-ma-tre-tho-day-con-khong-ap-luc
915,Đến Apple học về sáng tạo,8935278605539,NXB Thế Giới,https://product.hstatic.net/1000230347/product/794cf3f0-7d97-4aef-97fa-0163f1feed72_56adc1ea16fb436d842a26fda61019e3_1024x1024.jpg,"180,000₫",,https://thienlong.vn/products/den-apple-hoc-ve-sang-tao
916,Trí tuệ của sự từ bi,8935278606499,NXB Thế Giới,https://product.hstatic.net/1000230347/product/9c444f95-b30c-4dab-9147-ea239743cd62_74d5ba198e6449f39f8c71f02d64b8ea_1024x1024.jpg,"200,000₫",,https://thienlong.vn/products/tri-tue-cua-su-tu-bi
917,Thuyết phục bằng câu hỏi,8935278605652,NXB Thế Giới,https://product.hstatic.net/1000230347/product/f5eeb99b-11a5-404c-9287-cba7bb0c52fa_a862cd05a3404a0e86678d2a487bb009_1024x1024.jpg,"190,000₫",,https://thienlong.vn/products/thuyet-phuc-bang-cau-hoi
918,Ranh giới tự do,8935278606574,NXB Thế Giới,https://product.hstatic.net/1000230347/product/6d7c28fb-10a1-4949-aa65-52ec2547c948_f0eb8fada83340f8a50d949c5bd39542_1024x1024.jpg,"160,000₫",,https://thienlong.vn/products/ranh-gioi-tu-do
919,Ảo tưởng tích cực,8935278606710,NXB Thế Giới,https://product.hstatic.net/1000230347/product/d749e94e-f576-4ce1-92eb-62b3798a9601_eab2cd32fb684f6dbe065b3064ac18e1_1024x1024.jpg,"160,000₫",,https://thienlong.vn/products/ao-tuong-tich-cuc
920,Quản lý mở,8935278607335,NXB Thế Giới,https://product.hstatic.net/1000230347/product/e5b919bb-2bc9-4d5e-947f-0bc66e711b57_8dc5098c30f74e868ac1c0fce8b15ce9_1024x1024.jpg,"200,000₫",,https://thienlong.vn/products/quan-ly-mo
921,Beyond Order - Vượt lên trật tự,8935278606765,NXB Thế Giới,https://product.hstatic.net/1000230347/product/deb42b8e-d582-412b-bbd7-cf33588e8d1c_cd8160d3454f4f38b7aa3eb952ec0459_1024x1024.jpg,"350,000₫",,https://thienlong.vn/products/beyond-order-vuot-len-trat-tu
922,Không diệt không sinh đừng sợ hãi (Tái bản 2022),8935278607311,NXB Thế Giới,https://product.hstatic.net/1000230347/product/67839642-9a9f-40aa-8865-281503fb4ea1_3070435f12a741959c4e3bd5b2e85e83_1024x1024.jpg,"110,000₫",,https://thienlong.vn/products/khong-diet-khong-sinh-dung-so-hai-tai-ban-2022
923,"The Bomber Mafia: Giấc mơ, cám dỗ và đêm dài nhất trong Thế chiến II",8935278606758,NXB Thế Giới,https://product.hstatic.net/1000230347/product/1ea3398e-df44-410f-9c3d-768b2c981728_9350c72be9584a28bb006417faa88123_1024x1024.jpg,"150,000₫",,https://thienlong.vn/products/the-bomber-mafia-giac-mo-cam-do-va-dem-dai-nhat-trong-the-chien-ii
924,Chúng ta làm gì với Trái đất?,8935278606666,NXB Thế Giới,https://product.hstatic.net/1000230347/product/4152a55e-1c48-42ff-a5d3-92e5c0460037_1821145c367e402891e92a8e204074f2_1024x1024.jpg,"180,000₫",,https://thienlong.vn/products/chung-ta-lam-gi-voi-trai-dat
925,Công thức GRIT cho tình yêu,8935278606185,NXB Thế Giới,https://product.hstatic.net/1000230347/product/a0776daf-ea85-433e-a2f3-75bec12b52ba_1__33e8c6665a194f46a0541d31617bab6e_1024x1024.jpg,"135,000₫",,https://thienlong.vn/products/cong-thuc-grit-cho-tinh-yeu
926,Vì sao Phật giáo giàu chân lý,8935278601845,NXB Thế Giới,https://product.hstatic.net/1000230347/product/4a3c1075-2269-492e-8389-9f49cb1c3c2f_3caf622c3cd443baa4c39b17074fde51_1024x1024.jpg,"260,000₫",,https://thienlong.vn/products/vi-sao-phat-giao-giau-chan-ly
927,Tarot toàn thư,8935278605737,NXB Thế Giới,https://product.hstatic.net/1000230347/product/d0785230-2787-4d98-aff3-58b6054173fa_f73b309705e548b98a6a83dda55bdbd6_1024x1024.jpg,"380,000₫",,https://thienlong.vn/products/tarot-toan-thu
928,Toàn thư chiêm tinh học dự đoán,8935278602552,NXB Thế Giới,https://product.hstatic.net/1000230347/product/d2c8d26a-6b9f-40bf-9bfb-9b221ac6ec11_1__889bdb5f425b4128a093db21d13f4646_1024x1024.jpg,"310,000₫",,https://thienlong.vn/products/toan-thu-chiem-tinh-hoc-du-doan
929,Chiêm tinh học dưới góc nhìn tâm linh,8935278602538,NXB Thế Giới,https://product.hstatic.net/1000230347/product/61d8ee4c-49cd-4888-92a0-5a172099862b_1__334d4ec6e01a4857b00314b7de2b5a59_1024x1024.jpg,"300,000₫",,https://thienlong.vn/products/chiem-tinh-hoc-duoi-goc-nhin-tam-linh
930,Tổng quan về Tarot,8935278606796,NXB Thế Giới,https://product.hstatic.net/1000230347/product/d9338753-4a4b-4faf-abfc-fb73b54f454d_1__a5e0e17ebdc84604989a805e93219839_1024x1024.jpg,"350,000₫",,https://thienlong.vn/products/tong-quan-ve-tarot
931,Làm chủ sự thay đổi,8935278606154,NXB Thế Giới,https://product.hstatic.net/1000230347/product/96c72ae3-2263-424e-bc5b-7da01babe13a_4bbd30e60c6f47ae9efff7734c99c18a_1024x1024.jpg,"190,000₫",,https://thienlong.vn/products/lam-chu-su-thay-doi
932,Tối giản lối sống - Tối ưu cuộc đời,8935278605645,NXB Dân Trí,https://product.hstatic.net/1000230347/product/0da8dc5a-96e8-480e-abdc-f229c723d0ec_93d5e3e5682340138301c30367fcd338_1024x1024.jpg,"170,000₫",,https://thienlong.vn/products/toi-gian-loi-song-toi-uu-cuoc-doi
933,Chiêm tinh cho công sở,8935278602491,NXB Thế Giới,https://product.hstatic.net/1000230347/product/2ab52cd3-551d-4fd4-a3f8-cfab775917a7_2a1050d4298742e284777c6a0dec8808_1024x1024.jpg,"300,000₫",,https://thienlong.vn/products/chiem-tinh-cho-cong-so
934,Stand Out - Khác biệt,8935278606147,NXB Thế Giới,https://product.hstatic.net/1000230347/product/8b0a9f70-0266-4463-b2d0-f6c2ce12b8e4_30db3d2b2fd349349e67091e656af0d1_1024x1024.jpg,"180,000₫",,https://thienlong.vn/products/stand-out-khac-biet
935,Về quê lập nghiệp,8935278606598,NXB Dân Trí,https://product.hstatic.net/1000230347/product/cdb7c150-7c77-441c-a604-04533eb68f28_5e3eddd527d149e3b1c1d2bf50b1cae3_1024x1024.jpg,"168,000₫",,https://thienlong.vn/products/ve-que-lap-nghiep
936,Chiêm tinh học: Giải mã các mối quan hệ,8935278601760,NXB Thế Giới,https://product.hstatic.net/1000230347/product/b23514c1-493e-4379-820d-6d02cfe75b1b_1__0e6b601d5f8745f8a889a9105dcf58c6_1024x1024.jpg,"450,000₫",,https://thienlong.vn/products/chiem-tinh-hoc-giai-ma-cac-moi-quan-he
937,One Decision - Kỹ năng ra quyết định sáng suốt,8935278605669,NXB Dân Trí,https://product.hstatic.net/1000230347/product/f34d0aaf-6177-42d2-b475-234ade017096_ef4f58ecfd0a4aab963d9c0944d8fa69_1024x1024.jpg,"180,000₫",,https://thienlong.vn/products/one-decision-ky-nang-ra-quyet-dinh-sang-suot
938,Sống vui sống khỏe,8935278605683,NXB Hồng Đức,https://product.hstatic.net/1000230347/product/2d6da7fb-33ee-4d85-bf72-100a940a11e0_1__db63eab95d3b4394b585846f71588471_1024x1024.png,"120,000₫",,https://thienlong.vn/products/song-vui-song-khoe
939,Contact Marketing - Nghệ thuật chinh phục khách hàng,8935278602606,NXB Thế Giới,https://product.hstatic.net/1000230347/product/96502f79-64f2-4d91-a362-027edcec87d8_c77de3fafbcf41edafe8e1cf0c58e575_1024x1024.png,"180,000₫",,https://thienlong.vn/products/contact-marketing-nghe-thuat-chinh-phuc-khach-hang
940,Lắng nghe hơi thở,8935278606314,NXB Dân Trí,https://product.hstatic.net/1000230347/product/31651fea-e6e4-44b8-9218-bfb4527ec0a4_bb4beaa8bb4b4d3391cb4c6c83017b2b_1024x1024.png,"110,000₫",,https://thienlong.vn/products/lang-nghe-hoi-tho
941,"Gia đình, xã hội và tâm linh",8935278605676,NXB Hồng Đức,https://product.hstatic.net/1000230347/product/82c8de15-0dbd-41a9-b986-d61aeb17b825_fc327319ea6140f997457e38dd5e6e90_1024x1024.png,"140,000₫",,https://thienlong.vn/products/gia-dinh-xa-hoi-va-tam-linh
942,Con đường an vui,8935278605768,NXB Hồng Đức,https://product.hstatic.net/1000230347/product/e9ddd1d7-f72f-4f69-99fd-dba0712ddc85_697ac561c15b4d3998f7cbb0846f20bb_1024x1024.png,"120,000₫",,https://thienlong.vn/products/con-duong-an-vui
943,Bộ sách: Ung thư - Tin đồn &amp; Sự thật,8935278606253,NXB Dân Trí,https://product.hstatic.net/1000230347/product/fe7489a1-e166-4c24-be1d-87a768ab8b50_ed7b975b556841cfb6d07b50f6178ad0_1024x1024.jpg,"320,000₫",,https://thienlong.vn/products/bo-sach-ung-thu-tin-don-su-that
944,Mở cửa tương lai,8935278606222,NXB Thế Giới,https://product.hstatic.net/1000230347/product/699eb136-d552-4ce9-b7ff-e5c978deeb27_1__9829784ca54c44c69f7fb50402bba284_1024x1024.png,"200,000₫",,https://thienlong.vn/products/mo-cua-tuong-lai
945,Nhà lãnh đạo đáng tin cậy,8935278605720,NXB Thế Giới,https://product.hstatic.net/1000230347/product/216e9079-d69f-4543-898d-7e914748351c_3e35795118074c13809bd364f599d40d_1024x1024.png,"190,000₫",,https://thienlong.vn/products/nha-lanh-dao-dang-tin-cay
946,Im lặng không làm ta vô can,8935278605607,NXB Thế Giới,https://product.hstatic.net/1000230347/product/c8f58960-2d44-4564-b092-21405117c930_1__7864444d51234c9b87e3f81da813c29f_1024x1024.png,"180,000₫",,https://thienlong.vn/products/im-lang-khong-lam-ta-vo-can
947,Đừng tin các bài trắc nghiệm tính cách,8935278605560,NXB Thế Giới,https://product.hstatic.net/1000230347/product/7b5d36c8-cf66-4d62-8cb6-9b924c401412_53f9d23bb4a04f0786fe630359a51cd3_1024x1024.png,"180,000₫",,https://thienlong.vn/products/dung-tin-cac-bai-trac-nghiem-tinh-cach
948,Hiệu suất đỉnh cao,8935278604389,NXB Thế Giới,https://product.hstatic.net/1000230347/product/4ec31804-59b4-429e-8133-11bb84063384_958ee938b4a54e95a78a3360ddcdc671_1024x1024.png,"130,000₫",,https://thienlong.vn/products/hieu-suat-dinh-cao
949,Tâm kinh mình thuyết cho mình,8935278606093,NXB Dân Trí,https://product.hstatic.net/1000230347/product/350cbea1-5b1b-4ed3-8e8c-0ae139591489_c4cc3958fa984d2593b87e13eec65e8a_1024x1024.png,"110,000₫",,https://thienlong.vn/products/tam-kinh-minh-thuyet-cho-minh
950,"Spenditude: Làm chủ đồng tiền, tự do tài chính",8935278601173,NXB Thế Giới,https://product.hstatic.net/1000230347/product/2d36a43d-67c0-432e-be87-33117667e9bb_a032faf0ee074716a83745968474c23f_1024x1024.png,"120,000₫",,https://thienlong.vn/products/spenditude-lam-chu-dong-tien-tu-do-tai-chinh
951,Cốt lõi về lãnh đạo: Phát triển phẩm chất lãnh đạo từ lý thuyết đến thực hành,8935278601807,NXB Thế Giới,https://product.hstatic.net/1000230347/product/9d8a820f-a217-41b8-95bb-248610006f8d_424c51686da84c918b66a0b4c1198b5f_1024x1024.png,"200,000₫",,https://thienlong.vn/products/cot-loi-ve-lanh-dao-phat-trien-pham-chat-lanh-dao-tu-ly-thuyet-den-thuc-hanh
952,FUTUREPROOF - 15 nhân tố quyết định tương lai của doanh nghiệp,8935278601951,NXB Thế Giới,https://product.hstatic.net/1000230347/product/04ef4875-6471-4359-ae0e-b2c08b47d67d_fbcbd1415a354578a3fdfc1085b5497b_1024x1024.png,"170,000₫",,https://thienlong.vn/products/futureproof-15-nhan-to-quyet-dinh-tuong-lai-cua-doanh-nghiep
953,Thời kỳ hậu Corona: Luôn có cơ hội trong khủng hoảng,8935278605850,NXB Thế Giới,https://product.hstatic.net/1000230347/product/5a861999-e876-4a7c-a603-36d2b01fd3db_afcff35c77904a219b3dbff9a07e756c_1024x1024.png,"280,000₫",,https://thienlong.vn/products/thoi-ky-hau-corona-luon-co-co-hoi-trong-khung-hoang
954,Chọn đúng người vào đúng việc,8935278601814,NXB Thế Giới,https://product.hstatic.net/1000230347/product/7092d44a-395a-4ab1-bfcd-4b5ef6c014c0_49befe72e9a048f98355ee1de29e9901_1024x1024.png,"120,000₫",,https://thienlong.vn/products/chon-dung-nguoi-vao-dung-viec
955,"Đổi mới từ cốt lõi, Thay đổi để dẫn đầu",8935278601999,NXB Thế Giới,https://product.hstatic.net/1000230347/product/ba9737c0-f24f-4dcc-871f-d4bbca599320_243f87ae0ceb4788ac2d9c6ca610965f_1024x1024.png,"150,000₫",,https://thienlong.vn/products/doi-moi-tu-cot-loi-thay-doi-de-dan-dau
956,Trải nghiệm nhân viên,8935278605515,NXB Thế Giới,https://product.hstatic.net/1000230347/product/7702af50-52b4-4519-a86d-db99c93c1373_1__0afa9582952143a188120972f1d2fa1d_1024x1024.png,"130,000₫",,https://thienlong.vn/products/trai-nghiem-nhan-vien
957,"Nghĩ thông suốt, đời nhẹ như mây",8935278604426,NXB Thế Giới,https://product.hstatic.net/1000230347/product/05fc1992-4bf9-4f0b-adc9-b11054b7bcd8_c03a76598970440981d4d3e81ce93490_1024x1024.png,"150,000₫",,https://thienlong.vn/products/nghi-thong-suot-doi-nhe-nhu-may
958,Chatter - Trò chuyện với chính mình,8935278602514,NXB Văn Hóa - Văn Nghệ,https://product.hstatic.net/1000230347/product/13073571-9b24-4401-868e-28aa5a9bf566_17d8180f0551403886aad9bd34193405_1024x1024.png,"199,000₫",,https://thienlong.vn/products/chatter-tro-chuyen-voi-chinh-minh
959,Siêu Tập Trung,8935278605799,NXB Hồng Đức,https://product.hstatic.net/1000230347/product/3a4a881a-7efb-4826-9b26-c95335b0f347_eeb14288cc14433ab35757a164732304_1024x1024.png,"140,000₫",,https://thienlong.vn/products/sieu-tap-trung
960,SUPERBOSSES - Tài đào tạo của siêu lãnh đạo,8935278602712,NXB Thế giới,https://product.hstatic.net/1000230347/product/223dd9e7-3093-4aab-9788-e1e0173bc204_1__a91bfc73ead64d9893c481b809e85ca7_1024x1024.png,"150,000₫",,https://thienlong.vn/products/superbosses-tai-dao-tao-cua-sieu-lanh-dao
961,Những tản văn suýt bị bỏ quên của Bọ Lập,8935278605782,NXB Hội Nhà Văn,https://product.hstatic.net/1000230347/product/1081009a-3c18-4fbf-a3ae-d8f4c4047684_1__a1e837f1452c4c7aa9599fa1b8e549ce_1024x1024.png,"98,000₫",,https://thienlong.vn/products/nhung-tan-van-suyt-bi-bo-quen-cua-bo-lap
962,Tạo động lực - Tăng hiệu suất,8935278603429,NXB Thế giới,https://product.hstatic.net/1000230347/product/fcb26700-564c-46fc-9ab4-efe20b193abb_1__fd1c383811f0490aa35ee0ef46416f57_1024x1024.png,"160,000₫",,https://thienlong.vn/products/tao-dong-luc-tang-hieu-suat
963,Nếu biết ngày mai rời quán trọ,8935278605423,NXB Văn hóa - Văn nghệ,https://product.hstatic.net/1000230347/product/7b072122-c773-4cec-a5e7-c7d1098492e4_e85a7e631b82433b926dead8a96e3f72_1024x1024.png,"110,000₫",,https://thienlong.vn/products/neu-biet-ngay-mai-roi-quan-tro
964,Bán lẻ thông minh,8935278602026,NXB Thế giới,https://product.hstatic.net/1000230347/product/094f4c23-7b2b-4237-8fe9-0b6faa684c26_1__40bb589603d442d69014df713a6d4365_1024x1024.png,"160,000₫",,https://thienlong.vn/products/ban-le-thong-minh
965,Tự truyện Ken Langone: Từ số 0 đến tỷ phú,8935278602705,NXB Thế giới,https://product.hstatic.net/1000230347/product/89955adf-9e44-49c6-8b6e-d7826f5587dd_1__e9f5203647bf4476827c13ccc4274982_1024x1024.png,"170,000₫",,https://thienlong.vn/products/tu-truyen-ken-langone-tu-so-0-den-ty-phu
966,Lãnh đạo và Văn hóa doanh nghiệp,8935278600893,NXB Thế giới,https://product.hstatic.net/1000230347/product/51d23a7b-7660-48c5-8140-fa06f81fc2f7_1__0f95b63952864fdb970e77339a800195_1024x1024.png,"180,000₫",,https://thienlong.vn/products/lanh-dao-va-van-hoa-doanh-nghiep
967,"Giáo dục, Tương lai &amp; Đổi mới",8935278605393,NXB Thế Giới,https://product.hstatic.net/1000230347/product/aa1dc1bb-d1b4-428f-b921-e946b91add56_7ee7c9bb32a6480d86f0e63597f0ec27_1024x1024.png,"180,000₫",,https://thienlong.vn/products/giao-duc-tuong-lai-doi-moi
968,Thiền sư và em bé 5 tuổi (TB2),8935278605379,NXB Dân Trí,https://product.hstatic.net/1000230347/product/4cc9b71d-b0a9-43aa-a375-f3756c9962bc_1__58cd101a55ca45029dae86947dd3d125_1024x1024.png,"120,000₫",,https://thienlong.vn/products/thien-su-va-em-be-5-tuoi-tb2
969,Ai-len - Vũ khúc mùa hè,8935278605362,NXB Văn hóa - Văn Nghệ,https://product.hstatic.net/1000230347/product/eb26ac97-3893-4d58-ad2c-d8fa2a50b6e3_1__e10e6d0f2b1447ceaadc90eabf6e408f_1024x1024.png,"130,000₫",,https://thienlong.vn/products/ai-len-vu-khuc-mua-he
970,Phép màu để vượt lên chính mình,8935278605355,NXB Phụ Nữ,https://product.hstatic.net/1000230347/product/7a0d62e9-070e-44de-93c6-3c21eb34b9ee_1__ffcd31b5c577423eb411e03b02494c72_1024x1024.png,"128,000₫",,https://thienlong.vn/products/phep-mau-de-vuot-len-chinh-minh
971,WHERE TO PLAY: 3 bước để xác định thị trường đắt giá của doanh nghiệp,8935278601944,NXB Thế Giới,https://product.hstatic.net/1000230347/product/b9a03630-1f32-4e13-acb8-dc65d66ac871_fe8737faa38b412c968f0378695c75b8_1024x1024.png,"180,000₫",,https://thienlong.vn/products/where-to-play-3-buoc-de-xac-dinh-thi-truong-dat-gia-cua-doanh-nghiep
972,Để không mất thêm một khách hàng nào nữa,8935278602729,NXB Thế Giới,https://product.hstatic.net/1000230347/product/26e32019-af82-4187-8a89-aef61f71361b_711169105a78447889e576f9a6925c95_1024x1024.png,"180,000₫",,https://thienlong.vn/products/de-khong-mat-them-mot-khach-hang-nao-nua
973,Tiền tệ và chuyện làm giàu an toàn,8935278605270,NXB Thế Giới,https://product.hstatic.net/1000230347/product/80b54a02-d689-47dd-a6c3-f1a2c026f59d_e6a68f1fd4624709922aef5164616b7a_1024x1024.png,"150,000₫",,https://thienlong.vn/products/tien-te-va-chuyen-lam-giau-an-toan
974,Truyền thông Nội bộ: Linh hồn của doanh nghiệp,8935278602453,NXB Thế Giới,https://product.hstatic.net/1000230347/product/89e80ecb-200d-4d0c-a231-2f417b9ca6f4_b5a1a5cc9c344b66b07e67a204d47505_1024x1024.png,"150,000₫",,https://thienlong.vn/products/truyen-thong-noi-bo-linh-hon-cua-doanh-nghiep
975,13 điều người có tinh thần thép không làm,8935278605331,NXB Lao Động,https://product.hstatic.net/1000230347/product/63213e99-51fd-4017-91b3-2728de89d211_17c361964b4c49daaf2e34d1861c2dfb_1024x1024.png,"180,000₫",,https://thienlong.vn/products/13-dieu-nguoi-co-tinh-than-thep-khong-lam
976,Chuẩn 'men',8935278600596,NXB Hồng Đức,https://product.hstatic.net/1000230347/product/0e4dc59c-480d-46bf-b199-4a8ad9917007_31e3e0e509964f69b6ba8f1491851773_1024x1024.jpg,"100,000₫",,https://thienlong.vn/products/chuan-men
977,Những đế chế công nghệ số,8935278600756,NXB Thế Giới,https://product.hstatic.net/1000230347/product/51cb3c2e-f2be-48a0-967e-0879fc32ad61_70b0ecbc7c0143998f60fb356f6f709f_1024x1024.jpg,"160,000₫",,https://thienlong.vn/products/nhung-de-che-cong-nghe-so
978,7 câu hỏi thần kỳ của mọi sếp giỏi,8935278605263,NXB Thế Giới,https://product.hstatic.net/1000230347/product/980f5537-0ece-41fe-b1a3-5830ad00fe43_a9467f7a40e1462599b4c2ffd74edac6_1024x1024.jpg,"150,000₫",,https://thienlong.vn/products/7-cau-hoi-than-ky-cua-moi-sep-gioi
979,Giờ là lúc sống trong tình yêu,8935278602118,NXB Văn Hóa - Văn Nghệ,https://product.hstatic.net/1000230347/product/50759538-1be8-430b-b214-57b417b803f6_de0d264aeaae45d1b8ccf15b066d916d_1024x1024.png,"150,000₫",,https://thienlong.vn/products/gio-la-luc-song-trong-tinh-yeu
980,Họ đã khởi nghiệp thế nào?,8935278605287,NXB Thế Giới,https://product.hstatic.net/1000230347/product/c9ee817a-0ad7-49ee-814c-7310ad72f3ff_370aabf0499d40f4a4ef2b1d4441911e_1024x1024.png,"150,000₫",,https://thienlong.vn/products/ho-da-khoi-nghiep-the-nao
981,"Nghiến răng nỗ lực, vươn lên dẫn đầu",8935278600862,NXB Văn Hóa - Văn Nghệ,https://product.hstatic.net/1000230347/product/81000ecb-51f0-4a00-88da-f1561827ae4d_1__63beebc30add4fbab400db230fad704f_1024x1024.png,"170,000₫",,https://thienlong.vn/products/nghien-rang-no-luc-vuon-len-dan-dau
982,"Kích hoạt các ""nguyên tố sáng tạo"" để thành công trong kinh doanh",8935278600886,NXB Thế Giới,https://product.hstatic.net/1000230347/product/e020c952-f95c-4b2c-902d-17ab28bcc382_1__197cd42684d74963b55997ac41083c8c_1024x1024.png,"150,000₫",,https://thienlong.vn/products/kich-hoat-cac-nguyen-to-sang-tao-de-thanh-cong-trong-kinh-doanh
983,Thiền cho người năng động và hoài nghi,8935278603115,NXB Thế Giới,https://product.hstatic.net/1000230347/product/e59b2350-b819-46cb-b0d1-7aaf6d8893b3_b7ab1c4c1d504441a90ed80dc45f209c_1024x1024.png,"180,000₫",,https://thienlong.vn/products/thien-cho-nguoi-nang-dong-va-hoai-nghi
984,Làm việc từ xa sao cho hiệu quả,8935278600947,NXB Thế Giới,https://product.hstatic.net/1000230347/product/1b4f3b69-247a-4a6a-be85-e1a47eb5a774_1__17f60647aea94e658019afe393a8beac_1024x1024.png,"120,000₫",,https://thienlong.vn/products/lam-viec-tu-xa-sao-cho-hieu-qua
985,NYM - Tôi của tương lai,8935278600954,NXB Văn Hóa - Văn Nghệ,https://product.hstatic.net/1000230347/product/03eb6b54-2c72-4807-b02d-2339753d8f87_082fa3caa39842d594a56229f5c225b9_1024x1024.png,"180,000₫",,https://thienlong.vn/products/nym-toi-cua-tuong-lai
986,Hình ảnh chuyên nghiệp nâng cao vị thế,8935278600992,NXB Thế Giới,https://product.hstatic.net/1000230347/product/08621cfa-23b5-4625-aed9-b68610043e35_1__cb02c16414054adbb78b923f3ea4af02_1024x1024.png,"130,000₫",,https://thienlong.vn/products/hinh-anh-chuyen-nghiep-nang-cao-vi-the
987,Công ty vĩ đại nhờ tinh thần khởi nghiệp,8935278601821,NXB Thế Giới,https://product.hstatic.net/1000230347/product/cbbc7723-c2bc-4975-9407-1c7c5678e8ed_112c1d59a982473eba5847f2291c8638_1024x1024.png,"240,000₫",,https://thienlong.vn/products/cong-ty-vi-dai-nho-tinh-than-khoi-nghiep
988,"Này cô gái, thức tỉnh đi! (Tái bản)",8935278601074,NXB Văn Hóa - Văn Nghệ,https://product.hstatic.net/1000230347/product/681cde1a-b17d-4b6c-8934-ed39966326e5_0e8f60eec4724888a6258987b271ffd2_1024x1024.png,"108,000₫",,https://thienlong.vn/products/nay-co-gai-thuc-tinh-di-tai-ban
989,Sống giản dị và sâu lắng,8935278600541,NXB Văn Hóa - Văn Nghệ,https://product.hstatic.net/1000230347/product/701734a2-56c4-4361-8c25-70b76c202a27_1__b1ef2e7a1d404a82a1a25d261ab4645c_1024x1024.png,"120,000₫",,https://thienlong.vn/products/song-gian-di-va-sau-lang
990,Dưỡng trí não con tinh,8935278601050,NXB Phụ Nữ,https://product.hstatic.net/1000230347/product/61a50281-58d1-4fcd-b97d-76069897509c_1__52ff4ccf953c48439fd6dae88981b363_1024x1024.png,"120,000₫",,https://thienlong.vn/products/duong-tri-nao-con-tinh
991,Chăm trái tim con ấm,8935278601005,NXB Phụ Nữ,https://product.hstatic.net/1000230347/product/e7ecb06d-5247-4b2e-a872-2188855e7fce_1__a333f6133069401fbdb9cc404685f791_1024x1024.png,"120,000₫",,https://thienlong.vn/products/cham-trai-tim-con-am
992,Tận hưởng niềm vui sống,8935278603474,NXB Văn Hóa - Văn Nghệ,https://product.hstatic.net/1000230347/product/88620658-05ee-49c2-b93d-99b09d115ded_68e4fa687ad444c2b3dd1e63e8f12b6a_1024x1024.png,"108,000₫",,https://thienlong.vn/products/tan-huong-niem-vui-song
993,12 quy luật cuộc đời: Thần dược cho cuộc sống hiện đại,8935278602156,NXB Thế Giới,https://product.hstatic.net/1000230347/product/d1e029e8-c148-441a-859f-47613acd54a8_11001edc1a2a4aa6b50152f9f6926365_1024x1024.jpg,"300,000₫",,https://thienlong.vn/products/12-quy-luat-cuoc-doi-than-duoc-cho-cuoc-song-hien-dai
994,10 bước đến thành công,8935278604372,NXB Hồng Đức,https://product.hstatic.net/1000230347/product/9fddbbce-e072-4c92-b0d0-d3093c9a2e3c_35b1a32ef7d146e8a0c8b9196748182d_1024x1024.png,"160,000₫",,https://thienlong.vn/products/10-buoc-den-thanh-cong
995,"Tái tạo tổ chức: Phá vỡ rào cản, thổi bùng sinh khí",8935278600930,NXB Thế Giới,https://product.hstatic.net/1000230347/product/e0c994db-8f00-4ad7-bcb3-974973546dc9_4c88664497b84159a8f2a31814061e58_1024x1024.jpg,"190,000₫",,https://thienlong.vn/products/tai-tao-to-chuc-pha-vo-rao-can-thoi-bung-sinh-khi
996,Sang chấn tâm lý - Hiểu để chữa lành,8935278601715,NXB Thế Giới,https://product.hstatic.net/1000230347/product/9fd70a2a-970e-4af0-b878-f18417008a21_1__a53b8c2b2b6e448c98ce2194a3d152e4_1024x1024.png,"350,000₫",,https://thienlong.vn/products/sang-chan-tam-ly-hieu-de-chua-lanh
997,Nhẹ gánh ưu phiền,8935278605096,NXB Văn Hóa - Văn Nghệ,https://product.hstatic.net/1000230347/product/d9be6e5a-522d-448c-83e8-42da21c11045_1__79721c537aef4962a2416fcbbd404265_1024x1024.jpg,"98,000₫",,https://thienlong.vn/products/nhe-ganh-uu-phien
998,"100 năm quần vợt Việt Nam: Một thời vàng son, một thời trăn trở - Combo sách chữ &amp; ảnh",8935278605089,NXB Thế Giới,https://product.hstatic.net/1000230347/product/650a774d-b7c9-4b5c-ac07-5ea6faa5c664_1__3f453e82813f4735b1037c74f171e508_1024x1024.jpg,"200,000₫",,https://thienlong.vn/products/100-nam-quan-vot-viet-nam-mot-thoi-vang-son-mot-thoi-tran-tro-combo-sach-chu-anh
999,Lập trình quỹ đạo cuộc đời,8935278600619,NXB Hồng Đức,https://product.hstatic.net/1000230347/product/97f73292-adc2-43fb-b877-12f48c14abd8_724c4574e29e4d3da431943a98cf3054_1024x1024.png,"140,000₫",,https://thienlong.vn/products/lap-trinh-quy-dao-cuoc-doi
1000,"Subscribe? OK, tôi đăng ký!",8935278602736,NXB Thế Giới,https://product.hstatic.net/1000230347/product/64795a37-b80a-4267-98dc-9221e79aa846_e7106df8b7d245bcb6bb7e555deaca24_1024x1024.png,"150,000₫",,https://thienlong.vn/products/subscribe-ok-toi-dang-ky
1001,Tản mạn về hạnh phúc,8935278600510,NXB Văn Hóa - Văn Nghệ,https://product.hstatic.net/1000230347/product/3ab29470-1f60-431d-bb03-ebd462be18e0_e88e13fbae4347d6ba43df5aecb7af53_1024x1024.jpg,"140,000₫",,https://thienlong.vn/products/tan-man-ve-hanh-phuc
1002,Sống như nhân duyên - Nghệ thuật nhìn người,8935278601159,NXB Văn Hóa - Văn Nghệ,https://product.hstatic.net/1000230347/product/28da5f83-52dd-477b-8000-910b40d8cb2b_1__b051f8162a0f45bb927da43570c57b0b_1024x1024.jpg,"120,000₫",,https://thienlong.vn/products/song-nhu-nhan-duyen-nghe-thuat-nhin-nguoi
1003,Sống ở thể chủ động,8935278601265,NXB Thế Giới,https://product.hstatic.net/1000230347/product/c82aa3d8-8628-49b0-babb-8b8f8409e222_2e08c9bdaffa42e4bab47cde90b0b84d_1024x1024.png,"89,000₫",,https://thienlong.vn/products/song-o-the-chu-dong
1004,Cẩm nang trở thành nhà quản lý xuất sắc,8935278603146,NXB Thế Giới,https://product.hstatic.net/1000230347/product/68a90999-9fe9-4be9-8308-8a9cb81e7d30_f8fef3a177be4e7083392e252afa779c_1024x1024.jpg,"140,000₫",,https://thienlong.vn/products/cam-nang-tro-thanh-nha-quan-ly-xuat-sac
1005,Sen nở trời phương ngoại (TB2),8935278600497,NXB Văn Hóa - Văn Nghệ,https://product.hstatic.net/1000230347/product/8546dc9a-39ea-4129-bf87-1c5913de065e_dd8654ba74954baeaf4476aa372bada9_1024x1024.jpg,"118,000₫",,https://thienlong.vn/products/sen-no-troi-phuong-ngoai-tb2
1006,Phụ nữ khuấy đảo giới kinh doanh,8935278601838,NXB Thế Giới,https://product.hstatic.net/1000230347/product/7f99887f-04a2-4171-8f52-5f4a1d5a5829_dd71d9ef43dc4c56a4a0fae73f7ab887_1024x1024.png,"120,000₫",,https://thienlong.vn/products/phu-nu-khuay-dao-gioi-kinh-doanh
1007,Thu hút bất kỳ ai,8935278602194,NXB Văn Hóa - Văn Nghệ,https://product.hstatic.net/1000230347/product/c7beb786-5477-48d6-9dbd-0e840af06f78_1__144958a8adea4014b788577800d52257_1024x1024.jpg,"128,000₫",,https://thienlong.vn/products/thu-hut-bat-ky-ai
1008,Tôi đi tìm tôi,8935278605133,NXB Văn Hóa - Văn Nghệ,https://product.hstatic.net/1000230347/product/5cebcd41-1bd4-4294-a993-dca7d95db474_1__1bb225679877415bad095d1eb0b67c1c_1024x1024.jpg,"160,000₫",,https://thienlong.vn/products/toi-di-tim-toi
1009,Bảo Đại - Hoàng đế cuối cùng,8935278605102,NXB Thế Giới,https://product.hstatic.net/1000230347/product/100793cf-5dd6-48ad-842f-6ad2d61564e4_0cc3fa0e7824430ba3cc78909472270f_1024x1024.jpg,"109,000₫",,https://thienlong.vn/products/bao-dai-hoang-de-cuoi-cung
1010,Tháo dây oan trái - Nghệ thuật chuyển hóa cảm xúc,8935278601425,NXB Văn Hóa - Văn Nghệ,https://product.hstatic.net/1000230347/product/aac59bb4-d2f0-40b0-bd42-42fbf25849fa_cf4d8a70fa804e0dab8cae8b971b460a_1024x1024.png,"89,000₫",,https://thienlong.vn/products/thao-day-oan-trai-nghe-thuat-chuyen-hoa-cam-xuc
1011,Hôn nhân - Chuyện thêm và bớt,8935278601456,NXB Văn Hóa - Văn Nghệ,https://product.hstatic.net/1000230347/product/98e917e8-5e09-4eac-9c53-ac0a627afa1e_a6da2917246e419ea8dda8ed0f823bf0_1024x1024.png,"89,000₫",,https://thienlong.vn/products/hon-nhan-chuyen-them-va-bot
1012,Gia đình - Tranh đấu hay buông xuôi?,8935278601470,NXB Văn Hóa - Văn Nghệ,https://product.hstatic.net/1000230347/product/82dee446-b465-4de4-8f17-7494e983477f_2a7b1aad46c84bf3b2d8cc9e305bfce0_1024x1024.jpg,"89,000₫",,https://thienlong.vn/products/gia-dinh-tranh-dau-hay-buong-xuoi
1013,Giá trị của sự tử tế,8935278602682,NXB Hồng Đức,https://product.hstatic.net/1000230347/product/8bef9ac8-953b-43b8-a1aa-08f58791ec52_97fc74085c3c478785302ad91387bcd7_1024x1024.jpg,"108,000₫",,https://thienlong.vn/products/gia-tri-cua-su-tu-te
1014,Nghĩ khác để trở thành lãnh đạo xuất sắc,8935278604303,NXB Thế Giới,https://product.hstatic.net/1000230347/product/fc6fb4c1-7c44-44c0-a90c-cb8e230fc296_7a7980e5368d4ff29333b4150cfb4aca_1024x1024.jpg,"110,000₫",,https://thienlong.vn/products/nghi-khac-de-tro-thanh-lanh-dao-xuat-sac
1015,Săn kẻ giết người,8935278602651,NXB Hồng Đức,https://product.hstatic.net/1000230347/product/d41ae0eb-1663-4e4f-9e8c-b0dfcb1279fb_24a92091989b4f258219fb29919ecb6d_1024x1024.png,"118,000₫",,https://thienlong.vn/products/san-ke-giet-nguoi
1016,Hỷ lạc từ tâm,8935278601869,NXB Đà Nẵng,https://product.hstatic.net/1000230347/product/8d37701a-7e0b-4031-b95d-eeb046f8d240_1__6abd7213976148b2852fd4b75169694a_1024x1024.jpg,"150,000₫",,https://thienlong.vn/products/hy-lac-tu-tam
1017,Vương triều Tudor cuối cùng,8935278602286,NXB Văn Hóa - Văn Nghệ,https://product.hstatic.net/1000230347/product/58df01c0-62ff-47eb-85e5-5ce115b9df4a_1__260b5ee2abfa4ec492f027c74207301e_1024x1024.jpg,"220,000₫",,https://thienlong.vn/products/vuong-trieu-tudor-cuoi-cung
1018,Điều gì quan trọng trong đời bạn?,8935278602064,NXB Hồng Đức,https://product.hstatic.net/1000230347/product/8c8f6b48-21b8-4f09-a24b-3dbe417a428c_3e7c37fe29bd49a497e5c018ccd2518b_1024x1024.jpg,"109,000₫",,https://thienlong.vn/products/dieu-gi-quan-trong-trong-doi-ban
1019,Cha Voi: Dạy con nên người ở thời đại số,8935278604327,NXB Tổng Hợp TP.HCM,https://product.hstatic.net/1000230347/product/919126b6-b88b-42e2-974d-d25f1e836dd2_2afc194bf4074ef8bcea9fa5dd937f59_1024x1024.jpg,"150,000₫",,https://thienlong.vn/products/cha-voi-day-con-nen-nguoi-o-thoi-dai-so
1020,Tạo lập mối quan hệ trong kỷ nguyên số,8935278601876,NXB Thế Giới,https://product.hstatic.net/1000230347/product/0d990a0d-8ad3-488c-9d66-9ae23fadf6b9_c9303e4025554c8fb6f52a40cb3e7032_1024x1024.jpg,"120,000₫",,https://thienlong.vn/products/tao-lap-moi-quan-he-trong-ky-nguyen-so
1021,Thế giới ba không,8935278602897,NXB Thế Giới,https://product.hstatic.net/1000230347/product/add53d2f-3fa2-44ae-a59d-cbffaf4d086e_bb77b602e139453c90abf35cc6a036fb_1024x1024.jpg,"150,000₫",,https://thienlong.vn/products/the-gioi-ba-khong
1022,An nhiên như nắng,8935278604242,NXB Văn Hóa - Văn Nghệ,https://product.hstatic.net/1000230347/product/d9b0f04c-1a7f-4bd5-9c93-eab644af57d6_fd2690c94c7a4bdc911edcb30a660eaf_1024x1024.png,"90,000₫",,https://thienlong.vn/products/an-nhien-nhu-nang
1023,Một thời ngang dọc,8935278600350,NXB Hội Nhà Văn,https://product.hstatic.net/1000230347/product/b025aafc-f91a-43f0-930b-237105efaaaf_e3ca6cc645fe4ca9b131c7e63bfbf827_1024x1024.jpg,"190,000₫",,https://thienlong.vn/products/mot-thoi-ngang-doc
1024,Nội tình của ngoại tình,8935278603382,NXB Văn Hóa - Văn Nghệ,https://product.hstatic.net/1000230347/product/bb706322-9ae3-4586-8f92-2529db63087b_35f968cf5d1e4f10ab942b4b366386c6_1024x1024.jpg,"220,000₫",,https://thienlong.vn/products/noi-tinh-cua-ngoai-tinh
1025,Nếu biết anh sẽ là người cũ,8935278603320,NXB Văn Hóa - Văn Nghệ,https://product.hstatic.net/1000230347/product/2bc3bee6-09cb-4929-b2ec-8b55214d3794_1c65bc9b3b93462c822c779f3fbe5481_1024x1024.jpg,"90,000₫",,https://thienlong.vn/products/neu-biet-anh-se-la-nguoi-cu
1026,Học gì để không thất nghiệp?,8935278603306,NXB Thế Giới,https://product.hstatic.net/1000230347/product/dd1e514f-8982-4fa6-a9ab-426e827dbfc0_e2bae73550d447668c1c59c5a6ee3c55_1024x1024.png,"96,000₫",,https://thienlong.vn/products/hoc-gi-de-khong-that-nghiep
1027,Tạm biệt Alzheimer,8935278602521,NXB Thế Giới,https://product.hstatic.net/1000230347/product/3c18c12e-62a7-40d6-a4e6-70227518af8b_70f6980589494dcfb6f9d11f7a0b87f0_1024x1024.jpg,"300,000₫",,https://thienlong.vn/products/tam-biet-alzheimer
1028,Phong độ cực đỉnh,8935278603078,NXB Hồng Đức,https://product.hstatic.net/1000230347/product/ee7c708b-ab8e-4ba7-82e5-fbe644aa47fa_5405babd48f24780b9ebc01d1eb879a9_1024x1024.png,"109,000₫",,https://thienlong.vn/products/phong-do-cuc-dinh
1029,"Tôi, tương lai và thế giới",8935278603269,NXB Thế Giới,https://product.hstatic.net/1000230347/product/6e6bc842-761b-4ace-9337-a20b8ec09c8c_756bfd2c1bdc430386b8022c0e43d1cd_1024x1024.jpg,"160,000₫",,https://thienlong.vn/products/toi-tuong-lai-va-the-gioi
1030,Lan tỏa ảnh hưởng thời kỹ thuật số,8935278603030,NXB Thế Giới,https://product.hstatic.net/1000230347/product/dcf1d97b-24a1-4e01-b6af-2e4801edfed0_51cd702e225f461485095309f3db03cb_1024x1024.png,"150,000₫",,https://thienlong.vn/products/lan-toa-anh-huong-thoi-ky-thuat-so
1031,Vượt khỏi giới hạn,8935278602385,NXB Thế Giới,https://product.hstatic.net/1000230347/product/8c119be8-67f8-44cd-8a44-48faec65d9e2_a6411ed09c914692a966e9253b20803d_1024x1024.jpg,"96,000₫",,https://thienlong.vn/products/vuot-khoi-gioi-han
1032,Từ 100 cân đến 100 điểm: 6 bước giảm cân hiệu quả,8935278602620,NXB Hồng Đức,https://product.hstatic.net/1000230347/product/1e14d821-7bb0-42ef-b2a0-9eac50359b1b_33ce505c1ff54aa18ac9238cd4ab36fa_1024x1024.png,"120,000₫",,https://thienlong.vn/products/tu-100-can-den-100-diem-6-buoc-giam-can-hieu-qua
1033,Chiến lược gọi vốn cộng đồng,8935278602781,NXB Thế Giới,https://product.hstatic.net/1000230347/product/b5e7c6f9-0311-4add-a523-3ae3e134d2fe_42445b9a45bf4d92b9edc2ba41069bb0_1024x1024.png,"99,000₫",,https://thienlong.vn/products/chien-luoc-goi-von-cong-dong
1034,Đối nhân khéo - Xử thế hay,8935278603016,NXB Thế Giới,https://product.hstatic.net/1000230347/product/db83eb63-4f74-47f1-9e4c-5da7113fbfa8_b2832e792df74f0ba1b8fafb933dbeea_1024x1024.png,"96,000₫",,https://thienlong.vn/products/doi-nhan-kheo-xu-the-hay
1035,Thuật lãnh đạo khởi nghiệp,8935278602248,NXB Lao Động,https://product.hstatic.net/1000230347/product/97ac0a0e-d3c2-41e6-85bc-b3ba5e7b6f5a_3bb631eb489d47d1892e32af554db073_1024x1024.png,"120,000₫",,https://thienlong.vn/products/thuat-lanh-dao-khoi-nghiep
1036,"Đàm phán bậc thầy, cả hai cùng thắng",8935278601555,NXB Lao Động,https://product.hstatic.net/1000230347/product/e8ab17b9-0ff2-47a0-a337-bed4acaa4ef4_c8e97028e23c47eeaf6315450c9b0456_1024x1024.png,"108,000₫",,https://thienlong.vn/products/dam-phan-bac-thay-ca-hai-cung-thang
1037,Người có sẵn lòng mang vết thương?,8935278602330,NXB Văn Hóa - Văn Nghệ,https://product.hstatic.net/1000230347/product/e6bd05c1-17a7-487b-97f5-7100d7b5273a_5ac28dba7abd4aeb842ba42cb9449bca_1024x1024.jpg,"80,000₫",,https://thienlong.vn/products/nguoi-co-san-long-mang-vet-thuong
1038,Huy động vốn: Khó mà dễ,8935278601357,NXB Thế Giới,https://product.hstatic.net/1000230347/product/fa46f0a7-7447-45b9-b3af-e834fb5b01bc_edc55c4538874707a7f385c5ad4cbbed_1024x1024.jpg,"99,000₫",,https://thienlong.vn/products/huy-dong-von-kho-ma-de
1039,Quản trị công ty khởi nghiệp,8935278601531,NXB Thế Giới,https://product.hstatic.net/1000230347/product/7fd6ab48-9a14-489d-a855-b8a736c808cc_0317ead801f4420286115c25d20e15c4_1024x1024.png,"80,000₫",,https://thienlong.vn/products/quan-tri-cong-ty-khoi-nghiep
1040,Đột phá tư duy thương hiệu,8935278600749,NXB Lao Động,https://product.hstatic.net/1000230347/product/7e896c42-0a89-489d-820e-b9da6cbacc6d_1__b11f3afbdce949089fea61a3c40ef318_1024x1024.jpg,"120,000₫",,https://thienlong.vn/products/dot-pha-tu-duy-thuong-hieu
1041,Châu - Chút tạ tình tri âm,8935278600206,NXB Văn hóa - Văn nghệ,https://product.hstatic.net/1000230347/product/b741f646-0bab-4879-9f2d-a88fb68a15a2_d5a91babfd5d4b8197db70dbb2b0ed76_1024x1024.jpg,"100,000₫",,https://thienlong.vn/products/chau-chut-ta-tinh-tri-am
1042,Mở lối yêu thương,8935278600091,NXB Văn Hóa - Văn Nghệ,https://product.hstatic.net/1000230347/product/df99aa75-413b-4914-80bd-1975c8d7cfaa_1fbed45d21654cf8b6b6425f13b9cce5_1024x1024.jpg,"90,000₫",,https://thienlong.vn/products/mo-loi-yeu-thuong
1043,Tiền và tình đời - Nghệ thuật buông bỏ,9786046844518,NXB Văn Hóa - Văn Nghệ,https://product.hstatic.net/1000230347/product/5e378a22-7a27-4cf0-a4f1-58e746240f59_7b46e7afbcc643a1b55032d5f1208731_1024x1024.jpg,"89,000₫",,https://thienlong.vn/products/tien-va-tinh-doi-nghe-thuat-buong-bo
1044,Cẩm nang CEO khởi nghiệp,9786047739653,NXB Thế Giới,https://product.hstatic.net/1000230347/product/3010faa1-0095-41b2-add0-5e9ff7bdb76a_1b1cc4b4ae2b43b782a545130117b575_1024x1024.png,"170,000₫",,https://thienlong.vn/products/cam-nang-ceo-khoi-nghiep
1045,"Nghệ thuật tối giản: Có ít đi, sống nhiều hơn",8935278603054,NXB Hồng Đức,https://product.hstatic.net/1000230347/product/2b3ed7e6-4c4c-48e8-91b4-a922f2554150_4535d0b4a9534b8a840ba4492277c084_1024x1024.jpg,"108,000₫",,https://thienlong.vn/products/nghe-thuat-toi-gian-co-it-di-song-nhieu-hon
1046,Tốt như vàng,9786047740277,NXB Thế Giới,https://product.hstatic.net/1000230347/product/20ebcf8f-b02e-41fe-af2d-a2a75de66008_458247ebf7874368867963f00e7b2fd6_1024x1024.jpg,"72,000₫",,https://thienlong.vn/products/tot-nhu-vang
1047,Phúc nuôi dạy con,8935278601371,NXB Hồng Đức,https://product.hstatic.net/1000230347/product/8b116f30-93ab-4683-9885-15f3197cff63_53e6ee8df55942b2885033f7b16e78b9_1024x1024.jpg,"119,000₫",,https://thienlong.vn/products/phuc-nuoi-day-con
1048,Nghề làm cha mẹ,8935278601395,NXB Hồng Đức,https://product.hstatic.net/1000230347/product/879b8529-48fd-4b15-9f3e-57ac46f720d4_b6096c2427bb4c61a749159f39a3c723_1024x1024.jpg,"119,000₫",,https://thienlong.vn/products/nghe-lam-cha-me
1049,Khởi nghiệp - Dẫn đầu cuộc đua,8935278600558,NXB Hồng Đức,https://product.hstatic.net/1000230347/product/2995cff7-d724-43dc-93d5-99e821734da9_435a4e33524e4e468783255c1af91f50_1024x1024.jpg,"120,000₫",,https://thienlong.vn/products/khoi-nghiep-dan-dau-cuoc-dua
1050,Mùa nắng phai,9786045987605,NXB Lao Động,https://product.hstatic.net/1000230347/product/upload_816b011bf4ce49b99d70b3651026dfce_1024x1024.jpg,"420,000₫",,https://thienlong.vn/products/mua-nang-phai
1051,Như mây thong dong (Tái bản),8935278600244,NXB Văn Hóa - Văn Nghệ,https://product.hstatic.net/1000230347/product/dc41d497-779c-4e6a-9844-cdf6dbdde99b_07e85fc8a0e04785827ece99dfa5808e_1024x1024.jpg,"90,000₫",,https://thienlong.vn/products/nhu-may-thong-dong-tai-ban
1052,Lột xác - Sống đúng với chính mình!,9786046838593,NXB Văn hóa - Văn nghệ,https://product.hstatic.net/1000230347/product/0a001635-719e-46a1-82c6-1d2139d5ec9a_7a3942f5c8fa4ec89d902db28825d73c_1024x1024.jpg,"160,000₫",,https://thienlong.vn/products/lot-xac-song-dung-voi-chinh-minh
1053,"Nhanh hơn, khao khát hơn",9786048912468,NXB Hồng Đức,https://product.hstatic.net/1000230347/product/2ae23965-1c32-4f93-b39d-ec34b2f99e3d_9795deee214843e3b98e50eb0babbbed_1024x1024.jpg,"80,000₫",,https://thienlong.vn/products/nhanh-hon-khao-khat-hon
1054,Luyện tốc độ &amp; kỹ năng giải nhanh trắc nghiệm Toán - Hàm số &amp; Ứng dụng 12,9786046284222,NXB Đại học Quốc gia Hà Nội,https://product.hstatic.net/1000230347/product/82532b43-e0e0-49db-9bd0-64f5d9b12f61_2bf5f9e06d2a4de18213fc71e60f16db_1024x1024.jpg,"180,000₫",,https://thienlong.vn/products/luyen-toc-do-ky-nang-giai-nhanh-trac-nghiem-toan-ham-so-ung-dung-12
1055,Siêu nhân mẹ không cô đơn,8935278601586,NXB Văn Hóa - Văn Nghệ,https://product.hstatic.net/1000230347/product/accd3a1f-8aeb-4a19-a551-9feeb15c7f4c_91db6b67ac2b4d6190b3c6948f3c6478_1024x1024.jpg,"119,000₫",,https://thienlong.vn/products/sieu-nhan-me-khong-co-don
1056,Ngân hàng đột phá,9786048903091,NXB Hồng Đức,https://product.hstatic.net/1000230347/product/2f43a223-4696-4172-8cf3-d1bc517cf555_ba38621b45604ef5903943c446c81a7d_1024x1024.jpg,"159,000₫",,https://thienlong.vn/products/ngan-hang-dot-pha
1057,EXPLORE OUR WORLD 2E 6 POSTER SET,9780357105542,Cengage,https://product.hstatic.net/1000230347/product/c589addf1c6a19d909604f880bd640ec_11c122f16d734442b8186203e4d2f1b2_1024x1024.jpg*****https://product.hstatic.net/1000230347/product/0b719344eb27dc2f6c679eb9bf451c2e_c5aa25e0cd084cc384f117a4a626d841_1024x1024.jpg*****https://product.hstatic.net/1000230347/product/ad0a24fdc161890294583750bdcb2a50_a3256b61d17b4262ada8fc9e8b13688e_1024x1024.jpg,"2,026,000₫",,https://thienlong.vn/products/explore-our-world-2e-6-poster-set
1058,EXPLORE OUR WORLD 2E 3 POSTER SET,9780357105511,Cengage,https://product.hstatic.net/1000230347/product/0b719344eb27dc2f6c679eb9bf451c2e_c5aa25e0cd084cc384f117a4a626d841_1024x1024.jpg*****https://product.hstatic.net/1000230347/product/c589addf1c6a19d909604f880bd640ec_11c122f16d734442b8186203e4d2f1b2_1024x1024.jpg*****https://product.hstatic.net/1000230347/product/ad0a24fdc161890294583750bdcb2a50_a3256b61d17b4262ada8fc9e8b13688e_1024x1024.jpg,"2,026,000₫",,https://thienlong.vn/products/explore-our-world-2e-3-poster-set
1059,EXPLORE OUR WORLD 2E 1 POSTER SET,9780357105498,Cengage,https://product.hstatic.net/1000230347/product/ad0a24fdc161890294583750bdcb2a50_a3256b61d17b4262ada8fc9e8b13688e_1024x1024.jpg*****https://product.hstatic.net/1000230347/product/c589addf1c6a19d909604f880bd640ec_11c122f16d734442b8186203e4d2f1b2_1024x1024.jpg*****https://product.hstatic.net/1000230347/product/0b719344eb27dc2f6c679eb9bf451c2e_c5aa25e0cd084cc384f117a4a626d841_1024x1024.jpg,"2,026,000₫",,https://thienlong.vn/products/explore-our-world-2e-1-poster-set
1060,Gateway (2 Ed.) B1: Workbook,9780230470910,Mamilan Education,https://product.hstatic.net/1000230347/product/bc06c9169acd0c5a9312d39d0aca0bc7_37937edc99e944708e8a5571046c09c6_1024x1024.jpg*****https://product.hstatic.net/1000230347/product/9780230470910__8__9758f82a56b744c6a614a38405b73782_1024x1024.jpg*****https://product.hstatic.net/1000230347/product/9780230470910__5__b8052da7be3342258897c6441abb6787_1024x1024.jpg*****https://product.hstatic.net/1000230347/product/9780230470910__4__14eb808844704a0eb047324af21a6ea1_1024x1024.jpg*****https://theme.hstatic.net/1000230347/1000782290/14/product-placeholder.png?v=26587*****https://theme.hstatic.net/1000230347/1000782290/14/product-placeholder.png?v=26587*****https://theme.hstatic.net/1000230347/1000782290/14/product-placeholder.png?v=26587*****https://theme.hstatic.net/1000230347/1000782290/14/product-placeholder.png?v=26587*****https://theme.hstatic.net/1000230347/1000782290/14/product-placeholder.png?v=26587*****https://theme.hstatic.net/1000230347/1000782290/14/product-placeholder.png?v=26587*****https://theme.hstatic.net/1000230347/1000782290/14/product-placeholder.png?v=26587*****https://theme.hstatic.net/1000230347/1000782290/14/product-placeholder.png?v=26587*****https://theme.hstatic.net/1000230347/1000782290/14/product-placeholder.png?v=26587*****https://theme.hstatic.net/1000230347/1000782290/14/product-placeholder.png?v=26587*****https://theme.hstatic.net/1000230347/1000782290/14/product-placeholder.png?v=26587*****https://theme.hstatic.net/1000230347/1000782290/14/product-placeholder.png?v=26587*****https://theme.hstatic.net/1000230347/1000782290/14/product-placeholder.png?v=26587*****https://theme.hstatic.net/1000230347/1000782290/14/product-placeholder.png?v=26587*****https://theme.hstatic.net/1000230347/1000782290/14/product-placeholder.png?v=26587*****https://theme.hstatic.net/1000230347/1000782290/14/product-placeholder.png?v=26587,"201,000₫",,https://thienlong.vn/products/gateway-2-ed-b1-workbook
1061,Gateway (2 Ed.) A2: Workbook,9780230470880,Mamilan Education,https://product.hstatic.net/1000230347/product/a3cd702958955fbbd97a393e6531cd6b_f29a89f370834b6eb9b533399839ebb3_1024x1024.jpg*****https://product.hstatic.net/1000230347/product/9780230470880__8__432c7f7769e848398e818c3e66a70c1b_1024x1024.jpg*****https://product.hstatic.net/1000230347/product/9780230470880__7__c05341d57157418cbffa18a79309cd9b_1024x1024.jpg*****https://product.hstatic.net/1000230347/product/9780230470880__6__d96a5d1408c94387ab36adc0216de509_1024x1024.jpg*****https://theme.hstatic.net/1000230347/1000782290/14/product-placeholder.png?v=26587*****https://theme.hstatic.net/1000230347/1000782290/14/product-placeholder.png?v=26587*****https://theme.hstatic.net/1000230347/1000782290/14/product-placeholder.png?v=26587*****https://theme.hstatic.net/1000230347/1000782290/14/product-placeholder.png?v=26587*****https://theme.hstatic.net/1000230347/1000782290/14/product-placeholder.png?v=26587*****https://theme.hstatic.net/1000230347/1000782290/14/product-placeholder.png?v=26587*****https://theme.hstatic.net/1000230347/1000782290/14/product-placeholder.png?v=26587*****https://theme.hstatic.net/1000230347/1000782290/14/product-placeholder.png?v=26587*****https://theme.hstatic.net/1000230347/1000782290/14/product-placeholder.png?v=26587*****https://theme.hstatic.net/1000230347/1000782290/14/product-placeholder.png?v=26587*****https://theme.hstatic.net/1000230347/1000782290/14/product-placeholder.png?v=26587*****https://theme.hstatic.net/1000230347/1000782290/14/product-placeholder.png?v=26587*****https://theme.hstatic.net/1000230347/1000782290/14/product-placeholder.png?v=26587*****https://theme.hstatic.net/1000230347/1000782290/14/product-placeholder.png?v=26587*****https://theme.hstatic.net/1000230347/1000782290/14/product-placeholder.png?v=26587*****https://theme.hstatic.net/1000230347/1000782290/14/product-placeholder.png?v=26587,"201,000₫",,https://thienlong.vn/products/gateway-2-ed-a2-workbook
1062,"Bundle: Pathways: Listening, Speaking, and Critical Thinking Foundations, 2nd Student Edition + Online Workbook",9781337562508,Cengage,https://product.hstatic.net/1000230347/product/ea8e503943a30f85ce42b439c3aecf56_16f794d9919747a183ea47ae10c67641_1024x1024.jpg*****https://product.hstatic.net/1000230347/product/9781337562508_-_9789814962117__10__9b20e9e9cea24f8893f774b28965de65_1024x1024.jpg*****https://product.hstatic.net/1000230347/product/9781337562508_-_9789814962117__9__709281ab4f994038963b825dbd6e4502_1024x1024.jpg*****https://product.hstatic.net/1000230347/product/9781337562508_-_9789814962117__8__055dcce2094e48159dfeb4873140fe18_1024x1024.jpg*****https://theme.hstatic.net/1000230347/1000782290/14/product-placeholder.png?v=26587*****https://theme.hstatic.net/1000230347/1000782290/14/product-placeholder.png?v=26587*****https://theme.hstatic.net/1000230347/1000782290/14/product-placeholder.png?v=26587*****https://theme.hstatic.net/1000230347/1000782290/14/product-placeholder.png?v=26587*****https://theme.hstatic.net/1000230347/1000782290/14/product-placeholder.png?v=26587*****https://theme.hstatic.net/1000230347/1000782290/14/product-placeholder.png?v=26587*****https://theme.hstatic.net/1000230347/1000782290/14/product-placeholder.png?v=26587*****https://theme.hstatic.net/1000230347/1000782290/14/product-placeholder.png?v=26587*****https://theme.hstatic.net/1000230347/1000782290/14/product-placeholder.png?v=26587*****https://theme.hstatic.net/1000230347/1000782290/14/product-placeholder.png?v=26587*****https://theme.hstatic.net/1000230347/1000782290/14/product-placeholder.png?v=26587*****https://theme.hstatic.net/1000230347/1000782290/14/product-placeholder.png?v=26587*****https://theme.hstatic.net/1000230347/1000782290/14/product-placeholder.png?v=26587*****https://theme.hstatic.net/1000230347/1000782290/14/product-placeholder.png?v=26587,"459,000₫",,https://thienlong.vn/products/bundle-pathways-listening-speaking-and-critical-thinking-foundations-2nd-student-edition-online-workbook
1063,"Bundle: Pathways: Reading, Writing, and Critical Thinking Foundations, 2nd Student Edition + Online Workbook",9781337625098,Cengage,https://product.hstatic.net/1000230347/product/277e6463007b04a804513e0190689b73_5df85103062949b5b12a5f3bc227bff0_1024x1024.jpg*****https://product.hstatic.net/1000230347/product/9781337625098_-_9789814962124__10__7c023fc0f362417c91e623e12cd6494d_1024x1024.jpg*****https://product.hstatic.net/1000230347/product/9781337625098_-_9789814962124__9__bb771e0162c347329e255577b5b5539c_1024x1024.jpg*****https://product.hstatic.net/1000230347/product/9781337625098_-_9789814962124__8__7bbf0ab3e27f49a49a151c5965c5c121_1024x1024.jpg*****https://theme.hstatic.net/1000230347/1000782290/14/product-placeholder.png?v=26587*****https://theme.hstatic.net/1000230347/1000782290/14/product-placeholder.png?v=26587*****https://theme.hstatic.net/1000230347/1000782290/14/product-placeholder.png?v=26587*****https://theme.hstatic.net/1000230347/1000782290/14/product-placeholder.png?v=26587*****https://theme.hstatic.net/1000230347/1000782290/14/product-placeholder.png?v=26587*****https://theme.hstatic.net/1000230347/1000782290/14/product-placeholder.png?v=26587*****https://theme.hstatic.net/1000230347/1000782290/14/product-placeholder.png?v=26587*****https://theme.hstatic.net/1000230347/1000782290/14/product-placeholder.png?v=26587*****https://theme.hstatic.net/1000230347/1000782290/14/product-placeholder.png?v=26587*****https://theme.hstatic.net/1000230347/1000782290/14/product-placeholder.png?v=26587*****https://theme.hstatic.net/1000230347/1000782290/14/product-placeholder.png?v=26587*****https://theme.hstatic.net/1000230347/1000782290/14/product-placeholder.png?v=26587*****https://theme.hstatic.net/1000230347/1000782290/14/product-placeholder.png?v=26587*****https://theme.hstatic.net/1000230347/1000782290/14/product-placeholder.png?v=26587,"459,000₫",,https://thienlong.vn/products/bundle-pathways-reading-writing-and-critical-thinking-foundations-2nd-student-edition-online-workbook
1064,IMPACT BRE 4 WORKBOOK &amp; WB AUDIO CD,9789814806152,Cengage,https://product.hstatic.net/1000230347/product/b41aff154a9e707c2e4e8cee02247443_4ed28579823d4941a38cc7549d3d6d02_1024x1024.jpg*****https://product.hstatic.net/1000230347/product/9789814806152__7__586af4d3508a42789ca471cb316d4800_1024x1024.jpg*****https://product.hstatic.net/1000230347/product/9789814806152__6__copy_16c90eb44aa94fb4a6e5eddf0b9f39b8_1024x1024.jpg*****https://product.hstatic.net/1000230347/product/9789814806152__5__fe17d5aceb3f411ca32e218beefe5295_1024x1024.jpg*****https://theme.hstatic.net/1000230347/1000782290/14/product-placeholder.png?v=26587*****https://theme.hstatic.net/1000230347/1000782290/14/product-placeholder.png?v=26587*****https://theme.hstatic.net/1000230347/1000782290/14/product-placeholder.png?v=26587,"279,000₫",,https://thienlong.vn/products/impact-bre-4-workbook-wb-audio-cd
1065,IMPACT BRE 4 STUDENT BOOK + MYELT ACCESS CODE,9789814806107,Cengage,https://product.hstatic.net/1000230347/product/042d4f061a5d3f83060140c5bc4989ed_a64a993532e94166b16a74abffc37d97_1024x1024.jpg*****https://product.hstatic.net/1000230347/product/9789814806107__10__fff1e9d577134dd8919eca770ba4c830_1024x1024.jpg*****https://product.hstatic.net/1000230347/product/9789814806107__9__096138d58ee049ebabd4598ae6041a35_1024x1024.jpg*****https://product.hstatic.net/1000230347/product/9789814806107__8__a5459be8dec9442a9f0cc380866648dd_1024x1024.jpg*****https://theme.hstatic.net/1000230347/1000782290/14/product-placeholder.png?v=26587*****https://theme.hstatic.net/1000230347/1000782290/14/product-placeholder.png?v=26587*****https://theme.hstatic.net/1000230347/1000782290/14/product-placeholder.png?v=26587*****https://theme.hstatic.net/1000230347/1000782290/14/product-placeholder.png?v=26587*****https://theme.hstatic.net/1000230347/1000782290/14/product-placeholder.png?v=26587*****https://theme.hstatic.net/1000230347/1000782290/14/product-placeholder.png?v=26587*****https://theme.hstatic.net/1000230347/1000782290/14/product-placeholder.png?v=26587*****https://theme.hstatic.net/1000230347/1000782290/14/product-placeholder.png?v=26587*****https://theme.hstatic.net/1000230347/1000782290/14/product-placeholder.png?v=26587*****https://theme.hstatic.net/1000230347/1000782290/14/product-placeholder.png?v=26587,"380,000₫",,https://thienlong.vn/products/impact-bre-4-student-book-myelt-access-code
1066,Impact (BrE) 2: Student Book with MyElt Online,9789814806084,Cengage,https://product.hstatic.net/1000230347/product/1a63642eb6d117a8e8e91a43db6ad300_a4948f7b802e478a9efc8edf7e56977b_1024x1024.jpg*****https://product.hstatic.net/1000230347/product/9789814806084__8__6dfdff7860b14d47973759316361177b_1024x1024.jpg*****https://product.hstatic.net/1000230347/product/9789814806084__7__0a98c04b9b07455a8111e570c717352f_1024x1024.jpg*****https://product.hstatic.net/1000230347/product/9789814806084__6__9ddbf585491b4beaa8ed8c5bc550396e_1024x1024.jpg*****https://theme.hstatic.net/1000230347/1000782290/14/product-placeholder.png?v=26587*****https://theme.hstatic.net/1000230347/1000782290/14/product-placeholder.png?v=26587*****https://theme.hstatic.net/1000230347/1000782290/14/product-placeholder.png?v=26587*****https://theme.hstatic.net/1000230347/1000782290/14/product-placeholder.png?v=26587*****https://theme.hstatic.net/1000230347/1000782290/14/product-placeholder.png?v=26587*****https://theme.hstatic.net/1000230347/1000782290/14/product-placeholder.png?v=26587*****https://theme.hstatic.net/1000230347/1000782290/14/product-placeholder.png?v=26587*****https://theme.hstatic.net/1000230347/1000782290/14/product-placeholder.png?v=26587*****https://theme.hstatic.net/1000230347/1000782290/14/product-placeholder.png?v=26587*****https://theme.hstatic.net/1000230347/1000782290/14/product-placeholder.png?v=26587,"398,000₫",,https://thienlong.vn/products/impact-bre-2-student-book-with-myelt-online
1067,LISTENING ADVANTAGE 1-STUDENTTEXT+CD,9781424001750,Cengage,https://product.hstatic.net/1000230347/product/0d801320c32be9c65af8bf13aabb439a_c622b767196c4af28238a8d62e2d0b7f_1024x1024.jpg*****https://product.hstatic.net/1000230347/product/9781424001750__7__63ad28cd84614af7a5a8636994fed3c3_1024x1024.jpg*****https://product.hstatic.net/1000230347/product/9781424001750__6__cd98c4421404472db3fdbb468a0cb72e_1024x1024.jpg*****https://product.hstatic.net/1000230347/product/9781424001750__5__c7db8df942404e0db2b2879ba540b32a_1024x1024.jpg*****https://theme.hstatic.net/1000230347/1000782290/14/product-placeholder.png?v=26587*****https://theme.hstatic.net/1000230347/1000782290/14/product-placeholder.png?v=26587*****https://theme.hstatic.net/1000230347/1000782290/14/product-placeholder.png?v=26587*****https://theme.hstatic.net/1000230347/1000782290/14/product-placeholder.png?v=26587,"335,000₫",,https://thienlong.vn/products/listening-advantage-1-studenttext-cd
1068,Look (AmE) 6: Student Book,9781337710886,Cengage,https://product.hstatic.net/1000230347/product/245c73b134ec53619a1009e49a68b5a0_64a072c9a3bd4d348c718ff4b9fed4f2_1024x1024.jpg*****https://product.hstatic.net/1000230347/product/9781337710886__5__eb009af01613451aba6d4b56cddb9f8b_1024x1024.jpg*****https://product.hstatic.net/1000230347/product/9781337710886__4__8624fb0831dc47a1adfd5a46b4b6463f_1024x1024.jpg*****https://product.hstatic.net/1000230347/product/9781337710886__3__d25430c301de4061b83a4705920bca96_1024x1024.jpg*****https://theme.hstatic.net/1000230347/1000782290/14/product-placeholder.png?v=26587,"335,000₫",,https://thienlong.vn/products/look-ame-6-student-book
1069,PATHWAYS RW 4 SB + OLWB STICKER CODE,9781337625135,Cengage,https://product.hstatic.net/1000230347/product/880de409ec11366cab5d22206824cf70_c2768f0e664f4fd7965c464551ac7ee5_1024x1024.jpg*****https://product.hstatic.net/1000230347/product/9781337625135__11__90ddb45d5836436e90bc934a8b9b4011_1024x1024.jpg*****https://product.hstatic.net/1000230347/product/9781337625135__10__7508f4aca8b748ab956b1ef53eba74a2_1024x1024.jpg*****https://product.hstatic.net/1000230347/product/9781337625135__8__137dfa60bbfb4e71be940cbeab5de361_1024x1024.jpg*****https://theme.hstatic.net/1000230347/1000782290/14/product-placeholder.png?v=26587*****https://theme.hstatic.net/1000230347/1000782290/14/product-placeholder.png?v=26587*****https://theme.hstatic.net/1000230347/1000782290/14/product-placeholder.png?v=26587*****https://theme.hstatic.net/1000230347/1000782290/14/product-placeholder.png?v=26587,"459,000₫",,https://thienlong.vn/products/pathways-rw-4-sb-olwb-sticker-code
1070,"Bundle: Pathways: Reading, Writing, and Critical Thinking 3, 2nd Student Edition + Online Workbook",9781337625128,Cengage,https://product.hstatic.net/1000230347/product/70037664b3ecb626603eabe70868de91_aad884ab562e430a84d02628a719b214_1024x1024.jpg*****https://product.hstatic.net/1000230347/product/9781337625128__7__1702a234302745469e4ee61178e0ae4a_1024x1024.jpg*****https://product.hstatic.net/1000230347/product/9781337625128__6__b0ffcd05ba1546c98645a665a56f7cde_1024x1024.jpg*****https://product.hstatic.net/1000230347/product/9781337625128__5__956722185bc3406f840ca440d2f760a9_1024x1024.jpg*****https://theme.hstatic.net/1000230347/1000782290/14/product-placeholder.png?v=26587*****https://theme.hstatic.net/1000230347/1000782290/14/product-placeholder.png?v=26587*****https://theme.hstatic.net/1000230347/1000782290/14/product-placeholder.png?v=26587*****https://theme.hstatic.net/1000230347/1000782290/14/product-placeholder.png?v=26587*****https://theme.hstatic.net/1000230347/1000782290/14/product-placeholder.png?v=26587*****https://theme.hstatic.net/1000230347/1000782290/14/product-placeholder.png?v=26587*****https://theme.hstatic.net/1000230347/1000782290/14/product-placeholder.png?v=26587*****https://theme.hstatic.net/1000230347/1000782290/14/product-placeholder.png?v=26587*****https://theme.hstatic.net/1000230347/1000782290/14/product-placeholder.png?v=26587*****https://theme.hstatic.net/1000230347/1000782290/14/product-placeholder.png?v=26587*****https://theme.hstatic.net/1000230347/1000782290/14/product-placeholder.png?v=26587*****https://theme.hstatic.net/1000230347/1000782290/14/product-placeholder.png?v=26587*****https://theme.hstatic.net/1000230347/1000782290/14/product-placeholder.png?v=26587*****https://theme.hstatic.net/1000230347/1000782290/14/product-placeholder.png?v=26587,"459,000₫",,https://thienlong.vn/products/bundle-pathways-reading-writing-and-critical-thinking-3-2nd-student-edition-online-workbook
1071,PATHWAYS LS 4 SB + OLWB STICKER CODE,9781337562546,Cengage,https://product.hstatic.net/1000230347/product/0b052c00e74cbf49d03d92c08792284c_c2fdc13c63a14449b59a49b5dea41089_1024x1024.jpg*****https://product.hstatic.net/1000230347/product/6597d14c1b13fceccb556c7d802c1162_8f1f7a712caf426f911ee304ca4def2e_1024x1024.jpg*****https://product.hstatic.net/1000230347/product/9781337562522__5__290eb32ec7fb43cb8e6bc15fe2a3a01a_1024x1024.jpg*****https://product.hstatic.net/1000230347/product/9781337562522__4__5b20acb37fb44b519772fcb7195b28bc_1024x1024.jpg*****https://theme.hstatic.net/1000230347/1000782290/14/product-placeholder.png?v=26587*****https://theme.hstatic.net/1000230347/1000782290/14/product-placeholder.png?v=26587*****https://theme.hstatic.net/1000230347/1000782290/14/product-placeholder.png?v=26587*****https://theme.hstatic.net/1000230347/1000782290/14/product-placeholder.png?v=26587*****https://theme.hstatic.net/1000230347/1000782290/14/product-placeholder.png?v=26587*****https://theme.hstatic.net/1000230347/1000782290/14/product-placeholder.png?v=26587*****https://theme.hstatic.net/1000230347/1000782290/14/product-placeholder.png?v=26587*****https://theme.hstatic.net/1000230347/1000782290/14/product-placeholder.png?v=26587,"459,000₫",,https://thienlong.vn/products/pathways-ls-4-sb-olwb-sticker-code
1072,PATHWAYS LS 3 SB &amp; ONLINE WORKBOOK STICKER CODE 2E,9781337562539,Cengage,https://product.hstatic.net/1000230347/product/ceba747369fddbd6bf37115cde877cb6_7b315f01484b4ba6bcee0143c9355cda_1024x1024.jpg*****https://product.hstatic.net/1000230347/product/9781337562539__9__7c358c02228d42e7877e1c3bb8891fa4_1024x1024.jpg*****https://product.hstatic.net/1000230347/product/9781337562539__8__6c2b0e968e794381a25da1fe6f26bd1e_1024x1024.jpg*****https://product.hstatic.net/1000230347/product/9781337562539__5__34a807a3ceab43a0bffd023a396590cf_1024x1024.jpg*****https://theme.hstatic.net/1000230347/1000782290/14/product-placeholder.png?v=26587*****https://theme.hstatic.net/1000230347/1000782290/14/product-placeholder.png?v=26587*****https://theme.hstatic.net/1000230347/1000782290/14/product-placeholder.png?v=26587*****https://theme.hstatic.net/1000230347/1000782290/14/product-placeholder.png?v=26587*****https://theme.hstatic.net/1000230347/1000782290/14/product-placeholder.png?v=26587*****https://theme.hstatic.net/1000230347/1000782290/14/product-placeholder.png?v=26587*****https://theme.hstatic.net/1000230347/1000782290/14/product-placeholder.png?v=26587*****https://theme.hstatic.net/1000230347/1000782290/14/product-placeholder.png?v=26587,"459,000₫",,https://thienlong.vn/products/pathways-ls-3-sb-online-workbook-sticker-code-2e
1073,PATHWAYS LS 2 SB &amp; ONLINE WORKBOOK STICKER CODE 2E,9781337562522,Cengage,https://product.hstatic.net/1000230347/product/6597d14c1b13fceccb556c7d802c1162_8f1f7a712caf426f911ee304ca4def2e_1024x1024.jpg*****https://product.hstatic.net/1000230347/product/9781337562522__5__290eb32ec7fb43cb8e6bc15fe2a3a01a_1024x1024.jpg*****https://product.hstatic.net/1000230347/product/9781337562522__4__5b20acb37fb44b519772fcb7195b28bc_1024x1024.jpg*****https://product.hstatic.net/1000230347/product/9781337562522__3__4dec2ea6b0c94680a377124a016aa831_1024x1024.jpg*****https://theme.hstatic.net/1000230347/1000782290/14/product-placeholder.png?v=26587*****https://theme.hstatic.net/1000230347/1000782290/14/product-placeholder.png?v=26587*****https://theme.hstatic.net/1000230347/1000782290/14/product-placeholder.png?v=26587*****https://theme.hstatic.net/1000230347/1000782290/14/product-placeholder.png?v=26587*****https://theme.hstatic.net/1000230347/1000782290/14/product-placeholder.png?v=26587*****https://theme.hstatic.net/1000230347/1000782290/14/product-placeholder.png?v=26587*****https://theme.hstatic.net/1000230347/1000782290/14/product-placeholder.png?v=26587*****https://theme.hstatic.net/1000230347/1000782290/14/product-placeholder.png?v=26587,"437,000₫",,https://thienlong.vn/products/pathways-ls-2-sb-online-workbook-sticker-code-2e
1074,"Pathways (2 Ed.) - Listening, Speaking 1: Student book with Online Workbook",9781337562515,Cengage,https://product.hstatic.net/1000230347/product/72aeba6941acb84d0e44e864c3b5df57_4b4c6ac3f44d4592bd7e28990340c3c3_1024x1024.jpg*****https://product.hstatic.net/1000230347/product/9789814962131_-_9781337562515__10__68252ec696b84d589a6622fc3fcc3e54_1024x1024.jpg*****https://product.hstatic.net/1000230347/product/9789814962131_-_9781337562515__9__a7928c3de79c4b219281f90e4a1e03a7_1024x1024.jpg*****https://product.hstatic.net/1000230347/product/9789814962131_-_9781337562515__8__c48050c7263345e3a4feb2bbbb1cb71e_1024x1024.jpg*****https://theme.hstatic.net/1000230347/1000782290/14/product-placeholder.png?v=26587*****https://theme.hstatic.net/1000230347/1000782290/14/product-placeholder.png?v=26587*****https://theme.hstatic.net/1000230347/1000782290/14/product-placeholder.png?v=26587*****https://theme.hstatic.net/1000230347/1000782290/14/product-placeholder.png?v=26587*****https://theme.hstatic.net/1000230347/1000782290/14/product-placeholder.png?v=26587*****https://theme.hstatic.net/1000230347/1000782290/14/product-placeholder.png?v=26587*****https://theme.hstatic.net/1000230347/1000782290/14/product-placeholder.png?v=26587*****https://theme.hstatic.net/1000230347/1000782290/14/product-placeholder.png?v=26587*****https://theme.hstatic.net/1000230347/1000782290/14/product-placeholder.png?v=26587*****https://theme.hstatic.net/1000230347/1000782290/14/product-placeholder.png?v=26587*****https://theme.hstatic.net/1000230347/1000782290/14/product-placeholder.png?v=26587*****https://theme.hstatic.net/1000230347/1000782290/14/product-placeholder.png?v=26587*****https://theme.hstatic.net/1000230347/1000782290/14/product-placeholder.png?v=26587*****https://theme.hstatic.net/1000230347/1000782290/14/product-placeholder.png?v=26587*****https://theme.hstatic.net/1000230347/1000782290/14/product-placeholder.png?v=26587*****https://theme.hstatic.net/1000230347/1000782290/14/product-placeholder.png?v=26587*****https://theme.hstatic.net/1000230347/1000782290/14/product-placeholder.png?v=26587*****https://theme.hstatic.net/1000230347/1000782290/14/product-placeholder.png?v=26587,"410,000₫",,https://thienlong.vn/products/pathways-2-ed-listening-speaking-1-student-book-with-online-workbook
1075,Get Started Foundations in English: Student Book,9781305949294,Cengage,https://product.hstatic.net/1000230347/product/45de7021c951a950f6e3ebd37bfa5911_7d3f158900d14fff9731f693b04c987d_1024x1024.jpg*****https://product.hstatic.net/1000230347/product/9781305949294__8__copy_8924ce098d9c41288b0a56ef92d5f3aa_1024x1024.jpg*****https://product.hstatic.net/1000230347/product/9781305949294__6__copy_7e35994b0019481bb4214ef1dc6c1b4c_1024x1024.jpg*****https://product.hstatic.net/1000230347/product/9781305949294__5__dff8edda0f024eed94f00df8adbec25c_1024x1024.jpg*****https://theme.hstatic.net/1000230347/1000782290/14/product-placeholder.png?v=26587*****https://theme.hstatic.net/1000230347/1000782290/14/product-placeholder.png?v=26587*****https://theme.hstatic.net/1000230347/1000782290/14/product-placeholder.png?v=26587,"312,000₫",,https://thienlong.vn/products/get-started-foundations-in-english-student-book
1076,21st Century Communication 1: Student Book,9781305945920,Cengage,https://product.hstatic.net/1000230347/product/d62b6f3e860e4ca5dd6deb68d9886af8_cc6ca7a104114775b285252348963601_1024x1024.jpg*****https://product.hstatic.net/1000230347/product/9781305945920__6__09fab691d6d6409abc971861b80e639d_1024x1024.jpg*****https://product.hstatic.net/1000230347/product/9781305945920__5__45de00f0dd074f9c88acb9c2a722f2a6_1024x1024.jpg*****https://product.hstatic.net/1000230347/product/9781305945920__9__173f4b7980954163ad3af01a04f48258_1024x1024.jpg*****https://theme.hstatic.net/1000230347/1000782290/14/product-placeholder.png?v=26587*****https://theme.hstatic.net/1000230347/1000782290/14/product-placeholder.png?v=26587*****https://theme.hstatic.net/1000230347/1000782290/14/product-placeholder.png?v=26587*****https://theme.hstatic.net/1000230347/1000782290/14/product-placeholder.png?v=26587,"355,000₫",,https://thienlong.vn/products/21st-century-communication-1-student-book
1077,Reading Explorer 2E Level 1 Student Book with Online Workbook Access Code,9781305254527,Cengage,https://product.hstatic.net/1000230347/product/efcc3404597fc91e1eeeee04a2e22aec_0cae4c2c2f5e48d397ca5dc3bb9509c3_1024x1024.jpg*****https://product.hstatic.net/1000230347/product/9781305254527__12__6893468112db4f17a2f95606747470f7_1024x1024.jpg*****https://product.hstatic.net/1000230347/product/9781305254527__11__c2b4a63a10c04c8ab76a1cd7b251883a_1024x1024.jpg*****https://product.hstatic.net/1000230347/product/9781305254527__10__9fd104284310452b970fa4abff2d1b2e_1024x1024.jpg*****https://theme.hstatic.net/1000230347/1000782290/14/product-placeholder.png?v=26587*****https://theme.hstatic.net/1000230347/1000782290/14/product-placeholder.png?v=26587*****https://theme.hstatic.net/1000230347/1000782290/14/product-placeholder.png?v=26587*****https://theme.hstatic.net/1000230347/1000782290/14/product-placeholder.png?v=26587*****https://theme.hstatic.net/1000230347/1000782290/14/product-placeholder.png?v=26587*****https://theme.hstatic.net/1000230347/1000782290/14/product-placeholder.png?v=26587*****https://theme.hstatic.net/1000230347/1000782290/14/product-placeholder.png?v=26587*****https://theme.hstatic.net/1000230347/1000782290/14/product-placeholder.png?v=26587*****https://theme.hstatic.net/1000230347/1000782290/14/product-placeholder.png?v=26587*****https://theme.hstatic.net/1000230347/1000782290/14/product-placeholder.png?v=26587*****https://theme.hstatic.net/1000230347/1000782290/14/product-placeholder.png?v=26587*****https://theme.hstatic.net/1000230347/1000782290/14/product-placeholder.png?v=26587*****https://theme.hstatic.net/1000230347/1000782290/14/product-placeholder.png?v=26587*****https://theme.hstatic.net/1000230347/1000782290/14/product-placeholder.png?v=26587*****https://theme.hstatic.net/1000230347/1000782290/14/product-placeholder.png?v=26587*****https://theme.hstatic.net/1000230347/1000782290/14/product-placeholder.png?v=26587*****https://theme.hstatic.net/1000230347/1000782290/14/product-placeholder.png?v=26587*****https://theme.hstatic.net/1000230347/1000782290/14/product-placeholder.png?v=26587*****https://theme.hstatic.net/1000230347/1000782290/14/product-placeholder.png?v=26587*****https://theme.hstatic.net/1000230347/1000782290/14/product-placeholder.png?v=26587*****https://theme.hstatic.net/1000230347/1000782290/14/product-placeholder.png?v=26587*****https://theme.hstatic.net/1000230347/1000782290/14/product-placeholder.png?v=26587*****https://theme.hstatic.net/1000230347/1000782290/14/product-placeholder.png?v=26587*****https://theme.hstatic.net/1000230347/1000782290/14/product-placeholder.png?v=26587,"417,000₫",,https://thienlong.vn/products/reading-explorer-2e-level-1-student-book-with-online-workbook-access-code
1078,Reading Explorer 2E Level 3 Student Book with Online Workbook Access Code,9781305254480,Cengage,https://product.hstatic.net/1000230347/product/8dff9124889b6a94603363385a0c40da_416211c6bce841ba966d834f95df2e75_1024x1024.jpg*****https://product.hstatic.net/1000230347/product/9781305254480__7__c5b87c95d0f24c8fa4b139cf3c80c559_1024x1024.jpg*****https://product.hstatic.net/1000230347/product/9781305254480__6__d886b49fb1394e278e223644749a9686_1024x1024.jpg*****https://product.hstatic.net/1000230347/product/9781305254480__5__845ff77ff5814f13ba80f8aee21ced1d_1024x1024.jpg*****https://theme.hstatic.net/1000230347/1000782290/14/product-placeholder.png?v=26587*****https://theme.hstatic.net/1000230347/1000782290/14/product-placeholder.png?v=26587*****https://theme.hstatic.net/1000230347/1000782290/14/product-placeholder.png?v=26587*****https://theme.hstatic.net/1000230347/1000782290/14/product-placeholder.png?v=26587*****https://theme.hstatic.net/1000230347/1000782290/14/product-placeholder.png?v=26587*****https://theme.hstatic.net/1000230347/1000782290/14/product-placeholder.png?v=26587*****https://theme.hstatic.net/1000230347/1000782290/14/product-placeholder.png?v=26587*****https://theme.hstatic.net/1000230347/1000782290/14/product-placeholder.png?v=26587*****https://theme.hstatic.net/1000230347/1000782290/14/product-placeholder.png?v=26587*****https://theme.hstatic.net/1000230347/1000782290/14/product-placeholder.png?v=26587*****https://theme.hstatic.net/1000230347/1000782290/14/product-placeholder.png?v=26587*****https://theme.hstatic.net/1000230347/1000782290/14/product-placeholder.png?v=26587*****https://theme.hstatic.net/1000230347/1000782290/14/product-placeholder.png?v=26587*****https://theme.hstatic.net/1000230347/1000782290/14/product-placeholder.png?v=26587*****https://theme.hstatic.net/1000230347/1000782290/14/product-placeholder.png?v=26587*****https://theme.hstatic.net/1000230347/1000782290/14/product-placeholder.png?v=26587*****https://theme.hstatic.net/1000230347/1000782290/14/product-placeholder.png?v=26587*****https://theme.hstatic.net/1000230347/1000782290/14/product-placeholder.png?v=26587*****https://theme.hstatic.net/1000230347/1000782290/14/product-placeholder.png?v=26587*****https://theme.hstatic.net/1000230347/1000782290/14/product-placeholder.png?v=26587*****https://theme.hstatic.net/1000230347/1000782290/14/product-placeholder.png?v=26587*****https://theme.hstatic.net/1000230347/1000782290/14/product-placeholder.png?v=26587*****https://theme.hstatic.net/1000230347/1000782290/14/product-placeholder.png?v=26587*****https://theme.hstatic.net/1000230347/1000782290/14/product-placeholder.png?v=26587,"417,000₫",,https://thienlong.vn/products/reading-explorer-2e-level-3-student-book-with-online-workbook-access-code
1079,Reading Explorer 2E Level 2 Student Book with Online Workbook Access Code,9781305254473,Cengage,https://product.hstatic.net/1000230347/product/f96581bafb68dff0661fe8e98cbe38ef_b06eefa046e044c78a2f521974d23b33_1024x1024.jpg*****https://product.hstatic.net/1000230347/product/9781305254473__12__e3cda7190e9a426dab31ef1dd4d98656_1024x1024.jpg*****https://product.hstatic.net/1000230347/product/9781305254473__11__7035e44e8dfa47c18286ebe4a6c2e50f_1024x1024.jpg*****https://product.hstatic.net/1000230347/product/9781305254473__10__775a674b7f504e938d332feafcd44cfa_1024x1024.jpg*****https://theme.hstatic.net/1000230347/1000782290/14/product-placeholder.png?v=26587*****https://theme.hstatic.net/1000230347/1000782290/14/product-placeholder.png?v=26587*****https://theme.hstatic.net/1000230347/1000782290/14/product-placeholder.png?v=26587*****https://theme.hstatic.net/1000230347/1000782290/14/product-placeholder.png?v=26587*****https://theme.hstatic.net/1000230347/1000782290/14/product-placeholder.png?v=26587*****https://theme.hstatic.net/1000230347/1000782290/14/product-placeholder.png?v=26587*****https://theme.hstatic.net/1000230347/1000782290/14/product-placeholder.png?v=26587*****https://theme.hstatic.net/1000230347/1000782290/14/product-placeholder.png?v=26587*****https://theme.hstatic.net/1000230347/1000782290/14/product-placeholder.png?v=26587*****https://theme.hstatic.net/1000230347/1000782290/14/product-placeholder.png?v=26587*****https://theme.hstatic.net/1000230347/1000782290/14/product-placeholder.png?v=26587*****https://theme.hstatic.net/1000230347/1000782290/14/product-placeholder.png?v=26587*****https://theme.hstatic.net/1000230347/1000782290/14/product-placeholder.png?v=26587*****https://theme.hstatic.net/1000230347/1000782290/14/product-placeholder.png?v=26587*****https://theme.hstatic.net/1000230347/1000782290/14/product-placeholder.png?v=26587*****https://theme.hstatic.net/1000230347/1000782290/14/product-placeholder.png?v=26587*****https://theme.hstatic.net/1000230347/1000782290/14/product-placeholder.png?v=26587*****https://theme.hstatic.net/1000230347/1000782290/14/product-placeholder.png?v=26587*****https://theme.hstatic.net/1000230347/1000782290/14/product-placeholder.png?v=26587*****https://theme.hstatic.net/1000230347/1000782290/14/product-placeholder.png?v=26587*****https://theme.hstatic.net/1000230347/1000782290/14/product-placeholder.png?v=26587*****https://theme.hstatic.net/1000230347/1000782290/14/product-placeholder.png?v=26587*****https://theme.hstatic.net/1000230347/1000782290/14/product-placeholder.png?v=26587*****https://theme.hstatic.net/1000230347/1000782290/14/product-placeholder.png?v=26587,"417,000₫",,https://thienlong.vn/products/reading-explorer-2e-level-2-student-book-with-online-workbook-access-code
1080,Welcome to Our World 3 Activity Book with Audio CD,9781305112636,Cengage,https://product.hstatic.net/1000230347/product/b2bc301343d8490bfabb2068abc18ee1_e880a4d514404746846e2e8f6a91817f_1024x1024.jpg*****https://product.hstatic.net/1000230347/product/9781305112636__2__848ddf5001f14bf7b6d359b269a9de04_1024x1024.jpg*****https://product.hstatic.net/1000230347/product/9781305112636__3__ef79b49a11ee4ef18d5ac851e7e79d4d_1024x1024.jpg*****https://product.hstatic.net/1000230347/product/9781305112636__5__11000fecd70e45abba76144bf11e6571_1024x1024.jpg*****https://theme.hstatic.net/1000230347/1000782290/14/product-placeholder.png?v=26587*****https://theme.hstatic.net/1000230347/1000782290/14/product-placeholder.png?v=26587*****https://theme.hstatic.net/1000230347/1000782290/14/product-placeholder.png?v=26587*****https://theme.hstatic.net/1000230347/1000782290/14/product-placeholder.png?v=26587*****https://theme.hstatic.net/1000230347/1000782290/14/product-placeholder.png?v=26587*****https://theme.hstatic.net/1000230347/1000782290/14/product-placeholder.png?v=26587*****https://theme.hstatic.net/1000230347/1000782290/14/product-placeholder.png?v=26587*****https://theme.hstatic.net/1000230347/1000782290/14/product-placeholder.png?v=26587*****https://theme.hstatic.net/1000230347/1000782290/14/product-placeholder.png?v=26587*****https://theme.hstatic.net/1000230347/1000782290/14/product-placeholder.png?v=26587*****https://theme.hstatic.net/1000230347/1000782290/14/product-placeholder.png?v=26587*****https://theme.hstatic.net/1000230347/1000782290/14/product-placeholder.png?v=26587,"206,000₫",,https://thienlong.vn/products/welcome-to-our-world-3-activity-book-with-audio-cd
1081,Welcome to Our World Activity Book 2 with Audio CD,9781305105522,Cengage,https://product.hstatic.net/1000230347/product/812d8d9c87ad7d3133c7dea8f3843548_287c8c7096a64a5380dd9d9616dde288_1024x1024.jpg*****https://product.hstatic.net/1000230347/product/9781305105522__2__7f48ec44831a4ef5a7eda52baf79047a_1024x1024.jpg*****https://product.hstatic.net/1000230347/product/9781305105522__3__001481fac2074c0a88e751405b5e480a_1024x1024.jpg*****https://product.hstatic.net/1000230347/product/9781305105522__4__d55d455c5f094e939efbc4f80894cdc6_1024x1024.jpg*****https://theme.hstatic.net/1000230347/1000782290/14/product-placeholder.png?v=26587*****https://theme.hstatic.net/1000230347/1000782290/14/product-placeholder.png?v=26587*****https://theme.hstatic.net/1000230347/1000782290/14/product-placeholder.png?v=26587*****https://theme.hstatic.net/1000230347/1000782290/14/product-placeholder.png?v=26587*****https://theme.hstatic.net/1000230347/1000782290/14/product-placeholder.png?v=26587*****https://theme.hstatic.net/1000230347/1000782290/14/product-placeholder.png?v=26587*****https://theme.hstatic.net/1000230347/1000782290/14/product-placeholder.png?v=26587*****https://theme.hstatic.net/1000230347/1000782290/14/product-placeholder.png?v=26587*****https://theme.hstatic.net/1000230347/1000782290/14/product-placeholder.png?v=26587*****https://theme.hstatic.net/1000230347/1000782290/14/product-placeholder.png?v=26587*****https://theme.hstatic.net/1000230347/1000782290/14/product-placeholder.png?v=26587*****https://theme.hstatic.net/1000230347/1000782290/14/product-placeholder.png?v=26587,"206,000₫",,https://thienlong.vn/products/welcome-to-our-world-activity-book-2-with-audio-cd
1082,Welcome to Our World Activity Book 1 with Audio CD,9781305105515,Cengage,https://product.hstatic.net/1000230347/product/3d59aaea997f8577812585c4fc409c20_2ea6e98f7a6a45d5b7b2fe4331a17cca_1024x1024.jpg*****https://product.hstatic.net/1000230347/product/9781305105515__2__e35b34282aff4d49a1c18d28320abe06_1024x1024.jpg*****https://product.hstatic.net/1000230347/product/9781305105515__3__ad750ff5db6c43b0855d26ca824122cc_1024x1024.jpg*****https://product.hstatic.net/1000230347/product/9781305105515__4__14e6a6cd797a4f59a9373fba517e163e_1024x1024.jpg*****https://theme.hstatic.net/1000230347/1000782290/14/product-placeholder.png?v=26587*****https://theme.hstatic.net/1000230347/1000782290/14/product-placeholder.png?v=26587*****https://theme.hstatic.net/1000230347/1000782290/14/product-placeholder.png?v=26587*****https://theme.hstatic.net/1000230347/1000782290/14/product-placeholder.png?v=26587*****https://theme.hstatic.net/1000230347/1000782290/14/product-placeholder.png?v=26587*****https://theme.hstatic.net/1000230347/1000782290/14/product-placeholder.png?v=26587*****https://theme.hstatic.net/1000230347/1000782290/14/product-placeholder.png?v=26587*****https://theme.hstatic.net/1000230347/1000782290/14/product-placeholder.png?v=26587*****https://theme.hstatic.net/1000230347/1000782290/14/product-placeholder.png?v=26587*****https://theme.hstatic.net/1000230347/1000782290/14/product-placeholder.png?v=26587*****https://theme.hstatic.net/1000230347/1000782290/14/product-placeholder.png?v=26587*****https://theme.hstatic.net/1000230347/1000782290/14/product-placeholder.png?v=26587,"206,000₫",,https://thienlong.vn/products/welcome-to-our-world-activity-book-1-with-audio-cd
1083,Welcome to Our World 3 Student Book with Student DVD,9781305105294,Cengage,https://product.hstatic.net/1000230347/product/e1574bcd4376b2ec92e6cf84f527a13f_daecc1cbc5e44343be30bae9d9a18c61_1024x1024.jpg*****https://product.hstatic.net/1000230347/product/9781305105294__2__72d6eb3fadc5413f81c7474bfd62c2f5_1024x1024.jpg*****https://product.hstatic.net/1000230347/product/9781305105294__3__fcf64541849545e8ae282b6360242ab4_1024x1024.jpg*****https://product.hstatic.net/1000230347/product/9781305105294__4__c4aff1eb64c54e02802733ffd94d6569_1024x1024.jpg*****https://theme.hstatic.net/1000230347/1000782290/14/product-placeholder.png?v=26587*****https://theme.hstatic.net/1000230347/1000782290/14/product-placeholder.png?v=26587*****https://theme.hstatic.net/1000230347/1000782290/14/product-placeholder.png?v=26587*****https://theme.hstatic.net/1000230347/1000782290/14/product-placeholder.png?v=26587*****https://theme.hstatic.net/1000230347/1000782290/14/product-placeholder.png?v=26587*****https://theme.hstatic.net/1000230347/1000782290/14/product-placeholder.png?v=26587*****https://theme.hstatic.net/1000230347/1000782290/14/product-placeholder.png?v=26587*****https://theme.hstatic.net/1000230347/1000782290/14/product-placeholder.png?v=26587*****https://theme.hstatic.net/1000230347/1000782290/14/product-placeholder.png?v=26587*****https://theme.hstatic.net/1000230347/1000782290/14/product-placeholder.png?v=26587*****https://theme.hstatic.net/1000230347/1000782290/14/product-placeholder.png?v=26587*****https://theme.hstatic.net/1000230347/1000782290/14/product-placeholder.png?v=26587*****https://theme.hstatic.net/1000230347/1000782290/14/product-placeholder.png?v=26587,"335,000₫",,https://thienlong.vn/products/welcome-to-our-world-3-student-book-with-student-dvd
1084,Welcome to Our World Student Book 2 with Student DVD,9781305105287,Cengage,https://product.hstatic.net/1000230347/product/d52ae3ac4b59b70d2444c8a4dac7c9cd_5ae94ed989f3454991a753dd1870a36a_1024x1024.jpg*****https://product.hstatic.net/1000230347/product/9781305105287__2__3054d923f95f44a8b47335ea8384c6d8_1024x1024.jpg*****https://product.hstatic.net/1000230347/product/9781305105287__3__61567ffc856a407c84d9bfa302d58dd0_1024x1024.jpg*****https://product.hstatic.net/1000230347/product/9781305105287__4__4f71a43004924bc5a1b63bcd820db26a_1024x1024.jpg*****https://theme.hstatic.net/1000230347/1000782290/14/product-placeholder.png?v=26588*****https://theme.hstatic.net/1000230347/1000782290/14/product-placeholder.png?v=26588*****https://theme.hstatic.net/1000230347/1000782290/14/product-placeholder.png?v=26588*****https://theme.hstatic.net/1000230347/1000782290/14/product-placeholder.png?v=26588*****https://theme.hstatic.net/1000230347/1000782290/14/product-placeholder.png?v=26588*****https://theme.hstatic.net/1000230347/1000782290/14/product-placeholder.png?v=26588*****https://theme.hstatic.net/1000230347/1000782290/14/product-placeholder.png?v=26588*****https://theme.hstatic.net/1000230347/1000782290/14/product-placeholder.png?v=26588*****https://theme.hstatic.net/1000230347/1000782290/14/product-placeholder.png?v=26588*****https://theme.hstatic.net/1000230347/1000782290/14/product-placeholder.png?v=26588*****https://theme.hstatic.net/1000230347/1000782290/14/product-placeholder.png?v=26588*****https://theme.hstatic.net/1000230347/1000782290/14/product-placeholder.png?v=26588*****https://theme.hstatic.net/1000230347/1000782290/14/product-placeholder.png?v=26588,"335,000₫",,https://thienlong.vn/products/welcome-to-our-world-student-book-2-with-student-dvd
1085,Welcome to Our World Student Book 1 with Student DVD,9781305105270,Cengage,https://product.hstatic.net/1000230347/product/117a3faf8969f130a22d067ee039d17f_b2f0c415a7734aa3a6f1714ea10387c5_1024x1024.jpg*****https://product.hstatic.net/1000230347/product/9781305105270__2__cc208ee00c49454182ad8b8ac2031e54_1024x1024.jpg*****https://product.hstatic.net/1000230347/product/9781305105270__3__06a686a2adef404d93d29483b218c057_1024x1024.jpg*****https://product.hstatic.net/1000230347/product/9781305105270__4__a6e6eae26c8f4594851b6a5921ec2a03_1024x1024.jpg*****https://theme.hstatic.net/1000230347/1000782290/14/product-placeholder.png?v=26588*****https://theme.hstatic.net/1000230347/1000782290/14/product-placeholder.png?v=26588*****https://theme.hstatic.net/1000230347/1000782290/14/product-placeholder.png?v=26588*****https://theme.hstatic.net/1000230347/1000782290/14/product-placeholder.png?v=26588*****https://theme.hstatic.net/1000230347/1000782290/14/product-placeholder.png?v=26588*****https://theme.hstatic.net/1000230347/1000782290/14/product-placeholder.png?v=26588*****https://theme.hstatic.net/1000230347/1000782290/14/product-placeholder.png?v=26588*****https://theme.hstatic.net/1000230347/1000782290/14/product-placeholder.png?v=26588*****https://theme.hstatic.net/1000230347/1000782290/14/product-placeholder.png?v=26588*****https://theme.hstatic.net/1000230347/1000782290/14/product-placeholder.png?v=26588*****https://theme.hstatic.net/1000230347/1000782290/14/product-placeholder.png?v=26588*****https://theme.hstatic.net/1000230347/1000782290/14/product-placeholder.png?v=26588*****https://theme.hstatic.net/1000230347/1000782290/14/product-placeholder.png?v=26588,"335,000₫",,https://thienlong.vn/products/welcome-to-our-world-student-book-1-with-student-dvd
1086,Explorer Our World 5 Workbook with Audio CD,9781305089891,Cengage,https://product.hstatic.net/1000230347/product/f7362899a21a40f64c53190441113ec5_eb352c7176904eef96ffb4a5a1ae1105_1024x1024.jpg*****https://product.hstatic.net/1000230347/product/9781305089891__3__b6c6930774314d3bb6f7b12f40e619ac_1024x1024.jpg*****https://product.hstatic.net/1000230347/product/9781305089891__2__c44611a34afc46039631494cda308896_1024x1024.jpg*****https://product.hstatic.net/1000230347/product/44b96acd4bf4348ea8ae8438488ee167_9e3f4092369044cb9e3e91e1e3d4875b_1024x1024.jpg*****https://theme.hstatic.net/1000230347/1000782290/14/product-placeholder.png?v=26588*****https://theme.hstatic.net/1000230347/1000782290/14/product-placeholder.png?v=26588*****https://theme.hstatic.net/1000230347/1000782290/14/product-placeholder.png?v=26588*****https://theme.hstatic.net/1000230347/1000782290/14/product-placeholder.png?v=26588*****https://theme.hstatic.net/1000230347/1000782290/14/product-placeholder.png?v=26588*****https://theme.hstatic.net/1000230347/1000782290/14/product-placeholder.png?v=26588*****https://theme.hstatic.net/1000230347/1000782290/14/product-placeholder.png?v=26588*****https://theme.hstatic.net/1000230347/1000782290/14/product-placeholder.png?v=26588*****https://theme.hstatic.net/1000230347/1000782290/14/product-placeholder.png?v=26588*****https://theme.hstatic.net/1000230347/1000782290/14/product-placeholder.png?v=26588*****https://theme.hstatic.net/1000230347/1000782290/14/product-placeholder.png?v=26588*****https://theme.hstatic.net/1000230347/1000782290/14/product-placeholder.png?v=26588*****https://theme.hstatic.net/1000230347/1000782290/14/product-placeholder.png?v=26588*****https://theme.hstatic.net/1000230347/1000782290/14/product-placeholder.png?v=26588*****https://theme.hstatic.net/1000230347/1000782290/14/product-placeholder.png?v=26588*****https://theme.hstatic.net/1000230347/1000782290/14/product-placeholder.png?v=26588*****https://theme.hstatic.net/1000230347/1000782290/14/product-placeholder.png?v=26588*****https://theme.hstatic.net/1000230347/1000782290/14/product-placeholder.png?v=26588*****https://theme.hstatic.net/1000230347/1000782290/14/product-placeholder.png?v=26588,"206,000₫",,https://thienlong.vn/products/explorer-our-world-5-workbook-with-audio-cd
1087,Explorer Our World 4 Workbook with Audio CD,9781305089877,Cengage,https://product.hstatic.net/1000230347/product/37c7916e863a37912348e9f7a48fec19_770f1ed8706545aa87520329614f352a_1024x1024.jpg*****https://product.hstatic.net/1000230347/product/9781305089877__5__d03b849c5ef34101b5d99ff4cc83ebb9_1024x1024.jpg*****https://product.hstatic.net/1000230347/product/9781305089877__4__3551a7c6a7f54df9a8f798bc565e3e36_1024x1024.jpg*****https://product.hstatic.net/1000230347/product/9781305089877__3__86cbe20475e941aab7a964a817b1f493_1024x1024.jpg*****https://theme.hstatic.net/1000230347/1000782290/14/product-placeholder.png?v=26588*****https://theme.hstatic.net/1000230347/1000782290/14/product-placeholder.png?v=26588*****https://theme.hstatic.net/1000230347/1000782290/14/product-placeholder.png?v=26588*****https://theme.hstatic.net/1000230347/1000782290/14/product-placeholder.png?v=26588*****https://theme.hstatic.net/1000230347/1000782290/14/product-placeholder.png?v=26588*****https://theme.hstatic.net/1000230347/1000782290/14/product-placeholder.png?v=26588*****https://theme.hstatic.net/1000230347/1000782290/14/product-placeholder.png?v=26588*****https://theme.hstatic.net/1000230347/1000782290/14/product-placeholder.png?v=26588*****https://theme.hstatic.net/1000230347/1000782290/14/product-placeholder.png?v=26588*****https://theme.hstatic.net/1000230347/1000782290/14/product-placeholder.png?v=26588*****https://theme.hstatic.net/1000230347/1000782290/14/product-placeholder.png?v=26588*****https://theme.hstatic.net/1000230347/1000782290/14/product-placeholder.png?v=26588*****https://theme.hstatic.net/1000230347/1000782290/14/product-placeholder.png?v=26588*****https://theme.hstatic.net/1000230347/1000782290/14/product-placeholder.png?v=26588*****https://theme.hstatic.net/1000230347/1000782290/14/product-placeholder.png?v=26588*****https://theme.hstatic.net/1000230347/1000782290/14/product-placeholder.png?v=26588*****https://theme.hstatic.net/1000230347/1000782290/14/product-placeholder.png?v=26588*****https://theme.hstatic.net/1000230347/1000782290/14/product-placeholder.png?v=26588*****https://theme.hstatic.net/1000230347/1000782290/14/product-placeholder.png?v=26588,"206,000₫",,https://thienlong.vn/products/explorer-our-world-4-workbook-with-audio-cd
1088,Explorer Our World 3 Workbook with Audio CD,9781305089860,Cengage,https://product.hstatic.net/1000230347/product/44b96acd4bf4348ea8ae8438488ee167_9e3f4092369044cb9e3e91e1e3d4875b_1024x1024.jpg*****https://product.hstatic.net/1000230347/product/9781305089860__6__af4a86fd417c477b8eb416c8b38640b9_1024x1024.jpg*****https://product.hstatic.net/1000230347/product/9781305089860__4__1e465fb128674b5596793dd3ce519905_1024x1024.jpg*****https://product.hstatic.net/1000230347/product/9781305089860__3__0f289c15ac054d9d931f318136c404c8_1024x1024.jpg*****https://theme.hstatic.net/1000230347/1000782290/14/product-placeholder.png?v=26588*****https://theme.hstatic.net/1000230347/1000782290/14/product-placeholder.png?v=26588*****https://theme.hstatic.net/1000230347/1000782290/14/product-placeholder.png?v=26588*****https://theme.hstatic.net/1000230347/1000782290/14/product-placeholder.png?v=26588*****https://theme.hstatic.net/1000230347/1000782290/14/product-placeholder.png?v=26588*****https://theme.hstatic.net/1000230347/1000782290/14/product-placeholder.png?v=26588*****https://theme.hstatic.net/1000230347/1000782290/14/product-placeholder.png?v=26588*****https://theme.hstatic.net/1000230347/1000782290/14/product-placeholder.png?v=26588*****https://theme.hstatic.net/1000230347/1000782290/14/product-placeholder.png?v=26588*****https://theme.hstatic.net/1000230347/1000782290/14/product-placeholder.png?v=26588*****https://theme.hstatic.net/1000230347/1000782290/14/product-placeholder.png?v=26588*****https://theme.hstatic.net/1000230347/1000782290/14/product-placeholder.png?v=26588*****https://theme.hstatic.net/1000230347/1000782290/14/product-placeholder.png?v=26588*****https://theme.hstatic.net/1000230347/1000782290/14/product-placeholder.png?v=26588*****https://theme.hstatic.net/1000230347/1000782290/14/product-placeholder.png?v=26588*****https://theme.hstatic.net/1000230347/1000782290/14/product-placeholder.png?v=26588*****https://theme.hstatic.net/1000230347/1000782290/14/product-placeholder.png?v=26588*****https://theme.hstatic.net/1000230347/1000782290/14/product-placeholder.png?v=26588*****https://theme.hstatic.net/1000230347/1000782290/14/product-placeholder.png?v=26588,"206,000₫",,https://thienlong.vn/products/explorer-our-world-3-workbook-with-audio-cd
1089,Explorer Our World 2 Workbook with Audio CD,9781305089853,Cengage,https://product.hstatic.net/1000230347/product/5a88ea6643b2e2d5f381a020f42c6fbb_df734573c9ae4bdd93c731200576e98b_1024x1024.jpg*****https://product.hstatic.net/1000230347/product/9781305089853__5__6e466b4c24664778959c7f94f910b98a_1024x1024.jpg*****https://product.hstatic.net/1000230347/product/9781305089853__4__18cfdf9068414b118ed451b8c1b8a618_1024x1024.jpg*****https://product.hstatic.net/1000230347/product/9781305089853__3__cd986dbf50754efba8cceb512f0858d0_1024x1024.jpg*****https://theme.hstatic.net/1000230347/1000782290/14/product-placeholder.png?v=26588*****https://theme.hstatic.net/1000230347/1000782290/14/product-placeholder.png?v=26588*****https://theme.hstatic.net/1000230347/1000782290/14/product-placeholder.png?v=26588*****https://theme.hstatic.net/1000230347/1000782290/14/product-placeholder.png?v=26588*****https://theme.hstatic.net/1000230347/1000782290/14/product-placeholder.png?v=26588*****https://theme.hstatic.net/1000230347/1000782290/14/product-placeholder.png?v=26588*****https://theme.hstatic.net/1000230347/1000782290/14/product-placeholder.png?v=26588*****https://theme.hstatic.net/1000230347/1000782290/14/product-placeholder.png?v=26588*****https://theme.hstatic.net/1000230347/1000782290/14/product-placeholder.png?v=26588*****https://theme.hstatic.net/1000230347/1000782290/14/product-placeholder.png?v=26588*****https://theme.hstatic.net/1000230347/1000782290/14/product-placeholder.png?v=26588*****https://theme.hstatic.net/1000230347/1000782290/14/product-placeholder.png?v=26588*****https://theme.hstatic.net/1000230347/1000782290/14/product-placeholder.png?v=26588*****https://theme.hstatic.net/1000230347/1000782290/14/product-placeholder.png?v=26588*****https://theme.hstatic.net/1000230347/1000782290/14/product-placeholder.png?v=26588*****https://theme.hstatic.net/1000230347/1000782290/14/product-placeholder.png?v=26588*****https://theme.hstatic.net/1000230347/1000782290/14/product-placeholder.png?v=26588*****https://theme.hstatic.net/1000230347/1000782290/14/product-placeholder.png?v=26588*****https://theme.hstatic.net/1000230347/1000782290/14/product-placeholder.png?v=26588,"206,000₫",,https://thienlong.vn/products/explorer-our-world-2-workbook-with-audio-cd
1090,Explorer Our World 1 Workbook with Audio CD,9781305084704,Cengage,https://product.hstatic.net/1000230347/product/3c0a7cf5c6593db3b5d95fb2b1fc61ad_b1fede96dbb14e9e80f8e32dcb727329_1024x1024.jpg*****https://product.hstatic.net/1000230347/product/9781305084704__5__8cfd717099654f70ab34e574921aaf38_1024x1024.jpg*****https://product.hstatic.net/1000230347/product/9781305084704__4__ca0e1229d4414b11a6b8b6dc0598b97a_1024x1024.jpg*****https://product.hstatic.net/1000230347/product/9781305084704__3__7f79ed008f6d4b44894e928659d58449_1024x1024.jpg*****https://theme.hstatic.net/1000230347/1000782290/14/product-placeholder.png?v=26588*****https://theme.hstatic.net/1000230347/1000782290/14/product-placeholder.png?v=26588*****https://theme.hstatic.net/1000230347/1000782290/14/product-placeholder.png?v=26588*****https://theme.hstatic.net/1000230347/1000782290/14/product-placeholder.png?v=26588*****https://theme.hstatic.net/1000230347/1000782290/14/product-placeholder.png?v=26588*****https://theme.hstatic.net/1000230347/1000782290/14/product-placeholder.png?v=26588*****https://theme.hstatic.net/1000230347/1000782290/14/product-placeholder.png?v=26588*****https://theme.hstatic.net/1000230347/1000782290/14/product-placeholder.png?v=26588*****https://theme.hstatic.net/1000230347/1000782290/14/product-placeholder.png?v=26588*****https://theme.hstatic.net/1000230347/1000782290/14/product-placeholder.png?v=26588*****https://theme.hstatic.net/1000230347/1000782290/14/product-placeholder.png?v=26588*****https://theme.hstatic.net/1000230347/1000782290/14/product-placeholder.png?v=26588*****https://theme.hstatic.net/1000230347/1000782290/14/product-placeholder.png?v=26588*****https://theme.hstatic.net/1000230347/1000782290/14/product-placeholder.png?v=26588*****https://theme.hstatic.net/1000230347/1000782290/14/product-placeholder.png?v=26588*****https://theme.hstatic.net/1000230347/1000782290/14/product-placeholder.png?v=26588*****https://theme.hstatic.net/1000230347/1000782290/14/product-placeholder.png?v=26588*****https://theme.hstatic.net/1000230347/1000782290/14/product-placeholder.png?v=26588*****https://theme.hstatic.net/1000230347/1000782290/14/product-placeholder.png?v=26588,"206,000₫",,https://thienlong.vn/products/explorer-our-world-1-workbook-with-audio-cd
1091,Explorer Our World 3 Student Book,9781305077669,Cengage,https://product.hstatic.net/1000230347/product/d39ce4d3c232bf1ffcdfca829483b083_3ec6b30716f6472badcc199886d1cdef_1024x1024.jpg*****https://product.hstatic.net/1000230347/product/9781305077669__2__3e9b791f152646158864e1ffcccd36eb_1024x1024.jpg*****https://product.hstatic.net/1000230347/product/9781305077669__3__e52122845f104fd58c03ea3905234c6b_1024x1024.jpg*****https://product.hstatic.net/1000230347/product/9781305077669__4__9857238878cb45ceb22d4aeef2e16685_1024x1024.jpg*****https://theme.hstatic.net/1000230347/1000782290/14/product-placeholder.png?v=26588*****https://theme.hstatic.net/1000230347/1000782290/14/product-placeholder.png?v=26588*****https://theme.hstatic.net/1000230347/1000782290/14/product-placeholder.png?v=26588*****https://theme.hstatic.net/1000230347/1000782290/14/product-placeholder.png?v=26588*****https://theme.hstatic.net/1000230347/1000782290/14/product-placeholder.png?v=26588*****https://theme.hstatic.net/1000230347/1000782290/14/product-placeholder.png?v=26588*****https://theme.hstatic.net/1000230347/1000782290/14/product-placeholder.png?v=26588,"283,000₫",,https://thienlong.vn/products/explorer-our-world-3-student-book
1092,Explorer Our World 1 Student Book,9781305077218,Cengage,https://product.hstatic.net/1000230347/product/45b0485db4dae507f57e107d71f2aca6_bb921c418bb34b3d811f0c0255455e41_1024x1024.jpg*****https://product.hstatic.net/1000230347/product/9781305077218__2__ecb55e2e111c48dd87a727e43dfe6038_1024x1024.jpg*****https://product.hstatic.net/1000230347/product/9781305077218__3__d11736ae92614f019c674e02ba653350_1024x1024.jpg*****https://product.hstatic.net/1000230347/product/9781305077218__4__3a429595b40e4fd79319c94da1bbcab8_1024x1024.jpg*****https://theme.hstatic.net/1000230347/1000782290/14/product-placeholder.png?v=26588*****https://theme.hstatic.net/1000230347/1000782290/14/product-placeholder.png?v=26588*****https://theme.hstatic.net/1000230347/1000782290/14/product-placeholder.png?v=26588*****https://theme.hstatic.net/1000230347/1000782290/14/product-placeholder.png?v=26588*****https://theme.hstatic.net/1000230347/1000782290/14/product-placeholder.png?v=26588*****https://theme.hstatic.net/1000230347/1000782290/14/product-placeholder.png?v=26588*****https://theme.hstatic.net/1000230347/1000782290/14/product-placeholder.png?v=26588,"283,000₫",,https://thienlong.vn/products/explorer-our-world-1-student-book
1093,Great Writing (4 Ed.) 1: Student Book + OWB Access Code,9781285750712,Cengage,https://product.hstatic.net/1000230347/product/b28e740da142a1f30a7f6b03e3d0ab28_3a90bbf4b193492d86f3339d1b193b15_1024x1024.jpg*****https://product.hstatic.net/1000230347/product/9781285750712__11__70b98a082c0f43a1bb763f4208c1e490_1024x1024.jpg*****https://product.hstatic.net/1000230347/product/9781285750712__10__be14416b8dda4bcaa20d91683c3350ea_1024x1024.jpg*****https://product.hstatic.net/1000230347/product/9781285750712__9__8f63a2d34e064cc0b358181fa38fb951_1024x1024.jpg*****https://theme.hstatic.net/1000230347/1000782290/14/product-placeholder.png?v=26588*****https://theme.hstatic.net/1000230347/1000782290/14/product-placeholder.png?v=26588*****https://theme.hstatic.net/1000230347/1000782290/14/product-placeholder.png?v=26588*****https://theme.hstatic.net/1000230347/1000782290/14/product-placeholder.png?v=26588*****https://theme.hstatic.net/1000230347/1000782290/14/product-placeholder.png?v=26588*****https://theme.hstatic.net/1000230347/1000782290/14/product-placeholder.png?v=26588*****https://theme.hstatic.net/1000230347/1000782290/14/product-placeholder.png?v=26588*****https://theme.hstatic.net/1000230347/1000782290/14/product-placeholder.png?v=26588*****https://theme.hstatic.net/1000230347/1000782290/14/product-placeholder.png?v=26588*****https://theme.hstatic.net/1000230347/1000782290/14/product-placeholder.png?v=26588*****https://theme.hstatic.net/1000230347/1000782290/14/product-placeholder.png?v=26588*****https://theme.hstatic.net/1000230347/1000782290/14/product-placeholder.png?v=26588*****https://theme.hstatic.net/1000230347/1000782290/14/product-placeholder.png?v=26588*****https://theme.hstatic.net/1000230347/1000782290/14/product-placeholder.png?v=26588,"352,000₫",,https://thienlong.vn/products/great-writing-4-ed-1-student-book-owb-access-code
1094,Perspective 2B: Compo Split,9780357741849,Cengage,https://product.hstatic.net/1000230347/product/f03c1b81bc29f854c41dfb098e034ada_ca7b5b8091ff4e10900135a1b2bc6942_1024x1024.jpg*****https://product.hstatic.net/1000230347/product/9780357741849__7__69491b93764047e99bbcd7ed6def31c4_1024x1024.jpg*****https://product.hstatic.net/1000230347/product/9780357741849__6__2c4c4572c77c4ab3b0839b5148fff9ba_1024x1024.jpg*****https://product.hstatic.net/1000230347/product/9780357741849__5__c25ea1f10c0c477f8cb641ee525c671a_1024x1024.jpg*****https://theme.hstatic.net/1000230347/1000782290/14/product-placeholder.png?v=26588*****https://theme.hstatic.net/1000230347/1000782290/14/product-placeholder.png?v=26588*****https://theme.hstatic.net/1000230347/1000782290/14/product-placeholder.png?v=26588*****https://theme.hstatic.net/1000230347/1000782290/14/product-placeholder.png?v=26588*****https://theme.hstatic.net/1000230347/1000782290/14/product-placeholder.png?v=26588*****https://theme.hstatic.net/1000230347/1000782290/14/product-placeholder.png?v=26588*****https://theme.hstatic.net/1000230347/1000782290/14/product-placeholder.png?v=26588*****https://theme.hstatic.net/1000230347/1000782290/14/product-placeholder.png?v=26588*****https://theme.hstatic.net/1000230347/1000782290/14/product-placeholder.png?v=26588*****https://theme.hstatic.net/1000230347/1000782290/14/product-placeholder.png?v=26588*****https://theme.hstatic.net/1000230347/1000782290/14/product-placeholder.png?v=26588*****https://theme.hstatic.net/1000230347/1000782290/14/product-placeholder.png?v=26588*****https://theme.hstatic.net/1000230347/1000782290/14/product-placeholder.png?v=26588*****https://theme.hstatic.net/1000230347/1000782290/14/product-placeholder.png?v=26588,"142,000₫",,https://thienlong.vn/products/perspective-2b-compo-split
1095,Perspective 1B: Compo Split,9780357741832,Cengage,https://product.hstatic.net/1000230347/product/dfd6194f66fb7ed5c0e8cd2b6470474a_a0b76ec0fc474f07b1316fc94204aec3_1024x1024.jpg*****https://product.hstatic.net/1000230347/product/9780357741832__6__45ab480111c94d0c97dc7ae78980f8ec_1024x1024.jpg*****https://product.hstatic.net/1000230347/product/9780357741832__5__5e3c243fd19045b58d65c9c62b73d4bb_1024x1024.jpg*****https://product.hstatic.net/1000230347/product/9780357741832__4__f846ec29d7824cad911900f189edccc4_1024x1024.jpg*****https://theme.hstatic.net/1000230347/1000782290/14/product-placeholder.png?v=26588*****https://theme.hstatic.net/1000230347/1000782290/14/product-placeholder.png?v=26588*****https://theme.hstatic.net/1000230347/1000782290/14/product-placeholder.png?v=26588*****https://theme.hstatic.net/1000230347/1000782290/14/product-placeholder.png?v=26588*****https://theme.hstatic.net/1000230347/1000782290/14/product-placeholder.png?v=26588*****https://theme.hstatic.net/1000230347/1000782290/14/product-placeholder.png?v=26588*****https://theme.hstatic.net/1000230347/1000782290/14/product-placeholder.png?v=26588*****https://theme.hstatic.net/1000230347/1000782290/14/product-placeholder.png?v=26588*****https://theme.hstatic.net/1000230347/1000782290/14/product-placeholder.png?v=26588*****https://theme.hstatic.net/1000230347/1000782290/14/product-placeholder.png?v=26588*****https://theme.hstatic.net/1000230347/1000782290/14/product-placeholder.png?v=26588*****https://theme.hstatic.net/1000230347/1000782290/14/product-placeholder.png?v=26588*****https://theme.hstatic.net/1000230347/1000782290/14/product-placeholder.png?v=26588*****https://theme.hstatic.net/1000230347/1000782290/14/product-placeholder.png?v=26588,"142,000₫",,https://thienlong.vn/products/perspective-1b-compo-split
1096,Perspective 1A: Compo Split,9780357741818,Cengage,https://product.hstatic.net/1000230347/product/e186e9cc744ea3aa4a581eb136f025f3_62054cb08d2b4bfd9963d8ed00f306be_1024x1024.jpg*****https://product.hstatic.net/1000230347/product/9780357741818__7__fb0d97583f384ef5b338ab9bc2123c42_1024x1024.jpg*****https://product.hstatic.net/1000230347/product/9780357741818__6__8e1e43069dbd42428afa3f07b0df768c_1024x1024.jpg*****https://product.hstatic.net/1000230347/product/9780357741818__5__4ddb31f06c674c328018fb12d83856e3_1024x1024.jpg*****https://theme.hstatic.net/1000230347/1000782290/14/product-placeholder.png?v=26588*****https://theme.hstatic.net/1000230347/1000782290/14/product-placeholder.png?v=26588*****https://theme.hstatic.net/1000230347/1000782290/14/product-placeholder.png?v=26588*****https://theme.hstatic.net/1000230347/1000782290/14/product-placeholder.png?v=26588*****https://theme.hstatic.net/1000230347/1000782290/14/product-placeholder.png?v=26588*****https://theme.hstatic.net/1000230347/1000782290/14/product-placeholder.png?v=26588*****https://theme.hstatic.net/1000230347/1000782290/14/product-placeholder.png?v=26588*****https://theme.hstatic.net/1000230347/1000782290/14/product-placeholder.png?v=26588*****https://theme.hstatic.net/1000230347/1000782290/14/product-placeholder.png?v=26588*****https://theme.hstatic.net/1000230347/1000782290/14/product-placeholder.png?v=26588*****https://theme.hstatic.net/1000230347/1000782290/14/product-placeholder.png?v=26588*****https://theme.hstatic.net/1000230347/1000782290/14/product-placeholder.png?v=26588*****https://theme.hstatic.net/1000230347/1000782290/14/product-placeholder.png?v=26588*****https://theme.hstatic.net/1000230347/1000782290/14/product-placeholder.png?v=26588,"142,000₫",,https://thienlong.vn/products/perspective-1a-compo-split
1097,EXPLORE OUR WORLD 2E STARTER LESSON PLANNER + AUDIO CD + DVD,9780357438527,Cengage,https://product.hstatic.net/1000230347/product/c08e4e0fd59667f39aaaf28e4cb51ece_b2c5df8be0d043bd8228d095c728620d_1024x1024.jpg*****https://product.hstatic.net/1000230347/product/9780357438527__4__74c8fca2942640fcbf53087a4c641d9f_1024x1024.jpg*****https://product.hstatic.net/1000230347/product/9780357438527__5__9f14b0d4099b476b8b877bc5504e0c38_1024x1024.jpg*****https://product.hstatic.net/1000230347/product/9780357438527__6__35192ead0a2c44a48cc66917d2087cfe_1024x1024.jpg*****https://theme.hstatic.net/1000230347/1000782290/14/product-placeholder.png?v=26588*****https://theme.hstatic.net/1000230347/1000782290/14/product-placeholder.png?v=26588*****https://theme.hstatic.net/1000230347/1000782290/14/product-placeholder.png?v=26588*****https://theme.hstatic.net/1000230347/1000782290/14/product-placeholder.png?v=26588*****https://theme.hstatic.net/1000230347/1000782290/14/product-placeholder.png?v=26588*****https://theme.hstatic.net/1000230347/1000782290/14/product-placeholder.png?v=26588*****https://theme.hstatic.net/1000230347/1000782290/14/product-placeholder.png?v=26588*****https://theme.hstatic.net/1000230347/1000782290/14/product-placeholder.png?v=26588*****https://theme.hstatic.net/1000230347/1000782290/14/product-placeholder.png?v=26588*****https://theme.hstatic.net/1000230347/1000782290/14/product-placeholder.png?v=26588*****https://theme.hstatic.net/1000230347/1000782290/14/product-placeholder.png?v=26588*****https://theme.hstatic.net/1000230347/1000782290/14/product-placeholder.png?v=26588*****https://theme.hstatic.net/1000230347/1000782290/14/product-placeholder.png?v=26588*****https://theme.hstatic.net/1000230347/1000782290/14/product-placeholder.png?v=26588,"986,000₫",,https://thienlong.vn/products/explore-our-world-2e-starter-lesson-planner-audio-cd-dvd
1098,Look And See (AmE) 3: Student Book,9780357380994,Cengage,https://product.hstatic.net/1000230347/product/a23018235bc8ddadcc5f4f8048553987_331e8c39dd604bc79e2c86ee4291063f_1024x1024.jpg*****https://product.hstatic.net/1000230347/product/9780357380994__2__c550b9d25cf34c94bf85b43b0c1d09a4_1024x1024.jpg*****https://product.hstatic.net/1000230347/product/9780357380994__3__cfacdc52917a4a7282be22595a76f00f_1024x1024.jpg*****https://product.hstatic.net/1000230347/product/9780357380994__4__1cfedc62c3d143568df5ffd53420b8ff_1024x1024.jpg*****https://theme.hstatic.net/1000230347/1000782290/14/product-placeholder.png?v=26588*****https://theme.hstatic.net/1000230347/1000782290/14/product-placeholder.png?v=26588*****https://theme.hstatic.net/1000230347/1000782290/14/product-placeholder.png?v=26588*****https://theme.hstatic.net/1000230347/1000782290/14/product-placeholder.png?v=26588*****https://theme.hstatic.net/1000230347/1000782290/14/product-placeholder.png?v=26588*****https://theme.hstatic.net/1000230347/1000782290/14/product-placeholder.png?v=26588*****https://theme.hstatic.net/1000230347/1000782290/14/product-placeholder.png?v=26588,"318,000₫",,https://thienlong.vn/products/look-and-see-ame-3-student-book
1099,Look And See (AmE) 2: Student Book,9780357380987,Cengage,https://product.hstatic.net/1000230347/product/03a13cccc90a38b7f9c79cf21c94c663_97e2dfd9d0aa42dd97dc870b3e8ec87b_1024x1024.jpg*****https://product.hstatic.net/1000230347/product/9780357380987__2__40eed3c23e9a4453af35fb87e5a9cdfc_1024x1024.jpg*****https://product.hstatic.net/1000230347/product/9780357380987__3__6a3681bb99874fa0887e7419d35ebda3_1024x1024.jpg*****https://product.hstatic.net/1000230347/product/9780357380987__4__9cd4b86ffa31465a97fcb437af786de7_1024x1024.jpg*****https://theme.hstatic.net/1000230347/1000782290/14/product-placeholder.png?v=26588*****https://theme.hstatic.net/1000230347/1000782290/14/product-placeholder.png?v=26588*****https://theme.hstatic.net/1000230347/1000782290/14/product-placeholder.png?v=26588*****https://theme.hstatic.net/1000230347/1000782290/14/product-placeholder.png?v=26588*****https://theme.hstatic.net/1000230347/1000782290/14/product-placeholder.png?v=26588*****https://theme.hstatic.net/1000230347/1000782290/14/product-placeholder.png?v=26588*****https://theme.hstatic.net/1000230347/1000782290/14/product-placeholder.png?v=26588,"318,000₫",,https://thienlong.vn/products/look-and-see-ame-2-student-book
1100,Explore Our World 5: Student's Book with Online Practice,9780357373491,Cengage,https://product.hstatic.net/1000230347/product/92853dc961719b7ac8d646b372a79272_1c455b5b9b3c46f2b8731658ef8ea31f_1024x1024.jpg*****https://product.hstatic.net/1000230347/product/9780357373491__2__78a6f02a0f9945b98a04c2b0d35a6c17_1024x1024.jpg*****https://product.hstatic.net/1000230347/product/9780357373491__4__790f86dfb821421aa12c5a3448314948_1024x1024.jpg*****https://product.hstatic.net/1000230347/product/9780357373491__6__29a30d49771f455eb9e962f3421e832b_1024x1024.jpg*****https://theme.hstatic.net/1000230347/1000782290/14/product-placeholder.png?v=26588*****https://theme.hstatic.net/1000230347/1000782290/14/product-placeholder.png?v=26588*****https://theme.hstatic.net/1000230347/1000782290/14/product-placeholder.png?v=26588*****https://theme.hstatic.net/1000230347/1000782290/14/product-placeholder.png?v=26588*****https://theme.hstatic.net/1000230347/1000782290/14/product-placeholder.png?v=26588*****https://theme.hstatic.net/1000230347/1000782290/14/product-placeholder.png?v=26588*****https://theme.hstatic.net/1000230347/1000782290/14/product-placeholder.png?v=26588*****https://theme.hstatic.net/1000230347/1000782290/14/product-placeholder.png?v=26588*****https://theme.hstatic.net/1000230347/1000782290/14/product-placeholder.png?v=26588*****https://theme.hstatic.net/1000230347/1000782290/14/product-placeholder.png?v=26588*****https://theme.hstatic.net/1000230347/1000782290/14/product-placeholder.png?v=26588*****https://theme.hstatic.net/1000230347/1000782290/14/product-placeholder.png?v=26588*****https://theme.hstatic.net/1000230347/1000782290/14/product-placeholder.png?v=26588*****https://theme.hstatic.net/1000230347/1000782290/14/product-placeholder.png?v=26588*****https://theme.hstatic.net/1000230347/1000782290/14/product-placeholder.png?v=26588*****https://theme.hstatic.net/1000230347/1000782290/14/product-placeholder.png?v=26588*****https://theme.hstatic.net/1000230347/1000782290/14/product-placeholder.png?v=26588*****https://theme.hstatic.net/1000230347/1000782290/14/product-placeholder.png?v=26588*****https://theme.hstatic.net/1000230347/1000782290/14/product-placeholder.png?v=26588*****https://theme.hstatic.net/1000230347/1000782290/14/product-placeholder.png?v=26588*****https://theme.hstatic.net/1000230347/1000782290/14/product-placeholder.png?v=26588*****https://theme.hstatic.net/1000230347/1000782290/14/product-placeholder.png?v=26588*****https://theme.hstatic.net/1000230347/1000782290/14/product-placeholder.png?v=26588,"388,000₫",,https://thienlong.vn/products/explore-our-world-5-student-s-book-with-online-practice
1101,EXPLORE OUR WORLD 2E 4 STUDENTS BOOK + OLP STICKER CODE,9780357373484,Cengage,https://product.hstatic.net/1000230347/product/a32941f68eb5a032ff3768aad3189967_e270c6b66b994d799c2d55078f227006_1024x1024.jpg*****https://product.hstatic.net/1000230347/product/9780357373484__3__75596275c908432e82f71c72ff101d34_1024x1024.jpg*****https://product.hstatic.net/1000230347/product/9780357373484__4__dd0b6e42ccb14e169b932d7c19782129_1024x1024.jpg*****https://product.hstatic.net/1000230347/product/9780357373484__5__c7a42099721f449892e7b430e68d77f7_1024x1024.jpg*****https://theme.hstatic.net/1000230347/1000782290/14/product-placeholder.png?v=26588*****https://theme.hstatic.net/1000230347/1000782290/14/product-placeholder.png?v=26588*****https://theme.hstatic.net/1000230347/1000782290/14/product-placeholder.png?v=26588*****https://theme.hstatic.net/1000230347/1000782290/14/product-placeholder.png?v=26588*****https://theme.hstatic.net/1000230347/1000782290/14/product-placeholder.png?v=26588*****https://theme.hstatic.net/1000230347/1000782290/14/product-placeholder.png?v=26588*****https://theme.hstatic.net/1000230347/1000782290/14/product-placeholder.png?v=26588*****https://theme.hstatic.net/1000230347/1000782290/14/product-placeholder.png?v=26588*****https://theme.hstatic.net/1000230347/1000782290/14/product-placeholder.png?v=26588*****https://theme.hstatic.net/1000230347/1000782290/14/product-placeholder.png?v=26588*****https://theme.hstatic.net/1000230347/1000782290/14/product-placeholder.png?v=26588*****https://theme.hstatic.net/1000230347/1000782290/14/product-placeholder.png?v=26588*****https://theme.hstatic.net/1000230347/1000782290/14/product-placeholder.png?v=26588*****https://theme.hstatic.net/1000230347/1000782290/14/product-placeholder.png?v=26588*****https://theme.hstatic.net/1000230347/1000782290/14/product-placeholder.png?v=26588*****https://theme.hstatic.net/1000230347/1000782290/14/product-placeholder.png?v=26588*****https://theme.hstatic.net/1000230347/1000782290/14/product-placeholder.png?v=26588*****https://theme.hstatic.net/1000230347/1000782290/14/product-placeholder.png?v=26588*****https://theme.hstatic.net/1000230347/1000782290/14/product-placeholder.png?v=26588*****https://theme.hstatic.net/1000230347/1000782290/14/product-placeholder.png?v=26588*****https://theme.hstatic.net/1000230347/1000782290/14/product-placeholder.png?v=26588*****https://theme.hstatic.net/1000230347/1000782290/14/product-placeholder.png?v=26588*****https://theme.hstatic.net/1000230347/1000782290/14/product-placeholder.png?v=26588,"388,000₫",,https://thienlong.vn/products/explore-our-world-2e-4-students-book-olp-sticker-code
1102,Explore Our World 3: Student's Book with Online Practice,9780357373477,Cengage,https://product.hstatic.net/1000230347/product/752fbd120a0b8b842180e52218fa5104_de275d708e164b9b9f812731e7b39092_1024x1024.jpg*****https://product.hstatic.net/1000230347/product/9780357373477__2__ff8e5b354575461abdd30484193ded83_1024x1024.jpg*****https://product.hstatic.net/1000230347/product/9780357373477__3__b5a988798bb844bd961efd70a9254873_1024x1024.jpg*****https://product.hstatic.net/1000230347/product/9780357373477__4__04957b7881ca45dabb532c828ec1350c_1024x1024.jpg*****https://theme.hstatic.net/1000230347/1000782290/14/product-placeholder.png?v=26588*****https://theme.hstatic.net/1000230347/1000782290/14/product-placeholder.png?v=26588*****https://theme.hstatic.net/1000230347/1000782290/14/product-placeholder.png?v=26588*****https://theme.hstatic.net/1000230347/1000782290/14/product-placeholder.png?v=26588*****https://theme.hstatic.net/1000230347/1000782290/14/product-placeholder.png?v=26588*****https://theme.hstatic.net/1000230347/1000782290/14/product-placeholder.png?v=26588*****https://theme.hstatic.net/1000230347/1000782290/14/product-placeholder.png?v=26588*****https://theme.hstatic.net/1000230347/1000782290/14/product-placeholder.png?v=26588*****https://theme.hstatic.net/1000230347/1000782290/14/product-placeholder.png?v=26588*****https://theme.hstatic.net/1000230347/1000782290/14/product-placeholder.png?v=26588*****https://theme.hstatic.net/1000230347/1000782290/14/product-placeholder.png?v=26588*****https://theme.hstatic.net/1000230347/1000782290/14/product-placeholder.png?v=26588*****https://theme.hstatic.net/1000230347/1000782290/14/product-placeholder.png?v=26588*****https://theme.hstatic.net/1000230347/1000782290/14/product-placeholder.png?v=26588*****https://theme.hstatic.net/1000230347/1000782290/14/product-placeholder.png?v=26588*****https://theme.hstatic.net/1000230347/1000782290/14/product-placeholder.png?v=26588*****https://theme.hstatic.net/1000230347/1000782290/14/product-placeholder.png?v=26588*****https://theme.hstatic.net/1000230347/1000782290/14/product-placeholder.png?v=26588*****https://theme.hstatic.net/1000230347/1000782290/14/product-placeholder.png?v=26588*****https://theme.hstatic.net/1000230347/1000782290/14/product-placeholder.png?v=26588*****https://theme.hstatic.net/1000230347/1000782290/14/product-placeholder.png?v=26588*****https://theme.hstatic.net/1000230347/1000782290/14/product-placeholder.png?v=26588*****https://theme.hstatic.net/1000230347/1000782290/14/product-placeholder.png?v=26588,"388,000₫",,https://thienlong.vn/products/explore-our-world-3-student-s-book-with-online-practice
1103,Explore Our World 2: Student's Book with Online Practice and Student’s eBook,9780357373460,Cengage,https://product.hstatic.net/1000230347/product/6dfb52cd7157736f7e7cd8fe23682882_1fa078ceb684469d8401c6d70331eaf3_1024x1024.jpg*****https://product.hstatic.net/1000230347/product/9780357373460__2__f5fbde3baffd4fa996fe19359bb9c83e_1024x1024.jpg*****https://product.hstatic.net/1000230347/product/9780357373460__3__e221396359474b97845b6a2ae5591dde_1024x1024.jpg*****https://product.hstatic.net/1000230347/product/9780357373460__4__80e66b097a004a609d7c9406330b57dc_1024x1024.jpg*****https://theme.hstatic.net/1000230347/1000782290/14/product-placeholder.png?v=26588*****https://theme.hstatic.net/1000230347/1000782290/14/product-placeholder.png?v=26588*****https://theme.hstatic.net/1000230347/1000782290/14/product-placeholder.png?v=26588*****https://theme.hstatic.net/1000230347/1000782290/14/product-placeholder.png?v=26588*****https://theme.hstatic.net/1000230347/1000782290/14/product-placeholder.png?v=26588*****https://theme.hstatic.net/1000230347/1000782290/14/product-placeholder.png?v=26588*****https://theme.hstatic.net/1000230347/1000782290/14/product-placeholder.png?v=26588*****https://theme.hstatic.net/1000230347/1000782290/14/product-placeholder.png?v=26588*****https://theme.hstatic.net/1000230347/1000782290/14/product-placeholder.png?v=26588*****https://theme.hstatic.net/1000230347/1000782290/14/product-placeholder.png?v=26588*****https://theme.hstatic.net/1000230347/1000782290/14/product-placeholder.png?v=26588*****https://theme.hstatic.net/1000230347/1000782290/14/product-placeholder.png?v=26588*****https://theme.hstatic.net/1000230347/1000782290/14/product-placeholder.png?v=26588*****https://theme.hstatic.net/1000230347/1000782290/14/product-placeholder.png?v=26588*****https://theme.hstatic.net/1000230347/1000782290/14/product-placeholder.png?v=26588*****https://theme.hstatic.net/1000230347/1000782290/14/product-placeholder.png?v=26588*****https://theme.hstatic.net/1000230347/1000782290/14/product-placeholder.png?v=26588*****https://theme.hstatic.net/1000230347/1000782290/14/product-placeholder.png?v=26588*****https://theme.hstatic.net/1000230347/1000782290/14/product-placeholder.png?v=26588*****https://theme.hstatic.net/1000230347/1000782290/14/product-placeholder.png?v=26588*****https://theme.hstatic.net/1000230347/1000782290/14/product-placeholder.png?v=26588*****https://theme.hstatic.net/1000230347/1000782290/14/product-placeholder.png?v=26588*****https://theme.hstatic.net/1000230347/1000782290/14/product-placeholder.png?v=26588,"388,000₫",,https://thienlong.vn/products/explore-our-world-2-student-s-book-with-online-practice-and-student-s-ebook
1104,Explore Our World 1: Student's Book with Online Practice,9780357373453,Cengage,https://product.hstatic.net/1000230347/product/70276a9eef11b8a28348c33f9af2be7a_def4d5851bfb465a82930be859c71661_1024x1024.jpg*****https://product.hstatic.net/1000230347/product/9780357373453__3__b611bb766b1f43b9a73d73877e74fe6f_1024x1024.jpg*****https://product.hstatic.net/1000230347/product/9780357373453__5__45777067b18c48bb9841e01712b51025_1024x1024.jpg*****https://product.hstatic.net/1000230347/product/9780357373453__6__811a27f852364c039d0bf994895206cf_1024x1024.jpg*****https://theme.hstatic.net/1000230347/1000782290/14/product-placeholder.png?v=26588*****https://theme.hstatic.net/1000230347/1000782290/14/product-placeholder.png?v=26588*****https://theme.hstatic.net/1000230347/1000782290/14/product-placeholder.png?v=26588*****https://theme.hstatic.net/1000230347/1000782290/14/product-placeholder.png?v=26588*****https://theme.hstatic.net/1000230347/1000782290/14/product-placeholder.png?v=26588*****https://theme.hstatic.net/1000230347/1000782290/14/product-placeholder.png?v=26588*****https://theme.hstatic.net/1000230347/1000782290/14/product-placeholder.png?v=26588*****https://theme.hstatic.net/1000230347/1000782290/14/product-placeholder.png?v=26588*****https://theme.hstatic.net/1000230347/1000782290/14/product-placeholder.png?v=26588*****https://theme.hstatic.net/1000230347/1000782290/14/product-placeholder.png?v=26588*****https://theme.hstatic.net/1000230347/1000782290/14/product-placeholder.png?v=26588*****https://theme.hstatic.net/1000230347/1000782290/14/product-placeholder.png?v=26588*****https://theme.hstatic.net/1000230347/1000782290/14/product-placeholder.png?v=26588*****https://theme.hstatic.net/1000230347/1000782290/14/product-placeholder.png?v=26588*****https://theme.hstatic.net/1000230347/1000782290/14/product-placeholder.png?v=26588*****https://theme.hstatic.net/1000230347/1000782290/14/product-placeholder.png?v=26588*****https://theme.hstatic.net/1000230347/1000782290/14/product-placeholder.png?v=26588*****https://theme.hstatic.net/1000230347/1000782290/14/product-placeholder.png?v=26588*****https://theme.hstatic.net/1000230347/1000782290/14/product-placeholder.png?v=26588*****https://theme.hstatic.net/1000230347/1000782290/14/product-placeholder.png?v=26588*****https://theme.hstatic.net/1000230347/1000782290/14/product-placeholder.png?v=26588*****https://theme.hstatic.net/1000230347/1000782290/14/product-placeholder.png?v=26588*****https://theme.hstatic.net/1000230347/1000782290/14/product-placeholder.png?v=26588,"388,000₫",,https://thienlong.vn/products/explore-our-world-1-student-s-book-with-online-practice
1105,Reach Higher Practice Book 1A,9780357366554,Cengage,https://product.hstatic.net/1000230347/product/49e3d92ec79da08302923349470c1dc7_11f10ce472024a49a6d0fa1c018b17ec_1024x1024.jpg*****https://product.hstatic.net/1000230347/product/9780357366554__7__e40b1ab8f6904f8ba15efda5b4439170_1024x1024.jpg*****https://product.hstatic.net/1000230347/product/9780357366554__6__666f4676ffeb45cf973539791ad7f3bd_1024x1024.jpg*****https://product.hstatic.net/1000230347/product/9780357366554__5__431fd0d2c13a40618dd6dd89a5035f6f_1024x1024.jpg*****https://theme.hstatic.net/1000230347/1000782290/14/product-placeholder.png?v=26588*****https://theme.hstatic.net/1000230347/1000782290/14/product-placeholder.png?v=26588*****https://theme.hstatic.net/1000230347/1000782290/14/product-placeholder.png?v=26588,"388,000₫",,https://thienlong.vn/products/reach-higher-practice-book-1a
1106,Look (AmE) 2: Workbook with Code Online,9780357122112,Cengage,https://product.hstatic.net/1000230347/product/a4af3891bf465b5ec1bcd38ddddf6a4d_a4743ef4210f4a6c81498babbd3231eb_1024x1024.jpg*****https://product.hstatic.net/1000230347/product/9780357122112__2__fb9e3434030b4e438058c2262bc76444_1024x1024.jpg*****https://product.hstatic.net/1000230347/product/9780357122112__3__8e67eb57747a44a6bb05c5fb9d4b9105_1024x1024.jpg*****https://product.hstatic.net/1000230347/product/9780357122112__5__cf789498d0fb44fbb13b0afc12408056_1024x1024.jpg*****https://theme.hstatic.net/1000230347/1000782290/14/product-placeholder.png?v=26588*****https://theme.hstatic.net/1000230347/1000782290/14/product-placeholder.png?v=26588*****https://theme.hstatic.net/1000230347/1000782290/14/product-placeholder.png?v=26588*****https://theme.hstatic.net/1000230347/1000782290/14/product-placeholder.png?v=26588*****https://theme.hstatic.net/1000230347/1000782290/14/product-placeholder.png?v=26588*****https://theme.hstatic.net/1000230347/1000782290/14/product-placeholder.png?v=26588*****https://theme.hstatic.net/1000230347/1000782290/14/product-placeholder.png?v=26588*****https://theme.hstatic.net/1000230347/1000782290/14/product-placeholder.png?v=26588*****https://theme.hstatic.net/1000230347/1000782290/14/product-placeholder.png?v=26588*****https://theme.hstatic.net/1000230347/1000782290/14/product-placeholder.png?v=26588*****https://theme.hstatic.net/1000230347/1000782290/14/product-placeholder.png?v=26588*****https://theme.hstatic.net/1000230347/1000782290/14/product-placeholder.png?v=26588*****https://theme.hstatic.net/1000230347/1000782290/14/product-placeholder.png?v=26588*****https://theme.hstatic.net/1000230347/1000782290/14/product-placeholder.png?v=26588*****https://theme.hstatic.net/1000230347/1000782290/14/product-placeholder.png?v=26588*****https://theme.hstatic.net/1000230347/1000782290/14/product-placeholder.png?v=26588*****https://theme.hstatic.net/1000230347/1000782290/14/product-placeholder.png?v=26588,"244,000₫",,https://thienlong.vn/products/look-ame-2-workbook-with-code-online
1107,Look (AmE) 3: Workbook with Code Online,9780357122105,Cengage,https://product.hstatic.net/1000230347/product/d2890dd2dd6303f90a79368897cfd58c_a8381c09a46c48599d904e0eac0c623c_1024x1024.jpg*****https://product.hstatic.net/1000230347/product/9780357122105__5__0301bc9decfd4306b60ff73327fe4c46_1024x1024.jpg*****https://product.hstatic.net/1000230347/product/9780357122105__4__6a141654ad7a40d3bcd5f5066b6858d6_1024x1024.jpg*****https://product.hstatic.net/1000230347/product/9780357122105__3__22452954af5445739d6b2e11a57ade6c_1024x1024.jpg*****https://theme.hstatic.net/1000230347/1000782290/14/product-placeholder.png?v=26588*****https://theme.hstatic.net/1000230347/1000782290/14/product-placeholder.png?v=26588*****https://theme.hstatic.net/1000230347/1000782290/14/product-placeholder.png?v=26588*****https://theme.hstatic.net/1000230347/1000782290/14/product-placeholder.png?v=26588*****https://theme.hstatic.net/1000230347/1000782290/14/product-placeholder.png?v=26588*****https://theme.hstatic.net/1000230347/1000782290/14/product-placeholder.png?v=26588*****https://theme.hstatic.net/1000230347/1000782290/14/product-placeholder.png?v=26588*****https://theme.hstatic.net/1000230347/1000782290/14/product-placeholder.png?v=26588*****https://theme.hstatic.net/1000230347/1000782290/14/product-placeholder.png?v=26588*****https://theme.hstatic.net/1000230347/1000782290/14/product-placeholder.png?v=26588*****https://theme.hstatic.net/1000230347/1000782290/14/product-placeholder.png?v=26588*****https://theme.hstatic.net/1000230347/1000782290/14/product-placeholder.png?v=26588*****https://theme.hstatic.net/1000230347/1000782290/14/product-placeholder.png?v=26588*****https://theme.hstatic.net/1000230347/1000782290/14/product-placeholder.png?v=26588*****https://theme.hstatic.net/1000230347/1000782290/14/product-placeholder.png?v=26588*****https://theme.hstatic.net/1000230347/1000782290/14/product-placeholder.png?v=26588*****https://theme.hstatic.net/1000230347/1000782290/14/product-placeholder.png?v=26588,"244,000₫",,https://thienlong.vn/products/look-ame-3-workbook-with-code-online
1108,Look (AmE) 4: Work Book with Code Online,9780357122099,Cengage,https://product.hstatic.net/1000230347/product/de05974642663958a748a5dfe5f2b4bb_3228b0a3e295467ba51af12f10c9db4e_1024x1024.jpg*****https://product.hstatic.net/1000230347/product/9780357122099__6__c3cc16fab00249faadd2ce8568eea39e_1024x1024.jpg*****https://product.hstatic.net/1000230347/product/9780357122099__5__8d507516058040df9b8b31d263943f2f_1024x1024.jpg*****https://product.hstatic.net/1000230347/product/9780357122099__4__0694eb05da004ec4814d20d0501cdc13_1024x1024.jpg*****https://theme.hstatic.net/1000230347/1000782290/14/product-placeholder.png?v=26588*****https://theme.hstatic.net/1000230347/1000782290/14/product-placeholder.png?v=26588*****https://theme.hstatic.net/1000230347/1000782290/14/product-placeholder.png?v=26588*****https://theme.hstatic.net/1000230347/1000782290/14/product-placeholder.png?v=26588*****https://theme.hstatic.net/1000230347/1000782290/14/product-placeholder.png?v=26588*****https://theme.hstatic.net/1000230347/1000782290/14/product-placeholder.png?v=26588*****https://theme.hstatic.net/1000230347/1000782290/14/product-placeholder.png?v=26588*****https://theme.hstatic.net/1000230347/1000782290/14/product-placeholder.png?v=26588*****https://theme.hstatic.net/1000230347/1000782290/14/product-placeholder.png?v=26588*****https://theme.hstatic.net/1000230347/1000782290/14/product-placeholder.png?v=26588*****https://theme.hstatic.net/1000230347/1000782290/14/product-placeholder.png?v=26588*****https://theme.hstatic.net/1000230347/1000782290/14/product-placeholder.png?v=26588*****https://theme.hstatic.net/1000230347/1000782290/14/product-placeholder.png?v=26588*****https://theme.hstatic.net/1000230347/1000782290/14/product-placeholder.png?v=26588*****https://theme.hstatic.net/1000230347/1000782290/14/product-placeholder.png?v=26588*****https://theme.hstatic.net/1000230347/1000782290/14/product-placeholder.png?v=26588*****https://theme.hstatic.net/1000230347/1000782290/14/product-placeholder.png?v=26588,"244,000₫",,https://thienlong.vn/products/look-ame-4-work-book-with-code-online
1109,Look (AmE) 6: Work Book with Code Online,9780357122075,Cengage,https://product.hstatic.net/1000230347/product/75ff481b187fe2c6d1f102eb7fae469b_9c408ab1029a4b49820354b22f0230a3_1024x1024.jpg*****https://product.hstatic.net/1000230347/product/9780357122075__5__de29db3b0dc443b88690a0a01ed2659b_1024x1024.jpg*****https://product.hstatic.net/1000230347/product/9780357122075__4__80095de6c6b7496e8787610d662d6206_1024x1024.jpg*****https://product.hstatic.net/1000230347/product/9780357122075__3__91c20e7906c84a068c9f52c69937d64e_1024x1024.jpg*****https://theme.hstatic.net/1000230347/1000782290/14/product-placeholder.png?v=26588*****https://theme.hstatic.net/1000230347/1000782290/14/product-placeholder.png?v=26588*****https://theme.hstatic.net/1000230347/1000782290/14/product-placeholder.png?v=26588*****https://theme.hstatic.net/1000230347/1000782290/14/product-placeholder.png?v=26588*****https://theme.hstatic.net/1000230347/1000782290/14/product-placeholder.png?v=26588*****https://theme.hstatic.net/1000230347/1000782290/14/product-placeholder.png?v=26588*****https://theme.hstatic.net/1000230347/1000782290/14/product-placeholder.png?v=26588*****https://theme.hstatic.net/1000230347/1000782290/14/product-placeholder.png?v=26588*****https://theme.hstatic.net/1000230347/1000782290/14/product-placeholder.png?v=26588*****https://theme.hstatic.net/1000230347/1000782290/14/product-placeholder.png?v=26588*****https://theme.hstatic.net/1000230347/1000782290/14/product-placeholder.png?v=26588*****https://theme.hstatic.net/1000230347/1000782290/14/product-placeholder.png?v=26588*****https://theme.hstatic.net/1000230347/1000782290/14/product-placeholder.png?v=26588*****https://theme.hstatic.net/1000230347/1000782290/14/product-placeholder.png?v=26588*****https://theme.hstatic.net/1000230347/1000782290/14/product-placeholder.png?v=26588*****https://theme.hstatic.net/1000230347/1000782290/14/product-placeholder.png?v=26588*****https://theme.hstatic.net/1000230347/1000782290/14/product-placeholder.png?v=26588,"244,000₫",,https://thienlong.vn/products/look-ame-6-work-book-with-code-online
1110,EXPLORE OUR WORLD 2E 5 LESSON PLANNER + AUDIO CD + VIDEO DVD,9780357049846,Cengage,https://product.hstatic.net/1000230347/product/8b96e692ea646d3a8bc75445394a7b49_8a0fc121faf4432caa9f069f55d836e2_1024x1024.jpg*****https://product.hstatic.net/1000230347/product/9780357049846__5__80544c47d011495482e70bb78a786428_1024x1024.jpg*****https://product.hstatic.net/1000230347/product/9780357049846__4__50fb29d5c5ca4008bbdad527fbf8e2b5_1024x1024.jpg*****https://product.hstatic.net/1000230347/product/9780357049846__3__d2a82e6cd0c648a58d257b784de7585a_1024x1024.jpg*****https://theme.hstatic.net/1000230347/1000782290/14/product-placeholder.png?v=26588*****https://theme.hstatic.net/1000230347/1000782290/14/product-placeholder.png?v=26588*****https://theme.hstatic.net/1000230347/1000782290/14/product-placeholder.png?v=26588*****https://theme.hstatic.net/1000230347/1000782290/14/product-placeholder.png?v=26588*****https://theme.hstatic.net/1000230347/1000782290/14/product-placeholder.png?v=26588*****https://theme.hstatic.net/1000230347/1000782290/14/product-placeholder.png?v=26588*****https://theme.hstatic.net/1000230347/1000782290/14/product-placeholder.png?v=26588*****https://theme.hstatic.net/1000230347/1000782290/14/product-placeholder.png?v=26588*****https://theme.hstatic.net/1000230347/1000782290/14/product-placeholder.png?v=26588*****https://theme.hstatic.net/1000230347/1000782290/14/product-placeholder.png?v=26588*****https://theme.hstatic.net/1000230347/1000782290/14/product-placeholder.png?v=26588*****https://theme.hstatic.net/1000230347/1000782290/14/product-placeholder.png?v=26588*****https://theme.hstatic.net/1000230347/1000782290/14/product-placeholder.png?v=26588*****https://theme.hstatic.net/1000230347/1000782290/14/product-placeholder.png?v=26588,"986,000₫",,https://thienlong.vn/products/explore-our-world-2e-5-lesson-planner-audio-cd-video-dvd
1111,EXPLORE OUR WORLD 2E 1 LESSON PLANNER + AUDIO CD + VIDEO DVD,9780357049808,Cengage,https://product.hstatic.net/1000230347/product/b12678b28fe3bfb48a3fd05ac8938ab3_f52c524ed6384d2b8a9587e2669a9a91_1024x1024.jpg*****https://product.hstatic.net/1000230347/product/9780357049808__5__d56e34a536b44999939685301b6c92f2_1024x1024.jpg*****https://product.hstatic.net/1000230347/product/9780357049808__4__ce42edbb498b40ae95db5f1df2598218_1024x1024.jpg*****https://product.hstatic.net/1000230347/product/9780357049808__3__a689ac1d4d7b4a6a8bb55f209cd15b75_1024x1024.jpg*****https://theme.hstatic.net/1000230347/1000782290/14/product-placeholder.png?v=26588*****https://theme.hstatic.net/1000230347/1000782290/14/product-placeholder.png?v=26588*****https://theme.hstatic.net/1000230347/1000782290/14/product-placeholder.png?v=26588*****https://theme.hstatic.net/1000230347/1000782290/14/product-placeholder.png?v=26588*****https://theme.hstatic.net/1000230347/1000782290/14/product-placeholder.png?v=26588*****https://theme.hstatic.net/1000230347/1000782290/14/product-placeholder.png?v=26588*****https://theme.hstatic.net/1000230347/1000782290/14/product-placeholder.png?v=26588*****https://theme.hstatic.net/1000230347/1000782290/14/product-placeholder.png?v=26588*****https://theme.hstatic.net/1000230347/1000782290/14/product-placeholder.png?v=26588*****https://theme.hstatic.net/1000230347/1000782290/14/product-placeholder.png?v=26588*****https://theme.hstatic.net/1000230347/1000782290/14/product-placeholder.png?v=26588*****https://theme.hstatic.net/1000230347/1000782290/14/product-placeholder.png?v=26588*****https://theme.hstatic.net/1000230347/1000782290/14/product-placeholder.png?v=26588*****https://theme.hstatic.net/1000230347/1000782290/14/product-placeholder.png?v=26588,"986,000₫",,https://thienlong.vn/products/explore-our-world-2e-1-lesson-planner-audio-cd-video-dvd
1112,Explore Our World 1: Workbook,9780357049525,Cengage,https://product.hstatic.net/1000230347/product/75a72bc996701555f023c6d3c6a8f59c_f34ae5b5558b4ec48ad17ec6936ad80f_1024x1024.jpg*****https://product.hstatic.net/1000230347/product/9780357049525__4__b9c55ad46df842988d8fbe86f554d879_1024x1024.jpg*****https://product.hstatic.net/1000230347/product/9780357049525__3__0b40864deac64fa28a317fff85fc9c67_1024x1024.jpg*****https://product.hstatic.net/1000230347/product/9780357049525__2__f165604404b54749be56352dd0ac2abb_1024x1024.jpg*****https://theme.hstatic.net/1000230347/1000782290/14/product-placeholder.png?v=26588*****https://theme.hstatic.net/1000230347/1000782290/14/product-placeholder.png?v=26588*****https://theme.hstatic.net/1000230347/1000782290/14/product-placeholder.png?v=26588*****https://theme.hstatic.net/1000230347/1000782290/14/product-placeholder.png?v=26588*****https://theme.hstatic.net/1000230347/1000782290/14/product-placeholder.png?v=26588*****https://theme.hstatic.net/1000230347/1000782290/14/product-placeholder.png?v=26588*****https://theme.hstatic.net/1000230347/1000782290/14/product-placeholder.png?v=26588*****https://theme.hstatic.net/1000230347/1000782290/14/product-placeholder.png?v=26588*****https://theme.hstatic.net/1000230347/1000782290/14/product-placeholder.png?v=26588*****https://theme.hstatic.net/1000230347/1000782290/14/product-placeholder.png?v=26588*****https://theme.hstatic.net/1000230347/1000782290/14/product-placeholder.png?v=26588*****https://theme.hstatic.net/1000230347/1000782290/14/product-placeholder.png?v=26588*****https://theme.hstatic.net/1000230347/1000782290/14/product-placeholder.png?v=26588*****https://theme.hstatic.net/1000230347/1000782290/14/product-placeholder.png?v=26588*****https://theme.hstatic.net/1000230347/1000782290/14/product-placeholder.png?v=26588,"207,000₫",,https://thienlong.vn/products/explore-our-world-1-workbook
1113,Explore Our World 5: Workbook,9780357049518,Cengage,https://product.hstatic.net/1000230347/product/b077706198439067c4276b0f929b2517_e88d98b4c92d492a82f7b50acda0d15f_1024x1024.jpg*****https://product.hstatic.net/1000230347/product/9780357049518__3__0f454466f0174608b7853af00d9dcd5b_1024x1024.jpg*****https://product.hstatic.net/1000230347/product/9780357049518__2__dd1d95343b924e6fa8504de92a2b9204_1024x1024.jpg*****https://product.hstatic.net/1000230347/product/5e501c3de4eada62e097c6521cc14dd7_915051df00c04f2bb9e63ca07c146554_1024x1024.jpg*****https://theme.hstatic.net/1000230347/1000782290/14/product-placeholder.png?v=26588*****https://theme.hstatic.net/1000230347/1000782290/14/product-placeholder.png?v=26588*****https://theme.hstatic.net/1000230347/1000782290/14/product-placeholder.png?v=26588*****https://theme.hstatic.net/1000230347/1000782290/14/product-placeholder.png?v=26588*****https://theme.hstatic.net/1000230347/1000782290/14/product-placeholder.png?v=26588*****https://theme.hstatic.net/1000230347/1000782290/14/product-placeholder.png?v=26588*****https://theme.hstatic.net/1000230347/1000782290/14/product-placeholder.png?v=26588*****https://theme.hstatic.net/1000230347/1000782290/14/product-placeholder.png?v=26588*****https://theme.hstatic.net/1000230347/1000782290/14/product-placeholder.png?v=26588*****https://theme.hstatic.net/1000230347/1000782290/14/product-placeholder.png?v=26588*****https://theme.hstatic.net/1000230347/1000782290/14/product-placeholder.png?v=26588*****https://theme.hstatic.net/1000230347/1000782290/14/product-placeholder.png?v=26588*****https://theme.hstatic.net/1000230347/1000782290/14/product-placeholder.png?v=26588*****https://theme.hstatic.net/1000230347/1000782290/14/product-placeholder.png?v=26588*****https://theme.hstatic.net/1000230347/1000782290/14/product-placeholder.png?v=26588,"207,000₫",,https://thienlong.vn/products/explore-our-world-5-workbook
1114,Explore Our World 4: Workbook,9780357049495,Cengage,https://product.hstatic.net/1000230347/product/5e501c3de4eada62e097c6521cc14dd7_915051df00c04f2bb9e63ca07c146554_1024x1024.jpg*****https://product.hstatic.net/1000230347/product/9780357049495__4__531d2b2cfd6e42efb07edceee1f17b22_1024x1024.jpg*****https://product.hstatic.net/1000230347/product/9780357049495__3__1eabd5c3a2be43c686f403e39b280b36_1024x1024.jpg*****https://product.hstatic.net/1000230347/product/9780357049495__2__0c8c5e1266f145ba827a35b14e7d0dbf_1024x1024.jpg*****https://theme.hstatic.net/1000230347/1000782290/14/product-placeholder.png?v=26588*****https://theme.hstatic.net/1000230347/1000782290/14/product-placeholder.png?v=26588*****https://theme.hstatic.net/1000230347/1000782290/14/product-placeholder.png?v=26588*****https://theme.hstatic.net/1000230347/1000782290/14/product-placeholder.png?v=26588*****https://theme.hstatic.net/1000230347/1000782290/14/product-placeholder.png?v=26588*****https://theme.hstatic.net/1000230347/1000782290/14/product-placeholder.png?v=26588*****https://theme.hstatic.net/1000230347/1000782290/14/product-placeholder.png?v=26588*****https://theme.hstatic.net/1000230347/1000782290/14/product-placeholder.png?v=26588*****https://theme.hstatic.net/1000230347/1000782290/14/product-placeholder.png?v=26588*****https://theme.hstatic.net/1000230347/1000782290/14/product-placeholder.png?v=26588*****https://theme.hstatic.net/1000230347/1000782290/14/product-placeholder.png?v=26588*****https://theme.hstatic.net/1000230347/1000782290/14/product-placeholder.png?v=26588*****https://theme.hstatic.net/1000230347/1000782290/14/product-placeholder.png?v=26588*****https://theme.hstatic.net/1000230347/1000782290/14/product-placeholder.png?v=26588*****https://theme.hstatic.net/1000230347/1000782290/14/product-placeholder.png?v=26588,"207,000₫",,https://thienlong.vn/products/explore-our-world-4-workbook
1115,Explore Our World 3: Workbook,9780357049488,Cengage,https://product.hstatic.net/1000230347/product/f8dc64269897bc8c4d7b1d035b89ba07_8ed6eb47e6c248e5aa8bdf3b9a10ac85_1024x1024.jpg*****https://product.hstatic.net/1000230347/product/9780357049488__4__330e3d61fe8f43f2bcbe66926375d560_1024x1024.jpg*****https://product.hstatic.net/1000230347/product/9780357049488__3__57c681edea6d474fb44112af6e9051d2_1024x1024.jpg*****https://product.hstatic.net/1000230347/product/9780357049488__2__941d3e9057dc498eafed881328c60881_1024x1024.jpg*****https://theme.hstatic.net/1000230347/1000782290/14/product-placeholder.png?v=26588*****https://theme.hstatic.net/1000230347/1000782290/14/product-placeholder.png?v=26588*****https://theme.hstatic.net/1000230347/1000782290/14/product-placeholder.png?v=26588*****https://theme.hstatic.net/1000230347/1000782290/14/product-placeholder.png?v=26588*****https://theme.hstatic.net/1000230347/1000782290/14/product-placeholder.png?v=26588*****https://theme.hstatic.net/1000230347/1000782290/14/product-placeholder.png?v=26588*****https://theme.hstatic.net/1000230347/1000782290/14/product-placeholder.png?v=26588*****https://theme.hstatic.net/1000230347/1000782290/14/product-placeholder.png?v=26588*****https://theme.hstatic.net/1000230347/1000782290/14/product-placeholder.png?v=26588*****https://theme.hstatic.net/1000230347/1000782290/14/product-placeholder.png?v=26588*****https://theme.hstatic.net/1000230347/1000782290/14/product-placeholder.png?v=26588*****https://theme.hstatic.net/1000230347/1000782290/14/product-placeholder.png?v=26588*****https://theme.hstatic.net/1000230347/1000782290/14/product-placeholder.png?v=26588*****https://theme.hstatic.net/1000230347/1000782290/14/product-placeholder.png?v=26588*****https://theme.hstatic.net/1000230347/1000782290/14/product-placeholder.png?v=26588,"207,000₫",,https://thienlong.vn/products/explore-our-world-3-workbook
1116,Explore Our World 2: Workbook,9780357049471,Cengage,https://product.hstatic.net/1000230347/product/bdfdacc12493c08942e152827c80c71e_9e12650cf0fb4423a0bd13986152749b_1024x1024.jpg*****https://product.hstatic.net/1000230347/product/9780357049471__4__122f9d1ea8a44a27af727bfc8f2a22d4_1024x1024.jpg*****https://product.hstatic.net/1000230347/product/9780357049471__3__f2eb269a57e74605b36a4e5702bc3d0d_1024x1024.jpg*****https://product.hstatic.net/1000230347/product/9780357049471__2__9d678f6e012e4d47b43ede81a23e3bde_1024x1024.jpg*****https://theme.hstatic.net/1000230347/1000782290/14/product-placeholder.png?v=26588*****https://theme.hstatic.net/1000230347/1000782290/14/product-placeholder.png?v=26588*****https://theme.hstatic.net/1000230347/1000782290/14/product-placeholder.png?v=26588*****https://theme.hstatic.net/1000230347/1000782290/14/product-placeholder.png?v=26588*****https://theme.hstatic.net/1000230347/1000782290/14/product-placeholder.png?v=26588*****https://theme.hstatic.net/1000230347/1000782290/14/product-placeholder.png?v=26588*****https://theme.hstatic.net/1000230347/1000782290/14/product-placeholder.png?v=26588*****https://theme.hstatic.net/1000230347/1000782290/14/product-placeholder.png?v=26588*****https://theme.hstatic.net/1000230347/1000782290/14/product-placeholder.png?v=26588*****https://theme.hstatic.net/1000230347/1000782290/14/product-placeholder.png?v=26588*****https://theme.hstatic.net/1000230347/1000782290/14/product-placeholder.png?v=26588*****https://theme.hstatic.net/1000230347/1000782290/14/product-placeholder.png?v=26588*****https://theme.hstatic.net/1000230347/1000782290/14/product-placeholder.png?v=26588*****https://theme.hstatic.net/1000230347/1000782290/14/product-placeholder.png?v=26588*****https://theme.hstatic.net/1000230347/1000782290/14/product-placeholder.png?v=26588,"207,000₫",,https://thienlong.vn/products/explore-our-world-2-workbook
1117,EXPLORE OUR WORLD 2E 6 GRAMMARWORKBOOK,9780357037386,Cengage,https://product.hstatic.net/1000230347/product/3af147b8de9aa3f31b65ecba28d69fe9_bbd7f91a004d4237ab340e045df8c8b2_1024x1024.jpg*****https://product.hstatic.net/1000230347/product/43dca35cbaf57e0a3205086a964843d4_5ae22024cb0b46ea98a533a3ad2106b1_1024x1024.jpg*****https://product.hstatic.net/1000230347/product/9780357037355__4__24b0f80ffeab4f499fb899b2ee27a0a6_1024x1024.jpg*****https://product.hstatic.net/1000230347/product/9780357037355__3__f5661c6a50df436890ad9b5bfad2b31c_1024x1024.jpg*****https://theme.hstatic.net/1000230347/1000782290/14/product-placeholder.png?v=26588*****https://theme.hstatic.net/1000230347/1000782290/14/product-placeholder.png?v=26588*****https://theme.hstatic.net/1000230347/1000782290/14/product-placeholder.png?v=26588*****https://theme.hstatic.net/1000230347/1000782290/14/product-placeholder.png?v=26588*****https://theme.hstatic.net/1000230347/1000782290/14/product-placeholder.png?v=26588*****https://theme.hstatic.net/1000230347/1000782290/14/product-placeholder.png?v=26588*****https://theme.hstatic.net/1000230347/1000782290/14/product-placeholder.png?v=26588*****https://theme.hstatic.net/1000230347/1000782290/14/product-placeholder.png?v=26588*****https://theme.hstatic.net/1000230347/1000782290/14/product-placeholder.png?v=26588*****https://theme.hstatic.net/1000230347/1000782290/14/product-placeholder.png?v=26588*****https://theme.hstatic.net/1000230347/1000782290/14/product-placeholder.png?v=26588*****https://theme.hstatic.net/1000230347/1000782290/14/product-placeholder.png?v=26588*****https://theme.hstatic.net/1000230347/1000782290/14/product-placeholder.png?v=26588*****https://theme.hstatic.net/1000230347/1000782290/14/product-placeholder.png?v=26588*****https://theme.hstatic.net/1000230347/1000782290/14/product-placeholder.png?v=26588,"181,000₫",,https://thienlong.vn/products/explore-our-world-2e-6-grammarworkbook
1118,EXPLORE OUR WORLD 2E 4 GRAMMARWORKBOOK,9780357037379,Cengage,https://product.hstatic.net/1000230347/product/a44d0d0b1f8f635910f6559539b73a6f_6fc906390f524de9b6027879c06c6ad2_1024x1024.jpg*****https://product.hstatic.net/1000230347/product/9780357037379__4__f610df3337e44d32abcb667ba4705b80_1024x1024.jpg*****https://product.hstatic.net/1000230347/product/9780357037379__3__05775d8bcded47f5b804ca364d105b44_1024x1024.jpg*****https://product.hstatic.net/1000230347/product/9780357037379__2__a14ad7eaab2949a58a2f06771d2d7dc1_1024x1024.jpg*****https://theme.hstatic.net/1000230347/1000782290/14/product-placeholder.png?v=26588*****https://theme.hstatic.net/1000230347/1000782290/14/product-placeholder.png?v=26588*****https://theme.hstatic.net/1000230347/1000782290/14/product-placeholder.png?v=26588*****https://theme.hstatic.net/1000230347/1000782290/14/product-placeholder.png?v=26588*****https://theme.hstatic.net/1000230347/1000782290/14/product-placeholder.png?v=26588*****https://theme.hstatic.net/1000230347/1000782290/14/product-placeholder.png?v=26588*****https://theme.hstatic.net/1000230347/1000782290/14/product-placeholder.png?v=26588*****https://theme.hstatic.net/1000230347/1000782290/14/product-placeholder.png?v=26588*****https://theme.hstatic.net/1000230347/1000782290/14/product-placeholder.png?v=26588*****https://theme.hstatic.net/1000230347/1000782290/14/product-placeholder.png?v=26588*****https://theme.hstatic.net/1000230347/1000782290/14/product-placeholder.png?v=26588*****https://theme.hstatic.net/1000230347/1000782290/14/product-placeholder.png?v=26588*****https://theme.hstatic.net/1000230347/1000782290/14/product-placeholder.png?v=26588*****https://theme.hstatic.net/1000230347/1000782290/14/product-placeholder.png?v=26588*****https://theme.hstatic.net/1000230347/1000782290/14/product-placeholder.png?v=26588,"181,000₫",,https://thienlong.vn/products/explore-our-world-2e-4-grammarworkbook
1119,EXPLORE OUR WORLD 2E 5 GRAMMARWORKBOOK,9780357037362,Cengage,https://product.hstatic.net/1000230347/product/a229d6ada48103adf1cdf8b7ae3cd160_2df83b196691447ab08732f321ae6a8e_1024x1024.jpg*****https://product.hstatic.net/1000230347/product/a20e6712cb19048dcc0914cfadc708cf_9aea4d8508fd49d4b49085dab57e8081_1024x1024.jpg*****https://product.hstatic.net/1000230347/product/9780357037348__5__8beba4879e2341c8ad5968ba2821c464_1024x1024.jpg*****https://product.hstatic.net/1000230347/product/9780357037348__4__e45041d394324478a7e5145e85589426_1024x1024.jpg*****https://theme.hstatic.net/1000230347/1000782290/14/product-placeholder.png?v=26588*****https://theme.hstatic.net/1000230347/1000782290/14/product-placeholder.png?v=26588*****https://theme.hstatic.net/1000230347/1000782290/14/product-placeholder.png?v=26588*****https://theme.hstatic.net/1000230347/1000782290/14/product-placeholder.png?v=26588*****https://theme.hstatic.net/1000230347/1000782290/14/product-placeholder.png?v=26588*****https://theme.hstatic.net/1000230347/1000782290/14/product-placeholder.png?v=26588*****https://theme.hstatic.net/1000230347/1000782290/14/product-placeholder.png?v=26588*****https://theme.hstatic.net/1000230347/1000782290/14/product-placeholder.png?v=26588*****https://theme.hstatic.net/1000230347/1000782290/14/product-placeholder.png?v=26588*****https://theme.hstatic.net/1000230347/1000782290/14/product-placeholder.png?v=26588*****https://theme.hstatic.net/1000230347/1000782290/14/product-placeholder.png?v=26588*****https://theme.hstatic.net/1000230347/1000782290/14/product-placeholder.png?v=26588*****https://theme.hstatic.net/1000230347/1000782290/14/product-placeholder.png?v=26588*****https://theme.hstatic.net/1000230347/1000782290/14/product-placeholder.png?v=26588*****https://theme.hstatic.net/1000230347/1000782290/14/product-placeholder.png?v=26588,"181,000₫",,https://thienlong.vn/products/explore-our-world-2e-5-grammarworkbook
1120,EXPLORE OUR WORLD 2E 2 GRAMMARWORKBOOK,9780357037355,Cengage,https://product.hstatic.net/1000230347/product/43dca35cbaf57e0a3205086a964843d4_5ae22024cb0b46ea98a533a3ad2106b1_1024x1024.jpg*****https://product.hstatic.net/1000230347/product/9780357037355__4__24b0f80ffeab4f499fb899b2ee27a0a6_1024x1024.jpg*****https://product.hstatic.net/1000230347/product/9780357037355__3__f5661c6a50df436890ad9b5bfad2b31c_1024x1024.jpg*****https://product.hstatic.net/1000230347/product/9780357037355__2__44e6c33172954367875e46fc192c04fe_1024x1024.jpg*****https://theme.hstatic.net/1000230347/1000782290/14/product-placeholder.png?v=26588*****https://theme.hstatic.net/1000230347/1000782290/14/product-placeholder.png?v=26588*****https://theme.hstatic.net/1000230347/1000782290/14/product-placeholder.png?v=26588*****https://theme.hstatic.net/1000230347/1000782290/14/product-placeholder.png?v=26588*****https://theme.hstatic.net/1000230347/1000782290/14/product-placeholder.png?v=26588*****https://theme.hstatic.net/1000230347/1000782290/14/product-placeholder.png?v=26588*****https://theme.hstatic.net/1000230347/1000782290/14/product-placeholder.png?v=26588*****https://theme.hstatic.net/1000230347/1000782290/14/product-placeholder.png?v=26588*****https://theme.hstatic.net/1000230347/1000782290/14/product-placeholder.png?v=26588*****https://theme.hstatic.net/1000230347/1000782290/14/product-placeholder.png?v=26588*****https://theme.hstatic.net/1000230347/1000782290/14/product-placeholder.png?v=26588*****https://theme.hstatic.net/1000230347/1000782290/14/product-placeholder.png?v=26588*****https://theme.hstatic.net/1000230347/1000782290/14/product-placeholder.png?v=26588*****https://theme.hstatic.net/1000230347/1000782290/14/product-placeholder.png?v=26588*****https://theme.hstatic.net/1000230347/1000782290/14/product-placeholder.png?v=26588,"181,000₫",,https://thienlong.vn/products/explore-our-world-2e-2-grammarworkbook
1121,EXPLORE OUR WORLD 2E 3 GRAMMARWORKBOOK,9780357037348,Cengage,https://product.hstatic.net/1000230347/product/a20e6712cb19048dcc0914cfadc708cf_9aea4d8508fd49d4b49085dab57e8081_1024x1024.jpg*****https://product.hstatic.net/1000230347/product/9780357037348__5__8beba4879e2341c8ad5968ba2821c464_1024x1024.jpg*****https://product.hstatic.net/1000230347/product/9780357037348__4__e45041d394324478a7e5145e85589426_1024x1024.jpg*****https://product.hstatic.net/1000230347/product/9780357037348__3__e176ab32f02b41999df31dd15cab2bf5_1024x1024.jpg*****https://theme.hstatic.net/1000230347/1000782290/14/product-placeholder.png?v=26588*****https://theme.hstatic.net/1000230347/1000782290/14/product-placeholder.png?v=26588*****https://theme.hstatic.net/1000230347/1000782290/14/product-placeholder.png?v=26588*****https://theme.hstatic.net/1000230347/1000782290/14/product-placeholder.png?v=26588*****https://theme.hstatic.net/1000230347/1000782290/14/product-placeholder.png?v=26588*****https://theme.hstatic.net/1000230347/1000782290/14/product-placeholder.png?v=26588*****https://theme.hstatic.net/1000230347/1000782290/14/product-placeholder.png?v=26588*****https://theme.hstatic.net/1000230347/1000782290/14/product-placeholder.png?v=26588*****https://theme.hstatic.net/1000230347/1000782290/14/product-placeholder.png?v=26588*****https://theme.hstatic.net/1000230347/1000782290/14/product-placeholder.png?v=26588*****https://theme.hstatic.net/1000230347/1000782290/14/product-placeholder.png?v=26588*****https://theme.hstatic.net/1000230347/1000782290/14/product-placeholder.png?v=26588*****https://theme.hstatic.net/1000230347/1000782290/14/product-placeholder.png?v=26588*****https://theme.hstatic.net/1000230347/1000782290/14/product-placeholder.png?v=26588*****https://theme.hstatic.net/1000230347/1000782290/14/product-placeholder.png?v=26588,"181,000₫",,https://thienlong.vn/products/explore-our-world-2e-3-grammarworkbook
1122,EXPLORE OUR WORLD 2E 1 GRAMMARWORKBOOK,9780357037331,Cengage,https://product.hstatic.net/1000230347/product/b2f89f56307ebabffbe14ba6656ee661_4bc686bb85a648f5a722337c77db189a_1024x1024.jpg*****https://product.hstatic.net/1000230347/product/9780357037331__4__95d1f43a04704c8ba1cbbcd05d1b3baa_1024x1024.jpg*****https://product.hstatic.net/1000230347/product/9780357037331__3__94b1a90a9f1346d3aef0478195fdb253_1024x1024.jpg*****https://product.hstatic.net/1000230347/product/9780357037331__2__f6eb39a2d2b54b3793d4aaa459a190eb_1024x1024.jpg*****https://theme.hstatic.net/1000230347/1000782290/14/product-placeholder.png?v=26588*****https://theme.hstatic.net/1000230347/1000782290/14/product-placeholder.png?v=26588*****https://theme.hstatic.net/1000230347/1000782290/14/product-placeholder.png?v=26588*****https://theme.hstatic.net/1000230347/1000782290/14/product-placeholder.png?v=26588*****https://theme.hstatic.net/1000230347/1000782290/14/product-placeholder.png?v=26588*****https://theme.hstatic.net/1000230347/1000782290/14/product-placeholder.png?v=26588*****https://theme.hstatic.net/1000230347/1000782290/14/product-placeholder.png?v=26588*****https://theme.hstatic.net/1000230347/1000782290/14/product-placeholder.png?v=26588*****https://theme.hstatic.net/1000230347/1000782290/14/product-placeholder.png?v=26588*****https://theme.hstatic.net/1000230347/1000782290/14/product-placeholder.png?v=26588*****https://theme.hstatic.net/1000230347/1000782290/14/product-placeholder.png?v=26588*****https://theme.hstatic.net/1000230347/1000782290/14/product-placeholder.png?v=26588*****https://theme.hstatic.net/1000230347/1000782290/14/product-placeholder.png?v=26588*****https://theme.hstatic.net/1000230347/1000782290/14/product-placeholder.png?v=26588*****https://theme.hstatic.net/1000230347/1000782290/14/product-placeholder.png?v=26588,"181,000₫",,https://thienlong.vn/products/explore-our-world-2e-1-grammarworkbook
1123,Our World 2E Ame 5 Workbook,9780357032404,Cengage,https://product.hstatic.net/1000230347/product/b02fd5c5a07879e424039ceef1809f98_75610f114e5740e0b9dfc7e03bfa1946_1024x1024.jpg*****https://product.hstatic.net/1000230347/product/9780357032404__5__7af28545a16a4850a23ed54736e09411_1024x1024.jpg*****https://product.hstatic.net/1000230347/product/9780357032404__6__a5ad98bafa22455983ffa949f4c97014_1024x1024.jpg*****https://product.hstatic.net/1000230347/product/9780357032404__4__edee0cda9628423a8fc9e72e9947e2bc_1024x1024.jpg*****https://theme.hstatic.net/1000230347/1000782290/14/product-placeholder.png?v=26588,"291,000₫",,https://thienlong.vn/products/our-world-2e-ame-5-workbook
1124,Look (AmE) 6: Reading Anthology,9780357027561,Cengage,https://product.hstatic.net/1000230347/product/2f469f3bf6b628b0d169c698f5ea4aca_bd6d746feaf644e7aead6791a9d24084_1024x1024.jpg*****https://product.hstatic.net/1000230347/product/9780357027561__3__50ffe0f816c246688829b1b9af4e6e6f_1024x1024.jpg*****https://product.hstatic.net/1000230347/product/9780357027561__2__00d158ed7d8b4309a0297d3bcf72e455_1024x1024.jpg*****https://product.hstatic.net/1000230347/product/9780357027561__4__b9af5ec0e641433681f6cf28cc30c80e_1024x1024.jpg*****https://theme.hstatic.net/1000230347/1000782290/14/product-placeholder.png?v=26588*****https://theme.hstatic.net/1000230347/1000782290/14/product-placeholder.png?v=26588*****https://theme.hstatic.net/1000230347/1000782290/14/product-placeholder.png?v=26588*****https://theme.hstatic.net/1000230347/1000782290/14/product-placeholder.png?v=26588*****https://theme.hstatic.net/1000230347/1000782290/14/product-placeholder.png?v=26588*****https://theme.hstatic.net/1000230347/1000782290/14/product-placeholder.png?v=26588*****https://theme.hstatic.net/1000230347/1000782290/14/product-placeholder.png?v=26588*****https://theme.hstatic.net/1000230347/1000782290/14/product-placeholder.png?v=26588*****https://theme.hstatic.net/1000230347/1000782290/14/product-placeholder.png?v=26588*****https://theme.hstatic.net/1000230347/1000782290/14/product-placeholder.png?v=26588*****https://theme.hstatic.net/1000230347/1000782290/14/product-placeholder.png?v=26588*****https://theme.hstatic.net/1000230347/1000782290/14/product-placeholder.png?v=26588*****https://theme.hstatic.net/1000230347/1000782290/14/product-placeholder.png?v=26588*****https://theme.hstatic.net/1000230347/1000782290/14/product-placeholder.png?v=26588*****https://theme.hstatic.net/1000230347/1000782290/14/product-placeholder.png?v=26588*****https://theme.hstatic.net/1000230347/1000782290/14/product-placeholder.png?v=26588*****https://theme.hstatic.net/1000230347/1000782290/14/product-placeholder.png?v=26588,"224,000₫",,https://thienlong.vn/products/look-ame-6-reading-anthology
1125,Look (AmE) 5: Reading Anthology,9780357027554,Cengage,https://product.hstatic.net/1000230347/product/edf7b4ef34a40db316c5d5bc42645819_d07c69c061494e98b4fcde90f0c350fc_1024x1024.jpg*****https://product.hstatic.net/1000230347/product/9780357027554__3__ca22491700fb49ffbc7d9b1d914d8273_1024x1024.jpg*****https://product.hstatic.net/1000230347/product/9780357027554__4__eb8b49f7bacd45e782dd5081ef3a8f24_1024x1024.jpg*****https://product.hstatic.net/1000230347/product/9780357027554__2__287f53b80b9c474b85a080c9513a59e1_1024x1024.jpg*****https://theme.hstatic.net/1000230347/1000782290/14/product-placeholder.png?v=26588*****https://theme.hstatic.net/1000230347/1000782290/14/product-placeholder.png?v=26588*****https://theme.hstatic.net/1000230347/1000782290/14/product-placeholder.png?v=26588*****https://theme.hstatic.net/1000230347/1000782290/14/product-placeholder.png?v=26588*****https://theme.hstatic.net/1000230347/1000782290/14/product-placeholder.png?v=26588*****https://theme.hstatic.net/1000230347/1000782290/14/product-placeholder.png?v=26588*****https://theme.hstatic.net/1000230347/1000782290/14/product-placeholder.png?v=26588*****https://theme.hstatic.net/1000230347/1000782290/14/product-placeholder.png?v=26588*****https://theme.hstatic.net/1000230347/1000782290/14/product-placeholder.png?v=26588*****https://theme.hstatic.net/1000230347/1000782290/14/product-placeholder.png?v=26588*****https://theme.hstatic.net/1000230347/1000782290/14/product-placeholder.png?v=26588*****https://theme.hstatic.net/1000230347/1000782290/14/product-placeholder.png?v=26588*****https://theme.hstatic.net/1000230347/1000782290/14/product-placeholder.png?v=26588*****https://theme.hstatic.net/1000230347/1000782290/14/product-placeholder.png?v=26588*****https://theme.hstatic.net/1000230347/1000782290/14/product-placeholder.png?v=26588*****https://theme.hstatic.net/1000230347/1000782290/14/product-placeholder.png?v=26588*****https://theme.hstatic.net/1000230347/1000782290/14/product-placeholder.png?v=26588,"224,000₫",,https://thienlong.vn/products/look-ame-5-reading-anthology
1126,Look (AmE) 4: Reading Anthology,9780357027547,Cengage,https://product.hstatic.net/1000230347/product/bb827acbb0c0129c4b4ccb86108fd8ea_574ea22ad68f43d08775cfb3ad1a9c9c_1024x1024.jpg*****https://product.hstatic.net/1000230347/product/9780357027547__3__4b251d3390354cd9add65efb1f2d16bc_1024x1024.jpg*****https://product.hstatic.net/1000230347/product/9780357027547__4__683f95088aff48f9afaa7e35f2d26b21_1024x1024.jpg*****https://product.hstatic.net/1000230347/product/9780357027547__5__3d06f5973af144aeb32852b38d9500fa_1024x1024.jpg*****https://theme.hstatic.net/1000230347/1000782290/14/product-placeholder.png?v=26588*****https://theme.hstatic.net/1000230347/1000782290/14/product-placeholder.png?v=26588*****https://theme.hstatic.net/1000230347/1000782290/14/product-placeholder.png?v=26588*****https://theme.hstatic.net/1000230347/1000782290/14/product-placeholder.png?v=26588*****https://theme.hstatic.net/1000230347/1000782290/14/product-placeholder.png?v=26588*****https://theme.hstatic.net/1000230347/1000782290/14/product-placeholder.png?v=26588*****https://theme.hstatic.net/1000230347/1000782290/14/product-placeholder.png?v=26588*****https://theme.hstatic.net/1000230347/1000782290/14/product-placeholder.png?v=26588*****https://theme.hstatic.net/1000230347/1000782290/14/product-placeholder.png?v=26588*****https://theme.hstatic.net/1000230347/1000782290/14/product-placeholder.png?v=26588*****https://theme.hstatic.net/1000230347/1000782290/14/product-placeholder.png?v=26588*****https://theme.hstatic.net/1000230347/1000782290/14/product-placeholder.png?v=26588*****https://theme.hstatic.net/1000230347/1000782290/14/product-placeholder.png?v=26588*****https://theme.hstatic.net/1000230347/1000782290/14/product-placeholder.png?v=26588*****https://theme.hstatic.net/1000230347/1000782290/14/product-placeholder.png?v=26588*****https://theme.hstatic.net/1000230347/1000782290/14/product-placeholder.png?v=26588*****https://theme.hstatic.net/1000230347/1000782290/14/product-placeholder.png?v=26588,"224,000₫",,https://thienlong.vn/products/look-ame-4-reading-anthology
1127,Look (AmE) 3: Reading Anthology,9780357027530,Cengage,https://product.hstatic.net/1000230347/product/198891571a08b4b87a0a43c05e0c337c_c3d2fa77507e4567a8123d970c8caae3_1024x1024.jpg*****https://product.hstatic.net/1000230347/product/9780357027530__4__8a83c87fd9514fae9866b8b60e44adc9_1024x1024.jpg*****https://product.hstatic.net/1000230347/product/9780357027530__5__0e7d58738ae0444aa0f18d219e721a2c_1024x1024.jpg*****https://product.hstatic.net/1000230347/product/9780357027530__2__f65db720b6774c7784c912886d3e9ac2_1024x1024.jpg*****https://theme.hstatic.net/1000230347/1000782290/14/product-placeholder.png?v=26588*****https://theme.hstatic.net/1000230347/1000782290/14/product-placeholder.png?v=26588*****https://theme.hstatic.net/1000230347/1000782290/14/product-placeholder.png?v=26588*****https://theme.hstatic.net/1000230347/1000782290/14/product-placeholder.png?v=26588*****https://theme.hstatic.net/1000230347/1000782290/14/product-placeholder.png?v=26588*****https://theme.hstatic.net/1000230347/1000782290/14/product-placeholder.png?v=26588*****https://theme.hstatic.net/1000230347/1000782290/14/product-placeholder.png?v=26588*****https://theme.hstatic.net/1000230347/1000782290/14/product-placeholder.png?v=26588*****https://theme.hstatic.net/1000230347/1000782290/14/product-placeholder.png?v=26588*****https://theme.hstatic.net/1000230347/1000782290/14/product-placeholder.png?v=26588*****https://theme.hstatic.net/1000230347/1000782290/14/product-placeholder.png?v=26588*****https://theme.hstatic.net/1000230347/1000782290/14/product-placeholder.png?v=26588*****https://theme.hstatic.net/1000230347/1000782290/14/product-placeholder.png?v=26588*****https://theme.hstatic.net/1000230347/1000782290/14/product-placeholder.png?v=26588*****https://theme.hstatic.net/1000230347/1000782290/14/product-placeholder.png?v=26588*****https://theme.hstatic.net/1000230347/1000782290/14/product-placeholder.png?v=26588*****https://theme.hstatic.net/1000230347/1000782290/14/product-placeholder.png?v=26588,"224,000₫",,https://thienlong.vn/products/look-ame-3-reading-anthology
1128,GREAT WRITING SB 2 &amp; ONLINE WORKBOOK STICKER CODE,9780357021064,Cengage,https://product.hstatic.net/1000230347/product/4ee93e45a471d54a4c1f2634fe798b44_4e8af98cb9b247fe9b052d7091c0513d_1024x1024.jpg*****https://product.hstatic.net/1000230347/product/9780357021064__10__copy_6c1d7acf10494fa0b3feb971953335a3_1024x1024.jpg*****https://product.hstatic.net/1000230347/product/9780357021064__8__f853870864f94d4485f598864a7fddde_1024x1024.jpg*****https://product.hstatic.net/1000230347/product/9780357021064__7__118112fa3cc149709633461ba718cb94_1024x1024.jpg*****https://theme.hstatic.net/1000230347/1000782290/14/product-placeholder.png?v=26588*****https://theme.hstatic.net/1000230347/1000782290/14/product-placeholder.png?v=26588*****https://theme.hstatic.net/1000230347/1000782290/14/product-placeholder.png?v=26588*****https://theme.hstatic.net/1000230347/1000782290/14/product-placeholder.png?v=26588*****https://theme.hstatic.net/1000230347/1000782290/14/product-placeholder.png?v=26588*****https://theme.hstatic.net/1000230347/1000782290/14/product-placeholder.png?v=26588*****https://theme.hstatic.net/1000230347/1000782290/14/product-placeholder.png?v=26588*****https://theme.hstatic.net/1000230347/1000782290/14/product-placeholder.png?v=26588*****https://theme.hstatic.net/1000230347/1000782290/14/product-placeholder.png?v=26588*****https://theme.hstatic.net/1000230347/1000782290/14/product-placeholder.png?v=26588*****https://theme.hstatic.net/1000230347/1000782290/14/product-placeholder.png?v=26588*****https://theme.hstatic.net/1000230347/1000782290/14/product-placeholder.png?v=26588*****https://theme.hstatic.net/1000230347/1000782290/14/product-placeholder.png?v=26588*****https://theme.hstatic.net/1000230347/1000782290/14/product-placeholder.png?v=26588,"417,000₫",,https://thienlong.vn/products/great-writing-sb-2-online-workbook-sticker-code
1129,"Pathways (VN Ed.) (2 Ed.) Reading, Writing 1: Student Book with Online Workbook",9789814962148,Cengage,https://product.hstatic.net/1000230347/product/88f07b66fc2e1176e41fd6b8b2913dfa_3e110bafe572474bb0bc3f29646b6d2d_1024x1024.jpg*****https://product.hstatic.net/1000230347/product/9789814962148__15__f4d4328085a347f4806f8d0c87fddd8d_1024x1024.jpg*****https://product.hstatic.net/1000230347/product/9789814962148__14__375430cda81b44f7bc123e2217e79937_1024x1024.jpg*****https://product.hstatic.net/1000230347/product/9789814962148__13__3abb776c46bf4324a1c8fc1cdc649066_1024x1024.jpg*****https://theme.hstatic.net/1000230347/1000782290/14/product-placeholder.png?v=26588*****https://theme.hstatic.net/1000230347/1000782290/14/product-placeholder.png?v=26588*****https://theme.hstatic.net/1000230347/1000782290/14/product-placeholder.png?v=26588*****https://theme.hstatic.net/1000230347/1000782290/14/product-placeholder.png?v=26588*****https://theme.hstatic.net/1000230347/1000782290/14/product-placeholder.png?v=26588*****https://theme.hstatic.net/1000230347/1000782290/14/product-placeholder.png?v=26588*****https://theme.hstatic.net/1000230347/1000782290/14/product-placeholder.png?v=26588*****https://theme.hstatic.net/1000230347/1000782290/14/product-placeholder.png?v=26588*****https://theme.hstatic.net/1000230347/1000782290/14/product-placeholder.png?v=26588*****https://theme.hstatic.net/1000230347/1000782290/14/product-placeholder.png?v=26588*****https://theme.hstatic.net/1000230347/1000782290/14/product-placeholder.png?v=26588*****https://theme.hstatic.net/1000230347/1000782290/14/product-placeholder.png?v=26588*****https://theme.hstatic.net/1000230347/1000782290/14/product-placeholder.png?v=26588,"351,000₫",,https://thienlong.vn/products/pathways-vn-ed-2-ed-reading-writing-1-student-book-with-online-workbook
1130,"Pathways (VN Ed.) (2 Ed.) Listening, Speaking 1: Student Book with Online Workbook",9789814962131,Cengage,https://product.hstatic.net/1000230347/product/ecf9b61d33376c2107450a01b3afb8d7_e1989afb78a64468b338420ca66422ae_1024x1024.jpg*****https://product.hstatic.net/1000230347/product/9789814962131_-_9781337562515__10__ce6323626fb44cd2889e4f3b9aff4168_1024x1024.jpg*****https://product.hstatic.net/1000230347/product/9789814962131_-_9781337562515__8__b18d466e5b3242519d40f0bb06ea393e_1024x1024.jpg*****https://product.hstatic.net/1000230347/product/9789814962131_-_9781337562515__7__9137d7192ece4d098022cf3defcb920f_1024x1024.jpg*****https://theme.hstatic.net/1000230347/1000782290/14/product-placeholder.png?v=26588*****https://theme.hstatic.net/1000230347/1000782290/14/product-placeholder.png?v=26588*****https://theme.hstatic.net/1000230347/1000782290/14/product-placeholder.png?v=26588*****https://theme.hstatic.net/1000230347/1000782290/14/product-placeholder.png?v=26588*****https://theme.hstatic.net/1000230347/1000782290/14/product-placeholder.png?v=26588*****https://theme.hstatic.net/1000230347/1000782290/14/product-placeholder.png?v=26588*****https://theme.hstatic.net/1000230347/1000782290/14/product-placeholder.png?v=26588*****https://theme.hstatic.net/1000230347/1000782290/14/product-placeholder.png?v=26588*****https://theme.hstatic.net/1000230347/1000782290/14/product-placeholder.png?v=26588*****https://theme.hstatic.net/1000230347/1000782290/14/product-placeholder.png?v=26588*****https://theme.hstatic.net/1000230347/1000782290/14/product-placeholder.png?v=26588*****https://theme.hstatic.net/1000230347/1000782290/14/product-placeholder.png?v=26588*****https://theme.hstatic.net/1000230347/1000782290/14/product-placeholder.png?v=26588*****https://theme.hstatic.net/1000230347/1000782290/14/product-placeholder.png?v=26588*****https://theme.hstatic.net/1000230347/1000782290/14/product-placeholder.png?v=26588*****https://theme.hstatic.net/1000230347/1000782290/14/product-placeholder.png?v=26588*****https://theme.hstatic.net/1000230347/1000782290/14/product-placeholder.png?v=26588*****https://theme.hstatic.net/1000230347/1000782290/14/product-placeholder.png?v=26588,"351,000₫",,https://thienlong.vn/products/pathways-vn-ed-2-ed-listening-speaking-1-student-book-with-online-workbook
1131,"Pathways (VN Ed.) (2 Ed.) Reading, Writing Foundations: Student Book with Online Work Book",9789814962124,Cengage,https://product.hstatic.net/1000230347/product/46fc890a960f63465a4a4c9c63e1f80f_3c118377ae604114a90c9208a630105e_1024x1024.jpg*****https://product.hstatic.net/1000230347/product/9781337625098_-_9789814962124__10__1b05441396204cc4990808150fa5f385_1024x1024.jpg*****https://product.hstatic.net/1000230347/product/9781337625098_-_9789814962124__9__c56d25155c38486fb446c2e51dd31a96_1024x1024.jpg*****https://product.hstatic.net/1000230347/product/9781337625098_-_9789814962124__8__91fa404b45154ce298903bffdf8900bc_1024x1024.jpg*****https://theme.hstatic.net/1000230347/1000782290/14/product-placeholder.png?v=26588*****https://theme.hstatic.net/1000230347/1000782290/14/product-placeholder.png?v=26588*****https://theme.hstatic.net/1000230347/1000782290/14/product-placeholder.png?v=26588*****https://theme.hstatic.net/1000230347/1000782290/14/product-placeholder.png?v=26588*****https://theme.hstatic.net/1000230347/1000782290/14/product-placeholder.png?v=26588*****https://theme.hstatic.net/1000230347/1000782290/14/product-placeholder.png?v=26588*****https://theme.hstatic.net/1000230347/1000782290/14/product-placeholder.png?v=26588*****https://theme.hstatic.net/1000230347/1000782290/14/product-placeholder.png?v=26588*****https://theme.hstatic.net/1000230347/1000782290/14/product-placeholder.png?v=26588*****https://theme.hstatic.net/1000230347/1000782290/14/product-placeholder.png?v=26588*****https://theme.hstatic.net/1000230347/1000782290/14/product-placeholder.png?v=26588*****https://theme.hstatic.net/1000230347/1000782290/14/product-placeholder.png?v=26588*****https://theme.hstatic.net/1000230347/1000782290/14/product-placeholder.png?v=26588,"351,000₫",,https://thienlong.vn/products/pathways-vn-ed-2-ed-reading-writing-foundations-student-book-with-online-work-book
1132,"Pathways (VN Ed.) (2 Ed.) Listening, Speaking Foundations: Student book with Online Workbook",9789814962117,Cengage,https://product.hstatic.net/1000230347/product/939b31bced3ad9815282a17ff9999ad3_ac960c5cc7d84db281667b56a7b6352b_1024x1024.jpg*****https://product.hstatic.net/1000230347/product/9781337562508_-_9789814962117__10__c7adc559897546c7b0128566ab84e62b_1024x1024.jpg*****https://product.hstatic.net/1000230347/product/9781337562508_-_9789814962117__9__102c8f2280e74fd4b97e5a3c80078fbc_1024x1024.jpg*****https://product.hstatic.net/1000230347/product/9781337562508_-_9789814962117__8__be83633f122d4182be057fee41a5c5ff_1024x1024.jpg*****https://theme.hstatic.net/1000230347/1000782290/14/product-placeholder.png?v=26588*****https://theme.hstatic.net/1000230347/1000782290/14/product-placeholder.png?v=26588*****https://theme.hstatic.net/1000230347/1000782290/14/product-placeholder.png?v=26588*****https://theme.hstatic.net/1000230347/1000782290/14/product-placeholder.png?v=26588*****https://theme.hstatic.net/1000230347/1000782290/14/product-placeholder.png?v=26588*****https://theme.hstatic.net/1000230347/1000782290/14/product-placeholder.png?v=26588*****https://theme.hstatic.net/1000230347/1000782290/14/product-placeholder.png?v=26588*****https://theme.hstatic.net/1000230347/1000782290/14/product-placeholder.png?v=26588*****https://theme.hstatic.net/1000230347/1000782290/14/product-placeholder.png?v=26588*****https://theme.hstatic.net/1000230347/1000782290/14/product-placeholder.png?v=26588*****https://theme.hstatic.net/1000230347/1000782290/14/product-placeholder.png?v=26588*****https://theme.hstatic.net/1000230347/1000782290/14/product-placeholder.png?v=26588*****https://theme.hstatic.net/1000230347/1000782290/14/product-placeholder.png?v=26588*****https://theme.hstatic.net/1000230347/1000782290/14/product-placeholder.png?v=26588*****https://theme.hstatic.net/1000230347/1000782290/14/product-placeholder.png?v=26588*****https://theme.hstatic.net/1000230347/1000782290/14/product-placeholder.png?v=26588*****https://theme.hstatic.net/1000230347/1000782290/14/product-placeholder.png?v=26588*****https://theme.hstatic.net/1000230347/1000782290/14/product-placeholder.png?v=26588,"351,000₫",,https://thienlong.vn/products/pathways-vn-ed-2-ed-listening-speaking-foundations-student-book-with-online-workbook
1133,Life (BrE) (2 Ed.) (VN Ed.) A1: Student Book with Code Online,9789814878326,Cengage,https://product.hstatic.net/1000230347/product/7f288ef7825e09a5af5aaabcc6377d5b_19a00d89a4e244a094b1fdd08bdee685_1024x1024.jpg*****https://product.hstatic.net/1000230347/product/9789814878326__3__780a1edb02074dd1ab573ffded98e1e1_1024x1024.jpg*****https://product.hstatic.net/1000230347/product/9789814878326__4__bfa38f861a0d41d790fd8172b9fb9254_1024x1024.jpg*****https://product.hstatic.net/1000230347/product/9789814878326__5__59f01dbf57c6416789865c411860b23b_1024x1024.jpg*****https://theme.hstatic.net/1000230347/1000782290/14/product-placeholder.png?v=26588*****https://theme.hstatic.net/1000230347/1000782290/14/product-placeholder.png?v=26588,"287,000₫",,https://thienlong.vn/products/life-bre-2-ed-vn-ed-a1-student-book-with-code-online
1134,Ngữ pháp tiếng Anh,8794069303302,NXB Đà Nẵng,https://product.hstatic.net/1000230347/product/z5848379805514_b4e54c29f57cf535a7f91227133673f2_ed0753fd0719459e963c2e17eac84b0d_1024x1024.jpg,"89,000₫",,https://thienlong.vn/products/ngu-phap-tieng-anh
1135,Cách biến đổi câu trong Tiếng Anh,8794069303333,NXB Đà Nẵng,https://product.hstatic.net/1000230347/product/upload_af68c3ac20354cc6a78b2aec8a530279_1024x1024.jpg*****https://product.hstatic.net/1000230347/product/upload_1f8f01f57e624ad688d74eb24b92d255_1024x1024.jpg,"80,000₫",,https://thienlong.vn/products/cach-bien-doi-cau-trong-tieng-anh
1136,Luyện Viết và Học tập viết Tiếng Anh - Lớp 4,8794069304019,NXB Đà Nẵng,https://product.hstatic.net/1000230347/product/upload_209a4cd9715344bdbe9fe779b0edaacd_1024x1024.jpg*****https://product.hstatic.net/1000230347/product/upload_3cd1a07a981941f08531bb089b127c6b_1024x1024.jpg,"89,000₫",,https://thienlong.vn/products/luyen-viet-va-hoc-tap-viet-tieng-anh-lop-4
1137,Luyện Viết và Học tập viết Tiếng Anh - Lớp 2,8794069303951,NXB Đà Nẵng,https://product.hstatic.net/1000230347/product/upload_0ca6cae8cddb4c8aaf1f5c2137346cf2_1024x1024.jpg*****https://product.hstatic.net/1000230347/product/upload_29b565949cd341b499c7eecd68343d4b_1024x1024.jpg,"55,000₫",,https://thienlong.vn/products/luyen-viet-va-hoc-tap-viet-tieng-anh-lop-2
1138,Sổ Tay Tiếng Anh 10,8794069304125,NXB Đà Nẵng,https://product.hstatic.net/1000230347/product/upload_c4140d1f201d49b59a96dc493afed2f7_1024x1024.jpg*****https://product.hstatic.net/1000230347/product/upload_e371c9fd794145d4884f46633cafaee4_1024x1024.jpg,"32,000₫",,https://thienlong.vn/products/so-tay-tieng-anh-10
1139,Bộ đề luyện thi THPT môn Tiếng Anh,8794069304170,NXB Đà Nẵng,https://product.hstatic.net/1000230347/product/upload_22ac1ba37b3f41feb4b611540aab5637_1024x1024.jpg*****https://product.hstatic.net/1000230347/product/upload_cd1aace97cda49eaacc5e4ad6b2b0d75_1024x1024.jpg,"98,000₫",,https://thienlong.vn/products/bo-de-luyen-thi-thpt-mon-tieng-anh
1140,Trắc Nghiệm Tiếng Anh 11 (Có đáp án),8794069303968,NXB Đà Nẵng,https://product.hstatic.net/1000230347/product/upload_94d44477daab4b51af52af9e0a7fd1a2_1024x1024.jpg*****https://product.hstatic.net/1000230347/product/upload_a3d81365d35849b18d54f31cca827b49_1024x1024.jpg,"64,000₫",,https://thienlong.vn/products/trac-nghiem-tieng-anh-11-co-dap-an
1141,Bài tập Tiếng Anh 12 (Có đáp án),8794069304217,NXB Đà Nẵng,https://product.hstatic.net/1000230347/product/upload_7647a6e7952a4c27bce2f4c3e0b8ecd1_1024x1024.jpg*****https://product.hstatic.net/1000230347/product/upload_3fee3a56d62c4ee3975bbba4cbdff98a_1024x1024.jpg,"68,000₫",,https://thienlong.vn/products/bai-tap-tieng-anh-12-co-dap-an
1142,Bài tập Tiếng Anh 9 (Không đáp án),8794069302367,NXB Đà Nẵng,https://product.hstatic.net/1000230347/product/upload_0e619ce4efee4333a22b05025b4fb0b8_1024x1024.jpg*****https://product.hstatic.net/1000230347/product/upload_aa54d6588dce4349b920bf628afe0135_1024x1024.jpg,"52,000₫",,https://thienlong.vn/products/bai-tap-tieng-anh-9-khong-dap-an
1143,Bài tập Thực hành tiếng Anh 7 (Không đáp án) - Dùng kèm SGK TA 7 GLOBAL SUCCESS,8794069304163,NXB Đà Nẵng,https://product.hstatic.net/1000230347/product/upload_bfce7a2f484645bd913fa31ef00b67a2_1024x1024.jpg*****https://product.hstatic.net/1000230347/product/upload_325ee65e6be94421815ba0c839da51e9_1024x1024.jpg,"58,000₫",,https://thienlong.vn/products/bai-tap-thuc-hanh-tieng-anh-7-khong-dap-an-dung-kem-sgk-ta-7-global-success
1144,Bài tập Thực hành tiếng Anh 7 (Có đáp án) - Dùng kèm SGK TA 7 GLOBAL SUCCESS,8794069304156,NXB Đà Nẵng,https://product.hstatic.net/1000230347/product/upload_9e8c68c79dcd4e25a3e698bfcea668a8_1024x1024.jpg*****https://product.hstatic.net/1000230347/product/upload_343a9279a9654ae198bafa65001d022b_1024x1024.jpg,"65,000₫",,https://thienlong.vn/products/bai-tap-thuc-hanh-tieng-anh-7-co-dap-an-dung-kem-sgk-ta-7-global-success
1145,Bài tập Thực hành tiếng Anh 6 (Không đáp án) - Dùng kèm SGK TA 6 GLOBAL SUCCESS,8794069303852,NXB Đà Nẵng,https://product.hstatic.net/1000230347/product/upload_a1032c06469c42c1aeca56397b6ecac4_1024x1024.jpg*****https://product.hstatic.net/1000230347/product/upload_431227117c754b6989993d21430fa9c5_1024x1024.jpg,"52,000₫",,https://thienlong.vn/products/bai-tap-thuc-hanh-tieng-anh-6-khong-dap-an-dung-kem-sgk-ta-6-global-success
1146,Bài tập Thực hành tiếng Anh 6 (Có đáp án) - Dùng kèm SGK TA 6 GLOBAL SUCCESS,8794069303845,NXB Đà Nẵng,https://product.hstatic.net/1000230347/product/upload_f9abb0438103483990f2c36bed774be3_1024x1024.jpg*****https://product.hstatic.net/1000230347/product/upload_a98bcfe3b9474bfab441f765a8126936_1024x1024.jpg,"60,000₫",,https://thienlong.vn/products/bai-tap-thuc-hanh-tieng-anh-6-co-dap-an-dung-kem-sgk-ta-6-global-success
1147,Bài tập Tiếng Anh lớp 6 - Tập 2 - Không đáp án (Dùng kèm SGK Global Success),8794069304262,NXB Đà Nẵng,https://product.hstatic.net/1000230347/product/upload_a22c3e50a52f4adebbfcf3742714d214_1024x1024.jpg*****https://product.hstatic.net/1000230347/product/upload_c6ee0d75fe5a4c4d81ecda0ed1615a47_1024x1024.jpg,"40,000₫",,https://thienlong.vn/products/bai-tap-tieng-anh-lop-6-tap-2-khong-dap-an-dung-kem-sgk-global-success
1148,Bài tập Tiếng Anh lớp 6 - Tập 2 - Có đáp án (Dùng kèm SGK Global Success),8794069304255,NXB Đà Nẵng,https://product.hstatic.net/1000230347/product/upload_5a0cd1e9dcbb41a798cac806b907d538_1024x1024.jpg*****https://product.hstatic.net/1000230347/product/upload_dcfdd8373ac64c09b6905e41bdb936bf_1024x1024.jpg,"45,000₫",,https://thienlong.vn/products/bai-tap-tieng-anh-lop-6-tap-2-co-dap-an-dung-kem-sgk-global-success
1149,Bài tập tiếng Anh Lớp 6 - Tập 1 - Không đáp án (Dùng kèm SGK Global Success),8794069304040,NXB Đà Nẵng,https://product.hstatic.net/1000230347/product/upload_be0e4744ecd14a1da29b381823e779b1_1024x1024.jpg*****https://product.hstatic.net/1000230347/product/upload_afc95c7e3a17496ca0b7535eef6d0b34_1024x1024.jpg,"45,000₫",,https://thienlong.vn/products/bai-tap-tieng-anh-lop-6-tap-1-khong-dap-an-dung-kem-sgk-global-success
1150,Bài tập tiếng Anh Lớp 6 - Tập 1 - Có đáp án (Dùng kèm SGK Global Success),8794069304033,NXB Đà Nẵng,https://product.hstatic.net/1000230347/product/upload_bc7b9e6705c84bb5a9166625ceafb582_1024x1024.jpg*****https://product.hstatic.net/1000230347/product/upload_1f4b90bf43fb473d90d014a33bf51866_1024x1024.jpg,"48,000₫",,https://thienlong.vn/products/bai-tap-tieng-anh-lop-6-tap-1-co-dap-an-dung-kem-sgk-global-success
1151,Bộ đề kiểm tra tiếng Anh 8 (Theo chương trình mới của Bộ GD&amp;ĐT),8794069303418,NXB Đà Nẵng,https://product.hstatic.net/1000230347/product/upload_4efb244c00d94dff9a11d4153229111e_1024x1024.jpg*****https://product.hstatic.net/1000230347/product/upload_fe7590d2bb91466a91e659c855bc3f38_1024x1024.jpg,"86,000₫",,https://thienlong.vn/products/bo-de-kiem-tra-tieng-anh-8-theo-chuong-trinh-moi-cua-bo-gd-dt
1152,Bộ đề kiểm tra tiếng Anh 7 (Theo chương trình mới của Bộ GD&amp;ĐT),8794069303401,NXB Đà Nẵng,https://product.hstatic.net/1000230347/product/upload_775e38074e704d7d835efece5a783b2a_1024x1024.jpg*****https://product.hstatic.net/1000230347/product/upload_9bcf775f83d14416853965a09a3b9940_1024x1024.jpg,"62,000₫",,https://thienlong.vn/products/bo-de-kiem-tra-tieng-anh-7-theo-chuong-trinh-moi-cua-bo-gd-dt
1153,Sổ Tay Tiếng Anh 11,8794069302695,NXB Đà Nẵng,https://product.hstatic.net/1000230347/product/upload_7b519e4c44f944989ad1a4230d0259e3_1024x1024.jpg,"28,000₫",,https://thienlong.vn/products/so-tay-tieng-anh-11
1154,Sổ Tay Tiếng Anh 9,9786048433598,NXB Đà Nẵng,https://product.hstatic.net/1000230347/product/upload_64a687fad7cd4739a70e9b57ccbe10fd_1024x1024.jpg,"25,000₫",,https://thienlong.vn/products/so-tay-tieng-anh-9
1155,Sổ Tay Tiếng Anh 8,9786048439903,NXB Đà Nẵng,https://product.hstatic.net/1000230347/product/upload_0114160ca1ee4273ae5c7186d088fac0_1024x1024.jpg,"28,000₫",,https://thienlong.vn/products/so-tay-tieng-anh-8
1156,Sổ Tay Tiếng Anh 7,9786048439897,NXB Đà Nẵng,https://product.hstatic.net/1000230347/product/upload_3ed836a93df144d383900438a184f95e_1024x1024.jpg,"25,000₫",,https://thienlong.vn/products/so-tay-tieng-anh-7
1157,Sổ Tay Tiếng Anh 6,9786048433581,NXB Đà Nẵng,https://product.hstatic.net/1000230347/product/upload_138dae70e9d44462b93f8c00d18fe541_1024x1024.jpg,"25,000₫",,https://thienlong.vn/products/so-tay-tieng-anh-6
1158,Ôn Luyện Tiếng Anh 9 ( Không đáp án) - Chỉnh lý TB 2021,8794069303173,NXB Đà Nẵng,https://product.hstatic.net/1000230347/product/upload_b45ee467bf4f42efac3398291fb9e7da_1024x1024.jpg,"57,000₫",,https://thienlong.vn/products/on-luyen-tieng-anh-9-khong-dap-an-chinh-ly-tb-2021
1159,Ôn Luyện Tiếng Anh 9 ( Có đáp án) - Chỉnh lý TB 2021,8794069303166,NXB Đà Nẵng,https://product.hstatic.net/1000230347/product/upload_9e706a42eb2541a78f66f4e81697b6f5_1024x1024.jpg,"65,000₫",,https://thienlong.vn/products/on-luyen-tieng-anh-9-co-dap-an-chinh-ly-tb-2021
1160,Bài tập Trắc Nghiệm Tiếng Anh Nâng Cao Lớp 11 (có đáp án),8794069302732,NXB Đà Nẵng,https://product.hstatic.net/1000230347/product/upload_3fcfb8633f484f3e9512af51ff55734b_1024x1024.jpg,"76,000₫",,https://thienlong.vn/products/bai-tap-trac-nghiem-tieng-anh-nang-cao-lop-11-co-dap-an
1161,Bài tập Trắc Nghiệm Tiếng Anh Nâng Cao Lớp 10 (có đáp án),8794069302725,NXB Đà Nẵng,https://product.hstatic.net/1000230347/product/upload_15d8c4c988a046fcb411fc6b97d490fc_1024x1024.jpg,"72,000₫",,https://thienlong.vn/products/bai-tap-trac-nghiem-tieng-anh-nang-cao-lop-10-co-dap-an
1162,Hướng dẫn học tốt Tiếng Anh 12,9786048431501,NXB Đà Nẵng,https://product.hstatic.net/1000230347/product/upload_7790be7f99034f81a34d0a5309bd4591_1024x1024.jpg,"40,000₫",,https://thienlong.vn/products/huong-dan-hoc-tot-tieng-anh-12
1163,Hướng dẫn học tốt Tiếng Anh 11,9786048431495,NXB Đà Nẵng,https://product.hstatic.net/1000230347/product/upload_71339c2749234d749f384336c8018ae3_1024x1024.jpg,"40,000₫",,https://thienlong.vn/products/huong-dan-hoc-tot-tieng-anh-11
1164,Hướng dẫn học tốt Tiếng Anh 9,9786048431471,NXB Đà Nẵng,https://product.hstatic.net/1000230347/product/upload_b1d8a2cc5a3f4ccbbcdbb550280412b6_1024x1024.jpg,"38,000₫",,https://thienlong.vn/products/huong-dan-hoc-tot-tieng-anh-9
1165,Hướng dẫn học tốt Tiếng Anh 8,9786048431464,NXB Đà Nẵng,https://product.hstatic.net/1000230347/product/upload_5149a16a1b0b47e4954f6572cd704734_1024x1024.jpg,"40,000₫",,https://thienlong.vn/products/huong-dan-hoc-tot-tieng-anh-8
1166,Trắc Nghiệm Tiếng Anh 12 (Không đáp án),9786048432034,NXB Đà Nẵng,https://product.hstatic.net/1000230347/product/upload_c6f98d418d77454fa4b7b703c5cf477a_1024x1024.jpg,"60,000₫",,https://thienlong.vn/products/trac-nghiem-tieng-anh-12-khong-dap-an
1167,Trắc Nghiệm Tiếng Anh 12 (Có đáp án),8794069304095,NXB Đà Nẵng,https://product.hstatic.net/1000230347/product/upload_8fff5c076a7f440d8731c53e137bdc69_1024x1024.jpg,"80,000₫",,https://thienlong.vn/products/trac-nghiem-tieng-anh-12-co-dap-an
1168,Trắc Nghiệm Tiếng Anh 11 (Không đáp án),9786048432027,NXB Đà Nẵng,https://product.hstatic.net/1000230347/product/upload_428a588859054784a34db0281b2d28de_1024x1024.jpg,"50,000₫",,https://thienlong.vn/products/trac-nghiem-tieng-anh-11-khong-dap-an
1169,Trắc Nghiệm Tiếng Anh 9 (Không đáp án),9786048432003,NXB Đà Nẵng,https://product.hstatic.net/1000230347/product/upload_dd4e08e2d8a04ab6869c2d20a2d85c5d_1024x1024.jpg,"50,000₫",,https://thienlong.vn/products/trac-nghiem-tieng-anh-9-khong-dap-an
1170,Trắc Nghiệm Tiếng Anh 9 (Có đáp án),9786048432966,NXB Đà Nẵng,https://product.hstatic.net/1000230347/product/upload_accd790fa9cf4b91a1922ff643e397c3_1024x1024.jpg,"56,000₫",,https://thienlong.vn/products/trac-nghiem-tieng-anh-9-co-dap-an
1171,Trắc Nghiệm Tiếng Anh 8 (Ko đáp án),9786048438647,NXB Đà Nẵng,https://product.hstatic.net/1000230347/product/upload_2292586fba814f7ebf2f5c169b5e1dc1_1024x1024.jpg,"40,000₫",,https://thienlong.vn/products/trac-nghiem-tieng-anh-8-ko-dap-an
1172,Bài tập Tiếng Anh 12 (Không đáp án),9786048438296,NXB Đà Nẵng,https://product.hstatic.net/1000230347/product/upload_af3619b789b941948b1c95c4c20b9151_1024x1024.jpg,"56,000₫",,https://thienlong.vn/products/bai-tap-tieng-anh-12-khong-dap-an
1173,Bài tập Tiếng Anh 9 (Có đáp án) - TB,8794069304088,NXB Đà Nẵng,https://product.hstatic.net/1000230347/product/upload_37dc02e1d2384b2aa13ab34a9a8c9528_1024x1024.jpg,"65,000₫",,https://thienlong.vn/products/bai-tap-tieng-anh-9-co-dap-an-tb
1174,Bài tập Tiếng Anh 8 (Không đáp án) - TB2,8794069302343,NXB Đà Nẵng,https://product.hstatic.net/1000230347/product/upload_449afc789a0d4abbbd91fc727ad7abbb_1024x1024.jpg,"40,000₫",,https://thienlong.vn/products/bai-tap-tieng-anh-8-khong-dap-an-tb2
1175,Bộ đề trắc nghiệm tiếng Anh 10,8794069303210,NXB Đà Nẵng,https://product.hstatic.net/1000230347/product/upload_1ce32900485840a487d200ecbf97220f_1024x1024.jpg,"65,000₫",,https://thienlong.vn/products/bo-de-trac-nghiem-tieng-anh-10
1176,Ngữ pháp tiếng Anh lớp 9 (Theo chương trình Khung của Bộ GD&amp;ĐT),8794069303623,NXB Đà Nẵng,https://product.hstatic.net/1000230347/product/upload_022174f63c4b4c4892fb873cdbf4fdea_1024x1024.jpg,"89,000₫",,https://thienlong.vn/products/ngu-phap-tieng-anh-lop-9-theo-chuong-trinh-khung-cua-bo-gd-dt
1177,Ngữ pháp tiếng Anh lớp 8 (Theo chương trình Khung của Bộ GD&amp;ĐT),8794069303616,NXB Đà Nẵng,https://product.hstatic.net/1000230347/product/upload_e0b6f839461e4a7bac5d353fb6033014_1024x1024.jpg,"68,000₫",,https://thienlong.vn/products/ngu-phap-tieng-anh-lop-8-theo-chuong-trinh-khung-cua-bo-gd-dt
1178,Ngữ pháp tiếng Anh lớp 7 (Theo chương trình Khung của Bộ GD&amp;ĐT),8794069303609,NXB Đà Nẵng,https://product.hstatic.net/1000230347/product/upload_fd7fc5f3ffde4c90b6ad421cb96d7d6d_1024x1024.jpg,"56,000₫",,https://thienlong.vn/products/ngu-phap-tieng-anh-lop-7-theo-chuong-trinh-khung-cua-bo-gd-dt
1179,Ngữ pháp tiếng Anh lớp 6 (Theo chương trình Khung của Bộ GD&amp;ĐT),8794069303593,NXB Đà Nẵng,https://product.hstatic.net/1000230347/product/upload_e4ec7e7887cd4493a51acbae06fa9f5a_1024x1024.jpg,"54,000₫",,https://thienlong.vn/products/ngu-phap-tieng-anh-lop-6-theo-chuong-trinh-khung-cua-bo-gd-dt
1180,Luyện viết tiếng anh lớp 5 - Tập 2,8794069301568,NXB Đà Nẵng,https://product.hstatic.net/1000230347/product/upload_b291bbd4b9eb49b3a6092d45ede0bc33_1024x1024.jpg,"28,000₫",,https://thienlong.vn/products/luyen-viet-tieng-anh-lop-5-tap-2
1181,Luyện viết tiếng anh lớp 5 - Tập 1,8794069301551,NXB Đà Nẵng,https://product.hstatic.net/1000230347/product/upload_7d21da8fde6c450aa3a1463813c1b05a_1024x1024.jpg,"28,000₫",,https://thienlong.vn/products/luyen-viet-tieng-anh-lop-5-tap-1
1182,Luyện viết tiếng anh lớp 4 - Tập 2,8794069301544,NXB Đà Nẵng,https://product.hstatic.net/1000230347/product/upload_e18866f7bcf14dd8aec3b1d6c4a093a4_1024x1024.jpg,"26,000₫",,https://thienlong.vn/products/luyen-viet-tieng-anh-lop-4-tap-2
1183,Luyện viết tiếng anh lớp 4 - Tập 1,8794069301537,NXB Đà Nẵng,https://product.hstatic.net/1000230347/product/upload_b0baf8b6aec5402dbba588528840cda5_1024x1024.jpg,"26,000₫",,https://thienlong.vn/products/luyen-viet-tieng-anh-lop-4-tap-1
1184,Luyện viết tiếng anh lớp 3 - Tập 2,8794069301520,NXB Đà Nẵng,https://product.hstatic.net/1000230347/product/upload_7a772b434a4e413b9307dc6b25b91ace_1024x1024.jpg,"26,000₫",,https://thienlong.vn/products/luyen-viet-tieng-anh-lop-3-tap-2
1185,Bài Tập Thực Hành Tiếng Anh 9 - Không đáp án (Chương trình mới của Bộ GD&amp;ĐT),8794069303203,NXB Đà Nẵng,https://product.hstatic.net/1000230347/product/upload_2ff25cb2de22473eb10484ce7a5c0fac_1024x1024.jpg,"73,000₫",,https://thienlong.vn/products/bai-tap-thuc-hanh-tieng-anh-9-khong-dap-an-chuong-trinh-moi-cua-bo-gd-dt
1186,Bài Tập Thực Hành Tiếng Anh 9 - Có đáp án (Chương trình mới của Bộ GD&amp;ĐT),8794069303197,NXB Đà Nẵng,https://product.hstatic.net/1000230347/product/upload_1cbb2422c9b241fe937726c7c667d0f0_1024x1024.jpg,"78,000₫",,https://thienlong.vn/products/bai-tap-thuc-hanh-tieng-anh-9-co-dap-an-chuong-trinh-moi-cua-bo-gd-dt
1187,Bài Tập Thực Hành Tiếng Anh 8 - Không đáp án (Chương trình mới của Bộ GD&amp;ĐT),8794069302718,NXB Đà Nẵng,https://product.hstatic.net/1000230347/product/upload_41564e750f4d4228967da5c565228c10_1024x1024.jpg,"63,000₫",,https://thienlong.vn/products/bai-tap-thuc-hanh-tieng-anh-8-khong-dap-an-chuong-trinh-moi-cua-bo-gd-dt
1188,Bài Tập Thực Hành Tiếng Anh 8 - Có đáp án (Chương trình mới của Bộ GD&amp;ĐT),8794069302701,NXB Đà Nẵng,https://product.hstatic.net/1000230347/product/upload_790d9aecb88c4e81ba2ff0e4e0cb8157_1024x1024.jpg,"68,000₫",,https://thienlong.vn/products/bai-tap-thuc-hanh-tieng-anh-8-co-dap-an-chuong-trinh-moi-cua-bo-gd-dt
1189,Hướng dẫn học tốt Tiếng Anh 9 (Chương trình mới của Bộ GD&amp;ĐT),9786048400651,NXB Đà Nẵng,https://product.hstatic.net/1000230347/product/upload_d0daf4fb24404cfabbe9add41e848c7a_1024x1024.jpg,"75,000₫",,https://thienlong.vn/products/huong-dan-hoc-tot-tieng-anh-9-chuong-trinh-moi-cua-bo-gd-dt
1190,Hướng dẫn học tốt Tiếng Anh 8 (Chương trình mới của Bộ GD&amp;ĐT),9786048400644,NXB Đà Nẵng,https://product.hstatic.net/1000230347/product/upload_5392cf6d28154a188ba00b05adb50880_1024x1024.jpg,"65,000₫",,https://thienlong.vn/products/huong-dan-hoc-tot-tieng-anh-8-chuong-trinh-moi-cua-bo-gd-dt
1191,Bài tập Tiếng Anh 9 Tập 2 (Không đáp án - Chương trình mới của Bộ GD&amp;ĐT),8794069301315,NXB Đà Nẵng,https://product.hstatic.net/1000230347/product/upload_ebcb56412ff64e34be17fe68442513e4_1024x1024.jpg,"48,000₫",,https://thienlong.vn/products/bai-tap-tieng-anh-9-tap-2-khong-dap-an-chuong-trinh-moi-cua-bo-gd-dt
1192,Bài tập Tiếng Anh 9 Tập 2 (Có đáp án - Chương trình mới của Bộ GD&amp;ĐT),8794069301308,NXB Đà Nẵng,https://product.hstatic.net/1000230347/product/upload_a014426460ae4c71b4a47ee774e31d66_1024x1024.jpg,"53,000₫",,https://thienlong.vn/products/bai-tap-tieng-anh-9-tap-2-co-dap-an-chuong-trinh-moi-cua-bo-gd-dt
1193,Bài tập Tiếng Anh 8 Tập 2 (Có đáp án - Chương trình mới của Bộ GD&amp;ĐT),8794069301285,NXB Đà Nẵng,https://product.hstatic.net/1000230347/product/upload_0a1e05f973524bdfbb77672042f6993f_1024x1024.jpg,"48,000₫",,https://thienlong.vn/products/bai-tap-tieng-anh-8-tap-2-co-dap-an-chuong-trinh-moi-cua-bo-gd-dt
1194,Bài tập Tiếng Anh 7 Tập 2 (Không đáp án - Chương trình mới của Bộ GD&amp;ĐT),8794070000000KĐA,NXB Đà Nẵng,https://product.hstatic.net/1000230347/product/upload_0cdaef66ee194bf8bc115e528004cf87_1024x1024.jpg,"32,000₫",,https://thienlong.vn/products/bai-tap-tieng-anh-7-tap-2-khong-dap-an-chuong-trinh-moi-cua-bo-gd-dt
1195,Bài tập Tiếng Anh 9 Tập 1 (Có đáp án - Chương trình mới của Bộ GD&amp;ĐT),8794069302602,NXB Đà Nẵng,https://product.hstatic.net/1000230347/product/upload_13d955961cd7441a9eb3bdcec5d6f5ce_1024x1024.jpg,"48,000₫",,https://thienlong.vn/products/bai-tap-tieng-anh-9-tap-1-co-dap-an-chuong-trinh-moi-cua-bo-gd-dt
1196,Bài tập Tiếng Anh 9 Tập 1 (Không đáp án - Chương trình mới của Bộ GD&amp;ĐT),8794069302572,NXB Đà Nẵng,https://product.hstatic.net/1000230347/product/upload_5d7a1bdfa7124d47bea54c128c63ba3e_1024x1024.jpg,"42,000₫",,https://thienlong.vn/products/bai-tap-tieng-anh-9-tap-1-khong-dap-an-chuong-trinh-moi-cua-bo-gd-dt
1197,Bài tập Tiếng Anh 8 Tập 1 (Có đáp án - Chương trình mới của Bộ GD&amp;ĐT),8794069302626,NXB Đà Nẵng,https://product.hstatic.net/1000230347/product/upload_0a0718643715423ea44b46c9f30f11c1_1024x1024.jpg,"48,000₫",,https://thienlong.vn/products/bai-tap-tieng-anh-8-tap-1-co-dap-an-chuong-trinh-moi-cua-bo-gd-dt
1198,Bài tập Tiếng Anh 8 Tập 1 (Không đáp án - Chương trình mới của Bộ GD&amp;ĐT),8794069302565,NXB Đà Nẵng,https://product.hstatic.net/1000230347/product/upload_cabf0a8ec2ba49e69ffac22af73eb692_1024x1024.jpg,"42,000₫",,https://thienlong.vn/products/bai-tap-tieng-anh-8-tap-1-khong-dap-an-chuong-trinh-moi-cua-bo-gd-dt
1199,Túi Canvas trắng 38x34.5cm hình Picnic,60014393,OEM,https://product.hstatic.net/1000230347/product/picnic3_01691c59af224cb2ab9162943d165692_1024x1024.jpg*****https://product.hstatic.net/1000230347/product/f201ef56c2977e2e331b4a2cd73a8575_a5891a903a044d6490dec97352e18aea_1024x1024.png*****https://product.hstatic.net/1000230347/product/1_copy_aad2e5957e3f479bade0936f2c24b6f5_1024x1024.jpg*****https://product.hstatic.net/1000230347/product/41a73ce55737404fc6f200adafc52b25_d2a3994eba8d4d0e973314ac8528096c_1024x1024.png*****https://theme.hstatic.net/1000230347/1000782290/14/product-placeholder.png?v=26588*****https://theme.hstatic.net/1000230347/1000782290/14/product-placeholder.png?v=26588*****https://theme.hstatic.net/1000230347/1000782290/14/product-placeholder.png?v=26588*****https://theme.hstatic.net/1000230347/1000782290/14/product-placeholder.png?v=26588*****https://theme.hstatic.net/1000230347/1000782290/14/product-placeholder.png?v=26588*****https://theme.hstatic.net/1000230347/1000782290/14/product-placeholder.png?v=26588,"69,000₫",,https://thienlong.vn/products/tui-canvas-trang-38x34-5cm-hinh-picnic
1200,Túi Canvas trắng 38x34.5cm Think Tote,60005184,OEM,https://product.hstatic.net/1000230347/product/f201ef56c2977e2e331b4a2cd73a8575_a5891a903a044d6490dec97352e18aea_1024x1024.png*****https://product.hstatic.net/1000230347/product/1_copy_aad2e5957e3f479bade0936f2c24b6f5_1024x1024.jpg*****https://product.hstatic.net/1000230347/product/ab184b4ae1c1f94ff8c6f64d6e5521b3_d5d60530cdf34b67a79f00f7dfdaf76b_1024x1024.png*****https://product.hstatic.net/1000230347/product/2_f9f5e4a6d69948c39a5627b033a7a3b4_1024x1024.jpg*****https://theme.hstatic.net/1000230347/1000782290/14/product-placeholder.png?v=26588*****https://theme.hstatic.net/1000230347/1000782290/14/product-placeholder.png?v=26588*****https://theme.hstatic.net/1000230347/1000782290/14/product-placeholder.png?v=26588*****https://theme.hstatic.net/1000230347/1000782290/14/product-placeholder.png?v=26588*****https://theme.hstatic.net/1000230347/1000782290/14/product-placeholder.png?v=26588,"69,000₫",,https://thienlong.vn/products/tui-canvas-trang-38x34-5cm-think-tote
1201,Túi Canvas trắng 38x34.5cm hình Trà Sữa,60005183,OEM,https://product.hstatic.net/1000230347/product/181579effd48c1814fe683cd8a079041_0678e7b1b3f74365b3db9d36455f2c7c_1024x1024.png*****https://product.hstatic.net/1000230347/product/2_9b20da75763a458bb42de5cfd60a3786_1024x1024.jpg*****https://product.hstatic.net/1000230347/product/41a73ce55737404fc6f200adafc52b25_d2a3994eba8d4d0e973314ac8528096c_1024x1024.png*****https://product.hstatic.net/1000230347/product/4_8c07f9f127d848d6b76e750082e95614_1024x1024.jpg*****https://theme.hstatic.net/1000230347/1000782290/14/product-placeholder.png?v=26588*****https://theme.hstatic.net/1000230347/1000782290/14/product-placeholder.png?v=26588*****https://theme.hstatic.net/1000230347/1000782290/14/product-placeholder.png?v=26588*****https://theme.hstatic.net/1000230347/1000782290/14/product-placeholder.png?v=26588*****https://theme.hstatic.net/1000230347/1000782290/14/product-placeholder.png?v=26588,"69,000₫",,https://thienlong.vn/products/tui-canvas-trang-38x34-5cm-hinh-tra-sua
1202,Túi Canvas trắng 38x34.5cm hình Nấm,60005182,OEM,https://product.hstatic.net/1000230347/product/ab184b4ae1c1f94ff8c6f64d6e5521b3_d5d60530cdf34b67a79f00f7dfdaf76b_1024x1024.png*****https://product.hstatic.net/1000230347/product/2_f9f5e4a6d69948c39a5627b033a7a3b4_1024x1024.jpg*****https://product.hstatic.net/1000230347/product/3_8143b4e8bbf143b9b4dfc40dbac19dba_1024x1024.jpg*****https://product.hstatic.net/1000230347/product/f201ef56c2977e2e331b4a2cd73a8575_a5891a903a044d6490dec97352e18aea_1024x1024.png*****https://theme.hstatic.net/1000230347/1000782290/14/product-placeholder.png?v=26588*****https://theme.hstatic.net/1000230347/1000782290/14/product-placeholder.png?v=26588*****https://theme.hstatic.net/1000230347/1000782290/14/product-placeholder.png?v=26588*****https://theme.hstatic.net/1000230347/1000782290/14/product-placeholder.png?v=26588*****https://theme.hstatic.net/1000230347/1000782290/14/product-placeholder.png?v=26588,"69,000₫",,https://thienlong.vn/products/tui-canvas-trang-38x34-5cm-hinh-nam
1203,Túi Canvas trắng 38x34.5cm hình 2con mèo,60005181,OEM,https://product.hstatic.net/1000230347/product/41a73ce55737404fc6f200adafc52b25_d2a3994eba8d4d0e973314ac8528096c_1024x1024.png*****https://product.hstatic.net/1000230347/product/4_8c07f9f127d848d6b76e750082e95614_1024x1024.jpg*****https://product.hstatic.net/1000230347/product/f201ef56c2977e2e331b4a2cd73a8575_a5891a903a044d6490dec97352e18aea_1024x1024.png*****https://product.hstatic.net/1000230347/product/1_copy_aad2e5957e3f479bade0936f2c24b6f5_1024x1024.jpg*****https://theme.hstatic.net/1000230347/1000782290/14/product-placeholder.png?v=26588*****https://theme.hstatic.net/1000230347/1000782290/14/product-placeholder.png?v=26588*****https://theme.hstatic.net/1000230347/1000782290/14/product-placeholder.png?v=26588*****https://theme.hstatic.net/1000230347/1000782290/14/product-placeholder.png?v=26588*****https://theme.hstatic.net/1000230347/1000782290/14/product-placeholder.png?v=26588,"69,000₫",,https://thienlong.vn/products/tui-canvas-trang-38x34-5cm-hinh-2con-meo
