product_id,product_name,sku,brand,image,price,description,url
0,Combo 5/10/20 Bút gel Joyee Thiên Long GEL-067 - Mực khô siêu nhanh,50015952CB5,Thiên Long,https://cdn.hstatic.net/products/1000230347/artboard_2_copy_6b29ab20594c47e19089343fffbc78eb_1024x1024.jpg*****https://cdn.hstatic.net/products/1000230347/artboard_5_copy_2_6e53f68685b74944bdf759a78042b83a_1024x1024.jpg*****https://cdn.hstatic.net/products/1000230347/artboard_5_copy_3_c04d0521ad9a40b4a7c287d8f6fef023_1024x1024.jpg*****https://cdn.hstatic.net/products/1000230347/artboard_5_copy_44617b806c6146daae202a05fc3c3d49_1024x1024.jpg*****https://theme.hstatic.net/1000230347/1000782290/14/product-placeholder.png?v=26572*****https://theme.hstatic.net/1000230347/1000782290/14/product-placeholder.png?v=26572*****https://theme.hstatic.net/1000230347/1000782290/14/product-placeholder.png?v=26572*****https://theme.hstatic.net/1000230347/1000782290/14/product-placeholder.png?v=26572*****https://theme.hstatic.net/1000230347/1000782290/14/product-placeholder.png?v=26572,"
						
						41,500₫
						
					",,https://thienlong.vn/products/combo-5-10-20-but-gel-joyee-thien-long-gel-067-muc-kho-sieu-nhanh
1,Combo 5/10/20 Bút gel Akooland Dasi Thiên Long GEL-073/AK - Mực khô siêu nhanh,50015955CB5,Thiên Long,https://cdn.hstatic.net/products/1000230347/artboard_1_copy_1247a9f00cba4906957cb68cf5015dd5_1024x1024.jpg*****https://cdn.hstatic.net/products/1000230347/artboard_5_copy_2_54196b4d72fb433494817ee14ebb6f2d_1024x1024.jpg*****https://cdn.hstatic.net/products/1000230347/artboard_5_copy_863f5fb84fc449c682e69708a9df1ad8_1024x1024.jpg*****https://cdn.hstatic.net/products/1000230347/artboard_5_4ac040c71b394cd281057fbcf3334cae_1024x1024.jpg*****https://theme.hstatic.net/1000230347/1000782290/14/product-placeholder.png?v=26572*****https://theme.hstatic.net/1000230347/1000782290/14/product-placeholder.png?v=26572*****https://theme.hstatic.net/1000230347/1000782290/14/product-placeholder.png?v=26572*****https://theme.hstatic.net/1000230347/1000782290/14/product-placeholder.png?v=26572*****https://theme.hstatic.net/1000230347/1000782290/14/product-placeholder.png?v=26572*****https://theme.hstatic.net/1000230347/1000782290/14/product-placeholder.png?v=26572*****https://theme.hstatic.net/1000230347/1000782290/14/product-placeholder.png?v=26572,"
						
						41,500₫
						
					",,https://thienlong.vn/products/combo-5-10-20-but-gel-akooland-dasi-thien-long-gel-073-ak-muc-kho-sieu-nhanh
2,Bút gel Akooland Tahi Thiên Long GEL-074/AK - Mực khô siêu nhanh,50015957,Thiên Long,https://product.hstatic.net/1000230347/product/gel-074_ak_2_49a4533427ed49d893e2d0db25f332c1_1024x1024.jpg*****https://product.hstatic.net/1000230347/product/gel-074_ak_8f7fc0a77c0a4dc897ab5c759126effc_1024x1024.jpg*****https://product.hstatic.net/1000230347/product/gel-074_ak_3_4404c5cdbbb241398bb336fd53e543ed_1024x1024.jpg*****https://product.hstatic.net/1000230347/product/gel-074_ak_4_1887f494820340e7b5184fe666bd631c_1024x1024.jpg*****https://theme.hstatic.net/1000230347/1000782290/14/product-placeholder.png?v=26572,"
						
						10,700₫
						
					",,https://thienlong.vn/products/but-gel-akooland-tahi-thien-long-gel-074-ak-muc-kho-sieu-nhanh
3,Bút gel Akooland Dasi Thiên Long GEL-073/AK - Mực khô siêu nhanh,50015955,Thiên Long,https://cdn.hstatic.net/products/1000230347/artboard_1_copy_34269401a2da456daca3ffa2e39e7509_1024x1024.jpg*****https://cdn.hstatic.net/products/1000230347/artboard_5_copy_2_e83b7de4e85146579193ec08e5c5da38_1024x1024.jpg*****https://cdn.hstatic.net/products/1000230347/artboard_5_copy_506f5faa38eb49b6a96b8cfe55288b16_1024x1024.jpg*****https://cdn.hstatic.net/products/1000230347/artboard_5_f46f4ed22ed643429eab7af7c0c20d54_1024x1024.jpg*****https://theme.hstatic.net/1000230347/1000782290/14/product-placeholder.png?v=26572*****https://theme.hstatic.net/1000230347/1000782290/14/product-placeholder.png?v=26572*****https://theme.hstatic.net/1000230347/1000782290/14/product-placeholder.png?v=26572*****https://theme.hstatic.net/1000230347/1000782290/14/product-placeholder.png?v=26572*****https://theme.hstatic.net/1000230347/1000782290/14/product-placeholder.png?v=26572*****https://theme.hstatic.net/1000230347/1000782290/14/product-placeholder.png?v=26572,"
						
						8,300₫
						
					",,https://thienlong.vn/products/but-gel-akooland-dasi-thien-long-gel-073-ak-muc-kho-sieu-nhanh
4,Bút gel Joyee Thiên Long GEL-067 - Mực khô siêu nhanh,50015952,Thiên Long,https://cdn.hstatic.net/products/1000230347/artboard_2_copy_11b4d4b8e59a42359a7b62f37cd5a0b6_1024x1024.jpg*****https://cdn.hstatic.net/products/1000230347/artboard_5_copy_2_5ffee1160e954972a00be901ad28485f_1024x1024.jpg*****https://cdn.hstatic.net/products/1000230347/artboard_5_copy_3_b1d01ca85c34470d9561b9d77394b078_1024x1024.jpg*****https://cdn.hstatic.net/products/1000230347/artboard_5_copy_de4665d0909943ebbb88fa71570ce3a6_1024x1024.jpg*****https://theme.hstatic.net/1000230347/1000782290/14/product-placeholder.png?v=26572*****https://theme.hstatic.net/1000230347/1000782290/14/product-placeholder.png?v=26572*****https://theme.hstatic.net/1000230347/1000782290/14/product-placeholder.png?v=26572*****https://theme.hstatic.net/1000230347/1000782290/14/product-placeholder.png?v=26572*****https://theme.hstatic.net/1000230347/1000782290/14/product-placeholder.png?v=26572,"
						
						8,300₫
						
					",,https://thienlong.vn/products/but-gel-joyee-thien-long-gel-067-muc-kho-sieu-nhanh
5,Bút Gel - Gel xóa được Thiên Long - Mua 5 tặng 1,50015944,Thiên Long,https://product.hstatic.net/1000230347/product/banner_4_dcecff80a8624c46b05d54b9bc67d45f_1__4b15247002d84f4d9d8980871acca8b7_1024x1024.png*****https://product.hstatic.net/1000230347/product/banner_4_6_de146446ab5a4352834940ef1af0dd24_1__ede853a07b164a3596349e0c529f7167_1024x1024.png*****https://product.hstatic.net/1000230347/product/banner_5_e3360e20f68541cc91b7126de8db324c_1__686fcfa780bb40afa79ad4e7025e9ee3_1024x1024.png*****https://product.hstatic.net/1000230347/product/gel-012_ce75df4bc25640d8851e7cf063695ede_1__faf39f24df774957ba01913193b5d20b_1024x1024.jpg*****https://theme.hstatic.net/1000230347/1000782290/14/product-placeholder.png?v=26572,"
						
						74,000₫
						
					",,https://thienlong.vn/products/but-gel-gel-xoa-duoc-thien-long-mua-5-tang-1
6,Bút gel Quick Dry Thiên Long GEL-066 - Premium Tip - Vật liệu tái chế,50014655,Thiên Long,https://product.hstatic.net/1000230347/product/artboard_2_copy_39ed7fd3eaa541ba99a2682833ab421c_1024x1024.jpg*****https://product.hstatic.net/1000230347/product/artboard_4_copy_2_64c8189269bb43c4b960f20f1e385ba8_1024x1024.jpg*****https://product.hstatic.net/1000230347/product/artboard_4_copy_f53c07040b5c41c8b053974476293821_1024x1024.jpg*****https://product.hstatic.net/1000230347/product/artboard_4-1_3096ddf6a78d4efe95ac91c85f3a4d67_1024x1024.jpg*****https://theme.hstatic.net/1000230347/1000782290/14/product-placeholder.png?v=26572*****https://theme.hstatic.net/1000230347/1000782290/14/product-placeholder.png?v=26572*****https://theme.hstatic.net/1000230347/1000782290/14/product-placeholder.png?v=26572*****https://theme.hstatic.net/1000230347/1000782290/14/product-placeholder.png?v=26572*****https://theme.hstatic.net/1000230347/1000782290/14/product-placeholder.png?v=26572*****https://theme.hstatic.net/1000230347/1000782290/14/product-placeholder.png?v=26572,"
						
						16,500₫
						
					",,https://thienlong.vn/products/but-gel-quick-dry-thien-long-gel-066-premium-tip-vat-lieu-tai-che
7,Combo 20 Bút Gel Thiên Long Doraemon GEL-012/DO Nature - Mực tím - Phiên bản 2025,50014077CB20,Thiên Long,https://product.hstatic.net/1000230347/product/artboard_1_copy_1b49d4d651344c98be698ad2f927092a_1024x1024.jpg*****https://product.hstatic.net/1000230347/product/artboard_1_20947afd212541aca7c8c035a66e5123_1024x1024.jpg,"200,000₫",,https://thienlong.vn/products/combo-20-but-gel-thien-long-doraemon-gel-012-do-nature-muc-tim-phien-ban-2025
8,Bút Gel Thiên Long Doraemon GEL-012/DO Nature - Mực tím - Phiên bản 2025,50014077,Thiên Long,https://product.hstatic.net/1000230347/product/artboard_1_copy_7d6588c3df684bc681ecac93647e6efc_1024x1024.jpg*****https://product.hstatic.net/1000230347/product/artboard_1_32bfe311c5e542c7a1963d63429f26c8_1024x1024.jpg*****https://product.hstatic.net/1000230347/product/artboard_1_copy_2_23f4de652bfa46d2a71131929630e40b_1024x1024.jpg,"10,000₫",,https://thienlong.vn/products/but-gel-thien-long-doraemon-gel-012-do-nature-muc-tim-phien-ban-2025
9,Bút mực gel khô nhanh - nét viết êm mượt Flexgel Thiên Long GEL-042 - Dành cho Văn Phòng Sinh Viên Học sinh,50013257,Thiên Long,https://product.hstatic.net/1000230347/product/artboard_1_8192b6e8ab314c51b009b201eb39eac2_1024x1024.jpg*****https://product.hstatic.net/1000230347/product/artboard_2_fa376b2197db47ddb54b55921b3f375b_1024x1024.jpg*****https://product.hstatic.net/1000230347/product/artboard_3_23befcf67c7544649e51d81ef7e6d14d_1024x1024.jpg*****https://product.hstatic.net/1000230347/product/artboard_4_d6a74fb6764248f48affe363cfcd9578_1024x1024.jpg*****https://theme.hstatic.net/1000230347/1000782290/14/product-placeholder.png?v=26572*****https://theme.hstatic.net/1000230347/1000782290/14/product-placeholder.png?v=26572*****https://theme.hstatic.net/1000230347/1000782290/14/product-placeholder.png?v=26572*****https://theme.hstatic.net/1000230347/1000782290/14/product-placeholder.png?v=26572*****https://theme.hstatic.net/1000230347/1000782290/14/product-placeholder.png?v=26572*****https://theme.hstatic.net/1000230347/1000782290/14/product-placeholder.png?v=26572*****https://theme.hstatic.net/1000230347/1000782290/14/product-placeholder.png?v=26572*****https://theme.hstatic.net/1000230347/1000782290/14/product-placeholder.png?v=26572,"
						
						5,000₫
						
					",,https://thienlong.vn/products/but-gel-flexgel-thien-long-gel-042
10,Hộp 20 Bút Bi Thiên Long TL-027,50000069CB20,Thiên Long,https://product.hstatic.net/1000230347/product/artboard_6_6c8928b45fc8409fbae705e585f3d9df_1024x1024.jpg*****https://product.hstatic.net/1000230347/product/artboard_2_31fd6877f77b468abb82d340a70862db_1024x1024.jpg*****https://product.hstatic.net/1000230347/product/artboard_11_e7809401308042d9ab29ed2c69cd8a75_1024x1024.jpg*****https://product.hstatic.net/1000230347/product/artboard_13_913f2a973ebf46ae863b3b7819ad1eb1_1024x1024.jpg*****https://theme.hstatic.net/1000230347/1000782290/14/product-placeholder.png?v=26572*****https://theme.hstatic.net/1000230347/1000782290/14/product-placeholder.png?v=26572*****https://theme.hstatic.net/1000230347/1000782290/14/product-placeholder.png?v=26572*****https://theme.hstatic.net/1000230347/1000782290/14/product-placeholder.png?v=26572*****https://theme.hstatic.net/1000230347/1000782290/14/product-placeholder.png?v=26572*****https://theme.hstatic.net/1000230347/1000782290/14/product-placeholder.png?v=26572*****https://theme.hstatic.net/1000230347/1000782290/14/product-placeholder.png?v=26572*****https://theme.hstatic.net/1000230347/1000782290/14/product-placeholder.png?v=26572*****https://theme.hstatic.net/1000230347/1000782290/14/product-placeholder.png?v=26572*****https://theme.hstatic.net/1000230347/1000782290/14/product-placeholder.png?v=26572*****https://theme.hstatic.net/1000230347/1000782290/14/product-placeholder.png?v=26572,"
						
						118,000₫
						
					",,https://thienlong.vn/products/hop-20-but-bi-thien-long-tl-027
11,"Bút gel 2 viên bi Thiên Long Flexoffice FO-GEL18/VN - Mực nước, đậm, tươi",50007418,Flexoffice,https://product.hstatic.net/1000230347/product/fo-gel18_vn_tim_2_f1b99fc065114016bc50508916d22ff4_1024x1024.jpg*****https://product.hstatic.net/1000230347/product/fo-gel18_vn_tim_7bc465f0ad1d480da69ecd7738f5a4e0_1024x1024.jpg*****https://product.hstatic.net/1000230347/product/fo-gel18_vn_xanh_860a4f56dac34c2f95d56a16586a86d5_1024x1024.jpg,"
						
						7,500₫
						
					",,https://thienlong.vn/products/but-gel-2-vien-bi-thien-long-flexoffice-fo-gel18-vn-muc-nuoc-dam-tuoi
12,Bút bi Thiên Long Flexoffice FO-030/VN 0.7mm - Mực đạt tiêu chuẩn châu Âu,50007148,Flexoffice,https://product.hstatic.net/1000230347/product/artboard_1_4aeee595c62c4813a1ab52ff4fe6d628_1024x1024.jpg*****https://product.hstatic.net/1000230347/product/artboard_6-2_42e989d41263453f8871d738f0b65570_1024x1024.jpg*****https://product.hstatic.net/1000230347/product/artboard_6_3f97304982554095ac83f64215688bf2_1024x1024.jpg*****https://product.hstatic.net/1000230347/product/artboard_6_copy_3_d0d60c1460d44fa3bbf2d3df3f180c13_1024x1024.jpg*****https://theme.hstatic.net/1000230347/1000782290/14/product-placeholder.png?v=26572*****https://theme.hstatic.net/1000230347/1000782290/14/product-placeholder.png?v=26572,"
						
						14,000₫
						
					",,https://thienlong.vn/products/but-bi-thien-long-flexoffice-fo-030-vn-0-7mm-muc-dat-tieu-chuan-chau-au
13,Bút chì bấm Neon Thiên Long Colokit PC-C002,60002022,Colokit,https://product.hstatic.net/1000230347/product/artboard_1_copy_472c9ba38a7c46369b92e74e05840c26_1024x1024.jpg*****https://product.hstatic.net/1000230347/product/artboard_1_16f93432ef594b5db28f48a298fd6bc2_1024x1024.jpg*****https://product.hstatic.net/1000230347/product/artboard_4_549d4e1c943f41a4a750701a80ed38a6_1024x1024.jpg*****https://product.hstatic.net/1000230347/product/artboard_5_c21225f8aec24bc19d98a33b876c5a4d_1024x1024.jpg*****https://theme.hstatic.net/1000230347/1000782290/14/product-placeholder.png?v=26572*****https://theme.hstatic.net/1000230347/1000782290/14/product-placeholder.png?v=26572*****https://theme.hstatic.net/1000230347/1000782290/14/product-placeholder.png?v=26572,"6,600₫",,https://thienlong.vn/products/but-chi-bam-neon-thien-long-colokit-pc-c002
14,Bút gel xóa được Thiên Long Điểm 10 TP-GELE002,50010169,Điểm 10,https://product.hstatic.net/1000230347/product/artboard_3-2_23fcecb216454c9abe2e55490e09ac43_1024x1024.jpg*****https://product.hstatic.net/1000230347/product/artboard_4_e6f8dda1054d4da980adbe47db534f6d_1024x1024.jpg*****https://product.hstatic.net/1000230347/product/artboard_2-2_cfb6a948a5794571bf09c1d28de2d22d_1024x1024.jpg*****https://product.hstatic.net/1000230347/product/artboard_1_eb6bb2d52b4f496a9779dc37ecd5119e_1024x1024.jpg*****https://theme.hstatic.net/1000230347/1000782290/14/product-placeholder.png?v=26572*****https://theme.hstatic.net/1000230347/1000782290/14/product-placeholder.png?v=26572*****https://theme.hstatic.net/1000230347/1000782290/14/product-placeholder.png?v=26572*****https://theme.hstatic.net/1000230347/1000782290/14/product-placeholder.png?v=26572*****https://theme.hstatic.net/1000230347/1000782290/14/product-placeholder.png?v=26572,"
						
						14,700₫
						
					",,https://thienlong.vn/products/but-gel-xoa-duoc-thien-long-diem-10-tp-gele002
15,Bút Gel xóa được Mondee Điểm 10 TP-GELE003,50010611,Điểm 10,https://product.hstatic.net/1000230347/product/artboard_2_cddfc933eaed41f3b6ee4c8d6401c850_1024x1024.jpg*****https://product.hstatic.net/1000230347/product/artboard_1_3d9328ec32e441f1a968f52b23c8cff6_1024x1024.jpg*****https://product.hstatic.net/1000230347/product/artboard_6_copy_2_b6c120408f26452e98be7798781ed6cc_1024x1024.jpg*****https://product.hstatic.net/1000230347/product/artboard_6_copy_3_211482bc88334faab56259551ff51827_1024x1024.jpg*****https://theme.hstatic.net/1000230347/1000782290/14/product-placeholder.png?v=26572*****https://theme.hstatic.net/1000230347/1000782290/14/product-placeholder.png?v=26572*****https://theme.hstatic.net/1000230347/1000782290/14/product-placeholder.png?v=26572*****https://theme.hstatic.net/1000230347/1000782290/14/product-placeholder.png?v=26572*****https://theme.hstatic.net/1000230347/1000782290/14/product-placeholder.png?v=26572*****https://theme.hstatic.net/1000230347/1000782290/14/product-placeholder.png?v=26572,"
						
						15,200₫
						
					",,https://thienlong.vn/products/but-gel-diem-10-xoa-duoc-tp-gele003
16,Bút chì gỗ 2B Điểm 10 TP-GP06,60001696,Điểm 10,https://product.hstatic.net/1000230347/product/e_534e9566cd6e4fd78c0ecc868150e8ea_1024x1024.jpg*****https://product.hstatic.net/1000230347/product/but_chi_go_2b_diem_10_tp-gp06_16541f2285a940859817532bce2a3f09_1024x1024.jpg*****https://product.hstatic.net/1000230347/product/tp-gp06_4_a8acb2bd524d48dab1d994190a725755_1024x1024.jpg*****https://product.hstatic.net/1000230347/product/tp-gp06_14_e5c08e36a5334458bdcfda6da7b7a1e2_1024x1024.jpg*****https://theme.hstatic.net/1000230347/1000782290/14/product-placeholder.png?v=26572*****https://theme.hstatic.net/1000230347/1000782290/14/product-placeholder.png?v=26572*****https://theme.hstatic.net/1000230347/1000782290/14/product-placeholder.png?v=26572*****https://theme.hstatic.net/1000230347/1000782290/14/product-placeholder.png?v=26572*****https://theme.hstatic.net/1000230347/1000782290/14/product-placeholder.png?v=26572*****https://theme.hstatic.net/1000230347/1000782290/14/product-placeholder.png?v=26572*****https://theme.hstatic.net/1000230347/1000782290/14/product-placeholder.png?v=26572*****https://theme.hstatic.net/1000230347/1000782290/14/product-placeholder.png?v=26572*****https://theme.hstatic.net/1000230347/1000782290/14/product-placeholder.png?v=26572,"5,300₫",,https://thienlong.vn/products/but-chi-go-diem-10-tp-gp06
17,Bút chì gỗ HB Điểm 10 TP-GP05,60001695,Điểm 10,https://product.hstatic.net/1000230347/product/artboard_3_copy_ce60d954356e49b68c63884227360b4c_1024x1024.jpg*****https://product.hstatic.net/1000230347/product/artboard_3_b3e6e8a5d9b74e919c2dd147aab5b763_1024x1024.jpg*****https://product.hstatic.net/1000230347/product/artboard_2_947eb9296a294f7b93ae81ab6832b6c2_1024x1024.jpg*****https://product.hstatic.net/1000230347/product/artboard_4_c40e6abf860b41e18d085ae6a772b298_1024x1024.jpg*****https://theme.hstatic.net/1000230347/1000782290/14/product-placeholder.png?v=26572*****https://theme.hstatic.net/1000230347/1000782290/14/product-placeholder.png?v=26572*****https://theme.hstatic.net/1000230347/1000782290/14/product-placeholder.png?v=26572*****https://theme.hstatic.net/1000230347/1000782290/14/product-placeholder.png?v=26572*****https://theme.hstatic.net/1000230347/1000782290/14/product-placeholder.png?v=26572*****https://theme.hstatic.net/1000230347/1000782290/14/product-placeholder.png?v=26572,"5,300₫",,https://thienlong.vn/products/but-chi-go-diem-10-tp-gp05
18,Bút chì gỗ Neon Thiên Long Colokit GP-C01,60001330,Colokit,https://product.hstatic.net/1000230347/product/h_88c0bcaf7a8249d98b99958d49b5a28d_1024x1024.jpg*****https://product.hstatic.net/1000230347/product/gp-c01_copy_d1c200ccfb9c4832986c7ac9f1db449a_1024x1024.jpg*****https://product.hstatic.net/1000230347/product/gp-c01-07_b4173df09968462aac7a012057cc6cf1_1024x1024.jpg*****https://product.hstatic.net/1000230347/product/gp-c01-01_3dfaf95eefce40838f89ba04ca1bc1c3_1024x1024.jpg*****https://theme.hstatic.net/1000230347/1000782290/14/product-placeholder.png?v=26572*****https://theme.hstatic.net/1000230347/1000782290/14/product-placeholder.png?v=26572*****https://theme.hstatic.net/1000230347/1000782290/14/product-placeholder.png?v=26572*****https://theme.hstatic.net/1000230347/1000782290/14/product-placeholder.png?v=26572*****https://theme.hstatic.net/1000230347/1000782290/14/product-placeholder.png?v=26572*****https://theme.hstatic.net/1000230347/1000782290/14/product-placeholder.png?v=26572,"11,200₫",,https://thienlong.vn/products/but-chi-go-2b-colokit-gp-c01
19,Bút chì gỗ Điểm 10 TP-GP08,60001670,Điểm 10,https://product.hstatic.net/1000230347/product/i_4a9a6f8a823141e08750c80002d40b75_1024x1024.jpg*****https://product.hstatic.net/1000230347/product/tp-gp08_copy_5f651ca47a824189bd84e88a2c073218_1024x1024.jpg*****https://product.hstatic.net/1000230347/product/but_chi_go_diem_10_tp-gp08_93b2e23b94794891b1a41b2e3e9cc82f_1024x1024.jpg*****https://product.hstatic.net/1000230347/product/mtsp_but_chi_tp-gp08-17_37e49e409a3742e0a8c6a2c6d8efc87e_1024x1024.jpg*****https://theme.hstatic.net/1000230347/1000782290/14/product-placeholder.png?v=26572*****https://theme.hstatic.net/1000230347/1000782290/14/product-placeholder.png?v=26572*****https://theme.hstatic.net/1000230347/1000782290/14/product-placeholder.png?v=26572*****https://theme.hstatic.net/1000230347/1000782290/14/product-placeholder.png?v=26572*****https://theme.hstatic.net/1000230347/1000782290/14/product-placeholder.png?v=26572,"6,400₫",,https://thienlong.vn/products/but-chi-go-diem-10-tp-gp08
20,Bút chì gỗ Điểm 10 TP-GP015,60001669,Điểm 10,https://product.hstatic.net/1000230347/product/mtsp_but_chi_tp-gp015-9_cbaa70e1dd4e4f3cb0f84bd4f6a101a7_1024x1024.jpg*****https://product.hstatic.net/1000230347/product/mtsp_but_chi_tp-gp015-11_34b09f9367f0426483cb4f7b61af1223_1024x1024.jpg*****https://product.hstatic.net/1000230347/product/mtsp_but_chi_tp-gp015-17_fe4cdcbe3fed4693a564f7c43915d30b_1024x1024.jpg*****https://product.hstatic.net/1000230347/product/mtsp_but_chi_tp-gp015-5_706c0632317d4cdb82ace14c18f4b926_1024x1024.jpg*****https://theme.hstatic.net/1000230347/1000782290/14/product-placeholder.png?v=26572,"6,900₫",,https://thienlong.vn/products/but-chi-go-diem-10-tp-gp015
21,Bút chì gỗ HB Flexoffice FO-GP07/VN,63021971,Flexoffice,https://product.hstatic.net/1000230347/product/fo-gp07-01_d10df6d618cf41f18ad7f1001ff08319_1024x1024.jpg*****https://product.hstatic.net/1000230347/product/fo-gp07-02_192ddd306725444ab811e6ad0bf4d61d_1024x1024.jpg*****https://product.hstatic.net/1000230347/product/fo-gp07-05_5a9a3016023e404294903fe6e3b8deae_1024x1024.jpg*****https://product.hstatic.net/1000230347/product/fo-gp07-04_f0e552bc3ddf48bd9038d4d714466705_1024x1024.jpg*****https://theme.hstatic.net/1000230347/1000782290/14/product-placeholder.png?v=26572*****https://theme.hstatic.net/1000230347/1000782290/14/product-placeholder.png?v=26572,"4,500₫",,https://thienlong.vn/products/but-chi-go-hb-flexoffice-fo-gp07-vn
22,Bút chì gỗ 2B Flexoffice FO-GP06/VN,63021970,Flexoffice,https://product.hstatic.net/1000230347/product/fo-gp06-01_cacfb13a41fe459c9f7cf3d6534ea23f_1024x1024.jpg*****https://product.hstatic.net/1000230347/product/fo-gp06-02_f778c3830e334ca888e61bc21a7c0ad6_1024x1024.jpg*****https://product.hstatic.net/1000230347/product/fo-gp06-03_5705faf011f148e2bce403235adc1639_1024x1024.jpg*****https://product.hstatic.net/1000230347/product/fo-gp06-04_2e980976b03a49d3ad09332d9b87630c_1024x1024.jpg*****https://theme.hstatic.net/1000230347/1000782290/14/product-placeholder.png?v=26572,"4,300₫",,https://thienlong.vn/products/but-chi-go-2b-flexoffice-fo-gp06-vn
23,"Hộp 12 bút lông dầu mỹ thuật Colokit PM-C01 vẽ được trên nhiều chất liệu, màu mực đậm, tươi sáng",50009351,Colokit,https://product.hstatic.net/1000230347/product/banner_2_5_2a8f47b8b6224c6bbd31089cdbb5809a_1024x1024.png*****https://product.hstatic.net/1000230347/product/banner_2_5_2a8f47b8b6224c6bbd31089cdbb5809a_1024x1024.png*****https://product.hstatic.net/1000230347/product/banner_5_287a32d6a99842e796a12ce358649ac9_1024x1024.png*****https://product.hstatic.net/1000230347/product/banner_2_84c7eedd527949979e235d969d31397c_1024x1024.png*****https://theme.hstatic.net/1000230347/1000782290/14/product-placeholder.png?v=26572*****https://theme.hstatic.net/1000230347/1000782290/14/product-placeholder.png?v=26572*****https://theme.hstatic.net/1000230347/1000782290/14/product-placeholder.png?v=26572*****https://theme.hstatic.net/1000230347/1000782290/14/product-placeholder.png?v=26572*****https://theme.hstatic.net/1000230347/1000782290/14/product-placeholder.png?v=26572*****https://theme.hstatic.net/1000230347/1000782290/14/product-placeholder.png?v=26572*****https://theme.hstatic.net/1000230347/1000782290/14/product-placeholder.png?v=26572*****https://theme.hstatic.net/1000230347/1000782290/14/product-placeholder.png?v=26572,"173,000₫",,https://thienlong.vn/products/but-long-dau-my-thuat-colokit-pm-c01
24,Bút Gel FlexOffice FO-GEL018 M2 (FS),50007419,Flexoffice,https://product.hstatic.net/1000230347/product/but_gel_flexoffice_fo-gel018_m2_a3f9da78667b48e89cbc9533461556a7_1024x1024.png*****https://product.hstatic.net/1000230347/product/gel018_m2__fs__copy_af3216d9b7f6429b9558e96a0d624ea5_1024x1024.jpg*****https://product.hstatic.net/1000230347/product/but_gel_flexoffice_fo-gel018_m2__fs__b0152892f1a4422ca75bc837c09a2d79_1024x1024.jpg*****https://product.hstatic.net/1000230347/product/fo-gel018m2do_1c133382f7924b8a8188179d0066e3e9_1024x1024.jpg*****https://theme.hstatic.net/1000230347/1000782290/14/product-placeholder.png?v=26572*****https://theme.hstatic.net/1000230347/1000782290/14/product-placeholder.png?v=26572*****https://theme.hstatic.net/1000230347/1000782290/14/product-placeholder.png?v=26572*****https://theme.hstatic.net/1000230347/1000782290/14/product-placeholder.png?v=26572*****https://theme.hstatic.net/1000230347/1000782290/14/product-placeholder.png?v=26572*****https://theme.hstatic.net/1000230347/1000782290/14/product-placeholder.png?v=26572*****https://theme.hstatic.net/1000230347/1000782290/14/product-placeholder.png?v=26572*****https://theme.hstatic.net/1000230347/1000782290/14/product-placeholder.png?v=26572*****https://theme.hstatic.net/1000230347/1000782290/14/product-placeholder.png?v=26572,"
						
						6,000₫
						
					",,https://thienlong.vn/products/but-gel-flexoffice-fo-gel018-m2
25,Bút chì bấm Thiên Long PC-024,60001865,Thiên Long,https://product.hstatic.net/1000230347/product/daa_3274e0a355114ad99e2598b6f772419f_1024x1024.jpg*****https://product.hstatic.net/1000230347/product/pc-024_3_a7e760b532ae49dc9f1dcb70c14b5f35_1024x1024.jpg*****https://product.hstatic.net/1000230347/product/pc-024_2_ad6abfa5924544a784a43bb411077769_1024x1024.jpg*****https://product.hstatic.net/1000230347/product/pc-024_4_7ee39f6c80254adb8cd5bccff8bd1665_1024x1024.jpg*****https://theme.hstatic.net/1000230347/1000782290/14/product-placeholder.png?v=26572*****https://theme.hstatic.net/1000230347/1000782290/14/product-placeholder.png?v=26572,"23,900₫",,https://thienlong.vn/products/but-chi-bam-thien-long-pc-024
26,Bút chì bấm Điểm 10 TP-PC01,60001866,Điểm 10,https://product.hstatic.net/1000230347/product/artboard_1_copy_1c466219869145068290ba6b1762b45b_1024x1024.jpg*****https://product.hstatic.net/1000230347/product/artboard_2_4d6c32ba094c400f9827c57fd44e4135_1024x1024.jpg*****https://product.hstatic.net/1000230347/product/artboard_3_709b3cd5a6d74fb19aabb228007ec7f6_1024x1024.jpg*****https://product.hstatic.net/1000230347/product/artboard_5-2_1014d8a6085440a6a4525efc1e7c6edb_1024x1024.jpg*****https://theme.hstatic.net/1000230347/1000782290/14/product-placeholder.png?v=26572*****https://theme.hstatic.net/1000230347/1000782290/14/product-placeholder.png?v=26572*****https://theme.hstatic.net/1000230347/1000782290/14/product-placeholder.png?v=26572*****https://theme.hstatic.net/1000230347/1000782290/14/product-placeholder.png?v=26572,"9,400₫",,https://thienlong.vn/products/but-chi-bam-diem-10-tp-pc01
27,Bút chì mỹ thuật Thiên Long 6B GP-025,60000907,Thiên Long,https://product.hstatic.net/1000230347/product/42f_7c6164f1a0b6422c86b5c76288ef4099_1024x1024.jpg*****https://product.hstatic.net/1000230347/product/25_298304715db84ae18eaad096764f3fc6_1024x1024.jpg*****https://product.hstatic.net/1000230347/product/25_5_e7e5a2595f864ae0a8e394953ca1db93_1024x1024.jpg*****https://product.hstatic.net/1000230347/product/25_6_7efd8390aa6f44f78a3617ae9cc6a2f3_1024x1024.jpg*****https://theme.hstatic.net/1000230347/1000782290/14/product-placeholder.png?v=26572*****https://theme.hstatic.net/1000230347/1000782290/14/product-placeholder.png?v=26572*****https://theme.hstatic.net/1000230347/1000782290/14/product-placeholder.png?v=26572*****https://theme.hstatic.net/1000230347/1000782290/14/product-placeholder.png?v=26572*****https://theme.hstatic.net/1000230347/1000782290/14/product-placeholder.png?v=26572*****https://theme.hstatic.net/1000230347/1000782290/14/product-placeholder.png?v=26572*****https://theme.hstatic.net/1000230347/1000782290/14/product-placeholder.png?v=26572*****https://theme.hstatic.net/1000230347/1000782290/14/product-placeholder.png?v=26572*****https://theme.hstatic.net/1000230347/1000782290/14/product-placeholder.png?v=26572*****https://theme.hstatic.net/1000230347/1000782290/14/product-placeholder.png?v=26572*****https://theme.hstatic.net/1000230347/1000782290/14/product-placeholder.png?v=26572*****https://theme.hstatic.net/1000230347/1000782290/14/product-placeholder.png?v=26572*****https://theme.hstatic.net/1000230347/1000782290/14/product-placeholder.png?v=26572*****https://theme.hstatic.net/1000230347/1000782290/14/product-placeholder.png?v=26572*****https://theme.hstatic.net/1000230347/1000782290/14/product-placeholder.png?v=26572*****https://theme.hstatic.net/1000230347/1000782290/14/product-placeholder.png?v=26572*****https://theme.hstatic.net/1000230347/1000782290/14/product-placeholder.png?v=26572*****https://theme.hstatic.net/1000230347/1000782290/14/product-placeholder.png?v=26572*****https://theme.hstatic.net/1000230347/1000782290/14/product-placeholder.png?v=26572*****https://theme.hstatic.net/1000230347/1000782290/14/product-placeholder.png?v=26572*****https://theme.hstatic.net/1000230347/1000782290/14/product-placeholder.png?v=26572*****https://theme.hstatic.net/1000230347/1000782290/14/product-placeholder.png?v=26572,"9,100₫",,https://thienlong.vn/products/but-chi-my-thuat-thien-long-6b-gp-025
28,Bút chì mỹ thuật Thiên Long 5B GP-024,60000906,Thiên Long,https://product.hstatic.net/1000230347/product/untitled-das1_64eb9325189d47f0a77d42eb9907c5fa_1024x1024.jpg*****https://product.hstatic.net/1000230347/product/24_2_2242930486874f0ba0556b602946bdae_1024x1024.jpg*****https://product.hstatic.net/1000230347/product/432_4765945174274be98dd00fdf64d86330_1024x1024.jpg*****https://product.hstatic.net/1000230347/product/23_1_06d308c1e5df4e2f932e03c5a054ad9d_1024x1024.jpg*****https://theme.hstatic.net/1000230347/1000782290/14/product-placeholder.png?v=26572*****https://theme.hstatic.net/1000230347/1000782290/14/product-placeholder.png?v=26572*****https://theme.hstatic.net/1000230347/1000782290/14/product-placeholder.png?v=26572*****https://theme.hstatic.net/1000230347/1000782290/14/product-placeholder.png?v=26572*****https://theme.hstatic.net/1000230347/1000782290/14/product-placeholder.png?v=26572*****https://theme.hstatic.net/1000230347/1000782290/14/product-placeholder.png?v=26572*****https://theme.hstatic.net/1000230347/1000782290/14/product-placeholder.png?v=26572*****https://theme.hstatic.net/1000230347/1000782290/14/product-placeholder.png?v=26572*****https://theme.hstatic.net/1000230347/1000782290/14/product-placeholder.png?v=26572*****https://theme.hstatic.net/1000230347/1000782290/14/product-placeholder.png?v=26572*****https://theme.hstatic.net/1000230347/1000782290/14/product-placeholder.png?v=26572*****https://theme.hstatic.net/1000230347/1000782290/14/product-placeholder.png?v=26572*****https://theme.hstatic.net/1000230347/1000782290/14/product-placeholder.png?v=26572*****https://theme.hstatic.net/1000230347/1000782290/14/product-placeholder.png?v=26572*****https://theme.hstatic.net/1000230347/1000782290/14/product-placeholder.png?v=26572*****https://theme.hstatic.net/1000230347/1000782290/14/product-placeholder.png?v=26572*****https://theme.hstatic.net/1000230347/1000782290/14/product-placeholder.png?v=26572*****https://theme.hstatic.net/1000230347/1000782290/14/product-placeholder.png?v=26572*****https://theme.hstatic.net/1000230347/1000782290/14/product-placeholder.png?v=26572*****https://theme.hstatic.net/1000230347/1000782290/14/product-placeholder.png?v=26572*****https://theme.hstatic.net/1000230347/1000782290/14/product-placeholder.png?v=26572*****https://theme.hstatic.net/1000230347/1000782290/14/product-placeholder.png?v=26572,"8,300₫",,https://thienlong.vn/products/but-chi-my-thuat-thien-long-5b-gp-024
29,Bút chì mỹ thuật Thiên Long 4B GP-023,60000905,Thiên Long,https://product.hstatic.net/1000230347/product/432_4765945174274be98dd00fdf64d86330_1024x1024.jpg*****https://product.hstatic.net/1000230347/product/23_1_06d308c1e5df4e2f932e03c5a054ad9d_1024x1024.jpg*****https://product.hstatic.net/1000230347/product/23_6_bcc7fba20d8f4186a17de52621653d98_1024x1024.jpg*****https://product.hstatic.net/1000230347/product/23_7_980ba1b5a28747baa71926f08e70a36d_1024x1024.jpg*****https://theme.hstatic.net/1000230347/1000782290/14/product-placeholder.png?v=26572*****https://theme.hstatic.net/1000230347/1000782290/14/product-placeholder.png?v=26572*****https://theme.hstatic.net/1000230347/1000782290/14/product-placeholder.png?v=26572*****https://theme.hstatic.net/1000230347/1000782290/14/product-placeholder.png?v=26572*****https://theme.hstatic.net/1000230347/1000782290/14/product-placeholder.png?v=26572*****https://theme.hstatic.net/1000230347/1000782290/14/product-placeholder.png?v=26572*****https://theme.hstatic.net/1000230347/1000782290/14/product-placeholder.png?v=26572*****https://theme.hstatic.net/1000230347/1000782290/14/product-placeholder.png?v=26572*****https://theme.hstatic.net/1000230347/1000782290/14/product-placeholder.png?v=26572*****https://theme.hstatic.net/1000230347/1000782290/14/product-placeholder.png?v=26572*****https://theme.hstatic.net/1000230347/1000782290/14/product-placeholder.png?v=26572*****https://theme.hstatic.net/1000230347/1000782290/14/product-placeholder.png?v=26572*****https://theme.hstatic.net/1000230347/1000782290/14/product-placeholder.png?v=26572*****https://theme.hstatic.net/1000230347/1000782290/14/product-placeholder.png?v=26572*****https://theme.hstatic.net/1000230347/1000782290/14/product-placeholder.png?v=26572*****https://theme.hstatic.net/1000230347/1000782290/14/product-placeholder.png?v=26572*****https://theme.hstatic.net/1000230347/1000782290/14/product-placeholder.png?v=26572*****https://theme.hstatic.net/1000230347/1000782290/14/product-placeholder.png?v=26572*****https://theme.hstatic.net/1000230347/1000782290/14/product-placeholder.png?v=26572*****https://theme.hstatic.net/1000230347/1000782290/14/product-placeholder.png?v=26572*****https://theme.hstatic.net/1000230347/1000782290/14/product-placeholder.png?v=26572*****https://theme.hstatic.net/1000230347/1000782290/14/product-placeholder.png?v=26572,"7,800₫",,https://thienlong.vn/products/but-chi-my-thuat-thien-long-4b-gp-023
30,Bút chì mỹ thuật Thiên Long 3B GP-022,60000904,Thiên Long,https://product.hstatic.net/1000230347/product/adfdsf_15a97ce17b494b9193c2836313e72b76_1024x1024.jpg*****https://product.hstatic.net/1000230347/product/22_1_1e8df87b84774485a705d5f3eebbd56c_1024x1024.jpg*****https://product.hstatic.net/1000230347/product/22_7_5fd77dac704e455bb0fb98ff83d600b0_1024x1024.jpg*****https://product.hstatic.net/1000230347/product/22_5_385b696b1132437cbfcbb9bb5489ae23_1024x1024.jpg*****https://theme.hstatic.net/1000230347/1000782290/14/product-placeholder.png?v=26572*****https://theme.hstatic.net/1000230347/1000782290/14/product-placeholder.png?v=26572*****https://theme.hstatic.net/1000230347/1000782290/14/product-placeholder.png?v=26572*****https://theme.hstatic.net/1000230347/1000782290/14/product-placeholder.png?v=26572*****https://theme.hstatic.net/1000230347/1000782290/14/product-placeholder.png?v=26572*****https://theme.hstatic.net/1000230347/1000782290/14/product-placeholder.png?v=26572*****https://theme.hstatic.net/1000230347/1000782290/14/product-placeholder.png?v=26572*****https://theme.hstatic.net/1000230347/1000782290/14/product-placeholder.png?v=26572*****https://theme.hstatic.net/1000230347/1000782290/14/product-placeholder.png?v=26572*****https://theme.hstatic.net/1000230347/1000782290/14/product-placeholder.png?v=26572*****https://theme.hstatic.net/1000230347/1000782290/14/product-placeholder.png?v=26572*****https://theme.hstatic.net/1000230347/1000782290/14/product-placeholder.png?v=26572*****https://theme.hstatic.net/1000230347/1000782290/14/product-placeholder.png?v=26572*****https://theme.hstatic.net/1000230347/1000782290/14/product-placeholder.png?v=26572*****https://theme.hstatic.net/1000230347/1000782290/14/product-placeholder.png?v=26572*****https://theme.hstatic.net/1000230347/1000782290/14/product-placeholder.png?v=26572*****https://theme.hstatic.net/1000230347/1000782290/14/product-placeholder.png?v=26572*****https://theme.hstatic.net/1000230347/1000782290/14/product-placeholder.png?v=26572*****https://theme.hstatic.net/1000230347/1000782290/14/product-placeholder.png?v=26572*****https://theme.hstatic.net/1000230347/1000782290/14/product-placeholder.png?v=26572*****https://theme.hstatic.net/1000230347/1000782290/14/product-placeholder.png?v=26572*****https://theme.hstatic.net/1000230347/1000782290/14/product-placeholder.png?v=26572,"7,800₫",,https://thienlong.vn/products/but-chi-my-thuat-thien-long-3b-gp-022
31,Bút bi Điểm 10 Sweetme TP-08,50009445,Điểm 10,https://product.hstatic.net/1000230347/product/but-bi-diem-10-sweetme-tp-08_c5832bd766514f7d9ccd4ab4ef4f0b33_1024x1024.jpg*****https://product.hstatic.net/1000230347/product/tp-08_copy_c3ac5b6328dd45d48a25d866f6ed1a74_1024x1024.jpg*****https://product.hstatic.net/1000230347/product/but_bi_diem_10_sweetme_tp-08_2aa86e0ce3b64dc191cc31b57e029042_1024x1024.jpg*****https://product.hstatic.net/1000230347/product/tp-08-01_746974156cd1494b8801138073e12903_1024x1024.jpg*****https://theme.hstatic.net/1000230347/1000782290/14/product-placeholder.png?v=26572*****https://theme.hstatic.net/1000230347/1000782290/14/product-placeholder.png?v=26572*****https://theme.hstatic.net/1000230347/1000782290/14/product-placeholder.png?v=26572*****https://theme.hstatic.net/1000230347/1000782290/14/product-placeholder.png?v=26572*****https://theme.hstatic.net/1000230347/1000782290/14/product-placeholder.png?v=26572,"
						
						5,000₫
						
					",,https://thienlong.vn/products/but-bi-diem-10-sweetme-tp-08
32,Bút xóa FlexOffice FO-CP02/VN,63020227,Flexoffice,https://product.hstatic.net/1000230347/product/img_9447_12ea912dd46e4e45b6319d6e4683f11a_1024x1024.jpg*****https://product.hstatic.net/1000230347/product/abl_0081-1_286dc73ea12445f3ab6758f73ce4b4e4_1024x1024.jpg*****https://product.hstatic.net/1000230347/product/abl_0061_1ac753061b05428c8515dad6066d1a0b_1024x1024.jpg*****https://product.hstatic.net/1000230347/product/abl_0056-1_5da86a655268419fa8a059bf789a037b_1024x1024.jpg*****https://theme.hstatic.net/1000230347/1000782290/14/product-placeholder.png?v=26572*****https://theme.hstatic.net/1000230347/1000782290/14/product-placeholder.png?v=26572*****https://theme.hstatic.net/1000230347/1000782290/14/product-placeholder.png?v=26572,"25,100₫",,https://thienlong.vn/products/but-xoa-flexoffice-fo-cp02-vn
33,Bút lông bảng cao cấp Bizner BIZ-WB02,50004116,Bizner,https://product.hstatic.net/1000230347/product/biz-wb02_7e5e0b82a223487db6f7bed46a75c2d7_1024x1024.jpg*****https://product.hstatic.net/1000230347/product/biz-wb02-04_9201cbe0c25d43a6ac80cb90f33054a9_1024x1024.jpg*****https://product.hstatic.net/1000230347/product/biz-wb02-05_73a6e72e614c4d7dbee79278c33ec9a3_1024x1024.jpg*****https://product.hstatic.net/1000230347/product/biz-wb02-06_a2f9b27c4fe84e80a55ceeda99039dd9_1024x1024.jpg*****https://theme.hstatic.net/1000230347/1000782290/14/product-placeholder.png?v=26572*****https://theme.hstatic.net/1000230347/1000782290/14/product-placeholder.png?v=26572*****https://theme.hstatic.net/1000230347/1000782290/14/product-placeholder.png?v=26572*****https://theme.hstatic.net/1000230347/1000782290/14/product-placeholder.png?v=26572*****https://theme.hstatic.net/1000230347/1000782290/14/product-placeholder.png?v=26572,"
						
						41,300₫
						
					",,https://thienlong.vn/products/but-long-bang-cao-cap-bizner-biz-wb02
34,Bút chì gỗ HB Flexoffice FO-GP03,63019783,Flexoffice,https://product.hstatic.net/1000230347/product/new2_d7f780f9bc2c40a8a71b86ee9073c4a2_1024x1024.jpg*****https://product.hstatic.net/1000230347/product/but_chi_fo-gp03-01_f07da76bde764f6ea75f57d764b2e00f_1024x1024.jpg*****https://product.hstatic.net/1000230347/product/fo-gp03_1__59db75c2dd674f8a98c853cb679e151e_1024x1024.jpg*****https://product.hstatic.net/1000230347/product/but_chi_fo-gp03-02_26bb51b669f8400398d7c3fb8eb5bde0_1024x1024.jpg*****https://theme.hstatic.net/1000230347/1000782290/14/product-placeholder.png?v=26572,"4,300₫",,https://thienlong.vn/products/but-chi-go-hb-flexoffice-fo-gp03
35,Bút chì gỗ cao cấp Bizner BIZ-P03,60001329,Bizner,https://product.hstatic.net/1000230347/product/j_246c932c75da4fe6aa13e44e2ebfbbde_1024x1024.jpg*****https://product.hstatic.net/1000230347/product/biz-p03_2_29ac03b7075249ec911e5a155e09cc7b_1024x1024.jpg*****https://product.hstatic.net/1000230347/product/1_eaf95da3ca7c478ca0f7b434a072c450_1024x1024.jpg*****https://product.hstatic.net/1000230347/product/biz-p03_52ca5f88e6bb48e7acbf83fcd83c9718_1024x1024.jpg*****https://theme.hstatic.net/1000230347/1000782290/14/product-placeholder.png?v=26572*****https://theme.hstatic.net/1000230347/1000782290/14/product-placeholder.png?v=26572*****https://theme.hstatic.net/1000230347/1000782290/14/product-placeholder.png?v=26572*****https://theme.hstatic.net/1000230347/1000782290/14/product-placeholder.png?v=26572*****https://theme.hstatic.net/1000230347/1000782290/14/product-placeholder.png?v=26572,"12,400₫",,https://thienlong.vn/products/but-chi-go-cao-cap-bizner-biz-p03
36,Bút bi Maxxie Thiên Long Điểm 10 TP-05,50008769,Điểm 10,https://product.hstatic.net/1000230347/product/but-bi-maxxie-thien-long-diem-10-tp-05_ca7b8d11c86b46a58714fc857c971929_1024x1024.jpg*****https://product.hstatic.net/1000230347/product/tp-05_2_70779f8c2c944dc7bd44cb723ad041b1_1024x1024.jpg*****https://product.hstatic.net/1000230347/product/tp-05_edd8f4c19b99455a89865f1b876d9e1c_1024x1024.jpg*****https://product.hstatic.net/1000230347/product/1_90759929901e4699a35e8c67bc3214a9_1024x1024.jpg*****https://theme.hstatic.net/1000230347/1000782290/14/product-placeholder.png?v=26572*****https://theme.hstatic.net/1000230347/1000782290/14/product-placeholder.png?v=26572*****https://theme.hstatic.net/1000230347/1000782290/14/product-placeholder.png?v=26572*****https://theme.hstatic.net/1000230347/1000782290/14/product-placeholder.png?v=26572*****https://theme.hstatic.net/1000230347/1000782290/14/product-placeholder.png?v=26572*****https://theme.hstatic.net/1000230347/1000782290/14/product-placeholder.png?v=26572*****https://theme.hstatic.net/1000230347/1000782290/14/product-placeholder.png?v=26572,"
						
						4,100₫
						
					",,https://thienlong.vn/products/but-bi-diem-10-tp-05
37,Bút bi Flexoffice FO-036 - Mực đạt tiêu chuẩn châu Âu,50008422,Flexoffice,https://product.hstatic.net/1000230347/product/but-bi-flexoffice-fo-036---muc-dat-tieu-chuan-chau-au_85bcbfc5392f44349b7ceb91984bbf2a_1024x1024.jpg*****https://product.hstatic.net/1000230347/product/fo-036_2_2b0ed9455a664110bcf57b68e34882cc_1024x1024.jpg*****https://product.hstatic.net/1000230347/product/but_bi_flexoffice_fo-036_d04ed7423ba245738192e64e601e2cae_1024x1024.jpg*****https://product.hstatic.net/1000230347/product/but_bi_fo-036_-01_089a1f35f05348309b42058937efe561_1024x1024.jpg*****https://theme.hstatic.net/1000230347/1000782290/14/product-placeholder.png?v=26572*****https://theme.hstatic.net/1000230347/1000782290/14/product-placeholder.png?v=26572,"
						
						5,300₫
						
					",,https://thienlong.vn/products/but-bi-flexoffice-fo-036
38,Bút bi Điểm 10 TP-06,50008774,Điểm 10,https://product.hstatic.net/1000230347/product/but-bi-diem-10-tp-06_632be6ed7142432dbfd19b74e17ab1fb_1024x1024.jpg*****https://product.hstatic.net/1000230347/product/b7_5e8acb17ead04b80a8058ca24b276bf2_1024x1024.jpg*****https://product.hstatic.net/1000230347/product/tp-06_copy_b2968499ffbd4db6ba1000b3dbde7761_1024x1024.jpg*****https://product.hstatic.net/1000230347/product/1_2e40fa022ea5496fa39a0327e8c23a48_1024x1024.jpg*****https://theme.hstatic.net/1000230347/1000782290/14/product-placeholder.png?v=26572*****https://theme.hstatic.net/1000230347/1000782290/14/product-placeholder.png?v=26572*****https://theme.hstatic.net/1000230347/1000782290/14/product-placeholder.png?v=26572*****https://theme.hstatic.net/1000230347/1000782290/14/product-placeholder.png?v=26572*****https://theme.hstatic.net/1000230347/1000782290/14/product-placeholder.png?v=26572*****https://theme.hstatic.net/1000230347/1000782290/14/product-placeholder.png?v=26572,"
						
					",,https://thienlong.vn/products/but-bi-diem-10-tp-7
39,Bút máy Điểm 10 TP-FTC03,50008039,Điểm 10,https://product.hstatic.net/1000230347/product/tp_ftc03_2_a8f00ad27e4c47d7a427302a24db11cd_1024x1024.jpg*****https://product.hstatic.net/1000230347/product/tp_ftc03_1_7c2a8baa35e3466293cfe55d3db1739d_1024x1024.jpg,"
						
						119,000₫
						
					",,https://thienlong.vn/products/but-may-diem-10-tp-ftc03
40,Bút Gel Điểm 10 xóa được TP-GELE01,50008279,Điểm 10,https://product.hstatic.net/1000230347/product/banner_4_dcecff80a8624c46b05d54b9bc67d45f_1024x1024.png*****https://product.hstatic.net/1000230347/product/banner_4_6_de146446ab5a4352834940ef1af0dd24_1024x1024.png*****https://product.hstatic.net/1000230347/product/banner_5_e3360e20f68541cc91b7126de8db324c_1024x1024.png*****https://product.hstatic.net/1000230347/product/thumbsan_b6064c7e378a424085858c926fae1940_1024x1024.png*****https://theme.hstatic.net/1000230347/1000782290/14/product-placeholder.png?v=26572*****https://theme.hstatic.net/1000230347/1000782290/14/product-placeholder.png?v=26572*****https://theme.hstatic.net/1000230347/1000782290/14/product-placeholder.png?v=26572*****https://theme.hstatic.net/1000230347/1000782290/14/product-placeholder.png?v=26572,"
						
						14,000₫
						
					",,https://thienlong.vn/products/but-gel-diem-10-tp-gele01
41,Bút xóa Điểm 10 TP-CP01,60001201,Điểm 10,https://product.hstatic.net/1000230347/product/but_xoa_tp_cp01_01_a4d224cc811d4432b899ad2de79f2aa1_1024x1024.jpg*****https://product.hstatic.net/1000230347/product/but_xoa_diem_10_tp-cp01_33e88964777042dcbabf84d0a0681f09_1024x1024.jpg*****https://product.hstatic.net/1000230347/product/but_xoa_tp_cp01_02_23a8f31ff0b948adb919c2f604ad0675_1024x1024.jpg*****https://product.hstatic.net/1000230347/product/but_xoa_tp_cp01_03_2abe9e8be4c04fd8a38b7ec8de44d38f_1024x1024.jpg*****https://theme.hstatic.net/1000230347/1000782290/14/product-placeholder.png?v=26572*****https://theme.hstatic.net/1000230347/1000782290/14/product-placeholder.png?v=26572*****https://theme.hstatic.net/1000230347/1000782290/14/product-placeholder.png?v=26572*****https://theme.hstatic.net/1000230347/1000782290/14/product-placeholder.png?v=26572*****https://theme.hstatic.net/1000230347/1000782290/14/product-placeholder.png?v=26572,"21,500₫",,https://thienlong.vn/products/but-xoa-diem-10-tp-cp01
42,Bút Gel Điểm 10 TP-GEL01,50007602,Điểm 10,https://product.hstatic.net/1000230347/product/artboard_1_2c2b2821369b4a54b67823ba34aa3d8d_1024x1024.jpg*****https://product.hstatic.net/1000230347/product/artboard_4_1b1b5a4af4e14f49853ee087099c76d4_1024x1024.jpg*****https://product.hstatic.net/1000230347/product/artboard_4_copy_3_5fd99452872740e499b2761d7d10f553_1024x1024.jpg*****https://product.hstatic.net/1000230347/product/artboard_4_copy_2_eaefb2977d9f408eae9be9f4d228e81d_1024x1024.jpg*****https://theme.hstatic.net/1000230347/1000782290/14/product-placeholder.png?v=26572*****https://theme.hstatic.net/1000230347/1000782290/14/product-placeholder.png?v=26572*****https://theme.hstatic.net/1000230347/1000782290/14/product-placeholder.png?v=26572*****https://theme.hstatic.net/1000230347/1000782290/14/product-placeholder.png?v=26572,"
						
						9,900₫
						
					",,https://thienlong.vn/products/but-gel-thien-long-diem-10-tp-gel01
43,Bút Bi Thiên Long TL-036 1.0MM,50007706,Thiên Long,https://product.hstatic.net/1000230347/product/b9_fa366cd5351741a38de6140ed3786e1d_1024x1024.jpg*****https://product.hstatic.net/1000230347/product/tl-036_1.0mm_23_f1bb825a4d38471f835e3dd69e13f362_1024x1024.jpg*****https://product.hstatic.net/1000230347/product/tl-036_1.0mm_97ff91c7d2844af9a68bae309df1fff3_1024x1024.jpg*****https://product.hstatic.net/1000230347/product/b_t_bi_tl-036_1.0mm__3__1024x1024.jpg*****https://theme.hstatic.net/1000230347/1000782290/14/product-placeholder.png?v=26572,"
						
						16,800₫
						
					",,https://thienlong.vn/products/but-bi-thien-long-tl-036-1-0mm
44,Bút máy cao cấp Bizner BIZ-FT01,50005178,Bizner,https://product.hstatic.net/1000230347/product/artboard_1_9a1ccba0d723482a9d1371b14532c067_1024x1024.jpg*****https://product.hstatic.net/1000230347/product/artboard_3_47ad9c024b944d8bbfa11af8247d84b2_1024x1024.jpg*****https://product.hstatic.net/1000230347/product/artboard_5_c14cc566510d4e0c95e1679470489be6_1024x1024.jpg*****https://product.hstatic.net/1000230347/product/artboard_6_3d3b37eba693440c8a335a3a753f39c3_1024x1024.jpg*****https://theme.hstatic.net/1000230347/1000782290/14/product-placeholder.png?v=26572*****https://theme.hstatic.net/1000230347/1000782290/14/product-placeholder.png?v=26572*****https://theme.hstatic.net/1000230347/1000782290/14/product-placeholder.png?v=26572*****https://theme.hstatic.net/1000230347/1000782290/14/product-placeholder.png?v=26572*****https://theme.hstatic.net/1000230347/1000782290/14/product-placeholder.png?v=26572*****https://theme.hstatic.net/1000230347/1000782290/14/product-placeholder.png?v=26572,"1,311,000₫",,https://thienlong.vn/products/but-may-thien-long-bizner-biz-ft01
45,Bút Gel Điểm 10 TP-GEL03,50007571,Điểm 10,https://product.hstatic.net/1000230347/product/tp-gel03_800d3b4d26f2478687488dc386774a59_1024x1024.jpg*****https://product.hstatic.net/1000230347/product/tp-gel03_copy_68376bf26bf740b5bf291620be9837e6_1024x1024.jpg*****https://product.hstatic.net/1000230347/product/but_gel_diem_10_tp-gel03_04d1fc5c85f74ea59d25c844a2da9b0f_1024x1024.jpg*****https://product.hstatic.net/1000230347/product/1_tim_1024x1024.jpg*****https://theme.hstatic.net/1000230347/1000782290/14/product-placeholder.png?v=26572*****https://theme.hstatic.net/1000230347/1000782290/14/product-placeholder.png?v=26572,"
						
						10,400₫
						
					",,https://thienlong.vn/products/but-gel-thien-long-diem-10-tp-gel03
46,Ruột Bút GEL Thiên Long GR-09,50004943,Thiên Long,https://product.hstatic.net/1000230347/product/423fs_5b82992d004e417d89549e8a4257ff57_1024x1024.jpg*****https://product.hstatic.net/1000230347/product/ruot_but_gel_gr-09_63ef3affa0184ccbaa2d90ac0fe72f5b_1024x1024.jpg*****https://product.hstatic.net/1000230347/product/gr09_1024x1024.png,"
						
						4,000₫
						
					",,https://thienlong.vn/products/ruot-but-gel-gr-09
47,"Ruột Bút Gel Thiên Long GR-04 - Dùng cho bút Gel GEL-04, GEL-08, GEL-012, GEL-012/DO",50010172,Thiên Long,https://product.hstatic.net/1000230347/product/43fds_b17fb01386f4460f867ddd35e167bae2_1024x1024.jpg*****https://product.hstatic.net/1000230347/product/ruot_but_gel_thien_long_gr-04_325d36b8663648df9460425a0b6e9bbd_1024x1024.jpg*****https://product.hstatic.net/1000230347/product/gr04_1024x1024.jpg,"
						
						4,800₫
						
					",,https://thienlong.vn/products/ruot-but-gel-gr-04
48,"Ruột bút Gel Thiên Long GR-01 - Dùng cho bút gel GEL-031, TP-GEL01, TP-GEL03, GEL-011…",50013247,Thiên Long,https://product.hstatic.net/1000230347/product/ewrds_101e10b220834664bf4e3f94bee569e0_1024x1024.jpg*****https://product.hstatic.net/1000230347/product/ruot_but_gel_thien_long_gr-01_d1a5886cab7d4a01a5a69b6aaed207da_1024x1024.jpg*****https://product.hstatic.net/1000230347/product/gr01_1024x1024.jpg,"
						
						4,800₫
						
					",,https://thienlong.vn/products/ruot-but-gel-gr-01
49,"Ruột bút bi Thiên Long BPR-015 - Dùng cho bút bi Thiên Long  TL-079 , TL-089",50003423,Thiên Long,https://product.hstatic.net/1000230347/product/423sdg_92bfbbef4de946689e601ab89aa744c6_1024x1024.jpg*****https://product.hstatic.net/1000230347/product/ruot_but_bi_thien_long_bpr-015_790e2a7c77ab44deba1c9b71a72ecc04_1024x1024.jpg*****https://product.hstatic.net/1000230347/product/untitled-1_1024x1024.jpg,"
						
						3,100₫
						
					",,https://thienlong.vn/products/ruot-but-bi-thien-long-bpr-015
50,Ruột bút bi Thiên Long BPR-08 - Dùng cho bút bi Thiên Long TL-036,50000880,Thiên Long,https://product.hstatic.net/1000230347/product/fdsf_36841285099e4977a8ada272b01c0aac_1024x1024.jpg*****https://product.hstatic.net/1000230347/product/ruot_but_bi_thien_long_bpr-08_405b22bc148c4d6291e787ee1603a5e1_1024x1024.jpg*****https://product.hstatic.net/1000230347/product/ppr08_1024x1024.jpg,"
						
						3,100₫
						
					",,https://thienlong.vn/products/ruot-but-bi-thien-long-bpr-08
51,"Ruột bút bi Thiên Long BPR-05 - Dùng cho bút bi Thiên Long TL-023, TL-025",50000876,Thiên Long,https://product.hstatic.net/1000230347/product/fsd_afd56d749322485d8506fdff18ee17f9_1024x1024.jpg*****https://product.hstatic.net/1000230347/product/ruot_but_bi_thien_long_bpr-05_648153f91d124d10b22da668b60655df_1024x1024.jpg*****https://product.hstatic.net/1000230347/product/bpr05_1024x1024.jpg,"
						
						2,300₫
						
					",,https://thienlong.vn/products/ruot-but-bi-thien-long-bpr-5
52,Ruột bút bi Thiên Long BPR-06,50002130,Thiên Long,https://product.hstatic.net/1000230347/product/42fds_a8b3a081420a4141ad689fe050bae354_1024x1024.jpg*****https://product.hstatic.net/1000230347/product/bpr-06_xanh_a4d6fcc1cde44a36b9c704daaf02e4fe_1024x1024.jpg*****https://product.hstatic.net/1000230347/product/bpr-06_c9f926b3b66b4ab7a47468e91fe337d2_1024x1024.jpg*****https://product.hstatic.net/1000230347/product/bpr-06_2_218f17d1505d46d3ab60445fc721a255_1024x1024.jpg*****https://theme.hstatic.net/1000230347/1000782290/14/product-placeholder.png?v=26572*****https://theme.hstatic.net/1000230347/1000782290/14/product-placeholder.png?v=26572,"
						
						3,000₫
						
					",,https://thienlong.vn/products/ruot-but-bi-thien-long-bpr-06
53,Bút Gel Thiên Long GEL-031,50007172,Thiên Long,https://product.hstatic.net/1000230347/product/gel-031_bb4064d62379444aa2c18c4f3425cf08_1024x1024.jpg*****https://product.hstatic.net/1000230347/product/gel-031_copy_2_3e11ae4029884cf0a74eb0610b237ae2_1024x1024.jpg*****https://product.hstatic.net/1000230347/product/but_gel_thien_long_gel-031_12638b8c20184c5fbe42e69136e1c532_1024x1024.jpg*****https://product.hstatic.net/1000230347/product/abl_3049_1024x1024.jpg*****https://theme.hstatic.net/1000230347/1000782290/14/product-placeholder.png?v=26572,"
						
						8,300₫
						
					",,https://thienlong.vn/products/but-gel-thien-long-gel-031
54,Bút gel Thiên Long Disney Mickey GEL-030/MI (FS),50006852,Thiên Long,https://product.hstatic.net/1000230347/product/but_gel_thien_long_disney_mickey_gel-030_mi_7a900778ed2e43288e93080616b66273_1024x1024.png*****https://product.hstatic.net/1000230347/product/gel-030_mi_copy_4_6beb13fc559f415daef706947ef3f6c9_1024x1024.jpg*****https://product.hstatic.net/1000230347/product/gel-030_mi_copy_3_04273f65f2814d07b3eca08b55c16e98_1024x1024.jpg,"
						
						10,000₫
						
					",,https://thienlong.vn/products/but-gel-thien-long-gel-030-mi
55,Min chì Thiên Long PCL-05,50005125,Thiên Long,https://product.hstatic.net/1000230347/product/432sdfd_f3a5b4c880c24b47a7c8f5c88a9dd988_1024x1024.jpg*****https://product.hstatic.net/1000230347/product/pcl-05_copy_2_729ccbc894084528ad50e4a0c1ef54d8_1024x1024.jpg*****https://product.hstatic.net/1000230347/product/min_chi_thien_long_pcl-05_dccc8ccb41604a9c8db46cd5701e9222_1024x1024.jpg,"4,100₫",,https://thienlong.vn/products/min-chi-thien-long-pcl-05
56,Min chì Thiên Long PCL-03,50002271,Thiên Long,https://product.hstatic.net/1000230347/product/423sfs_9555235560754cc79db84e5682fa825b_1024x1024.jpg*****https://product.hstatic.net/1000230347/product/pcl-03_copy_07dd52d925c64f0ea49072064f45ed1b_1024x1024.jpg*****https://product.hstatic.net/1000230347/product/min_chi_thien_long_pcl-03_c_8068f30b797044bb87c4d213b18302fb_1024x1024.jpg,"8,100₫",,https://thienlong.vn/products/min-chi-thien-long-pcl-03
57,Bút chì khúc Thiên Long PC-09,60000069,Thiên Long,https://product.hstatic.net/1000230347/product/img_9302_85b8189eab5149cc838a85e92662b3bc_1024x1024.jpg*****https://product.hstatic.net/1000230347/product/das2_ca3d374a1028433583747afc13a27ea2_1024x1024.jpg*****https://product.hstatic.net/1000230347/product/pc-09_copy_2_41b0f57681b745f0b41a142955588c2a_1024x1024.jpg*****https://product.hstatic.net/1000230347/product/but_chi_khuc_thien_long_pc-09_ea0a1f1599f94e58854935f3c807ee66_1024x1024.jpg,"5,800₫",,https://thienlong.vn/products/but-chi-khuc-thien-long-pc-09
58,Bút chì gỗ 2B Thiên Long GP-018,60000638,Thiên Long,https://product.hstatic.net/1000230347/product/artboard_8_2_c869af3a3a26454595ed954f9d017824_1024x1024.jpg*****https://product.hstatic.net/1000230347/product/artboard_8_6876e24d08d94230a94ecd5a1a14e221_1024x1024.jpg*****https://product.hstatic.net/1000230347/product/artboard_1_copy_2_6e6bc6251ee4412c819b387047a09e23_1024x1024.jpg*****https://product.hstatic.net/1000230347/product/artboard_1_copy_3_cc0712f05495494ab929e28c42ccd2d3_1024x1024.jpg*****https://theme.hstatic.net/1000230347/1000782290/14/product-placeholder.png?v=26572*****https://theme.hstatic.net/1000230347/1000782290/14/product-placeholder.png?v=26572*****https://theme.hstatic.net/1000230347/1000782290/14/product-placeholder.png?v=26572*****https://theme.hstatic.net/1000230347/1000782290/14/product-placeholder.png?v=26572,"5,000₫",,https://thienlong.vn/products/but-chi-go-thien-long-gp-018
59,Bút chì gỗ Thiên Long GP-01,60000612,Thiên Long,https://product.hstatic.net/1000230347/product/artboard_3_copy_c8c066e27bfe47d3ab2b31f1aa2632d8_1024x1024.jpg*****https://product.hstatic.net/1000230347/product/artboard_3_e77306cd9115496dab35db9bb2961299_1024x1024.jpg*****https://product.hstatic.net/1000230347/product/artboard_1__1__0a52ef15139241d884e26568a9fd4172_1024x1024.jpg*****https://product.hstatic.net/1000230347/product/artboard_1_copy__1__55db68f9c00449728259ef951013ef38_1024x1024.jpg*****https://theme.hstatic.net/1000230347/1000782290/14/product-placeholder.png?v=26572*****https://theme.hstatic.net/1000230347/1000782290/14/product-placeholder.png?v=26572*****https://theme.hstatic.net/1000230347/1000782290/14/product-placeholder.png?v=26572*****https://theme.hstatic.net/1000230347/1000782290/14/product-placeholder.png?v=26572*****https://theme.hstatic.net/1000230347/1000782290/14/product-placeholder.png?v=26572*****https://theme.hstatic.net/1000230347/1000782290/14/product-placeholder.png?v=26572,"4,500₫",,https://thienlong.vn/products/but-chi-go-thien-long-gp-01
60,Ống mực Điểm 10 FPIC-02,50005850,Điểm 10,https://product.hstatic.net/1000230347/product/ong_muc_thien_long_-_diem_10_fpic-02__9__1024x1024.jpg*****https://product.hstatic.net/1000230347/product/ong_muc_thien_long_-_diem_10_fpic-02__10__1024x1024.jpg*****https://product.hstatic.net/1000230347/product/ong_muc_thien_long_-_diem_10_fpic-02__11__1024x1024.jpg*****https://product.hstatic.net/1000230347/product/ong_muc_thien_long_-_diem_10_fpic-02__4__1024x1024.jpg*****https://theme.hstatic.net/1000230347/1000782290/14/product-placeholder.png?v=26572,"
						
						2,300₫
						
					",,https://thienlong.vn/products/ong-muc-thien-long-diem-10-fpic-02
61,Ống mực Thiên Long Điểm 10 FPIC-01,50006143,Điểm 10,https://product.hstatic.net/1000230347/product/ong_muc_thien_long_fpic-01__8__1024x1024.jpg*****https://product.hstatic.net/1000230347/product/fpic-01_copy_b09b003e49ee4abfb168c75d76e3f5d6_1024x1024.jpg*****https://product.hstatic.net/1000230347/product/ong_muc_diem_10_fpic-01_5694b29b25fa47e89e739bf58fbe8419_1024x1024.jpg*****https://product.hstatic.net/1000230347/product/ong_muc_thien_long_fpic-01__9__1024x1024.jpg*****https://theme.hstatic.net/1000230347/1000782290/14/product-placeholder.png?v=26572*****https://theme.hstatic.net/1000230347/1000782290/14/product-placeholder.png?v=26572*****https://theme.hstatic.net/1000230347/1000782290/14/product-placeholder.png?v=26572*****https://theme.hstatic.net/1000230347/1000782290/14/product-placeholder.png?v=26572,"
						
						2,000₫
						
					",,https://thienlong.vn/products/ong-muc-thien-long-diem-10-fpic-01
62,Mực bút máy Điểm 10 Doraemon FPI-08/DO,50002747,Điểm 10,https://product.hstatic.net/1000230347/product/muc_but_may_thien_long_-_diem_10_doraemon_fpi08-do__3__1024x1024.jpg*****https://product.hstatic.net/1000230347/product/fpi-08_do_copy_2_14af649ad992403c9b45ee384d8f4922_1024x1024.jpg*****https://product.hstatic.net/1000230347/product/fpi-08_do_copy_3_bb8349d3233e4a41afb6ecdafe223f93_1024x1024.jpg*****https://product.hstatic.net/1000230347/product/fpi-08_do_copy_a31952686c4342ce94a15bd83200eda1_1024x1024.jpg*****https://theme.hstatic.net/1000230347/1000782290/14/product-placeholder.png?v=26572*****https://theme.hstatic.net/1000230347/1000782290/14/product-placeholder.png?v=26572*****https://theme.hstatic.net/1000230347/1000782290/14/product-placeholder.png?v=26572*****https://theme.hstatic.net/1000230347/1000782290/14/product-placeholder.png?v=26572*****https://theme.hstatic.net/1000230347/1000782290/14/product-placeholder.png?v=26572*****https://theme.hstatic.net/1000230347/1000782290/14/product-placeholder.png?v=26572*****https://theme.hstatic.net/1000230347/1000782290/14/product-placeholder.png?v=26572*****https://theme.hstatic.net/1000230347/1000782290/14/product-placeholder.png?v=26572*****https://theme.hstatic.net/1000230347/1000782290/14/product-placeholder.png?v=26572,"
						
						13,200₫
						
					",,https://thienlong.vn/products/muc-but-may-thien-long-diem-10-doraemon-fpi08-do
63,Mực bút máy Điểm 10 FPI-07,50001627,Điểm 10,https://product.hstatic.net/1000230347/product/muc_but_may_thien_long_-_diem_10_fpi07__3__1024x1024.jpg*****https://product.hstatic.net/1000230347/product/fpi-07_copy_cc356d1da52e43d5bb396972da685b54_1024x1024.jpg*****https://product.hstatic.net/1000230347/product/muc_but_may_diem_10_fpi-07_cc3041f1e13546a089cebe067eb4fe70_1024x1024.jpg*****https://product.hstatic.net/1000230347/product/muc_but_may_thien_long_-_diem_10_fpi07__2__1024x1024.jpg*****https://theme.hstatic.net/1000230347/1000782290/14/product-placeholder.png?v=26572*****https://theme.hstatic.net/1000230347/1000782290/14/product-placeholder.png?v=26572*****https://theme.hstatic.net/1000230347/1000782290/14/product-placeholder.png?v=26572*****https://theme.hstatic.net/1000230347/1000782290/14/product-placeholder.png?v=26572*****https://theme.hstatic.net/1000230347/1000782290/14/product-placeholder.png?v=26572,"
						
						10,200₫
						
					",,https://thienlong.vn/products/muc-but-may-thien-long-diem-10-fpi07
64,Bút xóa Thiên Long CP-05,60000772,Thiên Long,https://product.hstatic.net/1000230347/product/321fas_518f8e9f6ed94a76b15dbdd59fd3f2b4_1024x1024.jpg*****https://product.hstatic.net/1000230347/product/cp-05_56da874c89b94ee29d463b5948040933_1024x1024.jpg*****https://product.hstatic.net/1000230347/product/cp-05_2_6bcd7f4c22ee44f3bd125609c563fbba_1024x1024.jpg*****https://product.hstatic.net/1000230347/product/but_xoa_thien_long_cp-05_fefdc22d961e4af5b108a0304e4f5111_1024x1024.jpg,"25,100₫",,https://thienlong.vn/products/but-xoa-thien-long-cp-05
65,Bút xóa Thiên Long CP-02,60000495,Thiên Long,https://product.hstatic.net/1000230347/product/artboard_2_copy_9bdc9a99e2b04da98f6d39a192c620c4_1024x1024.jpg*****https://product.hstatic.net/1000230347/product/artboard_2_a4a2140bd0b54bcf89e9053934f93bc6_1024x1024.jpg*****https://product.hstatic.net/1000230347/product/artboard_3_copy_2_2a62fb413f10472e97648a6982bc19f2_1024x1024.jpg*****https://product.hstatic.net/1000230347/product/artboard_3_copy_3_28e9db2914bc49a39346c2b0d1d323fc_1024x1024.jpg*****https://theme.hstatic.net/1000230347/1000782290/14/product-placeholder.png?v=26572*****https://theme.hstatic.net/1000230347/1000782290/14/product-placeholder.png?v=26572*****https://theme.hstatic.net/1000230347/1000782290/14/product-placeholder.png?v=26572*****https://theme.hstatic.net/1000230347/1000782290/14/product-placeholder.png?v=26572*****https://theme.hstatic.net/1000230347/1000782290/14/product-placeholder.png?v=26572*****https://theme.hstatic.net/1000230347/1000782290/14/product-placeholder.png?v=26572*****https://theme.hstatic.net/1000230347/1000782290/14/product-placeholder.png?v=26572*****https://theme.hstatic.net/1000230347/1000782290/14/product-placeholder.png?v=26572*****https://theme.hstatic.net/1000230347/1000782290/14/product-placeholder.png?v=26572,"32,200₫",,https://thienlong.vn/products/but-xoa-thien-long-cp02
66,Bút dạ quang Thiên Long HL-07,50000961,Thiên Long,https://product.hstatic.net/1000230347/product/50000961_c1a4e9e046f04954b4eed8a2d33cd352_1024x1024.jpg*****https://product.hstatic.net/1000230347/product/50000961_8c617a05302f454a8f975310b89a9a28_1024x1024.jpg*****https://product.hstatic.net/1000230347/product/50000962_6557cd0093454304847a201e5c20409a_1024x1024.jpg*****https://product.hstatic.net/1000230347/product/50000968_bdfefbba25664fda80f4f7c11664f1b3_1024x1024.jpg*****https://theme.hstatic.net/1000230347/1000782290/14/product-placeholder.png?v=26572*****https://theme.hstatic.net/1000230347/1000782290/14/product-placeholder.png?v=26572,"
						
						14,900₫
						
					",,https://thienlong.vn/products/but-da-quang-thien-long-hl-07
67,Mực bút lông dầu Thiên Long PMI-01,50001159,Thiên Long,https://product.hstatic.net/1000230347/product/artboard_1_copy_edc9d80962b340d69561f2e904e45a55_1024x1024.jpg*****https://product.hstatic.net/1000230347/product/artboard_1_ea838d70bfde44f99825cb3b2d8010f4_1024x1024.jpg*****https://product.hstatic.net/1000230347/product/artboard_5_copy_2_5ae82b094caa49639a18e0058ef376ed_1024x1024.jpg*****https://product.hstatic.net/1000230347/product/artboard_5_copy_3_8a735477d53c4184a6f47fb1eb6e94ba_1024x1024.jpg*****https://theme.hstatic.net/1000230347/1000782290/14/product-placeholder.png?v=26572*****https://theme.hstatic.net/1000230347/1000782290/14/product-placeholder.png?v=26572*****https://theme.hstatic.net/1000230347/1000782290/14/product-placeholder.png?v=26572*****https://theme.hstatic.net/1000230347/1000782290/14/product-placeholder.png?v=26572*****https://theme.hstatic.net/1000230347/1000782290/14/product-placeholder.png?v=26572*****https://theme.hstatic.net/1000230347/1000782290/14/product-placeholder.png?v=26572*****https://theme.hstatic.net/1000230347/1000782290/14/product-placeholder.png?v=26572,"
						
						14,900₫
						
					",,https://thienlong.vn/products/muc-but-long-dau-thien-long-pmi-01
68,Mực bút lông bảng Thiên Long WBI-01,50001154,Thiên Long,https://product.hstatic.net/1000230347/product/artboard_19_copy_0e1df3af68d74059bae80ffe27e71734_1024x1024.jpg*****https://product.hstatic.net/1000230347/product/artboard_19_2956e3b31a1e4be18b2d25d8cedc86e0_1024x1024.jpg*****https://product.hstatic.net/1000230347/product/artboard_5_copy_2_c21847dca6eb4379b14eaca2e396d086_1024x1024.jpg*****https://product.hstatic.net/1000230347/product/artboard_5_copy_1f8bb5e489254931a79b5831e1bf3faf_1024x1024.jpg*****https://theme.hstatic.net/1000230347/1000782290/14/product-placeholder.png?v=26572*****https://theme.hstatic.net/1000230347/1000782290/14/product-placeholder.png?v=26572*****https://theme.hstatic.net/1000230347/1000782290/14/product-placeholder.png?v=26572*****https://theme.hstatic.net/1000230347/1000782290/14/product-placeholder.png?v=26572*****https://theme.hstatic.net/1000230347/1000782290/14/product-placeholder.png?v=26572*****https://theme.hstatic.net/1000230347/1000782290/14/product-placeholder.png?v=26572*****https://theme.hstatic.net/1000230347/1000782290/14/product-placeholder.png?v=26572*****https://theme.hstatic.net/1000230347/1000782290/14/product-placeholder.png?v=26572*****https://theme.hstatic.net/1000230347/1000782290/14/product-placeholder.png?v=26572,"
						
						31,400₫
						
					",,https://thienlong.vn/products/muc-but-long-bang-thien-long-wbi-01
69,Ruột bút bi cao cấp Jumpo Thiên Long Bizner BPR-014,50003131,Bizner,https://product.hstatic.net/1000230347/product/342sdf_cdb9e511de554b11ad134213a129bb5d_1024x1024.jpg*****https://product.hstatic.net/1000230347/product/1_05addbba5cd9482484c6b3b3c191d339_1024x1024.jpg*****https://product.hstatic.net/1000230347/product/bpr-014_58a36cf386044954a0c6de6e4bdb3fca_1024x1024.jpg*****https://product.hstatic.net/1000230347/product/ruot_but_bi_cao_cap_jumpo_thien_long_-_bizner_bpr-014__1__1024x1024.jpg*****https://theme.hstatic.net/1000230347/1000782290/14/product-placeholder.png?v=26572*****https://theme.hstatic.net/1000230347/1000782290/14/product-placeholder.png?v=26572*****https://theme.hstatic.net/1000230347/1000782290/14/product-placeholder.png?v=26572,"
						
						32,200₫
						
					",,https://thienlong.vn/products/ruot-but-bi-cao-cap-jumpo-thien-long-bizner-bpr-014
70,Bút Bi Thiên Long TL-097,50004485,Thiên Long,https://product.hstatic.net/1000230347/product/artboard_3_copy_8f01c213f3a9441dab0f3ceec27a670e_1024x1024.jpg*****https://product.hstatic.net/1000230347/product/artboard_2_copy_9b465f1e0df44d06b6516bdcc893389f_1024x1024.jpg*****https://product.hstatic.net/1000230347/product/artboard_13_685af575548443828081b8f61613b6c2_1024x1024.jpg*****https://product.hstatic.net/1000230347/product/artboard_4_copy_2cd15661f67a448091ae32a10b643ca7_1024x1024.jpg*****https://theme.hstatic.net/1000230347/1000782290/14/product-placeholder.png?v=26572*****https://theme.hstatic.net/1000230347/1000782290/14/product-placeholder.png?v=26572*****https://theme.hstatic.net/1000230347/1000782290/14/product-placeholder.png?v=26572*****https://theme.hstatic.net/1000230347/1000782290/14/product-placeholder.png?v=26572*****https://theme.hstatic.net/1000230347/1000782290/14/product-placeholder.png?v=26572*****https://theme.hstatic.net/1000230347/1000782290/14/product-placeholder.png?v=26572*****https://theme.hstatic.net/1000230347/1000782290/14/product-placeholder.png?v=26572,"
						
						5,000₫
						
					",,https://thienlong.vn/products/but-bi-thien-long-tl-097
71,Bút Bi Thiên Long TL-079,50003313,Thiên Long,https://product.hstatic.net/1000230347/product/artboard_5_51a2aeb2e0d44575adb195cd17d16056_1024x1024.jpg*****https://product.hstatic.net/1000230347/product/artboard_1_35f6428f7c074d01a32b17b24caaa4da_1024x1024.jpg*****https://product.hstatic.net/1000230347/product/artboard_6_ef2e4781f45743e7a18a52eef58e8b01_1024x1024.jpg*****https://product.hstatic.net/1000230347/product/artboard_7_9a322c8e842c421b91333c70b41be1dc_1024x1024.jpg*****https://theme.hstatic.net/1000230347/1000782290/14/product-placeholder.png?v=26572*****https://theme.hstatic.net/1000230347/1000782290/14/product-placeholder.png?v=26572*****https://theme.hstatic.net/1000230347/1000782290/14/product-placeholder.png?v=26572*****https://theme.hstatic.net/1000230347/1000782290/14/product-placeholder.png?v=26572*****https://theme.hstatic.net/1000230347/1000782290/14/product-placeholder.png?v=26572*****https://theme.hstatic.net/1000230347/1000782290/14/product-placeholder.png?v=26572,"
						
						5,900₫
						
					",,https://thienlong.vn/products/but-bi-thien-long-tl-079
72,Bút Bi Thiên Long TL-031,50000100,Thiên Long,https://product.hstatic.net/1000230347/product/artboard_1.png_644a6f46ee3c4210a29019689d6f6c65_1024x1024.jpg*****https://product.hstatic.net/1000230347/product/tl-031_sua_707ce3db708e4754b1c224fbb51ddfcf_1024x1024.jpg*****https://product.hstatic.net/1000230347/product/artboard_5_cb3a646f73cf4c1294de868127adc4ec_1024x1024.png*****https://product.hstatic.net/1000230347/product/artboard_6_66607d08cfac469da03fca1db60b69f3_1024x1024.png*****https://theme.hstatic.net/1000230347/1000782290/14/product-placeholder.png?v=26572*****https://theme.hstatic.net/1000230347/1000782290/14/product-placeholder.png?v=26572*****https://theme.hstatic.net/1000230347/1000782290/14/product-placeholder.png?v=26572*****https://theme.hstatic.net/1000230347/1000782290/14/product-placeholder.png?v=26572,"
						
						14,200₫
						
					",,https://thienlong.vn/products/but-bi-thien-long-tl-031
73,Bút Bi Thiên Long TL-027,50000069,Thiên Long,https://product.hstatic.net/1000230347/product/artboard_6_993a955c7bc34ed983cf23d627053848_1024x1024.jpg*****https://product.hstatic.net/1000230347/product/artboard_11_08a7991536a1403f8ae5374e14b8a7f1_1024x1024.jpg*****https://product.hstatic.net/1000230347/product/artboard_13_e376a63784904b7281d9acc560594660_1024x1024.jpg*****https://product.hstatic.net/1000230347/product/artboard_8_copy_2_86324628e8ae4c38989f451cc58e033d_1024x1024.jpg*****https://theme.hstatic.net/1000230347/1000782290/14/product-placeholder.png?v=26572*****https://theme.hstatic.net/1000230347/1000782290/14/product-placeholder.png?v=26572*****https://theme.hstatic.net/1000230347/1000782290/14/product-placeholder.png?v=26572*****https://theme.hstatic.net/1000230347/1000782290/14/product-placeholder.png?v=26572*****https://theme.hstatic.net/1000230347/1000782290/14/product-placeholder.png?v=26572*****https://theme.hstatic.net/1000230347/1000782290/14/product-placeholder.png?v=26572*****https://theme.hstatic.net/1000230347/1000782290/14/product-placeholder.png?v=26572*****https://theme.hstatic.net/1000230347/1000782290/14/product-placeholder.png?v=26572,"
						
						5,900₫
						
					",,https://thienlong.vn/products/but-bi-thien-long-tl-027
74,Bút chì gỗ cao cấp Bizner BIZ-P02,60000574,Bizner,https://product.hstatic.net/1000230347/product/423fds_bda9f9626dec4419a4d42130cf3a1c90_1024x1024.jpg*****https://product.hstatic.net/1000230347/product/but_chi_go_cao_cap_bizner_biz-p02_f5f4c7de388e45488d267682accf80f9_1024x1024.jpg*****https://product.hstatic.net/1000230347/product/biz-p02_76cb5a42b2a04bee925026d1506931cf_1024x1024.jpg*****https://product.hstatic.net/1000230347/product/biz-p02_425392cd37b748ba9d7e9e132771abbf_1024x1024.jpg*****https://theme.hstatic.net/1000230347/1000782290/14/product-placeholder.png?v=26572*****https://theme.hstatic.net/1000230347/1000782290/14/product-placeholder.png?v=26572*****https://theme.hstatic.net/1000230347/1000782290/14/product-placeholder.png?v=26572,"11,200₫",,https://thienlong.vn/products/but-chi-go-cao-cap-thien-long-bizner-biz-p02
75,Bút chì gỗ cao cấp Bizner BIZ-P01,60000573,Bizner,https://product.hstatic.net/1000230347/product/artboard_6_copy_27e41a6c56804ebdb49b76174a5c9d0d_1024x1024.png*****https://product.hstatic.net/1000230347/product/artboard_6_e9624ff1a4cb48f794f886c915b25371_1024x1024.png*****https://product.hstatic.net/1000230347/product/artboard_2_3e10d5f05ae541b7976f21edbbc7552b_1024x1024.png*****https://product.hstatic.net/1000230347/product/artboard_5_copy_2_c483de71be0942a6a5882dca747eb828_1024x1024.jpg*****https://theme.hstatic.net/1000230347/1000782290/14/product-placeholder.png?v=26572*****https://theme.hstatic.net/1000230347/1000782290/14/product-placeholder.png?v=26572*****https://theme.hstatic.net/1000230347/1000782290/14/product-placeholder.png?v=26572*****https://theme.hstatic.net/1000230347/1000782290/14/product-placeholder.png?v=26572,"8,300₫",,https://thienlong.vn/products/but-chi-go-cao-cap-thien-long-bizner-biz-p01
76,Bút Bi Flexoffice FO-026,50004486,Flexoffice,https://product.hstatic.net/1000230347/product/but-bi-flexoffice-fo-026-can-trang_48d1c73ec77c4ff8afc879ece9794a00_1024x1024.jpg*****https://product.hstatic.net/1000230347/product/but-bi-flexoffice-fo-026-can-mau_3508f3b2576c4292ae01e786a3a3359f_1024x1024.jpg*****https://product.hstatic.net/1000230347/product/fo-026_copy_5b05ae324cb044a2b97e41b6d84fce2b_1024x1024.jpg*****https://product.hstatic.net/1000230347/product/but_bi_flexoffice_fo-026_cc3868cf87fe4f80b263e5d0cb5e4edd_1024x1024.jpg*****https://theme.hstatic.net/1000230347/1000782290/14/product-placeholder.png?v=26572*****https://theme.hstatic.net/1000230347/1000782290/14/product-placeholder.png?v=26572*****https://theme.hstatic.net/1000230347/1000782290/14/product-placeholder.png?v=26572*****https://theme.hstatic.net/1000230347/1000782290/14/product-placeholder.png?v=26572*****https://theme.hstatic.net/1000230347/1000782290/14/product-placeholder.png?v=26572*****https://theme.hstatic.net/1000230347/1000782290/14/product-placeholder.png?v=26572*****https://theme.hstatic.net/1000230347/1000782290/14/product-placeholder.png?v=26572*****https://theme.hstatic.net/1000230347/1000782290/14/product-placeholder.png?v=26572,"
						
						14,900₫
						
					",,https://thienlong.vn/products/but-bi-thien-long-flexoffice-fo-026
77,Bút Bi Flexoffice FO-030,50004477,Flexoffice,https://product.hstatic.net/1000230347/product/but-bi-thien-long-flexoffice-fo-030_f68bb3109b9247daa57bb7c8095f6734_1024x1024.jpg*****https://product.hstatic.net/1000230347/product/fo-030_256be48ba7cf4345a95f18f39445e842_1024x1024.jpg*****https://product.hstatic.net/1000230347/product/but_bi_flexoffice_fo-030_0e1a5911caab41aca12e1d28b425c2cf_1024x1024.jpg*****https://product.hstatic.net/1000230347/product/fo-030do_db7f4735b40b4662a7ff0d93a5a73f65_1024x1024.jpg*****https://theme.hstatic.net/1000230347/1000782290/14/product-placeholder.png?v=26572*****https://theme.hstatic.net/1000230347/1000782290/14/product-placeholder.png?v=26572*****https://theme.hstatic.net/1000230347/1000782290/14/product-placeholder.png?v=26572*****https://theme.hstatic.net/1000230347/1000782290/14/product-placeholder.png?v=26572,"
						
						13,200₫
						
					",,https://thienlong.vn/products/but-bi-thien-long-flexoffice-fo-030
78,Bút Gel FlexOffice FO-GEL018 (FS),50004469,Flexoffice,https://product.hstatic.net/1000230347/product/but_gel_flexoffice_fo-gel018__fs__87e70e26fcdd4b3181c1423053eb2dd9_1024x1024.png*****https://product.hstatic.net/1000230347/product/gel018__fs__copy_86bd78130cf44e63817fc816d80d81a5_1024x1024.jpg*****https://product.hstatic.net/1000230347/product/but_bi_flexoffice_fo-039_091b8c9d19b748368aa160bd30b99ac8_1024x1024.jpg*****https://product.hstatic.net/1000230347/product/fo-gel018__2__3ff57622309c4bb983c02a543d29af67_1024x1024.jpg*****https://theme.hstatic.net/1000230347/1000782290/14/product-placeholder.png?v=26572*****https://theme.hstatic.net/1000230347/1000782290/14/product-placeholder.png?v=26572*****https://theme.hstatic.net/1000230347/1000782290/14/product-placeholder.png?v=26572,"
						
						8,300₫
						
					",,https://thienlong.vn/products/but-gel-thien-long-flexoffice-fo-gel018
79,Bút đế cắm Thiên Long PH-02,50001054,Thiên Long,https://product.hstatic.net/1000230347/product/423rfd_e95d224531bf46f88cd6b2c6cc4144dc_1024x1024.jpg*****https://product.hstatic.net/1000230347/product/ph-02_copy_7585a671811140b0a39eddb8797114b7_1024x1024.jpg*****https://product.hstatic.net/1000230347/product/but_de_cam_thien_long_ph-02__7__1024x1024.jpg*****https://product.hstatic.net/1000230347/product/but_de_cam_thien_long_ph-02__9__1024x1024.jpg,"
						
						28,100₫
						
					",,https://thienlong.vn/products/but-de-cam-thien-long-ph-02
80,Bút dạ quang Thiên Long HL-03 (FS),50011021,Thiên Long,https://product.hstatic.net/1000230347/product/artboard_11_copy_e12dfb9407a54f5f815559b8e0ff3dc2_1024x1024.jpg*****https://product.hstatic.net/1000230347/product/artboard_5_9c201f8fe7994f64937faeba723856ca_1024x1024.jpg*****https://product.hstatic.net/1000230347/product/artboard_3_copy_2_5345923fa1ba4730a81bf1192da818a2_1024x1024.jpg*****https://product.hstatic.net/1000230347/product/artboard_3_copy_3_aedec24d06c348f7b001dcec62e684ab_1024x1024.jpg*****https://theme.hstatic.net/1000230347/1000782290/14/product-placeholder.png?v=26572*****https://theme.hstatic.net/1000230347/1000782290/14/product-placeholder.png?v=26572*****https://theme.hstatic.net/1000230347/1000782290/14/product-placeholder.png?v=26572*****https://theme.hstatic.net/1000230347/1000782290/14/product-placeholder.png?v=26572*****https://theme.hstatic.net/1000230347/1000782290/14/product-placeholder.png?v=26572*****https://theme.hstatic.net/1000230347/1000782290/14/product-placeholder.png?v=26572*****https://theme.hstatic.net/1000230347/1000782290/14/product-placeholder.png?v=26572*****https://theme.hstatic.net/1000230347/1000782290/14/product-placeholder.png?v=26572*****https://theme.hstatic.net/1000230347/1000782290/14/product-placeholder.png?v=26572*****https://theme.hstatic.net/1000230347/1000782290/14/product-placeholder.png?v=26572,"
						
						12,000₫
						
					",,https://thienlong.vn/products/but-da-quang-thien-long-hl-03
81,Bút dạ quang Thiên Long HL-012,50005240,Thiên Long,https://product.hstatic.net/1000230347/product/50005240_2ad159e2268c47c7b8d5c5950c0808dd_1024x1024.jpg*****https://product.hstatic.net/1000230347/product/50005237_e543cd9352bf4423aad5222314cea1da_1024x1024.jpg*****https://product.hstatic.net/1000230347/product/50005238_ebf93ab89eaa4cf28f71a654fd774d5e_1024x1024.jpg*****https://product.hstatic.net/1000230347/product/50005239_dc69f804861040b29bcd8eae6e8f009f_1024x1024.jpg*****https://theme.hstatic.net/1000230347/1000782290/14/product-placeholder.png?v=26572*****https://theme.hstatic.net/1000230347/1000782290/14/product-placeholder.png?v=26572,"
						
						14,000₫
						
					",,https://thienlong.vn/products/but-da-quang-thien-long-hl-012
82,Mực bút lông dầu FlexOffice FO-PMI-02,50004222,Flexoffice,https://product.hstatic.net/1000230347/product/flexoffice-fo-pmi-02_e1f66c85bfd542e5bb44c4e4810166d8_1024x1024.jpg*****https://product.hstatic.net/1000230347/product/fo-pmi-02_den2_477666baee4e4213b1eff4d7053a9a87_1024x1024.jpg*****https://product.hstatic.net/1000230347/product/fo-pmi-02_xanh2_804e8e4038a64baf9a82280e273f1c77_1024x1024.jpg*****https://product.hstatic.net/1000230347/product/fo-pmi-02_do2_74bcbb50407e4cf08add4af3e6d9cf40_1024x1024.jpg*****https://theme.hstatic.net/1000230347/1000782290/14/product-placeholder.png?v=26572*****https://theme.hstatic.net/1000230347/1000782290/14/product-placeholder.png?v=26572*****https://theme.hstatic.net/1000230347/1000782290/14/product-placeholder.png?v=26572,"
						
						13,000₫
						
					",,https://thienlong.vn/products/muc-but-long-dau-thien-long-flexoffice-fo-pmi-02
83,Bút lông dầu FlexOffice FO-PM-01,50004171,Flexoffice,https://product.hstatic.net/1000230347/product/fo-pm-01_f54b2fdfc26242f8955d449618877979_1024x1024.jpg*****https://product.hstatic.net/1000230347/product/fo-pm-01-den_50ce0784e0cd44e18d7fafe8536f6da0_1024x1024.jpg*****https://product.hstatic.net/1000230347/product/fo-pm-01-do_d0dd053abd604b5bac9fac6db087a2a0_1024x1024.jpg*****https://product.hstatic.net/1000230347/product/fo-pm-01-xanh_2909b5062c124cab8f949a4f3db882a9_1024x1024.jpg,"
						
						13,000₫
						
					",,https://thienlong.vn/products/but-long-dau-thien-long-flexoffice-fo-pm-01
84,Bút lông dầu FlexOffice FO-PM-09,50004274,Flexoffice,https://product.hstatic.net/1000230347/product/fo-pm-09_f176743dda7a45388878c40502862842_1024x1024.jpg*****https://product.hstatic.net/1000230347/product/but_long_dau_thien_long_-_flexoffice_fo-pm-09__2__1024x1024.jpg*****https://product.hstatic.net/1000230347/product/but_long_dau_thien_long_-_flexoffice_fo-pm-09__3__1024x1024.jpg*****https://product.hstatic.net/1000230347/product/but_long_dau_thien_long_-_flexoffice_fo-pm-09__1__1024x1024.jpg*****https://theme.hstatic.net/1000230347/1000782290/14/product-placeholder.png?v=26572*****https://theme.hstatic.net/1000230347/1000782290/14/product-placeholder.png?v=26572*****https://theme.hstatic.net/1000230347/1000782290/14/product-placeholder.png?v=26572,"
						
						14,000₫
						
					",,https://thienlong.vn/products/but-long-dau-thien-long-flexoffice-fo-pm-09
85,Bút lông dầu Thiên Long FlexOffice FO-PM011,50004502,Flexoffice,https://product.hstatic.net/1000230347/product/fo-pm011_4052435ad1dc4532a22ba80caa8729a3_1024x1024.jpg*****https://product.hstatic.net/1000230347/product/but_long_dau_thien_long_-_flexoffice_fo-pm-011__1__1024x1024.jpg*****https://product.hstatic.net/1000230347/product/but_long_dau_thien_long_-_flexoffice_fo-pm-011__2__1024x1024.jpg*****https://product.hstatic.net/1000230347/product/2_0f356d70256e42668f3905ba157a2fac_1024x1024.jpg*****https://theme.hstatic.net/1000230347/1000782290/14/product-placeholder.png?v=26572*****https://theme.hstatic.net/1000230347/1000782290/14/product-placeholder.png?v=26572*****https://theme.hstatic.net/1000230347/1000782290/14/product-placeholder.png?v=26572*****https://theme.hstatic.net/1000230347/1000782290/14/product-placeholder.png?v=26572,"
						
						13,200₫
						
					",,https://thienlong.vn/products/but-long-dau-thien-long-flexoffice-fo-pm-011
86,Bút lông dầu Thiên Long PM-04,50004928,Thiên Long,https://product.hstatic.net/1000230347/product/artboard_1_copy_3ad4a89a9a714d13a47cdbb2c6d4d5eb_1024x1024.jpg*****https://product.hstatic.net/1000230347/product/artboard_1_5f3748e124224f05957371ad2b0b9bf5_1024x1024.jpg*****https://product.hstatic.net/1000230347/product/artboard_13_78f507c6cea34013bd6a5cbd5d859cfc_1024x1024.jpg*****https://product.hstatic.net/1000230347/product/artboard_8_bae6907239dc4fcf82b6b7995ed362d6_1024x1024.jpg*****https://theme.hstatic.net/1000230347/1000782290/14/product-placeholder.png?v=26572*****https://theme.hstatic.net/1000230347/1000782290/14/product-placeholder.png?v=26572*****https://theme.hstatic.net/1000230347/1000782290/14/product-placeholder.png?v=26572*****https://theme.hstatic.net/1000230347/1000782290/14/product-placeholder.png?v=26572*****https://theme.hstatic.net/1000230347/1000782290/14/product-placeholder.png?v=26572*****https://theme.hstatic.net/1000230347/1000782290/14/product-placeholder.png?v=26572*****https://theme.hstatic.net/1000230347/1000782290/14/product-placeholder.png?v=26572*****https://theme.hstatic.net/1000230347/1000782290/14/product-placeholder.png?v=26572*****https://theme.hstatic.net/1000230347/1000782290/14/product-placeholder.png?v=26572*****https://theme.hstatic.net/1000230347/1000782290/14/product-placeholder.png?v=26572*****https://theme.hstatic.net/1000230347/1000782290/14/product-placeholder.png?v=26572,"
						
						13,000₫
						
					",,https://thienlong.vn/products/but-long-dau-thien-long-pm-04
87,Bút lông dầu Thiên Long PM-07,50006380,Thiên Long,https://product.hstatic.net/1000230347/product/pm-07_d751bb7f8d6242b5803fefbd61ec6042_1024x1024.jpg*****https://product.hstatic.net/1000230347/product/50006378_860ab9e7d365459bacda1ddf0550254e_1024x1024.jpg*****https://product.hstatic.net/1000230347/product/50006379_dea23c642bcd49f2ad42a936b37b9ec0_1024x1024.jpg*****https://product.hstatic.net/1000230347/product/50006380_054075e9f7cf466eb154d8238ef674a7_1024x1024.jpg,"
						
						13,000₫
						
					",,https://thienlong.vn/products/but-long-dau-thien-long-pm-07
88,Bút lông dầu Thiên Long PM-09,50004982,Thiên Long,https://product.hstatic.net/1000230347/product/artboard_1_copy_f802af050e0a4701bfe32d8ae12d8ac4_1024x1024.jpg*****https://product.hstatic.net/1000230347/product/artboard_2_591f2763ee584c7db8706cf22d3e37ef_1024x1024.jpg*****https://product.hstatic.net/1000230347/product/artboard_10_d91cd41edbfc4ef299e2dc53b3e0ca9a_1024x1024.jpg*****https://product.hstatic.net/1000230347/product/artboard_9_copy_126bf6b187754fd290793296498cab95_1024x1024.jpg*****https://theme.hstatic.net/1000230347/1000782290/14/product-placeholder.png?v=26572*****https://theme.hstatic.net/1000230347/1000782290/14/product-placeholder.png?v=26572*****https://theme.hstatic.net/1000230347/1000782290/14/product-placeholder.png?v=26572*****https://theme.hstatic.net/1000230347/1000782290/14/product-placeholder.png?v=26572*****https://theme.hstatic.net/1000230347/1000782290/14/product-placeholder.png?v=26572*****https://theme.hstatic.net/1000230347/1000782290/14/product-placeholder.png?v=26572*****https://theme.hstatic.net/1000230347/1000782290/14/product-placeholder.png?v=26572*****https://theme.hstatic.net/1000230347/1000782290/14/product-placeholder.png?v=26572*****https://theme.hstatic.net/1000230347/1000782290/14/product-placeholder.png?v=26572*****https://theme.hstatic.net/1000230347/1000782290/14/product-placeholder.png?v=26572*****https://theme.hstatic.net/1000230347/1000782290/14/product-placeholder.png?v=26572,"
						
						13,000₫
						
					",,https://thienlong.vn/products/but-long-dau-thien-long-pm-09
89,Bút lông kim Thiên Long-Doraemon TP-FL04/DO,50000828,Thiên Long,https://product.hstatic.net/1000230347/product/artboard_1_33840bd223c146b0b42e02f3e9427d84_1024x1024.jpg*****https://product.hstatic.net/1000230347/product/artboard_4_f45b76c0dba341768caa4efde2f7b7c6_1024x1024.jpg*****https://product.hstatic.net/1000230347/product/artboard_6_b863a165fb654943b15e02719f8eb20e_1024x1024.jpg*****https://product.hstatic.net/1000230347/product/artboard_7_7ea6583c4ef7495d8c86a35fa89c160e_1024x1024.jpg*****https://theme.hstatic.net/1000230347/1000782290/14/product-placeholder.png?v=26572*****https://theme.hstatic.net/1000230347/1000782290/14/product-placeholder.png?v=26572*****https://theme.hstatic.net/1000230347/1000782290/14/product-placeholder.png?v=26572,"
						
						10,000₫
						
					",,https://thienlong.vn/products/but-long-kim-thien-long-fl-04-do
90,Bút lông kim Beebee Thiên Long FL-04,50000818,Thiên Long,https://product.hstatic.net/1000230347/product/artboard_1_e179118fb258417d9d670d0de2db8434_1024x1024.jpg*****https://product.hstatic.net/1000230347/product/artboard_7-2_e7993107f4064d3a9fdea70b702e3144_1024x1024.jpg*****https://product.hstatic.net/1000230347/product/artboard_7_32749385396e4d16babb9e05a4adba10_1024x1024.jpg*****https://product.hstatic.net/1000230347/product/artboard_8_copy_2_4782c1c1718d435a96398d375745a6f8_1024x1024.jpg*****https://theme.hstatic.net/1000230347/1000782290/14/product-placeholder.png?v=26572*****https://theme.hstatic.net/1000230347/1000782290/14/product-placeholder.png?v=26572*****https://theme.hstatic.net/1000230347/1000782290/14/product-placeholder.png?v=26572*****https://theme.hstatic.net/1000230347/1000782290/14/product-placeholder.png?v=26572,"
						
						9,400₫
						
					",,https://thienlong.vn/products/but-long-kim-beebee-thien-long-fl-04
91,Bút lông bảng Thiên Long WB-03,50005012,Thiên Long,https://product.hstatic.net/1000230347/product/artboard_14_copy_33cfeba9fba3444caedac3933aead5ac_1024x1024.jpg*****https://product.hstatic.net/1000230347/product/artboard_1_6057e13413934c4a9b716357de758a33_1024x1024.jpg*****https://product.hstatic.net/1000230347/product/artboard_2_8898e03eb05d4544ba3a5c18b4454f4a_1024x1024.jpg*****https://product.hstatic.net/1000230347/product/artboard_3_df7eb8d58f8a4e01abf80434606f05a7_1024x1024.jpg*****https://theme.hstatic.net/1000230347/1000782290/14/product-placeholder.png?v=26572*****https://theme.hstatic.net/1000230347/1000782290/14/product-placeholder.png?v=26572*****https://theme.hstatic.net/1000230347/1000782290/14/product-placeholder.png?v=26572*****https://theme.hstatic.net/1000230347/1000782290/14/product-placeholder.png?v=26572*****https://theme.hstatic.net/1000230347/1000782290/14/product-placeholder.png?v=26572*****https://theme.hstatic.net/1000230347/1000782290/14/product-placeholder.png?v=26572*****https://theme.hstatic.net/1000230347/1000782290/14/product-placeholder.png?v=26572*****https://theme.hstatic.net/1000230347/1000782290/14/product-placeholder.png?v=26572*****https://theme.hstatic.net/1000230347/1000782290/14/product-placeholder.png?v=26572*****https://theme.hstatic.net/1000230347/1000782290/14/product-placeholder.png?v=26572,"
						
						10,500₫
						
					",,https://thienlong.vn/products/but-long-bang-thien-long-wb-03
92,Bút lông bảng Thiên Long-Doraemon TP-WB016/DO,50003916,Thiên Long,https://product.hstatic.net/1000230347/product/wb-016-do_9e5df01d220647609820e93041f90648_1024x1024.jpg*****https://product.hstatic.net/1000230347/product/wb-016-do-xanh_370fab68a3f34c9195467ecdce0a497e_1024x1024.jpg*****https://product.hstatic.net/1000230347/product/wb-016-do-den_20cfa72500ef4939b7be8293b658ee87_1024x1024.jpg*****https://product.hstatic.net/1000230347/product/but_long_bang_thien_long_wb-016-do__3__1024x1024.jpg*****https://theme.hstatic.net/1000230347/1000782290/14/product-placeholder.png?v=26572,"
						
						11,600₫
						
					",,https://thienlong.vn/products/but-long-bang-thien-long-wb-016-do
93,Bút lông bảng FlexOffice FO-WB-015,50004449,Flexoffice,https://product.hstatic.net/1000230347/product/fo-wb015_e717043422cc4d37a2c9d681fc70daa6_1024x1024.jpg*****https://product.hstatic.net/1000230347/product/upload_e69ec5b6e0e34e7a886e37b1cd1364b5_1024x1024.jpg*****https://product.hstatic.net/1000230347/product/upload_385b8b8672c74266b0a9bdf250a69ebf_1024x1024.jpg*****https://product.hstatic.net/1000230347/product/upload_8cf68b5d29954dc2a07f5b01a312fc5d_1024x1024.jpg*****https://theme.hstatic.net/1000230347/1000782290/14/product-placeholder.png?v=26572*****https://theme.hstatic.net/1000230347/1000782290/14/product-placeholder.png?v=26572*****https://theme.hstatic.net/1000230347/1000782290/14/product-placeholder.png?v=26572,"
						
						10,700₫
						
					",,https://thienlong.vn/products/but-long-bang-thien-long-flexoffice-fo-wb-015
94,Bút dạ quang FlexOffice FO-HL01,50004170,Flexoffice,https://product.hstatic.net/1000230347/product/50004170_4857243ccbd94ea78be9414ad949499c_1024x1024.jpg*****https://product.hstatic.net/1000230347/product/50004166_5ed72f8343f7414d951efbf0616f2e9d_1024x1024.jpg*****https://product.hstatic.net/1000230347/product/50004167_8a6abae377d4446a9ebb43419a4d8a18_1024x1024.jpg*****https://product.hstatic.net/1000230347/product/50004168_82ff66920fc44c5da9ef814588551538_1024x1024.jpg*****https://theme.hstatic.net/1000230347/1000782290/14/product-placeholder.png?v=26572*****https://theme.hstatic.net/1000230347/1000782290/14/product-placeholder.png?v=26572,"
						
						11,200₫
						
					",,https://thienlong.vn/products/but-da-quang-thien-long-flexoffice-fo-hl01
95,Bút dạ quang FlexOffice FO-HL05,50005243,Flexoffice,https://product.hstatic.net/1000230347/product/50005243_2ddd3be80b8a400586876132bff26fd1_1024x1024.jpg*****https://product.hstatic.net/1000230347/product/50005242_ee7657c04a854cac953f2d620fb3c8b2_1024x1024.jpg*****https://product.hstatic.net/1000230347/product/50005243_b6e719ccd3b24048b390ddcb08ab3174_1024x1024.jpg*****https://product.hstatic.net/1000230347/product/50005246_5dd1ff3e3d3b4925982c6d9e0ba7f2e9_1024x1024.jpg*****https://theme.hstatic.net/1000230347/1000782290/14/product-placeholder.png?v=26572*****https://theme.hstatic.net/1000230347/1000782290/14/product-placeholder.png?v=26572*****https://theme.hstatic.net/1000230347/1000782290/14/product-placeholder.png?v=26572*****https://theme.hstatic.net/1000230347/1000782290/14/product-placeholder.png?v=26572*****https://theme.hstatic.net/1000230347/1000782290/14/product-placeholder.png?v=26572*****https://theme.hstatic.net/1000230347/1000782290/14/product-placeholder.png?v=26572*****https://theme.hstatic.net/1000230347/1000782290/14/product-placeholder.png?v=26572*****https://theme.hstatic.net/1000230347/1000782290/14/product-placeholder.png?v=26572,"
						
						10,000₫
						
					",,https://thienlong.vn/products/but-da-quang-thien-long-flexoffice-fo-hl05
96,Bút xóa kéo FlexOffice FO-CT02 (Màu ngẫu nhiên),63003934,Flexoffice,https://product.hstatic.net/1000230347/product/artboard_1_copy_921dc8eae0514832aa260403faf6c347_1024x1024.jpg*****https://product.hstatic.net/1000230347/product/artboard_1_8e5fa74294ee4f65ba7b7fe81332cb77_1024x1024.jpg*****https://product.hstatic.net/1000230347/product/artboard_5_f3239c7cfb7a4230a500904b5e8c9ab0_1024x1024.jpg*****https://product.hstatic.net/1000230347/product/artboard_5_copy_cac6686356734809839ad552c4357927_1024x1024.jpg*****https://theme.hstatic.net/1000230347/1000782290/14/product-placeholder.png?v=26572*****https://theme.hstatic.net/1000230347/1000782290/14/product-placeholder.png?v=26572*****https://theme.hstatic.net/1000230347/1000782290/14/product-placeholder.png?v=26572*****https://theme.hstatic.net/1000230347/1000782290/14/product-placeholder.png?v=26572*****https://theme.hstatic.net/1000230347/1000782290/14/product-placeholder.png?v=26572*****https://theme.hstatic.net/1000230347/1000782290/14/product-placeholder.png?v=26572*****https://theme.hstatic.net/1000230347/1000782290/14/product-placeholder.png?v=26572,"15,700₫",,https://thienlong.vn/products/but-xoa-keo-thien-long-flexoffice-fo-ct-02
97,Bút xóa FlexOffice FO-CP01 PLUS,63003935,Flexoffice,https://product.hstatic.net/1000230347/product/artboard_9_copy_045bf69f87094f22b42ce9df02fdefe9_1024x1024.jpg*****https://product.hstatic.net/1000230347/product/artboard_4_7c5664f4d477454ab20bc51deffddd6e_1024x1024.jpg*****https://product.hstatic.net/1000230347/product/artboard_3_copy_3_4b33ada329ee4b1aa33c68f841ed9016_1024x1024.jpg*****https://product.hstatic.net/1000230347/product/artboard_3_a0103295904948d38045096547a48d79_1024x1024.jpg*****https://theme.hstatic.net/1000230347/1000782290/14/product-placeholder.png?v=26572*****https://theme.hstatic.net/1000230347/1000782290/14/product-placeholder.png?v=26572*****https://theme.hstatic.net/1000230347/1000782290/14/product-placeholder.png?v=26572*****https://theme.hstatic.net/1000230347/1000782290/14/product-placeholder.png?v=26572*****https://theme.hstatic.net/1000230347/1000782290/14/product-placeholder.png?v=26572*****https://theme.hstatic.net/1000230347/1000782290/14/product-placeholder.png?v=26572,"19,000₫",,https://thienlong.vn/products/but-xoa-thien-long-flexoffice-fo-cp01
98,Bút chì gỗ Thiên Long GP-03 màu ngẫu nhiên,60000194,Thiên Long,https://product.hstatic.net/1000230347/product/artboard_2_copy_1bab4826baba4c80b25d66bba0f95cb9_1024x1024.jpg*****https://product.hstatic.net/1000230347/product/artboard_2_d56d1e141c684368b640f668672511ec_1024x1024.jpg*****https://product.hstatic.net/1000230347/product/artboard_4_3b603d09f1c644199da9b65c4b557768_1024x1024.jpg*****https://product.hstatic.net/1000230347/product/artboard_3_7210a705b2464a378811d5f4e10b2a98_1024x1024.jpg*****https://theme.hstatic.net/1000230347/1000782290/14/product-placeholder.png?v=26572*****https://theme.hstatic.net/1000230347/1000782290/14/product-placeholder.png?v=26572*****https://theme.hstatic.net/1000230347/1000782290/14/product-placeholder.png?v=26572*****https://theme.hstatic.net/1000230347/1000782290/14/product-placeholder.png?v=26572,"5,500₫",,https://thienlong.vn/products/but-chi-go-thien-long-gp-03
99,Bút chì gỗ Điểm 10 TP-GP012 (màu ngẫu nhiên),60000068,Điểm 10,https://product.hstatic.net/1000230347/product/artboard_5_copy_47af1c9ed8a446f29b7f7893011daadf_1024x1024.jpg*****https://product.hstatic.net/1000230347/product/artboard_6_0f833e81b4ef40acbd410312840024eb_1024x1024.jpg*****https://product.hstatic.net/1000230347/product/artboard_7_e28005e5ef3644bda924dfa8b19d880c_1024x1024.jpg*****https://product.hstatic.net/1000230347/product/artboard_8_fd3d5ecf69dd42fc9b41fe1a62265e80_1024x1024.jpg*****https://theme.hstatic.net/1000230347/1000782290/14/product-placeholder.png?v=26572*****https://theme.hstatic.net/1000230347/1000782290/14/product-placeholder.png?v=26572*****https://theme.hstatic.net/1000230347/1000782290/14/product-placeholder.png?v=26572*****https://theme.hstatic.net/1000230347/1000782290/14/product-placeholder.png?v=26572*****https://theme.hstatic.net/1000230347/1000782290/14/product-placeholder.png?v=26572,"4,600₫",,https://thienlong.vn/products/but-chi-go-thien-long-gp-012
100,Bút chì nhựa Thiên Long GP-016,50003511,Thiên Long,https://product.hstatic.net/1000230347/product/432fds_1578ff3f576c44e89af990e55e8135a4_1024x1024.jpg*****https://product.hstatic.net/1000230347/product/gp-016_copy_f84bbf9f508941588e466a500883535f_1024x1024.jpg*****https://product.hstatic.net/1000230347/product/but_chi_nhua_thien_long_gp-016_86f256ed8a7847709614a2768fe35a43_1024x1024.jpg,"2,000₫",,https://thienlong.vn/products/but-chi-go-thien-long-gp-016
101,Bút chì gỗ Thiên Long GP-020,60001136,Thiên Long,https://product.hstatic.net/1000230347/product/3543zf_802c3614ceb9469dbd60fadf7763691b_1024x1024.jpg*****https://product.hstatic.net/1000230347/product/gp-020_copy_1d3da7969e5a4f18b801f50985515bc4_1024x1024.jpg*****https://product.hstatic.net/1000230347/product/but_chi_go_thien_long_gp-020_b07c12274e5f4af38ff80c56b8dd2c80_1024x1024.jpg,"4,600₫",,https://thienlong.vn/products/but-chi-go-thien-long-gp-020
102,Bút chì gỗ Điểm 10 TP-GP021,60001137,Điểm 10,https://product.hstatic.net/1000230347/product/b13_15c425d010ac4dc4abad24d9e8cd4eef_1024x1024.jpg*****https://product.hstatic.net/1000230347/product/tp-gp021_copy_e31d14816a2c4f91808e3c2cad8d7df3_1024x1024.jpg*****https://product.hstatic.net/1000230347/product/but_chi_go_diem_10_gp-021_23fc9452055d499882b46d65dabdbe5b_1024x1024.jpg*****https://product.hstatic.net/1000230347/product/but_chi_go_thien_long_-_diem_10_gp-021__4__1024x1024.jpg*****https://theme.hstatic.net/1000230347/1000782290/14/product-placeholder.png?v=26572*****https://theme.hstatic.net/1000230347/1000782290/14/product-placeholder.png?v=26572*****https://theme.hstatic.net/1000230347/1000782290/14/product-placeholder.png?v=26572,"4,600₫",,https://thienlong.vn/products/but-chi-go-thien-long-gp-021
103,Bút chì bấm Thiên Long PC-018,50001636,Thiên Long,https://product.hstatic.net/1000230347/product/artboard_2_copy_828f03b35cba4f0881b180bdf2b66b64_1024x1024.jpg*****https://product.hstatic.net/1000230347/product/artboard_1_e69131b8ea1b445486e24216b0dec0f2_1024x1024.jpg*****https://product.hstatic.net/1000230347/product/artboard_2_a1f038ccbad747bbb46d2e04f6028a4c_1024x1024.jpg*****https://product.hstatic.net/1000230347/product/artboard_3_6b3e46ed3a9a403ba8cc4f0eedd4f672_1024x1024.jpg*****https://theme.hstatic.net/1000230347/1000782290/14/product-placeholder.png?v=26572*****https://theme.hstatic.net/1000230347/1000782290/14/product-placeholder.png?v=26572*****https://theme.hstatic.net/1000230347/1000782290/14/product-placeholder.png?v=26572*****https://theme.hstatic.net/1000230347/1000782290/14/product-placeholder.png?v=26572,"9,700₫",,https://thienlong.vn/products/but-chi-bam-thien-long-pc-018
104,Bút chì bấm Thiên Long PC-022,50005082,Thiên Long,https://product.hstatic.net/1000230347/product/342sdfa_3e06171a22a34704bf1c48968a71ca32_1024x1024.jpg*****https://product.hstatic.net/1000230347/product/but_chi_bam_thien_long_pc-022_259ef67ff26b442fb163d06997f45f5f_1024x1024.jpg*****https://product.hstatic.net/1000230347/product/but_chi_bam_thien_long_pc-022__3__1024x1024.jpg*****https://product.hstatic.net/1000230347/product/but_chi_bam_thien_long_pc-022__1__1024x1024.jpg*****https://theme.hstatic.net/1000230347/1000782290/14/product-placeholder.png?v=26572,"5,000₫",,https://thienlong.vn/products/but-chi-bam-thien-long-pc-022
105,Bút Gel B Flexoffice FO-GELB012,50005100,Flexoffice,https://product.hstatic.net/1000230347/product/but_gel_b_flexoffice_fo-gelb012_bb99d0732d154284b2ad718835b8b9f3_1024x1024.png*****https://product.hstatic.net/1000230347/product/fo-gelb012_copy_9e2ab7bdc82446f1b9d084fe27b0920c_1024x1024.jpg*****https://product.hstatic.net/1000230347/product/but_gel_b_flexoffice_fo-gel-b012_903dce185d76411592e063bf7b10b038_1024x1024.jpg*****https://product.hstatic.net/1000230347/product/fo-gel-b012_6579016510cd4acda83b3a229675b86f_1024x1024.jpg*****https://theme.hstatic.net/1000230347/1000782290/14/product-placeholder.png?v=26572*****https://theme.hstatic.net/1000230347/1000782290/14/product-placeholder.png?v=26572*****https://theme.hstatic.net/1000230347/1000782290/14/product-placeholder.png?v=26572*****https://theme.hstatic.net/1000230347/1000782290/14/product-placeholder.png?v=26572*****https://theme.hstatic.net/1000230347/1000782290/14/product-placeholder.png?v=26572*****https://theme.hstatic.net/1000230347/1000782290/14/product-placeholder.png?v=26572*****https://theme.hstatic.net/1000230347/1000782290/14/product-placeholder.png?v=26572*****https://theme.hstatic.net/1000230347/1000782290/14/product-placeholder.png?v=26572*****https://theme.hstatic.net/1000230347/1000782290/14/product-placeholder.png?v=26572*****https://theme.hstatic.net/1000230347/1000782290/14/product-placeholder.png?v=26572*****https://theme.hstatic.net/1000230347/1000782290/14/product-placeholder.png?v=26572,"
						
						10,600₫
						
					",,https://thienlong.vn/products/but-gel-b-thien-long-flexoffice-fo-gel-b012
106,Bút Bi Flexoffice FO-03,50003171,Flexoffice,https://product.hstatic.net/1000230347/product/artboard_3_30b224a815064725aa9b5171472c4825_1024x1024.jpg*****https://product.hstatic.net/1000230347/product/artboard_11_2dd2bc8a5c444036bbfda820f3453c9e_1024x1024.jpg*****https://product.hstatic.net/1000230347/product/artboard_7_dcb4257e92544d249939079eef9f3adb_1024x1024.jpg*****https://product.hstatic.net/1000230347/product/artboard_8_0423f3dba0a0407e80179ff2e5d4d348_1024x1024.jpg*****https://theme.hstatic.net/1000230347/1000782290/14/product-placeholder.png?v=26572*****https://theme.hstatic.net/1000230347/1000782290/14/product-placeholder.png?v=26572*****https://theme.hstatic.net/1000230347/1000782290/14/product-placeholder.png?v=26572*****https://theme.hstatic.net/1000230347/1000782290/14/product-placeholder.png?v=26572*****https://theme.hstatic.net/1000230347/1000782290/14/product-placeholder.png?v=26572,"
						
						5,800₫
						
					",,https://thienlong.vn/products/but-bi-thien-long-flexoffice-fo-03
107,Bút Bi Flexoffice FO-023,50004333,Flexoffice,https://product.hstatic.net/1000230347/product/but-bi-flexoffice-fo-023_e7a0cfc0059947699ab0f177abecb00d_1024x1024.jpg*****https://product.hstatic.net/1000230347/product/but_bi_thien_long_-_flexoffice_fo-023__13__1024x1024.jpg*****https://product.hstatic.net/1000230347/product/but_bi_thien_long_-_flexoffice_fo-023__14__1024x1024.jpg*****https://product.hstatic.net/1000230347/product/but_bi_thien_long_-_flexoffice_fo-023__12__1024x1024.jpg,"
						
						5,000₫
						
					",,https://thienlong.vn/products/but-bi-thien-long-flexoffice-fo-023
108,Bút Bi Flexoffice FO-024,50004745,Flexoffice,https://product.hstatic.net/1000230347/product/artboard_1_dcd900919c0648c09dd6cba1bf535f28_1024x1024.jpg*****https://product.hstatic.net/1000230347/product/artboard_6_85a83d064e424df98b92d128d818e8f3_1024x1024.jpg*****https://product.hstatic.net/1000230347/product/artboard_7_e6d8ec12175c4b7fab93cb07aa81d877_1024x1024.jpg*****https://product.hstatic.net/1000230347/product/artboard_10_copy_4c2e6a56fa6d4697ac5e50cba253ddab_1024x1024.jpg*****https://theme.hstatic.net/1000230347/1000782290/14/product-placeholder.png?v=26572*****https://theme.hstatic.net/1000230347/1000782290/14/product-placeholder.png?v=26572*****https://theme.hstatic.net/1000230347/1000782290/14/product-placeholder.png?v=26572*****https://theme.hstatic.net/1000230347/1000782290/14/product-placeholder.png?v=26572*****https://theme.hstatic.net/1000230347/1000782290/14/product-placeholder.png?v=26572*****https://theme.hstatic.net/1000230347/1000782290/14/product-placeholder.png?v=26572*****https://theme.hstatic.net/1000230347/1000782290/14/product-placeholder.png?v=26572,"
						
						5,900₫
						
					",,https://thienlong.vn/products/but-bi-thien-long-flexoffice-fo-024
109,Bút bi Starup Thiên Long Flexoffice FO-039,50006357,Flexoffice,https://product.hstatic.net/1000230347/product/thumnail_7cff930ede86456c8ebdafc00c7c0c5c_1024x1024.png*****https://product.hstatic.net/1000230347/product/banner_1_37a56c7832484b18b8484d898c3bcc73_1024x1024.png*****https://product.hstatic.net/1000230347/product/banner_2_4_562f7ca9fc56492893be9b2abfd0d44d_1024x1024.png*****https://product.hstatic.net/1000230347/product/banner_3_c5b295b0969a4abab79e3cb0ba573275_1024x1024.png*****https://theme.hstatic.net/1000230347/1000782290/14/product-placeholder.png?v=26572*****https://theme.hstatic.net/1000230347/1000782290/14/product-placeholder.png?v=26572*****https://theme.hstatic.net/1000230347/1000782290/14/product-placeholder.png?v=26572*****https://theme.hstatic.net/1000230347/1000782290/14/product-placeholder.png?v=26572*****https://theme.hstatic.net/1000230347/1000782290/14/product-placeholder.png?v=26572*****https://theme.hstatic.net/1000230347/1000782290/14/product-placeholder.png?v=26572,"
						
						6,100₫
						
					",,https://thienlong.vn/products/but-bi-thien-long-flexoffice-fo-039
110,Bút bi Thiên Long Simply TL-062,50000431,Thiên Long,https://product.hstatic.net/1000230347/product/but-bi-thien-long-simply-tl-062_bee42f5f97b34d58aa94f6e9a4637340_1024x1024.jpg*****https://product.hstatic.net/1000230347/product/tl-062_copy_a9918518c50d484b9c1434fdad1277fd_1024x1024.jpg*****https://product.hstatic.net/1000230347/product/but_bi_thien_long_tl-062_37f68d1c8250424282b158c0551084ca_1024x1024.jpg*****https://product.hstatic.net/1000230347/product/but_bi_thien_long_tl-62__4__bfb18ad643f34bf495ecb694d19605e5_1024x1024.jpg*****https://theme.hstatic.net/1000230347/1000782290/14/product-placeholder.png?v=26572*****https://theme.hstatic.net/1000230347/1000782290/14/product-placeholder.png?v=26572,"
						
						5,800₫
						
					",,https://thienlong.vn/products/but-bi-thien-long-tl-62
111,Bút Gel Thiên Long GEL-07,50000557,Thiên Long,https://product.hstatic.net/1000230347/product/artboard_1_copy_d9fea13de5794529bcdd66f79dd84732_1024x1024.jpg*****https://product.hstatic.net/1000230347/product/artboard_5_6e7d246cc87e4dfc8f3507cefbbc03f5_1024x1024.jpg*****https://product.hstatic.net/1000230347/product/artboard_6_copy_2_60b9ed217d2b4f68ba5bc9f7e34bf681_1024x1024.jpg*****https://product.hstatic.net/1000230347/product/artboard_6_copy_3_f60635c235044f20bc70b8cb92115b22_1024x1024.jpg*****https://theme.hstatic.net/1000230347/1000782290/14/product-placeholder.png?v=26572*****https://theme.hstatic.net/1000230347/1000782290/14/product-placeholder.png?v=26572*****https://theme.hstatic.net/1000230347/1000782290/14/product-placeholder.png?v=26572*****https://theme.hstatic.net/1000230347/1000782290/14/product-placeholder.png?v=26572*****https://theme.hstatic.net/1000230347/1000782290/14/product-placeholder.png?v=26572,"
						
						8,300₫
						
					",,https://thienlong.vn/products/but-gel-thien-long-gel-07
112,Bút Gel Thiên Long GEL-08,50005134,Thiên Long,https://product.hstatic.net/1000230347/product/combo-20_gel-08_9fcd5b0dad8246c18155a0694757c407_1024x1024.jpg*****https://product.hstatic.net/1000230347/product/gel-08_2_ad4821863f6241a8ae75d2b8f9752f4a_1024x1024.jpg*****https://product.hstatic.net/1000230347/product/gel-08_0dccc09fc3174eae8c6b5d4413440929_1024x1024.jpg*****https://product.hstatic.net/1000230347/product/gel-08_xanh_0f859b5af0a74010a4ec4396acb20ec3_1024x1024.jpg*****https://theme.hstatic.net/1000230347/1000782290/14/product-placeholder.png?v=26572*****https://theme.hstatic.net/1000230347/1000782290/14/product-placeholder.png?v=26572*****https://theme.hstatic.net/1000230347/1000782290/14/product-placeholder.png?v=26572*****https://theme.hstatic.net/1000230347/1000782290/14/product-placeholder.png?v=26572*****https://theme.hstatic.net/1000230347/1000782290/14/product-placeholder.png?v=26572*****https://theme.hstatic.net/1000230347/1000782290/14/product-placeholder.png?v=26572*****https://theme.hstatic.net/1000230347/1000782290/14/product-placeholder.png?v=26572*****https://theme.hstatic.net/1000230347/1000782290/14/product-placeholder.png?v=26572*****https://theme.hstatic.net/1000230347/1000782290/14/product-placeholder.png?v=26572*****https://theme.hstatic.net/1000230347/1000782290/14/product-placeholder.png?v=26572*****https://theme.hstatic.net/1000230347/1000782290/14/product-placeholder.png?v=26572*****https://theme.hstatic.net/1000230347/1000782290/14/product-placeholder.png?v=26572,"
						
						9,000₫
						
					",,https://thienlong.vn/products/but-gel-thien-long-gel-08
113,Bút Gel Thiên Long GEL-09,50007093,Thiên Long,https://product.hstatic.net/1000230347/product/but_gel_thien_long_gel-09_0d4e130078194deeb7489cc7217da4cb_1024x1024.jpg*****https://product.hstatic.net/1000230347/product/but_gel_thien_long_gel-09__6_n_1024x1024.jpg*****https://product.hstatic.net/1000230347/product/but_gel_thien_long_gel-09__5_n_1024x1024.jpg*****https://product.hstatic.net/1000230347/product/but_gel_thien_long_gel-09__6__1024x1024.jpg*****https://theme.hstatic.net/1000230347/1000782290/14/product-placeholder.png?v=26572*****https://theme.hstatic.net/1000230347/1000782290/14/product-placeholder.png?v=26572*****https://theme.hstatic.net/1000230347/1000782290/14/product-placeholder.png?v=26572*****https://theme.hstatic.net/1000230347/1000782290/14/product-placeholder.png?v=26572*****https://theme.hstatic.net/1000230347/1000782290/14/product-placeholder.png?v=26572,"
						
						12,100₫
						
					",,https://thienlong.vn/products/but-gel-thien-long-gel-09
114,Bút Gel Starlit Thiên Long GEL-012,50000626,Thiên Long,https://product.hstatic.net/1000230347/product/gel-012_ce75df4bc25640d8851e7cf063695ede_1024x1024.jpg*****https://product.hstatic.net/1000230347/product/gel-012_copy_8645fd8058b14ddebfdda2e4979e4757_1024x1024.jpg*****https://product.hstatic.net/1000230347/product/but_gel_thien_long_gel-012_32fd425396f945f99c4547cc96ec9dc7_1024x1024.jpg*****https://product.hstatic.net/1000230347/product/but_gel_thien_long_gel-012__3_n_1024x1024.jpg*****https://theme.hstatic.net/1000230347/1000782290/14/product-placeholder.png?v=26572*****https://theme.hstatic.net/1000230347/1000782290/14/product-placeholder.png?v=26572*****https://theme.hstatic.net/1000230347/1000782290/14/product-placeholder.png?v=26572*****https://theme.hstatic.net/1000230347/1000782290/14/product-placeholder.png?v=26572,"
						
						8,900₫
						
					",,https://thienlong.vn/products/but-gel-thien-long-gel-012
115,Bút Gel Thiên Long Doraemon GEL-012/DO,50000630,Thiên Long,https://product.hstatic.net/1000230347/product/artboard_1_copy_2-1_74171f7d990741cfbaea322808f71b52_1024x1024.jpg*****https://product.hstatic.net/1000230347/product/artboard_2_cf12e3ba48e848e18237096c81ee287b_1024x1024.jpg*****https://product.hstatic.net/1000230347/product/artboard_6_copy_2_6b8b1afbf680418986b86de9319d3e1e_1024x1024.jpg*****https://product.hstatic.net/1000230347/product/artboard_6_copy_3_da8f00c5dbcd4ba9a596b6ae7740ca3c_1024x1024.jpg*****https://theme.hstatic.net/1000230347/1000782290/14/product-placeholder.png?v=26572*****https://theme.hstatic.net/1000230347/1000782290/14/product-placeholder.png?v=26572*****https://theme.hstatic.net/1000230347/1000782290/14/product-placeholder.png?v=26572*****https://theme.hstatic.net/1000230347/1000782290/14/product-placeholder.png?v=26572*****https://theme.hstatic.net/1000230347/1000782290/14/product-placeholder.png?v=26572*****https://theme.hstatic.net/1000230347/1000782290/14/product-placeholder.png?v=26572,"
						
						9,500₫
						
					",,https://thienlong.vn/products/but-gel-thien-long-gel-012-do
116,Bút Gel Thiên Long GEL-027,50006274,Thiên Long,https://product.hstatic.net/1000230347/product/gel-027_05158876c8a8404ba4c02a7794481bdf_1024x1024.jpg*****https://product.hstatic.net/1000230347/product/gel-027_copy_5441c1a766844d05bbec8d74d4c76e2b_1024x1024.jpg*****https://product.hstatic.net/1000230347/product/but_gel_thien_long_gel-027_69d5f22c89464255b4f09d43e4276e48_1024x1024.jpg*****https://product.hstatic.net/1000230347/product/but_gel_thien_long_gel-027__2_nw_1024x1024.jpg*****https://theme.hstatic.net/1000230347/1000782290/14/product-placeholder.png?v=26572*****https://theme.hstatic.net/1000230347/1000782290/14/product-placeholder.png?v=26572*****https://theme.hstatic.net/1000230347/1000782290/14/product-placeholder.png?v=26572*****https://theme.hstatic.net/1000230347/1000782290/14/product-placeholder.png?v=26572*****https://theme.hstatic.net/1000230347/1000782290/14/product-placeholder.png?v=26572*****https://theme.hstatic.net/1000230347/1000782290/14/product-placeholder.png?v=26572*****https://theme.hstatic.net/1000230347/1000782290/14/product-placeholder.png?v=26572*****https://theme.hstatic.net/1000230347/1000782290/14/product-placeholder.png?v=26572*****https://theme.hstatic.net/1000230347/1000782290/14/product-placeholder.png?v=26572*****https://theme.hstatic.net/1000230347/1000782290/14/product-placeholder.png?v=26572*****https://theme.hstatic.net/1000230347/1000782290/14/product-placeholder.png?v=26572,"
						
						5,500₫
						
					",,https://thienlong.vn/products/but-gel-thien-long-gel-027
117,Bút Gel Thiên Long GEL-029,50005331,Thiên Long,https://product.hstatic.net/1000230347/product/gel-029_2d0702e8350e4259b838f1a6a51d771b_1024x1024.jpg*****https://product.hstatic.net/1000230347/product/gel-029_copy_e118151534fd4c8f8239b5021cb7e9d3_1024x1024.jpg*****https://product.hstatic.net/1000230347/product/but_gel_thien_long_gel-029___doden__c2d77aa41a9344dd9f73317265943689_1024x1024.jpg*****https://product.hstatic.net/1000230347/product/but_gel_thien_long_gel-029__2_n_1024x1024.jpg*****https://theme.hstatic.net/1000230347/1000782290/14/product-placeholder.png?v=26572,"
						
						13,000₫
						
					",,https://thienlong.vn/products/but-gel-thien-long-gel-029
118,Bút Bi Thiên Long TL-08,50000470,Thiên Long,https://product.hstatic.net/1000230347/product/artboard_1_eab93292c25f4689a3140d58f5d9f8df_1024x1024.jpg*****https://product.hstatic.net/1000230347/product/artboard_8_e08f67f9f6ab4b7c805b641c6a5e91ac_1024x1024.jpg*****https://product.hstatic.net/1000230347/product/artboard_9_7b48a61c91f846838c1ef47b1e06f608_1024x1024.jpg*****https://product.hstatic.net/1000230347/product/artboard_10_6b7e91f5062344849330bc5f70569b27_1024x1024.jpg*****https://theme.hstatic.net/1000230347/1000782290/14/product-placeholder.png?v=26572*****https://theme.hstatic.net/1000230347/1000782290/14/product-placeholder.png?v=26572*****https://theme.hstatic.net/1000230347/1000782290/14/product-placeholder.png?v=26572*****https://theme.hstatic.net/1000230347/1000782290/14/product-placeholder.png?v=26572*****https://theme.hstatic.net/1000230347/1000782290/14/product-placeholder.png?v=26572*****https://theme.hstatic.net/1000230347/1000782290/14/product-placeholder.png?v=26572*****https://theme.hstatic.net/1000230347/1000782290/14/product-placeholder.png?v=26572*****https://theme.hstatic.net/1000230347/1000782290/14/product-placeholder.png?v=26572*****https://theme.hstatic.net/1000230347/1000782290/14/product-placeholder.png?v=26572*****https://theme.hstatic.net/1000230347/1000782290/14/product-placeholder.png?v=26572,"
						
						6,000₫
						
					",,https://thienlong.vn/products/but-bi-thien-long-tl-08
119,Bút Gel B Thiên Long GEL-B01,50006424,Thiên Long,https://product.hstatic.net/1000230347/product/gel01_97ffb162a7214668bd0f0b7e16ea3845_1024x1024.png*****https://product.hstatic.net/1000230347/product/gel-b01_copy_0b62e9848a9048b6832fab327aedcece_1024x1024.jpg*****https://product.hstatic.net/1000230347/product/but_gel_b_thien_long_gel-b01_04c3211f111d432e81375fa161ea1501_1024x1024.jpg*****https://product.hstatic.net/1000230347/product/but_gel_b_thien_long_gel-b01__n2__1024x1024.jpg*****https://theme.hstatic.net/1000230347/1000782290/14/product-placeholder.png?v=26572*****https://theme.hstatic.net/1000230347/1000782290/14/product-placeholder.png?v=26572*****https://theme.hstatic.net/1000230347/1000782290/14/product-placeholder.png?v=26572*****https://theme.hstatic.net/1000230347/1000782290/14/product-placeholder.png?v=26572*****https://theme.hstatic.net/1000230347/1000782290/14/product-placeholder.png?v=26572*****https://theme.hstatic.net/1000230347/1000782290/14/product-placeholder.png?v=26572*****https://theme.hstatic.net/1000230347/1000782290/14/product-placeholder.png?v=26572*****https://theme.hstatic.net/1000230347/1000782290/14/product-placeholder.png?v=26572*****https://theme.hstatic.net/1000230347/1000782290/14/product-placeholder.png?v=26572*****https://theme.hstatic.net/1000230347/1000782290/14/product-placeholder.png?v=26572*****https://theme.hstatic.net/1000230347/1000782290/14/product-placeholder.png?v=26572,"
						
						9,900₫
						
					",,https://thienlong.vn/products/but-gel-b-thien-long-gel-b01
120,Bút Bi Thiên Long TL-023,50000006,Thiên Long,https://cdn.hstatic.net/products/1000230347/artboard_1_copy_eacedd1a8a7542a79b08f9cd607c6f0b_1024x1024.jpg*****https://cdn.hstatic.net/products/1000230347/artboard_3_0da12193eced40229f1a73e63c723ed3_1024x1024.jpg*****https://cdn.hstatic.net/products/1000230347/artboard_4_copy_3_ac50be43314643449a397a8dc2733494_1024x1024.jpg*****https://cdn.hstatic.net/products/1000230347/artboard_4_copy_4_5cd15dc70d374d47bef0fbb32817e6f5_1024x1024.jpg*****https://theme.hstatic.net/1000230347/1000782290/14/product-placeholder.png?v=26572*****https://theme.hstatic.net/1000230347/1000782290/14/product-placeholder.png?v=26572*****https://theme.hstatic.net/1000230347/1000782290/14/product-placeholder.png?v=26572*****https://theme.hstatic.net/1000230347/1000782290/14/product-placeholder.png?v=26572*****https://theme.hstatic.net/1000230347/1000782290/14/product-placeholder.png?v=26572,"
						
						6,900₫
						
					",,https://thienlong.vn/products/but-bi-thien-long-tl-23
121,Bút Gel B Thiên Long GEL-B03,50006959,Thiên Long,https://product.hstatic.net/1000230347/product/but_gel_b_thien_long_gel-b03_cb63c57b56474151b56a4eaba3f49c91_1024x1024.png*****https://product.hstatic.net/1000230347/product/gel-b03_copy_e2a0b494ec2e4648aaa0f3f940ab4d3c_1024x1024.jpg*****https://product.hstatic.net/1000230347/product/but_gel_b_thien_long_gel-b03_f899cac4b8cf4ca2a9c9424c40a40dfa_1024x1024.jpg*****https://product.hstatic.net/1000230347/product/but_gel_b_thien_long_gel-b03__1_12_1024x1024.jpg*****https://theme.hstatic.net/1000230347/1000782290/14/product-placeholder.png?v=26572*****https://theme.hstatic.net/1000230347/1000782290/14/product-placeholder.png?v=26572*****https://theme.hstatic.net/1000230347/1000782290/14/product-placeholder.png?v=26572*****https://theme.hstatic.net/1000230347/1000782290/14/product-placeholder.png?v=26572*****https://theme.hstatic.net/1000230347/1000782290/14/product-placeholder.png?v=26572*****https://theme.hstatic.net/1000230347/1000782290/14/product-placeholder.png?v=26572*****https://theme.hstatic.net/1000230347/1000782290/14/product-placeholder.png?v=26572*****https://theme.hstatic.net/1000230347/1000782290/14/product-placeholder.png?v=26572*****https://theme.hstatic.net/1000230347/1000782290/14/product-placeholder.png?v=26572*****https://theme.hstatic.net/1000230347/1000782290/14/product-placeholder.png?v=26572*****https://theme.hstatic.net/1000230347/1000782290/14/product-placeholder.png?v=26572,"
						
						14,000₫
						
					",,https://thienlong.vn/products/but-gel-b-thien-long-gel-b03
122,Bút Bi Thiên Long TL-025,50000045,Thiên Long,https://product.hstatic.net/1000230347/product/artboard_1_c4c70ff201d440399a709c00ade45da0_1024x1024.jpg*****https://product.hstatic.net/1000230347/product/artboard_9_6ee3c24960b5496b9cd75960bfffd3af_1024x1024.jpg*****https://product.hstatic.net/1000230347/product/artboard_10_501e220d53044e5da14fcf1355ccd450_1024x1024.jpg*****https://product.hstatic.net/1000230347/product/artboard_11_545755fe8317490facad14879a2107c7_1024x1024.jpg*****https://theme.hstatic.net/1000230347/1000782290/14/product-placeholder.png?v=26572*****https://theme.hstatic.net/1000230347/1000782290/14/product-placeholder.png?v=26572*****https://theme.hstatic.net/1000230347/1000782290/14/product-placeholder.png?v=26572*****https://theme.hstatic.net/1000230347/1000782290/14/product-placeholder.png?v=26572*****https://theme.hstatic.net/1000230347/1000782290/14/product-placeholder.png?v=26572*****https://theme.hstatic.net/1000230347/1000782290/14/product-placeholder.png?v=26572*****https://theme.hstatic.net/1000230347/1000782290/14/product-placeholder.png?v=26572,"
						
						8,300₫
						
					",,https://thienlong.vn/products/but-bi-thien-long-tl-25
123,Bút Gel B Thiên Long GEL-B011,50002213,Thiên Long,https://product.hstatic.net/1000230347/product/gel-b011_56866aa3bc124313aaff4067f8667a5d_1024x1024.jpg*****https://product.hstatic.net/1000230347/product/gel-b011_4_copy_c49eb7b622714955a4bb9c0748fd0acd_1024x1024.jpg*****https://product.hstatic.net/1000230347/product/gel-b011_2_copy_ddfb893dfba3463987f537cce3ce19a7_1024x1024.jpg*****https://product.hstatic.net/1000230347/product/gel-b011_copy_9a4d5e985d9248e79ad70019f8d8648f_1024x1024.jpg*****https://theme.hstatic.net/1000230347/1000782290/14/product-placeholder.png?v=26572*****https://theme.hstatic.net/1000230347/1000782290/14/product-placeholder.png?v=26572*****https://theme.hstatic.net/1000230347/1000782290/14/product-placeholder.png?v=26572*****https://theme.hstatic.net/1000230347/1000782290/14/product-placeholder.png?v=26572*****https://theme.hstatic.net/1000230347/1000782290/14/product-placeholder.png?v=26572*****https://theme.hstatic.net/1000230347/1000782290/14/product-placeholder.png?v=26572*****https://theme.hstatic.net/1000230347/1000782290/14/product-placeholder.png?v=26572*****https://theme.hstatic.net/1000230347/1000782290/14/product-placeholder.png?v=26572*****https://theme.hstatic.net/1000230347/1000782290/14/product-placeholder.png?v=26572*****https://theme.hstatic.net/1000230347/1000782290/14/product-placeholder.png?v=26572*****https://theme.hstatic.net/1000230347/1000782290/14/product-placeholder.png?v=26572*****https://theme.hstatic.net/1000230347/1000782290/14/product-placeholder.png?v=26572,"
						
						9,000₫
						
					",,https://thienlong.vn/products/but-gel-b-thien-long-gel-b011
124,Bút Bi Thiên Long TL-034 (FS),50000152,Thiên Long,https://product.hstatic.net/1000230347/product/eqwxzcz_87d3734f206346dbaf6a7d1d13bf2dde_1024x1024.jpg*****https://product.hstatic.net/1000230347/product/but_bi_thien_long_tl-34__21__1024x1024.jpg*****https://product.hstatic.net/1000230347/product/but_bi_thien_long_tl-34__25__1024x1024.jpg*****https://product.hstatic.net/1000230347/product/but_bi_thien_long_tl-34__26__1024x1024.jpg*****https://theme.hstatic.net/1000230347/1000782290/14/product-placeholder.png?v=26572*****https://theme.hstatic.net/1000230347/1000782290/14/product-placeholder.png?v=26572*****https://theme.hstatic.net/1000230347/1000782290/14/product-placeholder.png?v=26572,"
						
						3,000₫
						
					",,https://thienlong.vn/products/but-bi-thien-long-tl-34
125,Bút Bi Thiên Long TL-036 0.7mm,50005061,Thiên Long,https://product.hstatic.net/1000230347/product/artboard_1_copy_994536479a1d4057a09784bf84424c55_1024x1024.jpg*****https://product.hstatic.net/1000230347/product/artboard_12_fed10d11fbc6484fab0e6c8262301af3_1024x1024.jpg*****https://product.hstatic.net/1000230347/product/artboard_6_61b0596f00984baa844b97198e4b4834_1024x1024.jpg*****https://product.hstatic.net/1000230347/product/artboard_3_4fb3c5ad49614136bca686c9a87cc3d1_1024x1024.jpg*****https://theme.hstatic.net/1000230347/1000782290/14/product-placeholder.png?v=26572*****https://theme.hstatic.net/1000230347/1000782290/14/product-placeholder.png?v=26572*****https://theme.hstatic.net/1000230347/1000782290/14/product-placeholder.png?v=26572*****https://theme.hstatic.net/1000230347/1000782290/14/product-placeholder.png?v=26572*****https://theme.hstatic.net/1000230347/1000782290/14/product-placeholder.png?v=26572*****https://theme.hstatic.net/1000230347/1000782290/14/product-placeholder.png?v=26572,"
						
						17,000₫
						
					",,https://thienlong.vn/products/but-bi-thien-long-tl-36
126,Bút Bi Thiên Long TL-047,50006429,Thiên Long,https://product.hstatic.net/1000230347/product/artboard_5_3013a40890d54d71b97dc8f2c8b2276b_1024x1024.jpg*****https://product.hstatic.net/1000230347/product/artboard_6_c02241419dcc4003aeb528b23dd5fc47_1024x1024.jpg*****https://product.hstatic.net/1000230347/product/artboard_7_8e5730c469174656adc6f56f633c3f12_1024x1024.jpg*****https://product.hstatic.net/1000230347/product/artboard_8_12ed9249cda74970a62bcb961f6c7132_1024x1024.jpg*****https://theme.hstatic.net/1000230347/1000782290/14/product-placeholder.png?v=26572*****https://theme.hstatic.net/1000230347/1000782290/14/product-placeholder.png?v=26572*****https://theme.hstatic.net/1000230347/1000782290/14/product-placeholder.png?v=26572*****https://theme.hstatic.net/1000230347/1000782290/14/product-placeholder.png?v=26572,"
						
						12,000₫
						
					",,https://thienlong.vn/products/but-bi-thien-long-tl-47
127,Bút Bi Thiên Long TL-048,50000352,Thiên Long,https://product.hstatic.net/1000230347/product/but-bi-thien-long-tl-048_f24b5fea41374c98b630139b41657f39_1024x1024.jpg*****https://product.hstatic.net/1000230347/product/tl-048_copy_1d80d2f4206e418d88607fc3de605151_1024x1024.jpg*****https://product.hstatic.net/1000230347/product/but_bi_thien_long_tl-048_b6e46bc1397f4f1fb25060bbc9bfe429_1024x1024.jpg*****https://product.hstatic.net/1000230347/product/but_bi_thien_long_tl-48__0-1__1024x1024.jpg,"
						
						32,200₫
						
					",,https://thienlong.vn/products/but-bi-thien-long-tl-48
128,Bút Bi Thiên Long TL-049,50000370,Thiên Long,https://product.hstatic.net/1000230347/product/but-bi-thien-long-tl-049_af74a25a78474038bd923b72e837d144_1024x1024.jpg*****https://product.hstatic.net/1000230347/product/but_bi_thien_long_tl-049_c72cddd20f2f41bb94c96a18f813b461_1024x1024.jpg*****https://product.hstatic.net/1000230347/product/but_bi_thien_long_tl-49__16__1024x1024.jpg*****https://product.hstatic.net/1000230347/product/but_bi_thien_long_tl-49__15__1024x1024.jpg*****https://theme.hstatic.net/1000230347/1000782290/14/product-placeholder.png?v=26572*****https://theme.hstatic.net/1000230347/1000782290/14/product-placeholder.png?v=26572,"
						
						5,900₫
						
					",,https://thienlong.vn/products/but-bi-thien-long-tl-49
129,Bút Bi Thiên Long TL-061,50000421,Thiên Long,https://product.hstatic.net/1000230347/product/but-bi-thien-long-tl-061_6f8dd6905ead42a29cbfe4df38e770e0_1024x1024.jpg*****https://product.hstatic.net/1000230347/product/ewqeqwe_3e6e71be84674033aeb0f667d54b1012_1024x1024.jpg*****https://product.hstatic.net/1000230347/product/but_bi_thien_long_tl-61__0-1__1024x1024.jpg*****https://product.hstatic.net/1000230347/product/but_bi_thien_long_tl-61__0-3__1024x1024.jpg*****https://theme.hstatic.net/1000230347/1000782290/14/product-placeholder.png?v=26572,"
						
						5,800₫
						
					",,https://thienlong.vn/products/but-bi-thien-long-tl-61
130,Bút bi Thiên Long TL-089,50003506,Thiên Long,https://product.hstatic.net/1000230347/product/artboard_1_fc2993b238414092a2605049ff102b98_1024x1024.jpg*****https://product.hstatic.net/1000230347/product/artboard_2_5f810dae1b5b4688afbb3dc7ddffa103_1024x1024.jpg*****https://product.hstatic.net/1000230347/product/artboard_10_6ee9bef95d4f4673b0191afd7de3afcb_1024x1024.jpg*****https://product.hstatic.net/1000230347/product/artboard_11_89f33c801f164b67be681949b24b5656_1024x1024.jpg*****https://theme.hstatic.net/1000230347/1000782290/14/product-placeholder.png?v=26572*****https://theme.hstatic.net/1000230347/1000782290/14/product-placeholder.png?v=26572*****https://theme.hstatic.net/1000230347/1000782290/14/product-placeholder.png?v=26572*****https://theme.hstatic.net/1000230347/1000782290/14/product-placeholder.png?v=26572*****https://theme.hstatic.net/1000230347/1000782290/14/product-placeholder.png?v=26572*****https://theme.hstatic.net/1000230347/1000782290/14/product-placeholder.png?v=26572,"
						
						5,000₫
						
					",,https://thienlong.vn/products/but-bi-thien-long-tl-089
131,Bút bi Thiên Long TL-090,50003519,Thiên Long,https://product.hstatic.net/1000230347/product/but-bi-thien-long-tl-090_86018da884c944c4bfd1a00239f83f45_1024x1024.jpg*****https://product.hstatic.net/1000230347/product/32132134454_df7a299bd7c04b4abd3d139a6b66045c_1024x1024.jpg*****https://product.hstatic.net/1000230347/product/but_bi_thien_long_tl-90__0-6__1024x1024.jpg*****https://product.hstatic.net/1000230347/product/but_bi_thien_long_tl-90__32__1024x1024.jpg,"
						
						5,000₫
						
					",,https://thienlong.vn/products/but-bi-thien-long-tl-090
132,Bút Bi Thiên Long TL-093,50004574,Thiên Long,https://product.hstatic.net/1000230347/product/artboard_1_copy_c709d9d5886a42458175da2c7516d545_1024x1024.png*****https://product.hstatic.net/1000230347/product/artboard_2_638dc12087e8411989967b00a6a9eab0_1024x1024.png*****https://product.hstatic.net/1000230347/product/artboard_3-2_41c5ef6dd6054241a721d4245bfb3d7f_1024x1024.png*****https://product.hstatic.net/1000230347/product/artboard_4_5ca2523323644234a9d1574b4d27297c_1024x1024.png*****https://theme.hstatic.net/1000230347/1000782290/14/product-placeholder.png?v=26572*****https://theme.hstatic.net/1000230347/1000782290/14/product-placeholder.png?v=26572*****https://theme.hstatic.net/1000230347/1000782290/14/product-placeholder.png?v=26572*****https://theme.hstatic.net/1000230347/1000782290/14/product-placeholder.png?v=26572,"
						
						5,000₫
						
					",,https://thienlong.vn/products/but-bi-thien-long-tl-93
133,Bút Bi Thiên Long TL-095,50004475,Thiên Long,https://product.hstatic.net/1000230347/product/artboard_3_copy_afcae99bda664f308e663fdf710eb50e_1024x1024.jpg*****https://product.hstatic.net/1000230347/product/artboard_1_copy_98ef81cc4ee64ab4b7333d70d93f6c0b_1024x1024.jpg*****https://product.hstatic.net/1000230347/product/artboard_4_copy_da83ec38c3b04e088e5a823dea74b203_1024x1024.jpg*****https://product.hstatic.net/1000230347/product/artboard_8_2e04b6e025d949d39b2f5388550cf016_1024x1024.jpg*****https://theme.hstatic.net/1000230347/1000782290/14/product-placeholder.png?v=26572*****https://theme.hstatic.net/1000230347/1000782290/14/product-placeholder.png?v=26572*****https://theme.hstatic.net/1000230347/1000782290/14/product-placeholder.png?v=26572*****https://theme.hstatic.net/1000230347/1000782290/14/product-placeholder.png?v=26572*****https://theme.hstatic.net/1000230347/1000782290/14/product-placeholder.png?v=26572*****https://theme.hstatic.net/1000230347/1000782290/14/product-placeholder.png?v=26572,"
						
						12,000₫
						
					",,https://thienlong.vn/products/but-bi-thien-long-tl-95
134,Sổ lò xo đường kẻ ngang 7mm A5 Thiên Long MB-025,60020307,Thiên Long,https://product.hstatic.net/1000230347/product/artboard_1_copy_b51030e930dc4aed94bcfb43ed9c0427_1024x1024.jpg*****https://product.hstatic.net/1000230347/product/artboard_5_copy_2_047aceb0790e45fb9164c9addd661325_1024x1024.jpg*****https://product.hstatic.net/1000230347/product/artboard_5_copy_3_a0270c2e4cf64e8da39b2b2aacad054f_1024x1024.jpg*****https://product.hstatic.net/1000230347/product/artboard_5_copy_efb7df5710e747969b701b18255e994a_1024x1024.jpg*****https://theme.hstatic.net/1000230347/1000782290/14/product-placeholder.png?v=26572*****https://theme.hstatic.net/1000230347/1000782290/14/product-placeholder.png?v=26572*****https://theme.hstatic.net/1000230347/1000782290/14/product-placeholder.png?v=26572*****https://theme.hstatic.net/1000230347/1000782290/14/product-placeholder.png?v=26572*****https://theme.hstatic.net/1000230347/1000782290/14/product-placeholder.png?v=26572*****https://theme.hstatic.net/1000230347/1000782290/14/product-placeholder.png?v=26572*****https://theme.hstatic.net/1000230347/1000782290/14/product-placeholder.png?v=26572*****https://theme.hstatic.net/1000230347/1000782290/14/product-placeholder.png?v=26572*****https://theme.hstatic.net/1000230347/1000782290/14/product-placeholder.png?v=26572*****https://theme.hstatic.net/1000230347/1000782290/14/product-placeholder.png?v=26572,"
						
						31,400₫
						
					",,https://thienlong.vn/products/so-lo-xo-duong-ke-ngang-7mm-a5-thien-long
135,Hộp 7 Bút lông bảng - Whiteboard Marker Thiên Long WB-026/AK - Phiên bản Akooland,50015830,Thiên Long,https://product.hstatic.net/1000230347/product/artboard_1_copy_469a9a0831db4e13b151f0e23e8b0db2_1024x1024.jpg*****https://product.hstatic.net/1000230347/product/artboard_1_c00a46c6635f49b3901364fe7327cc74_1024x1024.jpg*****https://product.hstatic.net/1000230347/product/artboard_5_copy_2_cd9ce4a88064477e8d22f4a93cacabb2_1024x1024.jpg*****https://product.hstatic.net/1000230347/product/artboard_5_copy_3_6f49e0c3827246629b685bcda2bb064a_1024x1024.jpg*****https://theme.hstatic.net/1000230347/1000782290/14/product-placeholder.png?v=26572*****https://theme.hstatic.net/1000230347/1000782290/14/product-placeholder.png?v=26572*****https://theme.hstatic.net/1000230347/1000782290/14/product-placeholder.png?v=26572*****https://theme.hstatic.net/1000230347/1000782290/14/product-placeholder.png?v=26572*****https://theme.hstatic.net/1000230347/1000782290/14/product-placeholder.png?v=26572*****https://theme.hstatic.net/1000230347/1000782290/14/product-placeholder.png?v=26572,"49,500₫",,https://thienlong.vn/products/hop-7-but-long-bang-thien-long-wb-026-ak-phien-ban-akooland
136,Hộp 5 bút dạ quang màu Pastel Thiên Long HL-019/DS - Phiên bản Demon Slayer,50015829,Thiên Long,https://product.hstatic.net/1000230347/product/artboard_1_copy_de1d7800386a4c1b8684b4525957d257_1024x1024.jpg*****https://product.hstatic.net/1000230347/product/artboard_1_eb412b42d1da4b04a1bb3238015641f5_1024x1024.jpg*****https://product.hstatic.net/1000230347/product/artboard_3_copy_2_a1bd932628964458b27d3c73b4e7310e_1024x1024.jpg*****https://product.hstatic.net/1000230347/product/artboard_3_copy_3_e4c28dee092545ac9ddd87c3437c34cb_1024x1024.jpg*****https://theme.hstatic.net/1000230347/1000782290/14/product-placeholder.png?v=26572*****https://theme.hstatic.net/1000230347/1000782290/14/product-placeholder.png?v=26572*****https://theme.hstatic.net/1000230347/1000782290/14/product-placeholder.png?v=26572*****https://theme.hstatic.net/1000230347/1000782290/14/product-placeholder.png?v=26572,"52,000₫",,https://thienlong.vn/products/hop-5-but-da-quang-mau-pastel-thien-long-hl-019-ds-phien-ban-demon-slayer
137,Combo 10 Bút lông dầu Hoshi Thiên Long PM-019/HS - Công nghệ Nhật Bản,50014740CB10,Thiên Long,https://product.hstatic.net/1000230347/product/artboard_1_copy_5d87216697cf4409860e2ba424b744a4_1024x1024.jpg*****https://product.hstatic.net/1000230347/product/artboard_1_ba51162e7f404e3f9701810cec194ba3_1024x1024.jpg*****https://product.hstatic.net/1000230347/product/artboard_9_copy_2_8d1065a797af4a64829eb794535c7420_1024x1024.jpg*****https://product.hstatic.net/1000230347/product/artboard_9_copy_2-1_0fdfc441e41d44d5a2e7bbbaada225fc_1024x1024.jpg*****https://theme.hstatic.net/1000230347/1000782290/14/product-placeholder.png?v=26572*****https://theme.hstatic.net/1000230347/1000782290/14/product-placeholder.png?v=26572*****https://theme.hstatic.net/1000230347/1000782290/14/product-placeholder.png?v=26572*****https://theme.hstatic.net/1000230347/1000782290/14/product-placeholder.png?v=26572*****https://theme.hstatic.net/1000230347/1000782290/14/product-placeholder.png?v=26572*****https://theme.hstatic.net/1000230347/1000782290/14/product-placeholder.png?v=26572,"
						
						149,000₫
						
					",,https://thienlong.vn/products/combo-10-but-long-dau-hoshi-thien-long-pm-019-hs-cong-nghe-nhat-ban
138,Bút lông dầu Hoshi Thiên Long PM-019/HS - Công nghệ Nhật Bản,50014740,Thiên Long,https://product.hstatic.net/1000230347/product/artboard_1_copy_1ad26cf6f79c48f5a6c632aba723b94e_1024x1024.jpg*****https://product.hstatic.net/1000230347/product/artboard_1_cfd5394fcb83416b8df365c226fc6dee_1024x1024.jpg*****https://product.hstatic.net/1000230347/product/artboard_9_copy_2_634acc324f7e48bf9964bcad54e8124f_1024x1024.jpg*****https://product.hstatic.net/1000230347/product/artboard_9_copy_2-1_2c5cfc2929104518804d63c583c0a659_1024x1024.jpg*****https://theme.hstatic.net/1000230347/1000782290/14/product-placeholder.png?v=26572*****https://theme.hstatic.net/1000230347/1000782290/14/product-placeholder.png?v=26572*****https://theme.hstatic.net/1000230347/1000782290/14/product-placeholder.png?v=26572*****https://theme.hstatic.net/1000230347/1000782290/14/product-placeholder.png?v=26572*****https://theme.hstatic.net/1000230347/1000782290/14/product-placeholder.png?v=26572*****https://theme.hstatic.net/1000230347/1000782290/14/product-placeholder.png?v=26572,"
						
						14,900₫
						
					",,https://thienlong.vn/products/but-long-dau-hoshi-thien-long-pm-019-hs-cong-nghe-nhat-ban
139,Combo 10 Bút lông bảng Hoshi Thiên Long WB-025/HS - Công nghệ Nhật Bản,50014737CB10,Thiên Long,https://product.hstatic.net/1000230347/product/artboard_1_copy_0d962369b28b439d90d3ad01a45177cb_1024x1024.jpg*****https://product.hstatic.net/1000230347/product/artboard_1_7ea21c72d24f439e98ec9ade2f42555d_1024x1024.jpg*****https://product.hstatic.net/1000230347/product/artboard_2_4425d37ed2cb4100a4e11eb6d8e8dd0f_1024x1024.jpg*****https://product.hstatic.net/1000230347/product/artboard_3_30c559d9d8234affa843ac73d623249a_1024x1024.jpg*****https://theme.hstatic.net/1000230347/1000782290/14/product-placeholder.png?v=26572*****https://theme.hstatic.net/1000230347/1000782290/14/product-placeholder.png?v=26572*****https://theme.hstatic.net/1000230347/1000782290/14/product-placeholder.png?v=26572*****https://theme.hstatic.net/1000230347/1000782290/14/product-placeholder.png?v=26572*****https://theme.hstatic.net/1000230347/1000782290/14/product-placeholder.png?v=26572*****https://theme.hstatic.net/1000230347/1000782290/14/product-placeholder.png?v=26572,"
						
						165,000₫
						
					",,https://thienlong.vn/products/combo-10-but-long-bang-hoshi-thien-long-wb-025-hs-cong-nghe-nhat-ban
140,Bút lông bảng Hoshi Thiên Long WB-025/HS - Công nghệ Nhật Bản,50014737,Thiên Long,https://product.hstatic.net/1000230347/product/artboard_1_copy_f944014ac3974259801d9e46d3ee4840_1024x1024.jpg*****https://product.hstatic.net/1000230347/product/artboard_1_5294c1b0a756432297f95adb4d5e5845_1024x1024.jpg*****https://product.hstatic.net/1000230347/product/artboard_2_1abaadd88e6649f3a9f7293bd9a4d964_1024x1024.jpg*****https://product.hstatic.net/1000230347/product/artboard_3_b720722e4fc4479391c7cb78e7e4c384_1024x1024.jpg*****https://theme.hstatic.net/1000230347/1000782290/14/product-placeholder.png?v=26572*****https://theme.hstatic.net/1000230347/1000782290/14/product-placeholder.png?v=26572*****https://theme.hstatic.net/1000230347/1000782290/14/product-placeholder.png?v=26572*****https://theme.hstatic.net/1000230347/1000782290/14/product-placeholder.png?v=26572*****https://theme.hstatic.net/1000230347/1000782290/14/product-placeholder.png?v=26572*****https://theme.hstatic.net/1000230347/1000782290/14/product-placeholder.png?v=26572,"
						
						16,500₫
						
					",,https://thienlong.vn/products/but-long-bang-hoshi-thien-long-wb-025-hs-cong-nghe-nhat-ban
141,Combo 10 Bút lông dầu Hoshi Thiên Long PM-021/HS - Công nghệ Nhật Bản,50014743CB10,Thiên Long,https://product.hstatic.net/1000230347/product/artboard_2_copy_3aa6e73620b645ba9f5a26994f983faa_1024x1024.jpg*****https://product.hstatic.net/1000230347/product/artboard_2_e9ac6599456c40798ec1cec36b973f65_1024x1024.jpg*****https://product.hstatic.net/1000230347/product/artboard_9_copy_2_ec3867bd970f481dbf99a9a6b6f00b53_1024x1024.jpg*****https://product.hstatic.net/1000230347/product/artboard_9_copy_3_be7215dade0b4fba8ab034cd648ae17f_1024x1024.jpg*****https://theme.hstatic.net/1000230347/1000782290/14/product-placeholder.png?v=26572*****https://theme.hstatic.net/1000230347/1000782290/14/product-placeholder.png?v=26572*****https://theme.hstatic.net/1000230347/1000782290/14/product-placeholder.png?v=26572*****https://theme.hstatic.net/1000230347/1000782290/14/product-placeholder.png?v=26572*****https://theme.hstatic.net/1000230347/1000782290/14/product-placeholder.png?v=26572*****https://theme.hstatic.net/1000230347/1000782290/14/product-placeholder.png?v=26572,"
						
						165,000₫
						
					",,https://thienlong.vn/products/combo-10-but-long-dau-hoshi-thien-long-pm-021-hs-cong-nghe-nhat-ban
142,Bút lông dầu Hoshi Thiên Long PM-021/HS - Công nghệ Nhật Bản,50014743,Thiên Long,https://product.hstatic.net/1000230347/product/artboard_2_copy_1fbc2628fd6347e9a57dd0549686f71b_1024x1024.jpg*****https://product.hstatic.net/1000230347/product/artboard_9_copy_2_96c2b0ae9a944028b35112cbef493497_1024x1024.jpg*****https://product.hstatic.net/1000230347/product/artboard_9_copy_3_028888ab55fc49c0871fbd389453aef4_1024x1024.jpg*****https://product.hstatic.net/1000230347/product/artboard_9_copy_4_9869722380ea4cd3bb14303cdf860d34_1024x1024.jpg*****https://theme.hstatic.net/1000230347/1000782290/14/product-placeholder.png?v=26572*****https://theme.hstatic.net/1000230347/1000782290/14/product-placeholder.png?v=26572*****https://theme.hstatic.net/1000230347/1000782290/14/product-placeholder.png?v=26572*****https://theme.hstatic.net/1000230347/1000782290/14/product-placeholder.png?v=26572*****https://theme.hstatic.net/1000230347/1000782290/14/product-placeholder.png?v=26572,"
						
						16,500₫
						
					",,https://thienlong.vn/products/but-long-dau-hoshi-thien-long-pm-021-hs-cong-nghe-nhat-ban
143,Combo 10 Bút dạ quang Hoshi Thiên Long HL-018/HS - Công nghệ Nhật Bản,50014735CB10,Thiên Long,https://product.hstatic.net/1000230347/product/artboard_1_copy_5f080de6d3924510a634694413d0f586_1024x1024.jpg*****https://product.hstatic.net/1000230347/product/artboard_1_0e8c49fa9ed44aa3a842ba57830c6d44_1024x1024.jpg*****https://product.hstatic.net/1000230347/product/artboard_3_copy_2_496a37361c1f433c965d282b61feaf88_1024x1024.jpg*****https://product.hstatic.net/1000230347/product/artboard_3_copy_42fe2dece75c4766b471d32ccf66e29f_1024x1024.jpg*****https://theme.hstatic.net/1000230347/1000782290/14/product-placeholder.png?v=26572*****https://theme.hstatic.net/1000230347/1000782290/14/product-placeholder.png?v=26572*****https://theme.hstatic.net/1000230347/1000782290/14/product-placeholder.png?v=26572*****https://theme.hstatic.net/1000230347/1000782290/14/product-placeholder.png?v=26572*****https://theme.hstatic.net/1000230347/1000782290/14/product-placeholder.png?v=26572*****https://theme.hstatic.net/1000230347/1000782290/14/product-placeholder.png?v=26572*****https://theme.hstatic.net/1000230347/1000782290/14/product-placeholder.png?v=26572*****https://theme.hstatic.net/1000230347/1000782290/14/product-placeholder.png?v=26572*****https://theme.hstatic.net/1000230347/1000782290/14/product-placeholder.png?v=26572*****https://theme.hstatic.net/1000230347/1000782290/14/product-placeholder.png?v=26572,"
						
						149,000₫
						
					",,https://thienlong.vn/products/combo-10-but-da-quang-hoshi-thien-long-hl-018-hs-cong-nghe-nhat-ban
144,Bút dạ quang Hoshi Thiên Long HL-018/HS - Công nghệ Nhật Bản,50014735,Thiên Long,https://product.hstatic.net/1000230347/product/artboard_1_copy_7966cbb087d14185b7a4483624dfcd01_1024x1024.jpg*****https://product.hstatic.net/1000230347/product/artboard_1_971217442d39417d80bb882eeecba1ea_1024x1024.jpg*****https://product.hstatic.net/1000230347/product/artboard_3_copy_2_b202c17b24124d108540e8f0de177bf4_1024x1024.jpg*****https://product.hstatic.net/1000230347/product/artboard_3_copy_ee732a7e2e154f5fa2d876ae43d9a1f7_1024x1024.jpg*****https://theme.hstatic.net/1000230347/1000782290/14/product-placeholder.png?v=26572*****https://theme.hstatic.net/1000230347/1000782290/14/product-placeholder.png?v=26572*****https://theme.hstatic.net/1000230347/1000782290/14/product-placeholder.png?v=26572*****https://theme.hstatic.net/1000230347/1000782290/14/product-placeholder.png?v=26572*****https://theme.hstatic.net/1000230347/1000782290/14/product-placeholder.png?v=26572*****https://theme.hstatic.net/1000230347/1000782290/14/product-placeholder.png?v=26572*****https://theme.hstatic.net/1000230347/1000782290/14/product-placeholder.png?v=26572*****https://theme.hstatic.net/1000230347/1000782290/14/product-placeholder.png?v=26572*****https://theme.hstatic.net/1000230347/1000782290/14/product-placeholder.png?v=26572*****https://theme.hstatic.net/1000230347/1000782290/14/product-placeholder.png?v=26572,"
						
						14,900₫
						
					",,https://thienlong.vn/products/but-da-quang-hoshi-thien-long-hl-018-hs-cong-nghe-nhat-ban
145,Sổ lò xo đường kẻ ngang A5 nhân vật Demon Slayer Thiên Long MB-023/DS,60019309,Thiên Long,https://product.hstatic.net/1000230347/product/artboard_1_copy_de368a71d2e54ea5a217bdcb440cadd6_1024x1024.jpg*****https://product.hstatic.net/1000230347/product/artboard_1_794ad9cd8d8a43a3987364ffe69715a6_1024x1024.jpg*****https://product.hstatic.net/1000230347/product/artboard_3_a1cffaeb27f14bb1a42967cda3f1c179_1024x1024.jpg*****https://product.hstatic.net/1000230347/product/artboard_4_copy_2_67e081eedc154a139b20349b9823c23e_1024x1024.jpg*****https://theme.hstatic.net/1000230347/1000782290/14/product-placeholder.png?v=26572*****https://theme.hstatic.net/1000230347/1000782290/14/product-placeholder.png?v=26572*****https://theme.hstatic.net/1000230347/1000782290/14/product-placeholder.png?v=26572*****https://theme.hstatic.net/1000230347/1000782290/14/product-placeholder.png?v=26572*****https://theme.hstatic.net/1000230347/1000782290/14/product-placeholder.png?v=26572*****https://theme.hstatic.net/1000230347/1000782290/14/product-placeholder.png?v=26572*****https://theme.hstatic.net/1000230347/1000782290/14/product-placeholder.png?v=26572*****https://theme.hstatic.net/1000230347/1000782290/14/product-placeholder.png?v=26572*****https://theme.hstatic.net/1000230347/1000782290/14/product-placeholder.png?v=26572*****https://theme.hstatic.net/1000230347/1000782290/14/product-placeholder.png?v=26572,"
						
						47,000₫
						
					",,https://thienlong.vn/products/so-lo-xo-duong-ke-ngang-a5-nhan-vat-demon-slayer-thien-long-mb-023-ds
146,Combo 12 bút lông bảng - White Board Marker Thiên Long WB-03 Plus - Màu mực mới đậm nét hơn,50014390CB12,Thiên Long,https://product.hstatic.net/1000230347/product/artboard_2_copy_72d0dc91c3f24bb98a68dd34d2faae7d_1024x1024.jpg*****https://product.hstatic.net/1000230347/product/artboard_2_6a118586f4564a269df5c541879ab876_1024x1024.jpg*****https://product.hstatic.net/1000230347/product/artboard_5_copy_2_390730bcfc9f47929dc18c8506e17cf6_1024x1024.jpg*****https://product.hstatic.net/1000230347/product/artboard_5_copy_3_dc7a0ea2f10a4a44a338c872607e303a_1024x1024.jpg*****https://theme.hstatic.net/1000230347/1000782290/14/product-placeholder.png?v=26572*****https://theme.hstatic.net/1000230347/1000782290/14/product-placeholder.png?v=26572*****https://theme.hstatic.net/1000230347/1000782290/14/product-placeholder.png?v=26572*****https://theme.hstatic.net/1000230347/1000782290/14/product-placeholder.png?v=26572*****https://theme.hstatic.net/1000230347/1000782290/14/product-placeholder.png?v=26572*****https://theme.hstatic.net/1000230347/1000782290/14/product-placeholder.png?v=26572*****https://theme.hstatic.net/1000230347/1000782290/14/product-placeholder.png?v=26572,"
						
						139,200₫
						
					",,https://thienlong.vn/products/combo-12-but-long-bang-white-board-marker-thien-long-wb-03-plus-mau-muc-moi-dam-net-hon
147,Bút lông bảng - White Board Marker Thiên Long WB-03 Plus - Màu mực mới đậm nét hơn,50014390,Thiên Long,https://product.hstatic.net/1000230347/product/artboard_10_copy_a914e19a7e664c029aa241558ea56e25_1024x1024.jpg*****https://product.hstatic.net/1000230347/product/artboard_5_copy_2_64435879364b40a3bdb63a9bddac8f6b_1024x1024.jpg*****https://product.hstatic.net/1000230347/product/artboard_5_copy_3_90a7245952fa4767ad2f3481c2484b46_1024x1024.jpg*****https://product.hstatic.net/1000230347/product/artboard_5_copy_061aa70c2e6b414c892aee982aabd223_1024x1024.jpg*****https://theme.hstatic.net/1000230347/1000782290/14/product-placeholder.png?v=26572*****https://theme.hstatic.net/1000230347/1000782290/14/product-placeholder.png?v=26572*****https://theme.hstatic.net/1000230347/1000782290/14/product-placeholder.png?v=26572*****https://theme.hstatic.net/1000230347/1000782290/14/product-placeholder.png?v=26572,"
						
						11,600₫
						
					",,https://thienlong.vn/products/but-long-bang-white-board-marker-thien-long-wb-03-plus
148,Combo 12 bút dạ quang màu pastel - Eco Style Highlighter Thiên Long HL-015/ECO - Photocopy không làm mất nét chữ bên dưới,50014621CB12,Thiên Long,https://product.hstatic.net/1000230347/product/artboard_1_copy_226bfb45a193499484400579d09567fd_1024x1024.jpg*****https://product.hstatic.net/1000230347/product/artboard_1_b00881221d9f47d1b433edb274dc58f8_1024x1024.jpg*****https://product.hstatic.net/1000230347/product/artboard_3_copy_2_05d66a8037d940dc93afa8e7fc8c9936_1024x1024.jpg*****https://product.hstatic.net/1000230347/product/artboard_3_copy_3_e1f6d2303f96426a9ae69ff8b3e847d2_1024x1024.jpg*****https://theme.hstatic.net/1000230347/1000782290/14/product-placeholder.png?v=26572*****https://theme.hstatic.net/1000230347/1000782290/14/product-placeholder.png?v=26572*****https://theme.hstatic.net/1000230347/1000782290/14/product-placeholder.png?v=26572*****https://theme.hstatic.net/1000230347/1000782290/14/product-placeholder.png?v=26572*****https://theme.hstatic.net/1000230347/1000782290/14/product-placeholder.png?v=26572*****https://theme.hstatic.net/1000230347/1000782290/14/product-placeholder.png?v=26572,"
						
						164,400₫
						
					",,https://thienlong.vn/products/combo-12-but-da-quang-mau-pastel-eco-style-highlighter-thien-long-hl-015-eco-khong-mat-net-khi-photocopy
149,Bút dạ quang màu pastel - Eco Style Highlighter Thiên Long HL-015/ECO - Photocopy không làm mất nét chữ bên dưới,50014621,Thiên Long,https://product.hstatic.net/1000230347/product/artboard_10_copy_ca135dadc5db4f7f8db21d77de89949f_1024x1024.jpg*****https://product.hstatic.net/1000230347/product/artboard_10_159031020fa44fabbd79d3360ce88dd3_1024x1024.jpg*****https://product.hstatic.net/1000230347/product/artboard_3_copy_2_8488ac2c1e9843b5a65c4278f6ca5fe0_1024x1024.jpg*****https://product.hstatic.net/1000230347/product/artboard_3_copy_3_c090c39353664b76a8209597eaac6f90_1024x1024.jpg*****https://theme.hstatic.net/1000230347/1000782290/14/product-placeholder.png?v=26572*****https://theme.hstatic.net/1000230347/1000782290/14/product-placeholder.png?v=26572*****https://theme.hstatic.net/1000230347/1000782290/14/product-placeholder.png?v=26572*****https://theme.hstatic.net/1000230347/1000782290/14/product-placeholder.png?v=26572*****https://theme.hstatic.net/1000230347/1000782290/14/product-placeholder.png?v=26572*****https://theme.hstatic.net/1000230347/1000782290/14/product-placeholder.png?v=26572,"
						
						13,700₫
						
					",,https://thienlong.vn/products/but-da-quang-mau-pastel-eco-style-highlighter-thien-long-hl-015-eco-khong-mat-net-khi-photocopy
150,Combo 10 Bút dạ quang màu Pastel Thiên Long Flexoffice Pazto FO-HL009/VN - Bút dạ quang rửa được - Photocopy không làm mất nét chữ bên dưới,50011457CB10,Flexoffice,https://product.hstatic.net/1000230347/product/artboard_1_copy_11c07fada1bb46e38e4fac10fb5a7f3a_1024x1024.jpg*****https://product.hstatic.net/1000230347/product/artboard_1_6ae5df9fca674bdf851c63777c173d02_1024x1024.jpg*****https://product.hstatic.net/1000230347/product/artboard_5_copy_2_1d32ee3cd5ad4982ab5707c2773c9ef2_1024x1024.jpg*****https://product.hstatic.net/1000230347/product/artboard_5_copy_3_9b5a5a4195a442289010b4ceeae1c610_1024x1024.jpg*****https://theme.hstatic.net/1000230347/1000782290/14/product-placeholder.png?v=26572*****https://theme.hstatic.net/1000230347/1000782290/14/product-placeholder.png?v=26572*****https://theme.hstatic.net/1000230347/1000782290/14/product-placeholder.png?v=26572*****https://theme.hstatic.net/1000230347/1000782290/14/product-placeholder.png?v=26572*****https://theme.hstatic.net/1000230347/1000782290/14/product-placeholder.png?v=26572*****https://theme.hstatic.net/1000230347/1000782290/14/product-placeholder.png?v=26572*****https://theme.hstatic.net/1000230347/1000782290/14/product-placeholder.png?v=26572*****https://theme.hstatic.net/1000230347/1000782290/14/product-placeholder.png?v=26572*****https://theme.hstatic.net/1000230347/1000782290/14/product-placeholder.png?v=26572*****https://theme.hstatic.net/1000230347/1000782290/14/product-placeholder.png?v=26572*****https://theme.hstatic.net/1000230347/1000782290/14/product-placeholder.png?v=26572*****https://theme.hstatic.net/1000230347/1000782290/14/product-placeholder.png?v=26572*****https://theme.hstatic.net/1000230347/1000782290/14/product-placeholder.png?v=26572*****https://theme.hstatic.net/1000230347/1000782290/14/product-placeholder.png?v=26572,"
						
						130,000₫
						
					",,https://thienlong.vn/products/combo-10-but-da-quang-mau-pastel-thien-long-flexoffice-pazto-fo-hl009-vn-but-da-quang-rua-duoc-khong-de-lai-vet-khi-photocopy
151,Combo 5 Bút dạ quang màu Pastel Thiên Long Pazto HL-016 - Bút dạ quang rửa được - Photocopy không làm mất nét chữ bên dưới,50011580CB5,Thiên Long,https://product.hstatic.net/1000230347/product/artboard_3_copy_1b79e4a340974cacad5df3a56f095b30_1024x1024.jpg*****https://product.hstatic.net/1000230347/product/artboard_4_87f586aaa4134f46af73d5c5ba4ae5b8_1024x1024.jpg*****https://product.hstatic.net/1000230347/product/artboard_15_1bb051f9c81b429fad109c692af79319_1024x1024.jpg*****https://product.hstatic.net/1000230347/product/artboard_13_ee24073b2fc9415bbad925d1d8dd5ced_1024x1024.jpg*****https://theme.hstatic.net/1000230347/1000782290/14/product-placeholder.png?v=26572*****https://theme.hstatic.net/1000230347/1000782290/14/product-placeholder.png?v=26572*****https://theme.hstatic.net/1000230347/1000782290/14/product-placeholder.png?v=26572*****https://theme.hstatic.net/1000230347/1000782290/14/product-placeholder.png?v=26572*****https://theme.hstatic.net/1000230347/1000782290/14/product-placeholder.png?v=26572*****https://theme.hstatic.net/1000230347/1000782290/14/product-placeholder.png?v=26572*****https://theme.hstatic.net/1000230347/1000782290/14/product-placeholder.png?v=26572*****https://theme.hstatic.net/1000230347/1000782290/14/product-placeholder.png?v=26572,"
						
						56,000₫
						
					",,https://thienlong.vn/products/combo-5-but-da-quang-mau-pastel-thien-long-pazto-hl-016-but-da-quang-rua-duoc-khong-de-lai-vet-khi-photocopy
152,Combo 12 Bút lông bảng - Whiteboard Marker Liquid Thiên Long WB-022 - Không Xylene,50013569CB12,Thiên Long,https://product.hstatic.net/1000230347/product/artboard_7_copy_36e19c8907d0457eaa9360f71e6f731a_1024x1024.jpg*****https://product.hstatic.net/1000230347/product/artboard_7_42be548527884cdd967ea92147712652_1024x1024.jpg*****https://product.hstatic.net/1000230347/product/artboard_2_960bd82ddbb54515a6411e1f01e055c9_1024x1024.jpg*****https://product.hstatic.net/1000230347/product/artboard_5_copy_2_b3618f27b8cf42838adab52da4a2f8da_1024x1024.jpg*****https://theme.hstatic.net/1000230347/1000782290/14/product-placeholder.png?v=26572*****https://theme.hstatic.net/1000230347/1000782290/14/product-placeholder.png?v=26572*****https://theme.hstatic.net/1000230347/1000782290/14/product-placeholder.png?v=26572*****https://theme.hstatic.net/1000230347/1000782290/14/product-placeholder.png?v=26572*****https://theme.hstatic.net/1000230347/1000782290/14/product-placeholder.png?v=26572*****https://theme.hstatic.net/1000230347/1000782290/14/product-placeholder.png?v=26572,"
						
						180,000₫
						
					",,https://thienlong.vn/products/combo-12-but-long-bang-whiteboard-marker-liquid-thien-long-wb-022-khong-xylene
153,Bút lông bảng - Whiteboard Marker Liquid Thiên Long WB-022 - Không Xylene,50013569,Thiên Long,https://product.hstatic.net/1000230347/product/artboard_1_copy_ae34f36e86724dce87ee5ce6723e388a_1024x1024.jpg*****https://product.hstatic.net/1000230347/product/artboard_1_a13c761f640c4071936df2d228a7f1a9_1024x1024.jpg*****https://product.hstatic.net/1000230347/product/artboard_6_0220f929a3b345f2855e69bb76bff490_1024x1024.jpg*****https://product.hstatic.net/1000230347/product/artboard_11_a63254cd50ae4ffb8e2bbda837dd0852_1024x1024.jpg*****https://theme.hstatic.net/1000230347/1000782290/14/product-placeholder.png?v=26572*****https://theme.hstatic.net/1000230347/1000782290/14/product-placeholder.png?v=26572*****https://theme.hstatic.net/1000230347/1000782290/14/product-placeholder.png?v=26572*****https://theme.hstatic.net/1000230347/1000782290/14/product-placeholder.png?v=26572*****https://theme.hstatic.net/1000230347/1000782290/14/product-placeholder.png?v=26572*****https://theme.hstatic.net/1000230347/1000782290/14/product-placeholder.png?v=26572*****https://theme.hstatic.net/1000230347/1000782290/14/product-placeholder.png?v=26572,"
						
						15,000₫
						
					",,https://thienlong.vn/products/but-long-bang-whiteboard-marker-liquid-thien-long-wb-022-khong-xylene
154,Bút xóa kéo - Correction Tape Thiên Long - Khô siêu nhanh Viết được ngay sau khi xóa,60016781,Thiên Long,https://product.hstatic.net/1000230347/product/artboard_1_copy_59abe579daed4518be12fce79721f9b9_1024x1024.jpg*****https://product.hstatic.net/1000230347/product/artboard_1_74e8a8645ec3422f982d73b3dfc31aff_1024x1024.jpg*****https://product.hstatic.net/1000230347/product/artboard_2_a36421d72922485fb30b1dd9408a25f9_1024x1024.jpg*****https://product.hstatic.net/1000230347/product/artboard_3_4a9ecd83ebbb4a3286e8842b24951f1f_1024x1024.jpg*****https://theme.hstatic.net/1000230347/1000782290/14/product-placeholder.png?v=26572*****https://theme.hstatic.net/1000230347/1000782290/14/product-placeholder.png?v=26572*****https://theme.hstatic.net/1000230347/1000782290/14/product-placeholder.png?v=26572*****https://theme.hstatic.net/1000230347/1000782290/14/product-placeholder.png?v=26572*****https://theme.hstatic.net/1000230347/1000782290/14/product-placeholder.png?v=26572*****https://theme.hstatic.net/1000230347/1000782290/14/product-placeholder.png?v=26572*****https://theme.hstatic.net/1000230347/1000782290/14/product-placeholder.png?v=26572*****https://theme.hstatic.net/1000230347/1000782290/14/product-placeholder.png?v=26572*****https://theme.hstatic.net/1000230347/1000782290/14/product-placeholder.png?v=26572*****https://theme.hstatic.net/1000230347/1000782290/14/product-placeholder.png?v=26572,"
						
						19,100₫
						
					",,https://thienlong.vn/products/but-xoa-keo-correction-tape-thien-long-kho-sieu-nhanh-viet-duoc-ngay-sau-khi-xoa
155,Bấm kim trợ lực số 10 - Power Assist Stapler Thiên Long - Bấm nhẹ hơn 50%,60015864,Thiên Long,https://product.hstatic.net/1000230347/product/artboard_2_copy_a1c4e866ba4d43ebb571c7290ecd4098_1024x1024.jpg*****https://product.hstatic.net/1000230347/product/artboard_2_73e2d82ad630406481f29d19f9465309_1024x1024.jpg*****https://product.hstatic.net/1000230347/product/artboard_5_f169dd1010f441198986059d9952244a_1024x1024.jpg*****https://product.hstatic.net/1000230347/product/artboard_1_copy_4_6c073db449ae43a38942e9d8e4d773dd_1024x1024.jpg*****https://theme.hstatic.net/1000230347/1000782290/14/product-placeholder.png?v=26572*****https://theme.hstatic.net/1000230347/1000782290/14/product-placeholder.png?v=26572*****https://theme.hstatic.net/1000230347/1000782290/14/product-placeholder.png?v=26572,"
						
						38,000₫
						
					",,https://thienlong.vn/products/bam-kim-tro-luc-so-10-power-assist-stapler-thien-long-bam-nhe-hon-50
156,Bấm kim mini số 10 - Mini Stapler Thiên Long - Bấm nhẹ hơn - Màu ngẫu nhiên,60015862,Thiên Long,https://product.hstatic.net/1000230347/product/artboard_1_2_8e4cdd3c67254b6390b7089ca3c37370_1024x1024.jpg*****https://product.hstatic.net/1000230347/product/artboard_1_d24ff86b38674507bfc552b255715661_1024x1024.jpg*****https://product.hstatic.net/1000230347/product/artboard_1_copy_4_6f159d5b7f5b4cd3a63b9f39db2b95c4_1024x1024.jpg*****https://product.hstatic.net/1000230347/product/artboard_1_copy_6_21594124262b49f9a2a4c35b767b1c95_1024x1024.jpg*****https://theme.hstatic.net/1000230347/1000782290/14/product-placeholder.png?v=26572*****https://theme.hstatic.net/1000230347/1000782290/14/product-placeholder.png?v=26572*****https://theme.hstatic.net/1000230347/1000782290/14/product-placeholder.png?v=26572*****https://theme.hstatic.net/1000230347/1000782290/14/product-placeholder.png?v=26572*****https://theme.hstatic.net/1000230347/1000782290/14/product-placeholder.png?v=26572*****https://theme.hstatic.net/1000230347/1000782290/14/product-placeholder.png?v=26572*****https://theme.hstatic.net/1000230347/1000782290/14/product-placeholder.png?v=26572*****https://theme.hstatic.net/1000230347/1000782290/14/product-placeholder.png?v=26572*****https://theme.hstatic.net/1000230347/1000782290/14/product-placeholder.png?v=26572*****https://theme.hstatic.net/1000230347/1000782290/14/product-placeholder.png?v=26572*****https://theme.hstatic.net/1000230347/1000782290/14/product-placeholder.png?v=26572*****https://theme.hstatic.net/1000230347/1000782290/14/product-placeholder.png?v=26572*****https://theme.hstatic.net/1000230347/1000782290/14/product-placeholder.png?v=26572*****https://theme.hstatic.net/1000230347/1000782290/14/product-placeholder.png?v=26572*****https://theme.hstatic.net/1000230347/1000782290/14/product-placeholder.png?v=26572,"
						
						18,000₫
						
					",,https://thienlong.vn/products/bam-kim-mini-so-10-mini-stapler-thien-long-bam-nhe-hon
157,Bút lông bảng - Whiteboard Marker for Kids Thiên Long TP-WB016/AK - Nét viết 1.1mm Không Xylene Không độc hại - Nhân vật Akooland thế giới học cụ thần kỳ,50013603,Thiên Long,https://product.hstatic.net/1000230347/product/artboard_2_copy_dc2487982c594c58a2a0119a4cd532ea_1024x1024.jpg*****https://product.hstatic.net/1000230347/product/artboard_7_efa10ecbcade4f7cbee6a927ac58ef28_1024x1024.jpg*****https://product.hstatic.net/1000230347/product/artboard_6_9d35fdece5b34cdb95d2448df074a8b5_1024x1024.jpg*****https://product.hstatic.net/1000230347/product/artboard_5_2bee015e14554d6c8e70ae0baa787b20_1024x1024.jpg*****https://theme.hstatic.net/1000230347/1000782290/14/product-placeholder.png?v=26572*****https://theme.hstatic.net/1000230347/1000782290/14/product-placeholder.png?v=26572*****https://theme.hstatic.net/1000230347/1000782290/14/product-placeholder.png?v=26572*****https://theme.hstatic.net/1000230347/1000782290/14/product-placeholder.png?v=26572*****https://theme.hstatic.net/1000230347/1000782290/14/product-placeholder.png?v=26572*****https://theme.hstatic.net/1000230347/1000782290/14/product-placeholder.png?v=26572,"11,600₫",,https://thienlong.vn/products/but-long-bang-whiteboard-marker-for-kids-thien-long-net-viet-1-1mm-khong-xylene-khong-doc-hai
158,Dao rọc giấy Thiên Long - Khóa tự động thông minh - Khay đựng dao nâng cấp chắc chắn an toàn hơn,60015870,Thiên Long,https://product.hstatic.net/1000230347/product/drg_ko_logo_94e9836f400c4ee7be1df892d19ad5ad_1024x1024.png*****https://product.hstatic.net/1000230347/product/kn011_co_logo_3355013787fc48c5bf5b1f11565db23b_1024x1024.jpg*****https://product.hstatic.net/1000230347/product/kn012_co_logo_ceb13ab37c0a4ad09ddab8e61c8a9327_1024x1024.jpg*****https://product.hstatic.net/1000230347/product/kn-011_kn-012_3_ade05725e91f4e4b9f9ce77adbce9013_1024x1024.jpg*****https://theme.hstatic.net/1000230347/1000782290/14/product-placeholder.png?v=26572*****https://theme.hstatic.net/1000230347/1000782290/14/product-placeholder.png?v=26572,"
						
						37,100₫
						
					",,https://thienlong.vn/products/dao-roc-giay-thien-long-khoa-tu-dong-thong-minh-khay-dung-dao-nang-cap-chac-chan-an-toan-hon
159,Sổ lò xo đường kẻ ngang A5 Thiên Long - Tặng Bút và Sticker,60020648,Thiên Long,https://product.hstatic.net/1000230347/product/logo_thien_long_-_cope2wqy_copy_913c42f6f2004c3a98b02df4f45cfdb5_1024x1024.jpg*****https://product.hstatic.net/1000230347/product/02_5ac675a7091840dc92c7797ca97f7857_1024x1024.jpg*****https://product.hstatic.net/1000230347/product/artboard_11_44e4c6fb8e5041ba83fce7852a014e8a_1024x1024.jpg*****https://product.hstatic.net/1000230347/product/artboard_18_7af45dcd986a4b388ae143dcf782bccc_1024x1024.jpg*****https://theme.hstatic.net/1000230347/1000782290/14/product-placeholder.png?v=26572*****https://theme.hstatic.net/1000230347/1000782290/14/product-placeholder.png?v=26572*****https://theme.hstatic.net/1000230347/1000782290/14/product-placeholder.png?v=26572*****https://theme.hstatic.net/1000230347/1000782290/14/product-placeholder.png?v=26572*****https://theme.hstatic.net/1000230347/1000782290/14/product-placeholder.png?v=26572*****https://theme.hstatic.net/1000230347/1000782290/14/product-placeholder.png?v=26572*****https://theme.hstatic.net/1000230347/1000782290/14/product-placeholder.png?v=26572*****https://theme.hstatic.net/1000230347/1000782290/14/product-placeholder.png?v=26572,"
						
						33,000₫
						
					",,https://thienlong.vn/products/so-lo-xo-duong-ke-ngang-a5-thien-long
160,Sổ lò xo đường kẻ ngang B5 7mm Thiên Long,60014905,Thiên Long,https://product.hstatic.net/1000230347/product/04_d1e08d80bcd143bd9b26d48aadd422ab_1024x1024.jpg*****https://product.hstatic.net/1000230347/product/artboard_11_82087d154aa84037bf7b6a53e84181b0_1024x1024.jpg*****https://product.hstatic.net/1000230347/product/artboard_18_5c5b3a59b5d04218816be700bed4c3e8_1024x1024.jpg*****https://product.hstatic.net/1000230347/product/artboard_12_8969fea3999e4c79b9a0761f553634ee_1024x1024.jpg*****https://theme.hstatic.net/1000230347/1000782290/14/product-placeholder.png?v=26572*****https://theme.hstatic.net/1000230347/1000782290/14/product-placeholder.png?v=26572*****https://theme.hstatic.net/1000230347/1000782290/14/product-placeholder.png?v=26572*****https://theme.hstatic.net/1000230347/1000782290/14/product-placeholder.png?v=26572*****https://theme.hstatic.net/1000230347/1000782290/14/product-placeholder.png?v=26572*****https://theme.hstatic.net/1000230347/1000782290/14/product-placeholder.png?v=26572*****https://theme.hstatic.net/1000230347/1000782290/14/product-placeholder.png?v=26572*****https://theme.hstatic.net/1000230347/1000782290/14/product-placeholder.png?v=26572,"
						
						51,000₫
						
					",,https://thienlong.vn/products/so-lo-xo-duong-ke-ngang-b5-thien-long
161,Bút xóa nước Thiên Long CP-015,60014908,Thiên Long,https://product.hstatic.net/1000230347/product/img_9577_cfcc94c142284b819e3a0b42c3e8dbe3_1024x1024.jpg*****https://product.hstatic.net/1000230347/product/img_9540_4b75aaafea634fa9a514bcae7f1d162a_1024x1024.jpg*****https://product.hstatic.net/1000230347/product/img_9602_c0ae17984d2f4a3e987b8e37e640a383_1024x1024.jpg*****https://product.hstatic.net/1000230347/product/cp-015_2_e2ef8736f4034429a9037ba49d5e4980_1024x1024.jpg*****https://theme.hstatic.net/1000230347/1000782290/14/product-placeholder.png?v=26572,"7,800₫",,https://thienlong.vn/products/but-xoa-nuoc-thien-long-cp-015
162,Bút xóa nước Thiên Long CP-012,60014907,Thiên Long,https://product.hstatic.net/1000230347/product/img_9559_e3b6f76e3b6142129c8cd007fb942f71_1024x1024.jpg*****https://product.hstatic.net/1000230347/product/img_9552_e3355271d9b54a19b5006d78c90a1e26_1024x1024.jpg*****https://product.hstatic.net/1000230347/product/img_9601_c1e979904c3b456ebcd7bc6a794e5e70_1024x1024.jpg*****https://product.hstatic.net/1000230347/product/cp-012_ca0a3fa2878240608f7843b83d775839_1024x1024.jpg*****https://theme.hstatic.net/1000230347/1000782290/14/product-placeholder.png?v=26572,"6,900₫",,https://thienlong.vn/products/but-xoa-nuoc-thien-long-cp-012
163,Kéo văn phòng chịu lực Thiên Long,60014203,Thiên Long,https://product.hstatic.net/1000230347/product/thumb_khong_logo_a321f2e3a9794f67a98bb374b16f0aac_1024x1024.jpg*****https://product.hstatic.net/1000230347/product/artboard_3_copy_2_175c06f412b243b1aa33a77f6f323398_1024x1024.jpg*****https://product.hstatic.net/1000230347/product/artboard_1_cdc9a01fb1e74728bd69ede3986f3db6_1024x1024.jpg*****https://product.hstatic.net/1000230347/product/artboard_6_993fb7c5e0b045cc96d1568f18c5fd62_1024x1024.jpg*****https://theme.hstatic.net/1000230347/1000782290/14/product-placeholder.png?v=26572*****https://theme.hstatic.net/1000230347/1000782290/14/product-placeholder.png?v=26572*****https://theme.hstatic.net/1000230347/1000782290/14/product-placeholder.png?v=26572*****https://theme.hstatic.net/1000230347/1000782290/14/product-placeholder.png?v=26572*****https://theme.hstatic.net/1000230347/1000782290/14/product-placeholder.png?v=26572,"
						
						74,300₫
						
					",,https://thienlong.vn/products/keo-van-phong-chiu-luc-thien-long
164,Băng keo - Băng dính kéo 2 mặt Thiên Long GT-001 (Màu ngẫu nhiên),60014627,Thiên Long,https://product.hstatic.net/1000230347/product/artboard_1_87416f1daf9d4ef3b304b02319663053_1024x1024.jpg*****https://product.hstatic.net/1000230347/product/artboard_3_4218cbeea3294c668ac22be0ef2b704d_1024x1024.jpg*****https://product.hstatic.net/1000230347/product/artboard_2_4fa03808f64b435bbd68c441b0217492_1024x1024.jpg*****https://product.hstatic.net/1000230347/product/artboard_5_06ed17b0b51b4f91bafaa4692f091552_1024x1024.jpg*****https://theme.hstatic.net/1000230347/1000782290/14/product-placeholder.png?v=26572*****https://theme.hstatic.net/1000230347/1000782290/14/product-placeholder.png?v=26572*****https://theme.hstatic.net/1000230347/1000782290/14/product-placeholder.png?v=26572*****https://theme.hstatic.net/1000230347/1000782290/14/product-placeholder.png?v=26572,"33,000₫",,https://thienlong.vn/products/bang-keo-bang-dinh-keo-2-mat-thien-long-gt-001
165,Pin Alkaline AAA Thiên Long Flexio,60013393,Flexio,https://product.hstatic.net/1000230347/product/artboard_3_copy_2_655e70d7ea134f778907b226d53381a3_1024x1024.jpg*****https://product.hstatic.net/1000230347/product/artboard_3_copy_2449a645db134991a5d906a2e66e53f2_1024x1024.jpg*****https://product.hstatic.net/1000230347/product/artboard_4_012966bf1ecb4447bc9cb97ff61a6daf_1024x1024.jpg*****https://product.hstatic.net/1000230347/product/artboard_5_e5b57c058f6d417a809294e7d3efa14f_1024x1024.jpg*****https://theme.hstatic.net/1000230347/1000782290/14/product-placeholder.png?v=26572*****https://theme.hstatic.net/1000230347/1000782290/14/product-placeholder.png?v=26572*****https://theme.hstatic.net/1000230347/1000782290/14/product-placeholder.png?v=26572*****https://theme.hstatic.net/1000230347/1000782290/14/product-placeholder.png?v=26572*****https://theme.hstatic.net/1000230347/1000782290/14/product-placeholder.png?v=26572*****https://theme.hstatic.net/1000230347/1000782290/14/product-placeholder.png?v=26572*****https://theme.hstatic.net/1000230347/1000782290/14/product-placeholder.png?v=26572*****https://theme.hstatic.net/1000230347/1000782290/14/product-placeholder.png?v=26572*****https://theme.hstatic.net/1000230347/1000782290/14/product-placeholder.png?v=26572,"
						
						20,600₫
						
					",,https://thienlong.vn/products/pin-alkaline-aaa-thien-long-flexio
166,Pin Alkaline AA Thiên Long Flexio,60013392,Flexio,https://product.hstatic.net/1000230347/product/artboard_3_copy_2_44a81837e9664be4936148e2c3fba91b_1024x1024.jpg*****https://product.hstatic.net/1000230347/product/artboard_3_copy_5d12412ea0b84316a6a09ec545cf6981_1024x1024.jpg*****https://product.hstatic.net/1000230347/product/artboard_4_2c652e497e5b4659aeb580a29609622d_1024x1024.jpg*****https://product.hstatic.net/1000230347/product/artboard_5_c3c5035e776b488bb1499f938f34b32a_1024x1024.jpg*****https://theme.hstatic.net/1000230347/1000782290/14/product-placeholder.png?v=26572*****https://theme.hstatic.net/1000230347/1000782290/14/product-placeholder.png?v=26572*****https://theme.hstatic.net/1000230347/1000782290/14/product-placeholder.png?v=26572*****https://theme.hstatic.net/1000230347/1000782290/14/product-placeholder.png?v=26572*****https://theme.hstatic.net/1000230347/1000782290/14/product-placeholder.png?v=26572*****https://theme.hstatic.net/1000230347/1000782290/14/product-placeholder.png?v=26572*****https://theme.hstatic.net/1000230347/1000782290/14/product-placeholder.png?v=26572,"
						
						22,400₫
						
					",,https://thienlong.vn/products/pin-alkaline-aa-thien-long-flexio
167,Lốc 2 Pin đại D Thiên Long Flexio BAC-R20/2,60013400CB2,Flexio,https://product.hstatic.net/1000230347/product/artboard_3_copy_bcf3281418bf41c4a839cc44e36a3b8a_1024x1024.jpg*****https://product.hstatic.net/1000230347/product/artboard_3_ad97cdecdebc4c78b7b87315e146628e_1024x1024.jpg*****https://product.hstatic.net/1000230347/product/artboard_4_7e55ba8ca9914293863146ebbd008e75_1024x1024.jpg*****https://product.hstatic.net/1000230347/product/artboard_5_9d6beb6597ad4bafbf3d8d17fa88b454_1024x1024.jpg*****https://theme.hstatic.net/1000230347/1000782290/14/product-placeholder.png?v=26572*****https://theme.hstatic.net/1000230347/1000782290/14/product-placeholder.png?v=26572*****https://theme.hstatic.net/1000230347/1000782290/14/product-placeholder.png?v=26572*****https://theme.hstatic.net/1000230347/1000782290/14/product-placeholder.png?v=26572,"37,000₫",,https://thienlong.vn/products/pin-dai-d-thien-long-flexio
168,Lốc 4 Pin AAA Thiên Long Flexio BAC-R03/4,60013399CB4,Flexio,https://product.hstatic.net/1000230347/product/artboard_3_copy_1a3eeb675a534dcb9d7b82b14d95de93_1024x1024.jpg*****https://product.hstatic.net/1000230347/product/artboard_3_b17963d7b5eb44a582c3582845df6bb9_1024x1024.jpg*****https://product.hstatic.net/1000230347/product/artboard_4_7404bef591cc461a9f26ce08740ca50e_1024x1024.jpg*****https://product.hstatic.net/1000230347/product/artboard_5_b6253c6dfd904aa49c7f2406157b2759_1024x1024.jpg*****https://theme.hstatic.net/1000230347/1000782290/14/product-placeholder.png?v=26572*****https://theme.hstatic.net/1000230347/1000782290/14/product-placeholder.png?v=26572*****https://theme.hstatic.net/1000230347/1000782290/14/product-placeholder.png?v=26572*****https://theme.hstatic.net/1000230347/1000782290/14/product-placeholder.png?v=26572,"12,800₫",,https://thienlong.vn/products/pin-aaa-thien-long-flexio
169,Lốc 4 Pin AA Thiên Long Flexio BAC-R6/4,60013398CB4,Flexio,https://product.hstatic.net/1000230347/product/artboard_3_copy_3ba51bc64cf54521b3dac6940357e138_1024x1024.jpg*****https://product.hstatic.net/1000230347/product/artboard_3_03e7197af84d48a4a490d074bd974e68_1024x1024.jpg*****https://product.hstatic.net/1000230347/product/artboard_4_89df13a315f44746b86b96739705ee8c_1024x1024.jpg*****https://product.hstatic.net/1000230347/product/artboard_5_31e3e0fe4d744dd3ae43270908abb7fb_1024x1024.jpg*****https://theme.hstatic.net/1000230347/1000782290/14/product-placeholder.png?v=26572*****https://theme.hstatic.net/1000230347/1000782290/14/product-placeholder.png?v=26572*****https://theme.hstatic.net/1000230347/1000782290/14/product-placeholder.png?v=26572*****https://theme.hstatic.net/1000230347/1000782290/14/product-placeholder.png?v=26572,"15,200₫",,https://thienlong.vn/products/pin-aa-thien-long-flexio
170,Sổ lò xo đường kẻ ngang A5 Thiên Long MB-011 - Màu ngẫu nhiên,60013465,Thiên Long,https://product.hstatic.net/1000230347/product/artboard_8_2756e85ce53d4274929097c29d055c62_1024x1024.jpg*****https://product.hstatic.net/1000230347/product/artboard_8_81ad96aadf7041e1961087ad69bef2df_1024x1024.jpg*****https://product.hstatic.net/1000230347/product/artboard_7_copy_b2751501f3594dea8d45f1dfb4db05e6_1024x1024.jpg*****https://product.hstatic.net/1000230347/product/artboard_9_aae5592415ee4e1c95361755bfe117e0_1024x1024.jpg*****https://theme.hstatic.net/1000230347/1000782290/14/product-placeholder.png?v=26572*****https://theme.hstatic.net/1000230347/1000782290/14/product-placeholder.png?v=26572*****https://theme.hstatic.net/1000230347/1000782290/14/product-placeholder.png?v=26572*****https://theme.hstatic.net/1000230347/1000782290/14/product-placeholder.png?v=26572*****https://theme.hstatic.net/1000230347/1000782290/14/product-placeholder.png?v=26572*****https://theme.hstatic.net/1000230347/1000782290/14/product-placeholder.png?v=26572*****https://theme.hstatic.net/1000230347/1000782290/14/product-placeholder.png?v=26572*****https://theme.hstatic.net/1000230347/1000782290/14/product-placeholder.png?v=26572*****https://theme.hstatic.net/1000230347/1000782290/14/product-placeholder.png?v=26572*****https://theme.hstatic.net/1000230347/1000782290/14/product-placeholder.png?v=26572*****https://theme.hstatic.net/1000230347/1000782290/14/product-placeholder.png?v=26572*****https://theme.hstatic.net/1000230347/1000782290/14/product-placeholder.png?v=26572*****https://theme.hstatic.net/1000230347/1000782290/14/product-placeholder.png?v=26572*****https://theme.hstatic.net/1000230347/1000782290/14/product-placeholder.png?v=26572*****https://theme.hstatic.net/1000230347/1000782290/14/product-placeholder.png?v=26572*****https://theme.hstatic.net/1000230347/1000782290/14/product-placeholder.png?v=26572*****https://theme.hstatic.net/1000230347/1000782290/14/product-placeholder.png?v=26572,"30,000₫",,https://thienlong.vn/products/so-lo-xo-duong-ke-ngang-thien-long-mb-011
171,Sổ lò xo đường kẻ caro A5 Thiên Long MB-015 - Màu ngẫu nhiên,60013467,Thiên Long,https://product.hstatic.net/1000230347/product/artboard_2_8aa64124eb7f4afa832f849cf004d33c_1024x1024.jpg*****https://product.hstatic.net/1000230347/product/artboard_2_a6aaf0e5b97546b2a4896506d958b685_1024x1024.jpg*****https://product.hstatic.net/1000230347/product/artboard_3_846f6262c4484e70ba59951a7aafc7ed_1024x1024.jpg*****https://product.hstatic.net/1000230347/product/artboard_4_81c92ca03d6a4638bcbe61a140844743_1024x1024.jpg*****https://theme.hstatic.net/1000230347/1000782290/14/product-placeholder.png?v=26572*****https://theme.hstatic.net/1000230347/1000782290/14/product-placeholder.png?v=26572*****https://theme.hstatic.net/1000230347/1000782290/14/product-placeholder.png?v=26572*****https://theme.hstatic.net/1000230347/1000782290/14/product-placeholder.png?v=26572*****https://theme.hstatic.net/1000230347/1000782290/14/product-placeholder.png?v=26572*****https://theme.hstatic.net/1000230347/1000782290/14/product-placeholder.png?v=26572*****https://theme.hstatic.net/1000230347/1000782290/14/product-placeholder.png?v=26572*****https://theme.hstatic.net/1000230347/1000782290/14/product-placeholder.png?v=26572*****https://theme.hstatic.net/1000230347/1000782290/14/product-placeholder.png?v=26572*****https://theme.hstatic.net/1000230347/1000782290/14/product-placeholder.png?v=26572*****https://theme.hstatic.net/1000230347/1000782290/14/product-placeholder.png?v=26572*****https://theme.hstatic.net/1000230347/1000782290/14/product-placeholder.png?v=26572*****https://theme.hstatic.net/1000230347/1000782290/14/product-placeholder.png?v=26572*****https://theme.hstatic.net/1000230347/1000782290/14/product-placeholder.png?v=26572*****https://theme.hstatic.net/1000230347/1000782290/14/product-placeholder.png?v=26572*****https://theme.hstatic.net/1000230347/1000782290/14/product-placeholder.png?v=26572*****https://theme.hstatic.net/1000230347/1000782290/14/product-placeholder.png?v=26572,"30,000₫",,https://thienlong.vn/products/so-lo-xo-duong-ke-caro-thien-long-mb-015
172,Sổ lò xo đường kẻ chấm bi A5 Thiên Long MB-017 - Màu ngẫu nhiên,60013469,Thiên Long,https://product.hstatic.net/1000230347/product/artboard_13_6ec66b55aa1f4a1dac29ad878328ca3f_1024x1024.jpg*****https://product.hstatic.net/1000230347/product/artboard_13_c0de764d1aba4cf68eadc45ed266dea4_1024x1024.jpg*****https://product.hstatic.net/1000230347/product/artboard_7_copy_2_81930732dd84413cb430b1df3ec187ae_1024x1024.jpg*****https://product.hstatic.net/1000230347/product/artboard_9_copy_0970fb2c644d4a7eae31e6538c9d9022_1024x1024.jpg*****https://theme.hstatic.net/1000230347/1000782290/14/product-placeholder.png?v=26572*****https://theme.hstatic.net/1000230347/1000782290/14/product-placeholder.png?v=26572*****https://theme.hstatic.net/1000230347/1000782290/14/product-placeholder.png?v=26572*****https://theme.hstatic.net/1000230347/1000782290/14/product-placeholder.png?v=26572*****https://theme.hstatic.net/1000230347/1000782290/14/product-placeholder.png?v=26572*****https://theme.hstatic.net/1000230347/1000782290/14/product-placeholder.png?v=26572*****https://theme.hstatic.net/1000230347/1000782290/14/product-placeholder.png?v=26572*****https://theme.hstatic.net/1000230347/1000782290/14/product-placeholder.png?v=26572*****https://theme.hstatic.net/1000230347/1000782290/14/product-placeholder.png?v=26572*****https://theme.hstatic.net/1000230347/1000782290/14/product-placeholder.png?v=26572*****https://theme.hstatic.net/1000230347/1000782290/14/product-placeholder.png?v=26572*****https://theme.hstatic.net/1000230347/1000782290/14/product-placeholder.png?v=26572*****https://theme.hstatic.net/1000230347/1000782290/14/product-placeholder.png?v=26572*****https://theme.hstatic.net/1000230347/1000782290/14/product-placeholder.png?v=26572*****https://theme.hstatic.net/1000230347/1000782290/14/product-placeholder.png?v=26572*****https://theme.hstatic.net/1000230347/1000782290/14/product-placeholder.png?v=26572*****https://theme.hstatic.net/1000230347/1000782290/14/product-placeholder.png?v=26572,"30,000₫",,https://thienlong.vn/products/so-lo-xo-duong-ke-cham-bi-thien-long-mb-017
173,Sổ lò xo đường kẻ caro B5 Thiên Long MB-016- Màu ngẫu nhiên,60013468,Thiên Long,https://product.hstatic.net/1000230347/product/artboard_1_208f09d5a01a44a6a6965a20ad05b273_1024x1024.jpg*****https://product.hstatic.net/1000230347/product/artboard_2_587c1062c1bc4a9b9a311fb1e83e4d67_1024x1024.jpg*****https://product.hstatic.net/1000230347/product/artboard_3_1b145a60bb37436b95ad301e9b80b9a3_1024x1024.jpg*****https://product.hstatic.net/1000230347/product/artboard_4_655bc3f9be71424aba8d42c31e7c803f_1024x1024.jpg*****https://theme.hstatic.net/1000230347/1000782290/14/product-placeholder.png?v=26572*****https://theme.hstatic.net/1000230347/1000782290/14/product-placeholder.png?v=26572*****https://theme.hstatic.net/1000230347/1000782290/14/product-placeholder.png?v=26572*****https://theme.hstatic.net/1000230347/1000782290/14/product-placeholder.png?v=26572*****https://theme.hstatic.net/1000230347/1000782290/14/product-placeholder.png?v=26572*****https://theme.hstatic.net/1000230347/1000782290/14/product-placeholder.png?v=26572*****https://theme.hstatic.net/1000230347/1000782290/14/product-placeholder.png?v=26572,"44,000₫",,https://thienlong.vn/products/so-lo-xo-duong-ke-cham-bi-thien-long-mb-16
174,Sổ lò xo đường kẻ chấm bi B5 Thiên Long MB-018- Màu ngẫu nhiên,60013470,Thiên Long,https://product.hstatic.net/1000230347/product/artboard_13_copy_34a9744039ba40d9a5a9b0bca16ab264_1024x1024.jpg*****https://product.hstatic.net/1000230347/product/artboard_14_68b68332ee0e42b6b88b265de6dda573_1024x1024.jpg*****https://product.hstatic.net/1000230347/product/artboard_15_61233216a3844872a3f21cd38b68a83b_1024x1024.jpg*****https://product.hstatic.net/1000230347/product/artboard_16_bfedf198192b457ca38d4039fc2d0ea2_1024x1024.jpg*****https://theme.hstatic.net/1000230347/1000782290/14/product-placeholder.png?v=26572*****https://theme.hstatic.net/1000230347/1000782290/14/product-placeholder.png?v=26572*****https://theme.hstatic.net/1000230347/1000782290/14/product-placeholder.png?v=26572*****https://theme.hstatic.net/1000230347/1000782290/14/product-placeholder.png?v=26572*****https://theme.hstatic.net/1000230347/1000782290/14/product-placeholder.png?v=26572*****https://theme.hstatic.net/1000230347/1000782290/14/product-placeholder.png?v=26572*****https://theme.hstatic.net/1000230347/1000782290/14/product-placeholder.png?v=26572,"44,000₫",,https://thienlong.vn/products/so-lo-xo-duong-ke-cham-bi-thien-long-mb-018
175,Bút lông bảng Thiên Long Flexoffice FO-WB02/XK - Whiteboard Marker,50008964,Flexoffice,https://product.hstatic.net/1000230347/product/artboard_13_b2e0cc4abbde4d278031801062e33930_1024x1024.jpg*****https://product.hstatic.net/1000230347/product/artboard_5_33dced1625ec4722866a550241719cd9_1024x1024.jpg*****https://product.hstatic.net/1000230347/product/artboard_7_f1d232a8e84a4b46bd959b1ef05c1094_1024x1024.jpg*****https://product.hstatic.net/1000230347/product/artboard_8_0b4e9dc15730436ab8c9a44393fbb518_1024x1024.jpg*****https://theme.hstatic.net/1000230347/1000782290/14/product-placeholder.png?v=26572*****https://theme.hstatic.net/1000230347/1000782290/14/product-placeholder.png?v=26572*****https://theme.hstatic.net/1000230347/1000782290/14/product-placeholder.png?v=26572*****https://theme.hstatic.net/1000230347/1000782290/14/product-placeholder.png?v=26572*****https://theme.hstatic.net/1000230347/1000782290/14/product-placeholder.png?v=26572,"
						
						13,000₫
						
					",,https://thienlong.vn/products/but-long-bang-thien-long-flexoffice-fo-wb02-1
176,Băng keo hàng dễ vỡ Fragile Handle With Care Thiên Long BKD-001 - 50m,60014800,Thiên Long,https://product.hstatic.net/1000230347/product/artboard_2_copy_dc3f6c30e6f8483f99c98f638c5e5e5e_1024x1024.jpg*****https://product.hstatic.net/1000230347/product/artboard_2_53b4f38889204d1fbd858db736699495_1024x1024.jpg*****https://product.hstatic.net/1000230347/product/artboard_3_4a2808472bae479cbd7c50c16c76b0e2_1024x1024.jpg*****https://product.hstatic.net/1000230347/product/artboard_4_647642aceaa646d4a5d05c269b6d9577_1024x1024.jpg*****https://theme.hstatic.net/1000230347/1000782290/14/product-placeholder.png?v=26572*****https://theme.hstatic.net/1000230347/1000782290/14/product-placeholder.png?v=26572*****https://theme.hstatic.net/1000230347/1000782290/14/product-placeholder.png?v=26572*****https://theme.hstatic.net/1000230347/1000782290/14/product-placeholder.png?v=26572*****https://theme.hstatic.net/1000230347/1000782290/14/product-placeholder.png?v=26572*****https://theme.hstatic.net/1000230347/1000782290/14/product-placeholder.png?v=26572*****https://theme.hstatic.net/1000230347/1000782290/14/product-placeholder.png?v=26572*****https://theme.hstatic.net/1000230347/1000782290/14/product-placeholder.png?v=26572*****https://theme.hstatic.net/1000230347/1000782290/14/product-placeholder.png?v=26572*****https://theme.hstatic.net/1000230347/1000782290/14/product-placeholder.png?v=26572*****https://theme.hstatic.net/1000230347/1000782290/14/product-placeholder.png?v=26572,"
						
						21,000₫
						
					",,https://thienlong.vn/products/bang-keo-duc-fragile-handle-with-care-thien-long-bkd-001
177,Bìa học sinh 40 lá A4 Thiên Long DB-003 - Sức chứa 200 tờ A4,50012638,Thiên Long,https://product.hstatic.net/1000230347/product/thumnail_web_copy_d3c65e53f1674caca7b7542685d42723_1024x1024.jpg*****https://product.hstatic.net/1000230347/product/so_1_dd49901a55b24ad9891db52793687c02_1024x1024.jpg*****https://product.hstatic.net/1000230347/product/so_2_b79fbe51283e4281a561d35d1bf6758a_1024x1024.jpg*****https://product.hstatic.net/1000230347/product/so_3_e5ae6d4806f14cfbbfcb42d7c7af11dc_1024x1024.jpg*****https://theme.hstatic.net/1000230347/1000782290/14/product-placeholder.png?v=26572*****https://theme.hstatic.net/1000230347/1000782290/14/product-placeholder.png?v=26572*****https://theme.hstatic.net/1000230347/1000782290/14/product-placeholder.png?v=26572*****https://theme.hstatic.net/1000230347/1000782290/14/product-placeholder.png?v=26572*****https://theme.hstatic.net/1000230347/1000782290/14/product-placeholder.png?v=26572*****https://theme.hstatic.net/1000230347/1000782290/14/product-placeholder.png?v=26572*****https://theme.hstatic.net/1000230347/1000782290/14/product-placeholder.png?v=26572*****https://theme.hstatic.net/1000230347/1000782290/14/product-placeholder.png?v=26572,"
						
						59,400₫
						
					",,https://thienlong.vn/products/bia-40-la-a4-thien-long-db-003-suc-chua-200-to-a4
178,Hộp đựng tài liệu -  Hộp đựng hồ sơ - Cặp tiện lợi A4 Thiên Long PP A4 TP-DF002 - Trắng trong suốt không hoa văn,50010106,Điểm 10,https://product.hstatic.net/1000230347/product/tp-df002_09ac9e53483f4a49b92d61e762167252_1024x1024.jpg*****https://product.hstatic.net/1000230347/product/tp-df002_2_5a7ab9c9704b41719e3054e4bc3c20f7_1024x1024.jpg,"32,000₫",,https://thienlong.vn/products/hop-dung-tai-lieu-hop-dung-ho-so-cap-tien-loi-a4-thien-long-pp-a4-tp-df002
179,Bấm kim số 3 Thiên Long Flexoffice FO-ST005,60005299,Flexoffice,https://product.hstatic.net/1000230347/product/fo-st005_vn_2_copy_3c0cac9cbe4148ad83caff0bd02b63eb_1024x1024.jpg*****https://product.hstatic.net/1000230347/product/fo-st005_vn_copy_9640a234bf7945af9ac99012855c8fe5_1024x1024.jpg*****https://product.hstatic.net/1000230347/product/1_copy_5e1230e634a84a729cc855e2f7e7db66_1024x1024.jpg,"64,000₫",,https://thienlong.vn/products/bam-kim-so-3-thien-long-flexoffice-fo-st005
180,Bìa còng - Bìa hồ sơ Thiên Long Flexoffice A4 - F4,60002251,Flexoffice,https://product.hstatic.net/1000230347/product/new5_a6589b8964f34a6cb9559f0262eec113_1024x1024.jpg*****https://product.hstatic.net/1000230347/product/fo-bc017_3_copy_d0baf100dded46089e98fff129795581_1024x1024.jpg*****https://product.hstatic.net/1000230347/product/fo-bc017_copy_021aa53c89ae4d76bec931649702a4a5_1024x1024.jpg*****https://product.hstatic.net/1000230347/product/fo-bc017_2_copy_ec49cf07d5d549998b13919bed25b906_1024x1024.jpg*****https://theme.hstatic.net/1000230347/1000782290/14/product-placeholder.png?v=26572,"
						
						108,000₫
						
					",,https://thienlong.vn/products/bia-cong-bia-ho-so-thien-long-flexoffice-a4-f4
181,Bìa lỗ - bìa lá đa năng A4 Thiên Long Flexoffice nhiều màu sử dụng với bìa còng,50012047,Flexoffice,https://product.hstatic.net/1000230347/product/423saf_c4eda94cc51246fca3881b6daac1fc47_1024x1024.jpg*****https://product.hstatic.net/1000230347/product/fo-ch004_2_copy_a757768c437b4fcbb08d7b72444d7e82_1024x1024.jpg*****https://product.hstatic.net/1000230347/product/fo-ch004_3_copy_faf78e9c93ff41609a1072eb57c74426_1024x1024.jpg*****https://product.hstatic.net/1000230347/product/1_cb9b249a68f945b08f910ccd1fbc3db8_1024x1024.jpg*****https://theme.hstatic.net/1000230347/1000782290/14/product-placeholder.png?v=26572*****https://theme.hstatic.net/1000230347/1000782290/14/product-placeholder.png?v=26572*****https://theme.hstatic.net/1000230347/1000782290/14/product-placeholder.png?v=26572*****https://theme.hstatic.net/1000230347/1000782290/14/product-placeholder.png?v=26572*****https://theme.hstatic.net/1000230347/1000782290/14/product-placeholder.png?v=26572*****https://theme.hstatic.net/1000230347/1000782290/14/product-placeholder.png?v=26572*****https://theme.hstatic.net/1000230347/1000782290/14/product-placeholder.png?v=26572*****https://theme.hstatic.net/1000230347/1000782290/14/product-placeholder.png?v=26572*****https://theme.hstatic.net/1000230347/1000782290/14/product-placeholder.png?v=26572*****https://theme.hstatic.net/1000230347/1000782290/14/product-placeholder.png?v=26572*****https://theme.hstatic.net/1000230347/1000782290/14/product-placeholder.png?v=26572*****https://theme.hstatic.net/1000230347/1000782290/14/product-placeholder.png?v=26572*****https://theme.hstatic.net/1000230347/1000782290/14/product-placeholder.png?v=26572*****https://theme.hstatic.net/1000230347/1000782290/14/product-placeholder.png?v=26572*****https://theme.hstatic.net/1000230347/1000782290/14/product-placeholder.png?v=26572*****https://theme.hstatic.net/1000230347/1000782290/14/product-placeholder.png?v=26572*****https://theme.hstatic.net/1000230347/1000782290/14/product-placeholder.png?v=26572,"3,500₫",,https://thienlong.vn/products/bia-la-da-nang-a4-thien-long-flexoffice-nhieu-mau
182,Bìa bao thư A4 Travel File Thiên Long Flexoffice lưu trữ 100 tờ A4,50011947,Flexoffice,https://product.hstatic.net/1000230347/product/342fsd_9b66cc395233463288a947098641e12d_1024x1024.jpg*****https://product.hstatic.net/1000230347/product/z3887981565678_3e46ad514712e49ce595bcb29c566913_fd8ef540cbb045ff82fd543e979b1556_1024x1024.jpg*****https://product.hstatic.net/1000230347/product/fo-bt002_6_copy_fa8dfd1531094e2594595cfc94395811_1024x1024.jpg*****https://product.hstatic.net/1000230347/product/fo-bt002_copy_fcf3a02126804942a3cc41579c6d587a_1024x1024.jpg*****https://theme.hstatic.net/1000230347/1000782290/14/product-placeholder.png?v=26572*****https://theme.hstatic.net/1000230347/1000782290/14/product-placeholder.png?v=26572*****https://theme.hstatic.net/1000230347/1000782290/14/product-placeholder.png?v=26572*****https://theme.hstatic.net/1000230347/1000782290/14/product-placeholder.png?v=26572*****https://theme.hstatic.net/1000230347/1000782290/14/product-placeholder.png?v=26572*****https://theme.hstatic.net/1000230347/1000782290/14/product-placeholder.png?v=26572*****https://theme.hstatic.net/1000230347/1000782290/14/product-placeholder.png?v=26572*****https://theme.hstatic.net/1000230347/1000782290/14/product-placeholder.png?v=26572*****https://theme.hstatic.net/1000230347/1000782290/14/product-placeholder.png?v=26572*****https://theme.hstatic.net/1000230347/1000782290/14/product-placeholder.png?v=26572*****https://theme.hstatic.net/1000230347/1000782290/14/product-placeholder.png?v=26572*****https://theme.hstatic.net/1000230347/1000782290/14/product-placeholder.png?v=26572*****https://theme.hstatic.net/1000230347/1000782290/14/product-placeholder.png?v=26572*****https://theme.hstatic.net/1000230347/1000782290/14/product-placeholder.png?v=26572*****https://theme.hstatic.net/1000230347/1000782290/14/product-placeholder.png?v=26572*****https://theme.hstatic.net/1000230347/1000782290/14/product-placeholder.png?v=26572*****https://theme.hstatic.net/1000230347/1000782290/14/product-placeholder.png?v=26572*****https://theme.hstatic.net/1000230347/1000782290/14/product-placeholder.png?v=26572*****https://theme.hstatic.net/1000230347/1000782290/14/product-placeholder.png?v=26572*****https://theme.hstatic.net/1000230347/1000782290/14/product-placeholder.png?v=26572*****https://theme.hstatic.net/1000230347/1000782290/14/product-placeholder.png?v=26572*****https://theme.hstatic.net/1000230347/1000782290/14/product-placeholder.png?v=26572*****https://theme.hstatic.net/1000230347/1000782290/14/product-placeholder.png?v=26572*****https://theme.hstatic.net/1000230347/1000782290/14/product-placeholder.png?v=26572,"3,300₫",,https://thienlong.vn/products/bia-phong-bi-thu-a4-travel-file-thien-long-flexoffice-luu-tru-100-to-a4
183,Sổ lò xo A7 Thiên Long,60001852,Thiên Long,https://product.hstatic.net/1000230347/product/32fgd_a9d33e5bb2d840bfaacd7e74d08b87cd_1024x1024.jpg*****https://product.hstatic.net/1000230347/product/mb-002_copy2_358047600e5e46c6b8bfff82fb8138ef_1024x1024.jpg*****https://product.hstatic.net/1000230347/product/mb-002_copy_6010ec8bd8a54b1bbbcfea00924e695c_1024x1024.jpg*****https://product.hstatic.net/1000230347/product/mb-002_copy3_ad5254314d124d96a7d47a4c8e90cd9d_1024x1024.jpg*****https://theme.hstatic.net/1000230347/1000782290/14/product-placeholder.png?v=26572*****https://theme.hstatic.net/1000230347/1000782290/14/product-placeholder.png?v=26572*****https://theme.hstatic.net/1000230347/1000782290/14/product-placeholder.png?v=26572*****https://theme.hstatic.net/1000230347/1000782290/14/product-placeholder.png?v=26572*****https://theme.hstatic.net/1000230347/1000782290/14/product-placeholder.png?v=26572*****https://theme.hstatic.net/1000230347/1000782290/14/product-placeholder.png?v=26572*****https://theme.hstatic.net/1000230347/1000782290/14/product-placeholder.png?v=26572,"
						
						9,000₫
						
					",,https://thienlong.vn/products/so-lo-xo-a7-thien-long
184,Bút dạ quang màu Pastel Thiên Long Pazto HL-016 - Bút dạ quang rửa được - Photocopy không làm mất nét chữ bên dưới,50011580,Thiên Long,https://product.hstatic.net/1000230347/product/artboard_13_929c3b8e5f2b472d94bcead0dbb81feb_1024x1024.jpg*****https://product.hstatic.net/1000230347/product/artboard_15_b908b56b00904e7b9c49d8486f6b2fb4_1024x1024.jpg*****https://product.hstatic.net/1000230347/product/artboard_14_3cdd4e8f3c3645dfa1ed6a4c6ad10276_1024x1024.jpg*****https://product.hstatic.net/1000230347/product/artboard_16_2c541feab39f4d2c8c29d20ed98de883_1024x1024.jpg*****https://theme.hstatic.net/1000230347/1000782290/14/product-placeholder.png?v=26572,"
						
						11,200₫
						
					",,https://thienlong.vn/products/but-da-quang-mau-pastel-thien-long-pazto-hl-016-but-da-quang-rua-duoc-khong-de-lai-vet-khi-photocopy-1
185,Bìa còng Thiên Long Flexoffice 70F4 FO-BC016,60002250,Flexoffice,https://product.hstatic.net/1000230347/product/342sfa_bc5b8081bcc146069521112a69adb3cc_1024x1024.jpg*****https://product.hstatic.net/1000230347/product/fo-bc015_4_0569425e119d489ea40e6061f096a19f_1024x1024.jpg*****https://product.hstatic.net/1000230347/product/fo-bc015_3_7a9b3dbbb0614e308cf1189d1a33b7dd_1024x1024.jpg*****https://product.hstatic.net/1000230347/product/fo-bc016_1_fd6740357253488989add7e4634c025d_1024x1024.jpg*****https://theme.hstatic.net/1000230347/1000782290/14/product-placeholder.png?v=26572*****https://theme.hstatic.net/1000230347/1000782290/14/product-placeholder.png?v=26572*****https://theme.hstatic.net/1000230347/1000782290/14/product-placeholder.png?v=26572,"
						
						69,800₫
						
					",,https://thienlong.vn/products/bia-cong-thien-long-flexoffice-70f4-fo-bc016
186,Bìa còng Thiên Long Flexoffice 70A4 FO-BC015,60002247,Flexoffice,https://product.hstatic.net/1000230347/product/23asff_ddf1b324225d49d09bfe91362154e69f_1024x1024.jpg*****https://product.hstatic.net/1000230347/product/fo-bc015_4_21cb463007d341668de451fdc6a76b63_1024x1024.jpg*****https://product.hstatic.net/1000230347/product/fo-bc015_3_09d9793fff5f4dbea00a3b98612038b7_1024x1024.jpg*****https://product.hstatic.net/1000230347/product/fo-bc015_2_c8ddd465e6ae452a9c8eec47315e47f4_1024x1024.jpg*****https://theme.hstatic.net/1000230347/1000782290/14/product-placeholder.png?v=26572*****https://theme.hstatic.net/1000230347/1000782290/14/product-placeholder.png?v=26572*****https://theme.hstatic.net/1000230347/1000782290/14/product-placeholder.png?v=26572,"
						
						69,800₫
						
					",,https://thienlong.vn/products/bia-cong-thien-long-flexoffice-70a4-fo-bc015
187,Bút dạ quang màu Pastel Thiên Long Flexoffice Pazto FO-HL009/VN - Bút dạ quang rửa được - Photocopy không làm mất nét chữ bên dưới,50011457,Flexoffice,https://product.hstatic.net/1000230347/product/395b12542f8b72fe37c22bb9a28_master_05abe9b38ac4452183955f124afd7c04_1__2bc141fc00574b36b142e53a077e0222_1024x1024.jpg*****https://product.hstatic.net/1000230347/product/artboard_2_9b0cc7af928149f487c493b39dfd22b5_1024x1024.jpg*****https://product.hstatic.net/1000230347/product/artboard_5_copy_2_dfca4d417faa42e8ae1833dc5801eba1_1024x1024.jpg*****https://product.hstatic.net/1000230347/product/artboard_5_copy_3_a1e9a0c3e62943a7a77b46cb266126a6_1024x1024.jpg*****https://theme.hstatic.net/1000230347/1000782290/14/product-placeholder.png?v=26572*****https://theme.hstatic.net/1000230347/1000782290/14/product-placeholder.png?v=26572*****https://theme.hstatic.net/1000230347/1000782290/14/product-placeholder.png?v=26572*****https://theme.hstatic.net/1000230347/1000782290/14/product-placeholder.png?v=26572*****https://theme.hstatic.net/1000230347/1000782290/14/product-placeholder.png?v=26572*****https://theme.hstatic.net/1000230347/1000782290/14/product-placeholder.png?v=26572*****https://theme.hstatic.net/1000230347/1000782290/14/product-placeholder.png?v=26572*****https://theme.hstatic.net/1000230347/1000782290/14/product-placeholder.png?v=26572,"
						
						13,000₫
						
					",,https://thienlong.vn/products/but-da-quang-mau-pastel-thien-long-flexoffice-pazto-fo-hl009-vn
188,Bìa hồ sơ màu Pastel 20 lá nhựa PP Thiên Long Flexoffice FO-DB007/NĐ,50010827,Flexoffice,https://product.hstatic.net/1000230347/product/423qdas_370b0d4af4fe4f69a4a1133b3fc2c9ef_1024x1024.jpg*****https://product.hstatic.net/1000230347/product/fo-db007_nd_3_f9a0c103a0a643d6a427e292bfc9ed78_1024x1024.jpg*****https://product.hstatic.net/1000230347/product/fo-db007_nd_4_7da696f6c6b54cb3b96e5173983d858b_1024x1024.jpg*****https://product.hstatic.net/1000230347/product/fo-db007_nd_hong_3_a944d2756e1940f5b15e4a0abd699f1d_1024x1024.jpg*****https://theme.hstatic.net/1000230347/1000782290/14/product-placeholder.png?v=26572*****https://theme.hstatic.net/1000230347/1000782290/14/product-placeholder.png?v=26572*****https://theme.hstatic.net/1000230347/1000782290/14/product-placeholder.png?v=26572*****https://theme.hstatic.net/1000230347/1000782290/14/product-placeholder.png?v=26572*****https://theme.hstatic.net/1000230347/1000782290/14/product-placeholder.png?v=26572*****https://theme.hstatic.net/1000230347/1000782290/14/product-placeholder.png?v=26572*****https://theme.hstatic.net/1000230347/1000782290/14/product-placeholder.png?v=26572*****https://theme.hstatic.net/1000230347/1000782290/14/product-placeholder.png?v=26572*****https://theme.hstatic.net/1000230347/1000782290/14/product-placeholder.png?v=26572*****https://theme.hstatic.net/1000230347/1000782290/14/product-placeholder.png?v=26572*****https://theme.hstatic.net/1000230347/1000782290/14/product-placeholder.png?v=26572*****https://theme.hstatic.net/1000230347/1000782290/14/product-placeholder.png?v=26572*****https://theme.hstatic.net/1000230347/1000782290/14/product-placeholder.png?v=26572*****https://theme.hstatic.net/1000230347/1000782290/14/product-placeholder.png?v=26572*****https://theme.hstatic.net/1000230347/1000782290/14/product-placeholder.png?v=26572*****https://theme.hstatic.net/1000230347/1000782290/14/product-placeholder.png?v=26572,"
						
						37,100₫
						
					",,https://thienlong.vn/products/bia-ho-so-pastel-20-la-nhua-pp-thien-long-flexoffice-fo-db007-nd
189,Combo 5 Bút lông dầu FlexOffice FO-PM-011,50004502CB5,Flexoffice,https://product.hstatic.net/1000230347/product/42sf_5208f6eabe7a4b84b1b91572c6cadad0_1024x1024.jpg*****https://product.hstatic.net/1000230347/product/but_long_dau_flexoffice_fo-pm-011_226d7b9361c9428599641f1496db7714_fd16e78e4074448cbc721a73dce1cd02_1024x1024.jpg*****https://product.hstatic.net/1000230347/product/fo-pm-011do_54c695ca11474ecb8c536506128f70eb_45719d55213646219e90413e778dd25f_1024x1024.jpg*****https://product.hstatic.net/1000230347/product/fo-pm-011d_7b58a34485d6451a97408a3db79b6b3b_79538548e41641a1826522859471e09d_1024x1024.jpg*****https://theme.hstatic.net/1000230347/1000782290/14/product-placeholder.png?v=26572*****https://theme.hstatic.net/1000230347/1000782290/14/product-placeholder.png?v=26572*****https://theme.hstatic.net/1000230347/1000782290/14/product-placeholder.png?v=26572*****https://theme.hstatic.net/1000230347/1000782290/14/product-placeholder.png?v=26572*****https://theme.hstatic.net/1000230347/1000782290/14/product-placeholder.png?v=26572*****https://theme.hstatic.net/1000230347/1000782290/14/product-placeholder.png?v=26572*****https://theme.hstatic.net/1000230347/1000782290/14/product-placeholder.png?v=26572,"
						
						66,000₫
						
					",,https://thienlong.vn/products/combo-5-but-long-dau-thien-long-flexoffice-fo-pm-011
190,Bìa 20 lá A4 CFP20 - Xanh đậm,50001410,Thiên Long,https://product.hstatic.net/1000230347/product/cfp20_2bc5d8501578423eb17963499a3d74af_1024x1024.jpg,"40,000₫",,https://thienlong.vn/products/bia-20-la-a4-cfp20-xanh-dam
191,Bìa 100 lá A4 FO-DB05 - Xanh,50003974,Flexoffice,https://product.hstatic.net/1000230347/product/fo-db05_2_copy_a423ae36418f44178a2fce9f9a3da447_1024x1024.jpg*****https://product.hstatic.net/1000230347/product/fo-db05_4c5363695dde4473af91eb080537da0c_large_1__cc9e5fda4a8645afbb006ab8161e791d_1024x1024.jpg,"
						
						133,000₫
						
					",,https://thienlong.vn/products/bia-100-la-a4-fo-db05-xanh
192,Băng keo trong OPP Flexoffice BKT15/FO,60002212,Flexoffice,https://product.hstatic.net/1000230347/product/bkt15_fo_cad0fccdcbb94b0c8cef6870741841aa_1024x1024.jpg*****https://product.hstatic.net/1000230347/product/bang_keo_trong_opp_thien_long_-_flexoffice__fo-bkt_15__1__large_1__6bf9965c54494367a0d87305fbcec499_1024x1024.jpg*****https://product.hstatic.net/1000230347/product/upload_c601182d18814a069ae2f95515d332f9_large_1__b5ada5b0a34542c6bdde3ff8aca8c5b4_1024x1024.jpg*****https://product.hstatic.net/1000230347/product/upload_a0d11d21bc9d43539504d27031040b7e_large_1__df657766234746df8731257511dc31fd_1024x1024.jpg,"43,000₫",,https://thienlong.vn/products/bang-keo-trong-opp-flexoffice-bkt15-fo
193,Bấm kim đại FO-BS01,63014533,Flexoffice,https://product.hstatic.net/1000230347/product/fo-bs01_42d49513505341c6816fe6f54c285783_1024x1024.jpg*****https://product.hstatic.net/1000230347/product/fo-bs01_2_f6912fb1350a46c49b8dd11911f351d6_1024x1024.jpg*****https://product.hstatic.net/1000230347/product/fo-bs01_3_0cca82882bbd4a4ba9591ce66df07cd7_1024x1024.jpg,"318,000₫",,https://thienlong.vn/products/bam-kim-dai-fo-bs01
194,Bút lông bảng Flexoffice FO-WB03/TH - Mực tiêu chuẩn châu Âu,50005387,Flexoffice,https://product.hstatic.net/1000230347/product/fo-wb03-th_66abfae21e004f0f9db13c67f41910e0_1024x1024.jpg*****https://product.hstatic.net/1000230347/product/fo-wb03-th-do_edfe5277b8584a508662a3f3fabb03fe_1024x1024.jpg*****https://product.hstatic.net/1000230347/product/fo-wb03-th-xanh_cc70fd4c94d142f382ed6516b23b042b_1024x1024.jpg,"
						
						9,200₫
						
					",,https://thienlong.vn/products/but-long-bang-flexoffice-fo-wb03-th-muc-tieu-chuan-chau-au
195,Bìa lá A4 Thiên Long Flexoffice FO-CH168,50009064,Flexoffice,https://product.hstatic.net/1000230347/product/342sfaaf_8e54774ba23f40558ca145a8533d7d58_1024x1024.jpg*****https://product.hstatic.net/1000230347/product/fo-ch168_cc13cf341d674087a2ae1d3477b654b8_1024x1024.jpg,"3,600₫",,https://thienlong.vn/products/bia-la-a4-thien-long-flexoffice-fo-ch168
196,Bìa đựng hồ sơ 80 lá sức chứa 400 tờ A4 80 gsm Thiên Long Flexoffice FO-DB010,50010838,Flexoffice,https://product.hstatic.net/1000230347/product/54sdfa_018874f029ca4e94b30d261866136856_1024x1024.jpg*****https://product.hstatic.net/1000230347/product/fo-db010_nhieu_mau_b3df60edfc3241ffb9a3d503995012e0_1024x1024.jpg*****https://product.hstatic.net/1000230347/product/fo-db010_den_a9639582ddca4238859efe74295fa378_1024x1024.jpg*****https://product.hstatic.net/1000230347/product/fo-db010_2_89c412a4f7924f42908cf36e5bda2958_1024x1024.jpg*****https://theme.hstatic.net/1000230347/1000782290/14/product-placeholder.png?v=26572,"
						
						97,000₫
						
					",,https://thienlong.vn/products/bia-dung-ho-so-80-la-suc-chua-400-to-a4-80-gsm-thien-long-flexoffice-fo-db010
197,Bìa đựng hồ sơ 60 lá sức chứa 300 tờ A4 80 gsm Thiên Long Flexoffice FO-DB009,50010833,Flexoffice,https://product.hstatic.net/1000230347/product/423fdsavc_0aaad6989948419685a622899219e92e_1024x1024.jpg*****https://product.hstatic.net/1000230347/product/fo-db009_2_copy_4ce520f2ccc446508115cfe4fba70ab6_1024x1024.jpg*****https://product.hstatic.net/1000230347/product/fo-db009_xanh_a8d9942ab7544975996959963fa3bd0d_1024x1024.jpg*****https://product.hstatic.net/1000230347/product/fo-db009_a8229419ec7040a5b63cbf49348d382e_1024x1024.jpg*****https://theme.hstatic.net/1000230347/1000782290/14/product-placeholder.png?v=26572*****https://theme.hstatic.net/1000230347/1000782290/14/product-placeholder.png?v=26572*****https://theme.hstatic.net/1000230347/1000782290/14/product-placeholder.png?v=26572*****https://theme.hstatic.net/1000230347/1000782290/14/product-placeholder.png?v=26572*****https://theme.hstatic.net/1000230347/1000782290/14/product-placeholder.png?v=26572*****https://theme.hstatic.net/1000230347/1000782290/14/product-placeholder.png?v=26572,"
						
						75,900₫
						
					",,https://thienlong.vn/products/bia-dung-ho-so-60-la-suc-chua-300-to-a4-80-gsm-thien-long-flexoffice-fo-db009
198,Bìa đựng hồ sơ 40 lá sức chứa 200 tờ A4 80 gsm Thiên Long Flexoffice FO-DB008,50010830,Flexoffice,https://product.hstatic.net/1000230347/product/342saa_3b453954b6614fb595651e83cf8fcee1_1024x1024.jpg*****https://product.hstatic.net/1000230347/product/fo-db008-5_9739001db92c4fbdb81ec6e3be447608_1024x1024.jpg*****https://product.hstatic.net/1000230347/product/fo-db008-2_c3da1a765f1f4b9da8377f11987a1411_1024x1024.jpg*****https://product.hstatic.net/1000230347/product/fo-db008-3_699f8f349e674d41b1dfd5d9c2983448_1024x1024.jpg*****https://theme.hstatic.net/1000230347/1000782290/14/product-placeholder.png?v=26572*****https://theme.hstatic.net/1000230347/1000782290/14/product-placeholder.png?v=26572*****https://theme.hstatic.net/1000230347/1000782290/14/product-placeholder.png?v=26572,"
						
						59,400₫
						
					",,https://thienlong.vn/products/bia-dung-ho-so-40-la-suc-chua-200-to-a4-80-gsm-thien-long-flexoffice-fo-db008
199,Bìa đựng hồ sơ 20 lá sức chứa 100 tờ A4 80gsm Thiên Long Flexoffice FO-DB007,50010827,Flexoffice,https://product.hstatic.net/1000230347/product/fo-db007-3_d43b58fe4f20442ea6c0c084e5a0bbff_1024x1024.jpg*****https://product.hstatic.net/1000230347/product/324sa_f5a52aa33c2c47d9ab532ee8a26f2432_1024x1024.jpg*****https://product.hstatic.net/1000230347/product/fo-db007-2_8f92bbe81c004405a897a2ac6066e1de_1024x1024.jpg*****https://product.hstatic.net/1000230347/product/fo-db007_470b80cccfd54d919fbae22985f588a0_1024x1024.jpg*****https://theme.hstatic.net/1000230347/1000782290/14/product-placeholder.png?v=26572*****https://theme.hstatic.net/1000230347/1000782290/14/product-placeholder.png?v=26572*****https://theme.hstatic.net/1000230347/1000782290/14/product-placeholder.png?v=26572,"
						
						37,100₫
						
					",,https://thienlong.vn/products/bia-dung-ho-so-20-la-suc-chua-100-to-a4-80gsm-thien-long-flexoffice-fo-db007
200,Bìa 5 ngăn hồ sơ gia đình lưu 130 tờ A4 Thiên Long DF-001,50010747,Thiên Long,https://product.hstatic.net/1000230347/product/21as_d15cb7ca84f8498f95fa576c91dc4519_1024x1024.jpg*****https://product.hstatic.net/1000230347/product/df-001_17_bee09dd33b9e4f7780376ee0c734b5b8_1024x1024.jpg*****https://product.hstatic.net/1000230347/product/df-001_4_ad2e8841d72444b99517236d65c029f8_1024x1024.jpg*****https://product.hstatic.net/1000230347/product/df-001_5_7aa375ceede6417e9316c82073cde7ba_1024x1024.jpg*****https://theme.hstatic.net/1000230347/1000782290/14/product-placeholder.png?v=26572*****https://theme.hstatic.net/1000230347/1000782290/14/product-placeholder.png?v=26572*****https://theme.hstatic.net/1000230347/1000782290/14/product-placeholder.png?v=26572*****https://theme.hstatic.net/1000230347/1000782290/14/product-placeholder.png?v=26572*****https://theme.hstatic.net/1000230347/1000782290/14/product-placeholder.png?v=26572*****https://theme.hstatic.net/1000230347/1000782290/14/product-placeholder.png?v=26572,"165,000₫",,https://thienlong.vn/products/bia-luu-130-to-a4-ho-so-gia-dinh-thien-long-df-001
201,Cặp hồ sơ 5S-12 ngăn Thiên Long Flexoffice FO-EB003,50010742,Flexoffice,https://product.hstatic.net/1000230347/product/new8_32e52203623b4ff083bc47e31dea274e_1024x1024.jpg*****https://product.hstatic.net/1000230347/product/fo-eb003_3_copy_3e1cd82d88834f1eb984ad518b82e2ae_1024x1024.jpg*****https://product.hstatic.net/1000230347/product/fo-eb003_2_959632cb9e1b46cba7ed222765ca46a1_1024x1024.jpg*****https://product.hstatic.net/1000230347/product/fo-eb003_a6a28468833741b28feeb85ac461d121_1024x1024.jpg,"92,100₫",,https://thienlong.vn/products/cap-ho-so-5s-12-ngan-thien-long-flexoffice-fo-eb003
202,Bìa hồ sơ 3 ngăn Thiên Long Flexoffice A4 FO-DIF002,50010746,Flexoffice,https://product.hstatic.net/1000230347/product/21sad_b5195d8fd34041188768c051193c74f2_1024x1024.jpg*****https://product.hstatic.net/1000230347/product/fo-dif002_vang_2_fb1510cfd5b5445198eacff1c4dd82b3_1024x1024.jpg*****https://product.hstatic.net/1000230347/product/fo-dif002_hong2_ec46106c49bf4cb38bdff00a3bd3d845_1024x1024.jpg*****https://product.hstatic.net/1000230347/product/fo-dif002_hong_f74605fa59324d6aad2ce8573a5ea5d7_1024x1024.jpg*****https://theme.hstatic.net/1000230347/1000782290/14/product-placeholder.png?v=26572*****https://theme.hstatic.net/1000230347/1000782290/14/product-placeholder.png?v=26572*****https://theme.hstatic.net/1000230347/1000782290/14/product-placeholder.png?v=26572*****https://theme.hstatic.net/1000230347/1000782290/14/product-placeholder.png?v=26572*****https://theme.hstatic.net/1000230347/1000782290/14/product-placeholder.png?v=26572,"15,100₫",,https://thienlong.vn/products/bia-ho-so-3-ngan-thien-long-flexoffice-a4-fo-dif002
203,Hộp đựng tài liệu -  Hộp đựng hồ sơ A4 Thiên Long,50010741,Flexoffice,https://product.hstatic.net/1000230347/product/213asd_dd9dc6d26de6446eb5199f0fdd44a78f_1024x1024.jpg*****https://product.hstatic.net/1000230347/product/fo-df002_3_copy_1a1fcfa0411f4088b02747ec60b82cae_1024x1024.jpg*****https://product.hstatic.net/1000230347/product/fo-df002_n_d7c7fa242a054576b6d34ec4e92ca072_1024x1024.jpg*****https://product.hstatic.net/1000230347/product/fo-df002_n2_c0b4389a3a1a44cf8f0bedd5f8b4f326_1024x1024.jpg*****https://theme.hstatic.net/1000230347/1000782290/14/product-placeholder.png?v=26572,"
						
						32,000₫
						
					",,https://thienlong.vn/products/hop-dung-tai-lieu-hop-dung-ho-so-a4-thien-long-flexoffice-fo-df002
204,"Bút lông dầu công nghiệp Thiên Long Flexoffice FO-PM018/VN - Viết trên mọi bề mặt chất liệu - Mực hệ dung môi, khó bôi xóa khi khô",50010556,Flexoffice,https://product.hstatic.net/1000230347/product/fo-pm018vn-5_f293ff8300ec4e97925789918b3f44cd_1024x1024.jpg*****https://product.hstatic.net/1000230347/product/fo-pm018vn-3_c91336349bd647cc86f858c19c0459dd_1024x1024.jpg*****https://product.hstatic.net/1000230347/product/fo-pm018vn_14347e6008264495ac6c4f5099806dce_1024x1024.jpg*****https://product.hstatic.net/1000230347/product/fo-pm018vn-2_e7f7fc2c6f564478bf1697683d8a78e7_1024x1024.jpg*****https://theme.hstatic.net/1000230347/1000782290/14/product-placeholder.png?v=26572*****https://theme.hstatic.net/1000230347/1000782290/14/product-placeholder.png?v=26572*****https://theme.hstatic.net/1000230347/1000782290/14/product-placeholder.png?v=26572,"
						
						42,900₫
						
					",,https://thienlong.vn/products/but-long-dau-thien-long-flexoffice-fo-pm018-vn
205,Băng keo trong 150 yards Thiên Long BKT-150,50002601,Thiên Long,https://product.hstatic.net/1000230347/product/new10_d427b4df34974b93ae745b7b9c3bfbaf_1024x1024.jpg*****https://product.hstatic.net/1000230347/product/keo_trong_150y_1cuon_90fd3c327b6c461ab19128be26b24ab6_1024x1024.jpg,"48,000₫",,https://thienlong.vn/products/bang-keo-trong-150-yards-thien-long-bkt-151
206,Sổ lò xo dọc A5 160T MB-004,60001854,Thiên Long,https://product.hstatic.net/1000230347/product/312f_c2966a9cdf9c4cedac80fc913f3290e8_1024x1024.jpg*****https://product.hstatic.net/1000230347/product/so_lo_xo_a5_mb-004_5_c27b984445754a19b42eb85e1d0add9b_1024x1024.jpg*****https://product.hstatic.net/1000230347/product/so_lo_xo_a5_mb-004_f1efb766cc0b48dcb4c4b08ef962bbc8_1024x1024.jpg*****https://product.hstatic.net/1000230347/product/so_lo_xo_a5_mb-004_4_1e715bda007b41f290d1351909bbeaa7_1024x1024.jpg*****https://theme.hstatic.net/1000230347/1000782290/14/product-placeholder.png?v=26572*****https://theme.hstatic.net/1000230347/1000782290/14/product-placeholder.png?v=26572,"22,000₫",,https://thienlong.vn/products/so-lo-xo-doc-a5-160t-mb-004
207,Bút lông dầu mỹ thuật Colokit PM-C02,50009591,Colokit,https://product.hstatic.net/1000230347/product/sdzxas_6303e869d8004af2bb36cbea4b8030a8_1024x1024.jpg*****https://product.hstatic.net/1000230347/product/sdzxadas_d7c12098ed0b4be997f761f4ad6162b1_1024x1024.jpg*****https://product.hstatic.net/1000230347/product/1_dab58e8d8db24d27a30d43164d5adbb0_1024x1024.jpg*****https://product.hstatic.net/1000230347/product/2_ae154b71f7e2444aac2a05ec493881a3_1024x1024.jpg*****https://theme.hstatic.net/1000230347/1000782290/14/product-placeholder.png?v=26572*****https://theme.hstatic.net/1000230347/1000782290/14/product-placeholder.png?v=26572,"
						
						13,200₫
						
					",,https://thienlong.vn/products/but-long-dau-my-thuat-colokit-pm-c02
208,Bút lông bảng Bizner BIZ-WB01,50007801,Bizner,https://product.hstatic.net/1000230347/product/biz-wb01_dcbedeff904d4e2ea36204596578348f_1024x1024.jpg*****https://product.hstatic.net/1000230347/product/biz-pm01-den_1c8e4114c85f4a5ab86b310cf5433420_1024x1024.jpg*****https://product.hstatic.net/1000230347/product/biz-pm01-do_cc7841f96940446fbf5b6b094f58ce1c_1024x1024.jpg*****https://product.hstatic.net/1000230347/product/biz-pm01-xanh_bb4ecbc41d1d4f2bbfb13317090accac_1024x1024.jpg,"
						
						20,000₫
						
					",,https://thienlong.vn/products/but-long-bang-bizner-biz-wb01
209,Băng keo trong 100 yards Thiên Long BKT-100,60001725,Thiên Long,https://product.hstatic.net/1000230347/product/rewfs_d15eb5dadfd5456e8cf41105c940834c_1024x1024.jpg*****https://product.hstatic.net/1000230347/product/keo_trong_100y_1cuon_2eeeee5df2114e69a2c38b25dca9fd19_1024x1024.jpg,"32,000₫",,https://thienlong.vn/products/bang-keo-trong-100-yards-thien-long-bkt-100
210,Băng keo đục 150 yards Thiên Long BKD-150,60001732,Thiên Long,https://product.hstatic.net/1000230347/product/132fs_ac2273f15e4a467d876d33707fcb1ff7_1024x1024.jpg*****https://product.hstatic.net/1000230347/product/keo_duc_150y_1cuon_194b50346de94ff48f06309b22816020_1024x1024.jpg*****https://product.hstatic.net/1000230347/product/213asdf_faccc4ddd1dc4848985fac1f4a77d776_1024x1024.jpg*****https://product.hstatic.net/1000230347/product/321sad_9d192a2760d94d2996af5d1367df8d70_1024x1024.jpg*****https://theme.hstatic.net/1000230347/1000782290/14/product-placeholder.png?v=26572*****https://theme.hstatic.net/1000230347/1000782290/14/product-placeholder.png?v=26572,"46,000₫",,https://thienlong.vn/products/bang-keo-duc-150-yards-thien-long-bkd-150
211,Băng keo đục 40 yards Thiên Long BKD-040,60001728,Thiên Long,https://product.hstatic.net/1000230347/product/321sasd_fc3a09e421474afc8b567bbaadf94237_1024x1024.jpg*****https://product.hstatic.net/1000230347/product/213asdf_faccc4ddd1dc4848985fac1f4a77d776_1024x1024.jpg*****https://product.hstatic.net/1000230347/product/312fa_1dfcb2f11e384f6280d45523cbe3d1bd_1024x1024.jpg*****https://product.hstatic.net/1000230347/product/132fs_ac2273f15e4a467d876d33707fcb1ff7_1024x1024.jpg*****https://theme.hstatic.net/1000230347/1000782290/14/product-placeholder.png?v=26572*****https://theme.hstatic.net/1000230347/1000782290/14/product-placeholder.png?v=26572,"14,000₫",,https://thienlong.vn/products/combo-5-bang-keo-duc-thien-long-40-yards
212,Băng keo đục 60 yards Thiên Long BKD-060,60001729,Thiên Long,https://product.hstatic.net/1000230347/product/321sad_9d192a2760d94d2996af5d1367df8d70_1024x1024.jpg*****https://product.hstatic.net/1000230347/product/321sasd_fc3a09e421474afc8b567bbaadf94237_1024x1024.jpg*****https://product.hstatic.net/1000230347/product/213asdf_faccc4ddd1dc4848985fac1f4a77d776_1024x1024.jpg*****https://product.hstatic.net/1000230347/product/132fs_ac2273f15e4a467d876d33707fcb1ff7_1024x1024.jpg*****https://theme.hstatic.net/1000230347/1000782290/14/product-placeholder.png?v=26572*****https://theme.hstatic.net/1000230347/1000782290/14/product-placeholder.png?v=26572,"20,000₫",,https://thienlong.vn/products/combo-5-bang-keo-duc-thien-long-60-yards
213,Băng keo đục 80 yards Thiên Long BKD-080,60001730,Thiên Long,https://product.hstatic.net/1000230347/product/213asdf_faccc4ddd1dc4848985fac1f4a77d776_1024x1024.jpg*****https://product.hstatic.net/1000230347/product/321sasd_fc3a09e421474afc8b567bbaadf94237_1024x1024.jpg*****https://product.hstatic.net/1000230347/product/321sad_9d192a2760d94d2996af5d1367df8d70_1024x1024.jpg*****https://product.hstatic.net/1000230347/product/312fa_1dfcb2f11e384f6280d45523cbe3d1bd_1024x1024.jpg*****https://theme.hstatic.net/1000230347/1000782290/14/product-placeholder.png?v=26572*****https://theme.hstatic.net/1000230347/1000782290/14/product-placeholder.png?v=26572,"26,000₫",,https://thienlong.vn/products/combo-5-bang-keo-duc-thien-long-80-yards
214,Combo 5 Băng keo đục 200 yards Thiên Long BKD-200,60001733CB5,Thiên Long,https://product.hstatic.net/1000230347/product/432asf_34f26472c4144f21bda87fc064fab0c9_1024x1024.jpg,"315,000₫",,https://thienlong.vn/products/combo-5-bang-keo-duc-thien-long-200-yards
215,Băng keo trong 80 yards Thiên Long BKT-080,60001724,Thiên Long,https://product.hstatic.net/1000230347/product/241sdf_30437174058549eea833361b37b6f0c1_1024x1024.jpg,"25,000₫",,https://thienlong.vn/products/combo-5-bang-keo-trong-thien-long-80-yards
216,Băng keo trong 60 yards Thiên Long BKT-060,60001723,Thiên Long,https://product.hstatic.net/1000230347/product/new12_fbc8fee9c9b340e08061f35be56a1bf5_1024x1024.jpg*****https://product.hstatic.net/1000230347/product/4_fcbc2b8928464a158e68400907075f40_1024x1024.jpg,"20,000₫",,https://thienlong.vn/products/combo-5-bang-keo-trong-thien-long-60-yards
217,Băng keo trong 200 yards Thiên Long BKT-200,60001727,Thiên Long,https://product.hstatic.net/1000230347/product/new13_08c12e849ec94a349ec558e05822e71e_1024x1024.jpg*****https://product.hstatic.net/1000230347/product/keo_trong_200y_1cuon_c2aa7fd37b5b4438aac0337f5f178451_1024x1024.jpg,"63,000₫",,https://thienlong.vn/products/combo-5-bang-keo-trong-thien-long-200-yards
218,Băng keo đục 200 yards Thiên Long BKD-200,60001733,Thiên Long,https://product.hstatic.net/1000230347/product/312fa_1dfcb2f11e384f6280d45523cbe3d1bd_1024x1024.jpg*****https://product.hstatic.net/1000230347/product/321sasd_fc3a09e421474afc8b567bbaadf94237_1024x1024.jpg*****https://product.hstatic.net/1000230347/product/132fs_ac2273f15e4a467d876d33707fcb1ff7_1024x1024.jpg*****https://product.hstatic.net/1000230347/product/keo_duc_150y_1cuon_194b50346de94ff48f06309b22816020_1024x1024.jpg*****https://theme.hstatic.net/1000230347/1000782290/14/product-placeholder.png?v=26572*****https://theme.hstatic.net/1000230347/1000782290/14/product-placeholder.png?v=26572,"63,000₫",,https://thienlong.vn/products/bang-keo-duc-thien-long-bkd-200
219,Băng keo đục Thiên Long BKD-080,60001730,Thiên Long,https://product.hstatic.net/1000230347/product/31a_d33a537fdacc435da7df77bd0ae8e4c6_1024x1024.jpg*****https://product.hstatic.net/1000230347/product/8_a522def36f1846eb97abd3043a41d0f1_1024x1024.jpg*****https://product.hstatic.net/1000230347/product/81_87ec02b0bd49430c88fd16895994589d_1024x1024.jpg*****https://product.hstatic.net/1000230347/product/82_9f4fd2d885bf495e9896fb86498068fc_1024x1024.jpg*****https://theme.hstatic.net/1000230347/1000782290/14/product-placeholder.png?v=26572,"26,000₫",,https://thienlong.vn/products/bang-keo-duc-thien-long-bkd-080
220,Kéo văn phòng Thiên Long SC-021,60001654,Thiên Long,https://product.hstatic.net/1000230347/product/342fdas_df5ff720f17d42d0b526875ebb829397_1024x1024.jpg*****https://product.hstatic.net/1000230347/product/sc-021_copy_c0f439a0218f4cfaabd9c74cd11a3293_1024x1024.jpg*****https://product.hstatic.net/1000230347/product/sc-021_copy_2_e0c1febd5f2949f4a129586175e617ec_1024x1024.jpg*****https://product.hstatic.net/1000230347/product/sc-021-02_a105e82facb5458f8bbf730c7e1e82fb_1024x1024.jpg,"44,600₫",,https://thienlong.vn/products/keo-van-phong-thien-long-sc-021
221,"Hộp 12 bút lông dầu mỹ thuật Colokit PM-C01 vẽ được trên nhiều chất liệu, màu mực đậm, tươi sáng",50009351,Colokit,https://product.hstatic.net/1000230347/product/banner_2_5_2a8f47b8b6224c6bbd31089cdbb5809a_1024x1024.png*****https://product.hstatic.net/1000230347/product/banner_2_5_2a8f47b8b6224c6bbd31089cdbb5809a_1024x1024.png*****https://product.hstatic.net/1000230347/product/banner_5_287a32d6a99842e796a12ce358649ac9_1024x1024.png*****https://product.hstatic.net/1000230347/product/banner_2_84c7eedd527949979e235d969d31397c_1024x1024.png*****https://theme.hstatic.net/1000230347/1000782290/14/product-placeholder.png?v=26572*****https://theme.hstatic.net/1000230347/1000782290/14/product-placeholder.png?v=26572*****https://theme.hstatic.net/1000230347/1000782290/14/product-placeholder.png?v=26572*****https://theme.hstatic.net/1000230347/1000782290/14/product-placeholder.png?v=26572*****https://theme.hstatic.net/1000230347/1000782290/14/product-placeholder.png?v=26572*****https://theme.hstatic.net/1000230347/1000782290/14/product-placeholder.png?v=26572*****https://theme.hstatic.net/1000230347/1000782290/14/product-placeholder.png?v=26572*****https://theme.hstatic.net/1000230347/1000782290/14/product-placeholder.png?v=26572,"173,000₫",,https://thienlong.vn/products/but-long-dau-my-thuat-colokit-pm-c01
222,Bút xóa FlexOffice FO-CP02/VN,63020227,Flexoffice,https://product.hstatic.net/1000230347/product/img_9447_12ea912dd46e4e45b6319d6e4683f11a_1024x1024.jpg*****https://product.hstatic.net/1000230347/product/abl_0081-1_286dc73ea12445f3ab6758f73ce4b4e4_1024x1024.jpg*****https://product.hstatic.net/1000230347/product/abl_0061_1ac753061b05428c8515dad6066d1a0b_1024x1024.jpg*****https://product.hstatic.net/1000230347/product/abl_0056-1_5da86a655268419fa8a059bf789a037b_1024x1024.jpg*****https://theme.hstatic.net/1000230347/1000782290/14/product-placeholder.png?v=26572*****https://theme.hstatic.net/1000230347/1000782290/14/product-placeholder.png?v=26572*****https://theme.hstatic.net/1000230347/1000782290/14/product-placeholder.png?v=26572,"25,100₫",,https://thienlong.vn/products/but-xoa-flexoffice-fo-cp02-vn
223,Bút lông bảng cao cấp Bizner BIZ-WB02,50004116,Bizner,https://product.hstatic.net/1000230347/product/biz-wb02_7e5e0b82a223487db6f7bed46a75c2d7_1024x1024.jpg*****https://product.hstatic.net/1000230347/product/biz-wb02-04_9201cbe0c25d43a6ac80cb90f33054a9_1024x1024.jpg*****https://product.hstatic.net/1000230347/product/biz-wb02-05_73a6e72e614c4d7dbee79278c33ec9a3_1024x1024.jpg*****https://product.hstatic.net/1000230347/product/biz-wb02-06_a2f9b27c4fe84e80a55ceeda99039dd9_1024x1024.jpg*****https://theme.hstatic.net/1000230347/1000782290/14/product-placeholder.png?v=26572*****https://theme.hstatic.net/1000230347/1000782290/14/product-placeholder.png?v=26572*****https://theme.hstatic.net/1000230347/1000782290/14/product-placeholder.png?v=26572*****https://theme.hstatic.net/1000230347/1000782290/14/product-placeholder.png?v=26572*****https://theme.hstatic.net/1000230347/1000782290/14/product-placeholder.png?v=26572,"
						
						41,300₫
						
					",,https://thienlong.vn/products/but-long-bang-cao-cap-bizner-biz-wb02
224,Bìa hộp Flexoffice PP 35-A4 FO-BF04,50009062,Flexoffice,https://product.hstatic.net/1000230347/product/bia_hop_bf-04_-02_6de40e883b474dea92c7032644b8daf1_1024x1024.jpg*****https://product.hstatic.net/1000230347/product/fo-bf04_copy_6443fc8454334ea1932d1451e13b4a63_1024x1024.jpg*****https://product.hstatic.net/1000230347/product/bia_hop_bf-04_-03_9d5c1c3cd641475db5ac6e435f6808d8_1024x1024.jpg*****https://product.hstatic.net/1000230347/product/bia_hop_bf-04_-01_92d7a4b5792d4aa083781b4b3a64f712_1024x1024.jpg,"60,900₫",,https://thienlong.vn/products/bia-hop-flexoffice-pp-35-a4-fo-bf04
225,Gỡ kim Flexoffice FO-STR02,63014530,Flexoffice,https://product.hstatic.net/1000230347/product/gok74_kim_fo-str02_-_01_0041c86ac6954198bec8f84ae824672f_1024x1024.jpg*****https://product.hstatic.net/1000230347/product/gok74_kim_fo-str02_-_02_96a78c2ca36440d0832e640f1af8188f_1024x1024.jpg*****https://product.hstatic.net/1000230347/product/gok74_kim_fo-str02_-_03_ce45ed9b4a8446b399314c2fb3fb019a_1024x1024.jpg*****https://product.hstatic.net/1000230347/product/gok74_kim_fo-str02_-_04_d71e847b63764b36b3d4ebc14d0afdb8_1024x1024.jpg*****https://theme.hstatic.net/1000230347/1000782290/14/product-placeholder.png?v=26572,"20,000₫",,https://thienlong.vn/products/go-kim-flexoffice-fo-str02
226,Bấm kim đại Flexoffice FO-BS02,63014534,Flexoffice,https://product.hstatic.net/1000230347/product/bam_kim_dai_fo-bs02-02_6ac23644761c4b5bba9065b22adf217b_1024x1024.jpg*****https://product.hstatic.net/1000230347/product/fo-bs02_copy_26990a00c2ba457c994f462bd5c73606_1024x1024.jpg*****https://product.hstatic.net/1000230347/product/bam_kim_dai_fo-bs02-01_56e40dacdd094ab4b8380ccacb726b79_1024x1024.jpg*****https://product.hstatic.net/1000230347/product/bam_kim_dai_fo-bs02-03_a2f1395422df4fa697f565f032ac7308_1024x1024.jpg*****https://theme.hstatic.net/1000230347/1000782290/14/product-placeholder.png?v=26572*****https://theme.hstatic.net/1000230347/1000782290/14/product-placeholder.png?v=26572,"525,000₫",,https://thienlong.vn/products/bam-kim-dai-flexoffice-fo-bs02
227,Bấm lỗ Thiên Long FO-PU01 (FS),63014531,Thiên Long,https://product.hstatic.net/1000230347/product/fo-pu01_6693e9097f2049f69e8b62fe5111c267_1024x1024.jpg*****https://product.hstatic.net/1000230347/product/7704541154996-002.u2683.d20161103.t083457.809764_d1d5ff9371254caaba08ccbb1a5f3383_1024x1024.jpg*****https://product.hstatic.net/1000230347/product/pu01_copy_439e76a160ab414eaca201f9de926a2c_1024x1024.jpg,"83,000₫",,https://thienlong.vn/products/bam-lo-thien-long-pu01
228,Bìa 60 lá A4 Thiên Long TL-CFP60 (FS),50001438,Thiên Long,https://product.hstatic.net/1000230347/product/abl_0081_2232a1804bca4d0f9db3f3412442d249_1024x1024.jpg*****https://product.hstatic.net/1000230347/product/tl-cfp60_copy_263219df097b4bb9a70c7fea55d2bf96_1024x1024.jpg*****https://product.hstatic.net/1000230347/product/abl_0021_5c32128800204c059d94bc13a97b653e_1024x1024.jpg*****https://product.hstatic.net/1000230347/product/abl_0045_cd5dc6f037d645209f02c106c276946e_1024x1024.jpg*****https://theme.hstatic.net/1000230347/1000782290/14/product-placeholder.png?v=26572*****https://theme.hstatic.net/1000230347/1000782290/14/product-placeholder.png?v=26572*****https://theme.hstatic.net/1000230347/1000782290/14/product-placeholder.png?v=26572*****https://theme.hstatic.net/1000230347/1000782290/14/product-placeholder.png?v=26572*****https://theme.hstatic.net/1000230347/1000782290/14/product-placeholder.png?v=26572*****https://theme.hstatic.net/1000230347/1000782290/14/product-placeholder.png?v=26572*****https://theme.hstatic.net/1000230347/1000782290/14/product-placeholder.png?v=26572*****https://theme.hstatic.net/1000230347/1000782290/14/product-placeholder.png?v=26572*****https://theme.hstatic.net/1000230347/1000782290/14/product-placeholder.png?v=26572*****https://theme.hstatic.net/1000230347/1000782290/14/product-placeholder.png?v=26572,"
						
						60,000₫
						
					",,https://thienlong.vn/products/bia-60-la-a4-thien-long-tl-cfp60
229,Bộ bấm kim số 10 và kim bấm Flexoffice FO-ST03-S2,63013732,Flexoffice,https://product.hstatic.net/1000230347/product/set_bam_kim_kim_bam_fo_st03_s2_07_a37e0eb6e6b943b88f0a437b3c601250_1024x1024.jpg*****https://product.hstatic.net/1000230347/product/set_bam_kim_kim_bam_fo_st03_s2_01_9b69710e621b42969a0927291e91e189_1024x1024.jpg*****https://product.hstatic.net/1000230347/product/set_bam_kim_kim_bam_fo_st03_s2_02_fbd336ae6f52449c88d60c13ea96e69a_1024x1024.jpg*****https://product.hstatic.net/1000230347/product/set_bam_kim_kim_bam_fo_st03_s2_03_cb3bdce04171424489b9fd35225f7b77_1024x1024.jpg*****https://theme.hstatic.net/1000230347/1000782290/14/product-placeholder.png?v=26572*****https://theme.hstatic.net/1000230347/1000782290/14/product-placeholder.png?v=26572*****https://theme.hstatic.net/1000230347/1000782290/14/product-placeholder.png?v=26572*****https://theme.hstatic.net/1000230347/1000782290/14/product-placeholder.png?v=26572*****https://theme.hstatic.net/1000230347/1000782290/14/product-placeholder.png?v=26572,"41,000₫",,https://thienlong.vn/products/bo-bam-kim-va-kim-bam-flexoffice-fo-st03-s2
230,Bộ bấm kim số 10 và kim bấm Flexoffice FO-ST02-S2,63013731,Flexoffice,https://product.hstatic.net/1000230347/product/set_bam_kim_kim_bam_fo_st02_s2_05_98ec46bb9e1c451cadc057e5c7a7fa8b_1024x1024.jpg*****https://product.hstatic.net/1000230347/product/set_bam_kim_kim_bam_fo_st02_s2_01_745832b89ce94f50914480ac57dbd7f1_1024x1024.jpg*****https://product.hstatic.net/1000230347/product/set_bam_kim_kim_bam_fo_st02_s2_02_5411ad87fb3840d5a34c90a65b6e1f72_1024x1024.jpg*****https://product.hstatic.net/1000230347/product/set_bam_kim_kim_bam_fo_st02_s2_03_ebec894a154647648fb2baabd99190ff_1024x1024.jpg*****https://theme.hstatic.net/1000230347/1000782290/14/product-placeholder.png?v=26572*****https://theme.hstatic.net/1000230347/1000782290/14/product-placeholder.png?v=26572*****https://theme.hstatic.net/1000230347/1000782290/14/product-placeholder.png?v=26572*****https://theme.hstatic.net/1000230347/1000782290/14/product-placeholder.png?v=26572,"35,000₫",,https://thienlong.vn/products/bo-bam-kim-va-kim-bam-flexoffice-fo-st02-s2
231,Bút xóa Điểm 10 TP-CP01,60001201,Điểm 10,https://product.hstatic.net/1000230347/product/but_xoa_tp_cp01_01_a4d224cc811d4432b899ad2de79f2aa1_1024x1024.jpg*****https://product.hstatic.net/1000230347/product/but_xoa_diem_10_tp-cp01_33e88964777042dcbabf84d0a0681f09_1024x1024.jpg*****https://product.hstatic.net/1000230347/product/but_xoa_tp_cp01_02_23a8f31ff0b948adb919c2f604ad0675_1024x1024.jpg*****https://product.hstatic.net/1000230347/product/but_xoa_tp_cp01_03_2abe9e8be4c04fd8a38b7ec8de44d38f_1024x1024.jpg*****https://theme.hstatic.net/1000230347/1000782290/14/product-placeholder.png?v=26572*****https://theme.hstatic.net/1000230347/1000782290/14/product-placeholder.png?v=26572*****https://theme.hstatic.net/1000230347/1000782290/14/product-placeholder.png?v=26572*****https://theme.hstatic.net/1000230347/1000782290/14/product-placeholder.png?v=26572*****https://theme.hstatic.net/1000230347/1000782290/14/product-placeholder.png?v=26572,"21,500₫",,https://thienlong.vn/products/but-xoa-diem-10-tp-cp01
232,Bìa lá Thiên Long F4 E355 (FS),50001307,Thiên Long,https://product.hstatic.net/1000230347/product/b_a_l__thi_n_long_e-355-_02_1024x1024.jpg*****https://product.hstatic.net/1000230347/product/e355_copy_2577951ed730461ebfe6be8a01f2b318_1024x1024.jpg*****https://product.hstatic.net/1000230347/product/b_a_l__thi_n_long_e-355-_01_1024x1024.jpg*****https://product.hstatic.net/1000230347/product/e355_xanh_la_23244ddc9fe5468a943b011ae005e741_1024x1024.jpg*****https://theme.hstatic.net/1000230347/1000782290/14/product-placeholder.png?v=26572,"
						
						3,300₫
						
					",,https://thienlong.vn/products/bia-la-thien-long-f4-e355
233,Bút lông dầu Bizner BIZ-PM01,50008173,Bizner,https://product.hstatic.net/1000230347/product/biz-pm01_099387106dc44ba9973d98ba5e786e53_1024x1024.jpg*****https://product.hstatic.net/1000230347/product/biz-pm01-den_532d15bbb78940f59db978498d93402f_1024x1024.jpg*****https://product.hstatic.net/1000230347/product/biz-pm01-do_664f823e677f4803bf9e0fd6ad93d434_1024x1024.jpg*****https://product.hstatic.net/1000230347/product/biz-pm01-xanh_6045b74f2d9e42db8eaece4108b227d4_1024x1024.jpg*****https://theme.hstatic.net/1000230347/1000782290/14/product-placeholder.png?v=26572*****https://theme.hstatic.net/1000230347/1000782290/14/product-placeholder.png?v=26572*****https://theme.hstatic.net/1000230347/1000782290/14/product-placeholder.png?v=26572*****https://theme.hstatic.net/1000230347/1000782290/14/product-placeholder.png?v=26572,"
						
						19,000₫
						
					",,https://thienlong.vn/products/but-long-dau-bizner-biz-pm01
234,Dao rọc giấy Flexoffice FO-KN04B,63013161,Flexoffice,https://product.hstatic.net/1000230347/product/dao_roc_giay_fo-kn04b-04_1024x1024.jpg*****https://product.hstatic.net/1000230347/product/fo-kn04b_copy_6d748cfc219549f9b4ae7a8ae23c69aa_1024x1024.jpg*****https://product.hstatic.net/1000230347/product/dao_roc_giay_fo-kn04b-03_1024x1024.jpg*****https://product.hstatic.net/1000230347/product/dao_roc_giay_fo-kn04b-02_1024x1024.jpg*****https://theme.hstatic.net/1000230347/1000782290/14/product-placeholder.png?v=26572*****https://theme.hstatic.net/1000230347/1000782290/14/product-placeholder.png?v=26572*****https://theme.hstatic.net/1000230347/1000782290/14/product-placeholder.png?v=26572,"34,700₫",,https://thienlong.vn/products/dao-roc-giay-flexoffice-fo-kn04b
235,Dao rọc giấy Flexoffice FO-KN03B,63013160,Flexoffice,https://product.hstatic.net/1000230347/product/dao_roc_giay_fo-kn03b-03_1024x1024.jpg*****https://product.hstatic.net/1000230347/product/fo-kn03b_copy_b62012a1d25a47968f8f073bc7e083c9_1024x1024.jpg*****https://product.hstatic.net/1000230347/product/dao_roc_giay_fo-kn03b-04_1024x1024.jpg*****https://product.hstatic.net/1000230347/product/dao_roc_giay_fo-kn03b-02_1024x1024.jpg*****https://theme.hstatic.net/1000230347/1000782290/14/product-placeholder.png?v=26572*****https://theme.hstatic.net/1000230347/1000782290/14/product-placeholder.png?v=26572*****https://theme.hstatic.net/1000230347/1000782290/14/product-placeholder.png?v=26572*****https://theme.hstatic.net/1000230347/1000782290/14/product-placeholder.png?v=26572,"24,400₫",,https://thienlong.vn/products/dao-roc-giay-flexoffice-fo-kn03b
236,Dao rọc giấy Flexoffice FO-KN02B,63011917,Flexoffice,https://product.hstatic.net/1000230347/product/dao_roc_giay_thien_long_-_flexoffice_fo-kn02b_2__1024x1024.jpg*****https://product.hstatic.net/1000230347/product/fo-kn02b_copy_7e03468e30ea4f24a765d5e6d604c187_1024x1024.jpg,"26,200₫",,https://thienlong.vn/products/dao-roc-giay-thien-long-flexoffice-fo-kn02b
237,Băng keo Thiên Long 200 Yards FO-BKT20,63022893,Thiên Long,https://product.hstatic.net/1000230347/product/__-02_1be8f8e0285645dcacc852c66754f6b5.jfif*****https://product.hstatic.net/1000230347/product/__-01_b2c2698bc9e14600a1f5031283912d49.jfif*****https://product.hstatic.net/1000230347/product/__-03_e826ea8e6e1042eca4699347b6075b5a.jfif*****https://product.hstatic.net/1000230347/product/__-04_c866a7f4b4364bb68238ad93086387a3.jfif,"58,000₫",,https://thienlong.vn/products/bang-keo-thien-long-200-yards-bkt20
238,Kéo Flexoffice FO-SC05,63010996,Flexoffice,https://product.hstatic.net/1000230347/product/keo_thien_long_-_flexoffice_fo-sc05__3__1024x1024.jpg*****https://product.hstatic.net/1000230347/product/fo-sc05_copy_3791aec933574dedad50a85fed81ca1a_1024x1024.jpg,"44,600₫",,https://thienlong.vn/products/keo-thien-long-flexoffice-fo-sc05
239,Kéo Flexoffice FO-SC04,63010995,Flexoffice,https://product.hstatic.net/1000230347/product/keo_thien_long_-_flexoffice_fo-sc04__2__1024x1024.jpg,"36,300₫",,https://thienlong.vn/products/keo-thien-long-flexoffice-fo-sc04
240,Kéo Flexoffice FO-SC03,63010994,Flexoffice,https://product.hstatic.net/1000230347/product/keo_thien_long_-_flexoffice_fo-sc03__1__1024x1024.jpg*****https://product.hstatic.net/1000230347/product/fo-sc03_606bb85aede94415a816ea32acb5f4fa_1024x1024.jpg,"29,700₫",,https://thienlong.vn/products/keo-thien-long-flexoffice-fo-sc03
241,Bìa còng Flexoffice 70F4 FO-BC14,63011531,Flexoffice,https://product.hstatic.net/1000230347/product/234235_a1c1c3b12aa347c3ac68d4d76af2e6d5_1024x1024.jpg*****https://product.hstatic.net/1000230347/product/fo-bc14__2__1024x1024.jpg*****https://product.hstatic.net/1000230347/product/fo-bc14_1024x1024.jpg,"
						
						68,500₫
						
					",,https://thienlong.vn/products/bia-cong-thien-long-flexoffice-70f4-fo-bc14
242,Bìa còng Flexoffice 50F4 FO-BC13,63011530,Flexoffice,https://product.hstatic.net/1000230347/product/423asdsg_60b37daa2ae34f47abd75c926953cbae_1024x1024.jpg*****https://product.hstatic.net/1000230347/product/fo-bc13__3__1024x1024.jpg*****https://product.hstatic.net/1000230347/product/fo-bc13__2__1024x1024.jpg*****https://product.hstatic.net/1000230347/product/upload_f6b62239621c4c4cb24dc8182bc98b13_1024x1024.jpg,"
						
						68,500₫
						
					",,https://thienlong.vn/products/bia-cong-thien-long-flexoffice-50f4-fo-bc13
243,Bìa còng Flexoffice 70A4 FO-BC12,63011528,Flexoffice,https://product.hstatic.net/1000230347/product/42sad_a2bb4c787fd2400d84d9ff79c4747046_1024x1024.jpg*****https://product.hstatic.net/1000230347/product/fo-bc12__2__1024x1024.jpg*****https://product.hstatic.net/1000230347/product/fo-bc12__3__1024x1024.jpg,"
						
						68,500₫
						
					",,https://thienlong.vn/products/bia-cong-thien-long-flexoffice-70a4-fo-bc12
244,Bìa còng Flexoffice 50A4 FO-BC11,63011526,Flexoffice,https://product.hstatic.net/1000230347/product/14325_257cb24f74b546aaacc7fc3387297579_1024x1024.jpg*****https://product.hstatic.net/1000230347/product/fo-bc11__2__1024x1024.jpg*****https://product.hstatic.net/1000230347/product/fo-bc11_1024x1024.jpg,"
						
						68,500₫
						
					",,https://thienlong.vn/products/bia-cong-thien-long-flexoffice-50a4-fo-bc11
245,Bìa còng Flexoffice 90F4 FO-BC10,63011523,Flexoffice,https://product.hstatic.net/1000230347/product/423saffa_9e011134ac73479b9aae4a6c0c57f045_1024x1024.jpg*****https://product.hstatic.net/1000230347/product/fo-bc10_copy_5040a9ff91a94dd88b32bc0ade49a408_1024x1024.jpg*****https://product.hstatic.net/1000230347/product/fo-bc10__3__1024x1024.jpg*****https://product.hstatic.net/1000230347/product/fo-bc10__2__1024x1024.jpg*****https://theme.hstatic.net/1000230347/1000782290/14/product-placeholder.png?v=26572,"
						
						99,000₫
						
					",,https://thienlong.vn/products/bia-cong-thien-long-flexoffice-90f4-fo-bc10
246,Bìa còng Flexoffice 70F4 FO-BC08,63011516,Flexoffice,https://product.hstatic.net/1000230347/product/423asdf_1af5af63efd04f3aa1246f14b59df335_1024x1024.jpg*****https://product.hstatic.net/1000230347/product/fo-bc08__3__1024x1024.jpg*****https://product.hstatic.net/1000230347/product/fo-bc08__2__1024x1024.jpg,"
						
						75,100₫
						
					",,https://thienlong.vn/products/bia-cong-thien-long-flexoffice-70f4-fo-bc08
247,Bìa còng Flexoffice 50F4 FO-BC07,63011514,Flexoffice,https://product.hstatic.net/1000230347/product/342sdfasd_97b868a94cc8492f97256e136e22c7d5_1024x1024.jpg*****https://product.hstatic.net/1000230347/product/fo-bc07__2__1024x1024.jpg*****https://product.hstatic.net/1000230347/product/fo-bc07_1024x1024.jpg,"
						
						75,100₫
						
					",,https://thienlong.vn/products/bia-cong-thien-long-flexoffice-50f4-fo-bc07
248,Bìa còng Flexoffice 70A4 FO-BC06,63011512,Flexoffice,https://product.hstatic.net/1000230347/product/342asf_5cc130ec83294cf5b102d713777e3f85_1024x1024.jpg*****https://product.hstatic.net/1000230347/product/fo-bc06__3__1024x1024.jpg*****https://product.hstatic.net/1000230347/product/fo-bc06__2__1024x1024.jpg*****https://product.hstatic.net/1000230347/product/upload_e197747db2e240cf8f29b7807172a38a_1024x1024.jpg,"
						
						75,100₫
						
					",,https://thienlong.vn/products/bia-cong-thien-long-flexoffice-70a4-fo-bc06
249,Bìa còng Flexoffice 50A4 FO-BC05,63011510,Flexoffice,https://product.hstatic.net/1000230347/product/3213sdf_798fea9275e341edbf09ec801c02859c_1024x1024.jpg*****https://product.hstatic.net/1000230347/product/fo-bc05__2__1024x1024.jpg*****https://product.hstatic.net/1000230347/product/untitled-2_379306e023734f8a8de1e528371ec737_1024x1024.jpg*****https://product.hstatic.net/1000230347/product/fo-bc05_1024x1024.jpg,"
						
						75,100₫
						
					",,https://thienlong.vn/products/bia-cong-thien-long-flexoffice-50a4-fo-bc05
